{
	"1. left_hip": [
		0.5752885937690735,
		0.8424540162086487,
		0.010036063380539417,
		0.9997987151145935
	],
	"2. left_knee": [
		0.5043541193008423,
		0.8612026572227478,
		-0.0588979497551918,
		0.6241633892059326
	],
	"3. left_ankle": [
		0.42932263016700745,
		0.8464224338531494,
		-0.015467911958694458,
		0.7659795880317688
	],
	"6. right_hip": [
		0.5638885498046875,
		0.7902296185493469,
		-0.009965695440769196,
		0.9996767044067383
	],
	"7. right_knee": [
		0.5119830369949341,
		0.8677859902381897,
		-0.12828630208969116,
		0.9813021421432495
	],
	"8. right_ankle": [
		0.42920178174972534,
		0.8495224714279175,
		-0.11215360462665558,
		0.973438560962677
	],
	"14. left_shoulder": [
		0.6752789616584778,
		0.763283371925354,
		-0.021947193890810013,
		0.9999969005584717
	],
	"15. left_elbow": [
		0.6809844970703125,
		0.8375531435012817,
		-0.14532920718193054,
		0.9716269969940186
	],
	"16. left_wrist": [
		0.6784068942070007,
		0.8662962913513184,
		-0.3255268335342407,
		0.9848611950874329
	],
	"19. right_shoulder": [
		0.6280323266983032,
		0.6952853202819824,
		0.006699974182993174,
		0.9997409582138062
	],
	"20. right_elbow": [
		0.6226767301559448,
		0.6122055649757385,
		-0.030062634497880936,
		0.9970999360084534
	],
	"21. right_wrist": [
		0.6194302439689636,
		0.5334100723266602,
		-0.10347060114145279,
		0.9888793230056763
	],
	"24. nose": [
		0.6514603495597839,
		0.6901646852493286,
		-0.10604111105203629,
		0.9999884963035583
	],
	"25. left_eye": [
		0.6603962182998657,
		0.6761884689331055,
		-0.10563238710165024,
		0.9999817609786987
	],
	"26. right_eye": [
		0.6481817960739136,
		0.675504744052887,
		-0.09652336686849594,
		0.9999293684959412
	],
	"27. left_ear": [
		0.6699244976043701,
		0.6774909496307373,
		-0.06700077652931213,
		0.9999891519546509
	],
	"28. right_ear": [
		0.6483117341995239,
		0.6742405891418457,
		-0.020949123427271843,
		0.9999172687530518
	],
	"time stamp": 29.969946478656652
}