{
	"1. left_hip": [
		0.5728296041488647,
		0.8406315445899963,
		0.013719672337174416,
		0.9995569586753845
	],
	"2. left_knee": [
		0.5013302564620972,
		0.859663724899292,
		-0.03974144905805588,
		0.7506667971611023
	],
	"3. left_ankle": [
		0.4262903332710266,
		0.8443194627761841,
		-0.012954858131706715,
		0.8489006757736206
	],
	"6. right_hip": [
		0.5626024007797241,
		0.7913569211959839,
		-0.013655322603881359,
		0.9989762902259827
	],
	"7. right_knee": [
		0.5120001435279846,
		0.867032527923584,
		-0.10142514854669571,
		0.983418345451355
	],
	"8. right_ankle": [
		0.43007007241249084,
		0.84801185131073,
		-0.08026904612779617,
		0.9802377820014954
	],
	"14. left_shoulder": [
		0.673638641834259,
		0.7656183838844299,
		0.003971570171415806,
		0.9999950528144836
	],
	"15. left_elbow": [
		0.6784108281135559,
		0.8365011215209961,
		-0.0922701507806778,
		0.9816833138465881
	],
	"16. left_wrist": [
		0.6772273778915405,
		0.8684549331665039,
		-0.25316184759140015,
		0.9899210333824158
	],
	"19. right_shoulder": [
		0.6193295121192932,
		0.6986624002456665,
		0.01868029683828354,
		0.9998472929000854
	],
	"20. right_elbow": [
		0.57711261510849,
		0.6672382950782776,
		0.025035401806235313,
		0.9927382469177246
	],
	"21. right_wrist": [
		0.5451304316520691,
		0.6166300773620605,
		-0.02360803261399269,
		0.9888388514518738
	],
	"24. nose": [
		0.6504981517791748,
		0.6786052584648132,
		-0.0936901792883873,
		0.9999799728393555
	],
	"25. left_eye": [
		0.6587921380996704,
		0.6688969731330872,
		-0.0917111486196518,
		0.9999512434005737
	],
	"26. right_eye": [
		0.6487999558448792,
		0.6666747331619263,
		-0.08392409980297089,
		0.9998825788497925
	],
	"27. left_ear": [
		0.6675056219100952,
		0.6758291721343994,
		-0.048614174127578735,
		0.9999423623085022
	],
	"28. right_ear": [
		0.6484769582748413,
		0.6722093820571899,
		-0.008083892986178398,
		0.9998841881752014
	],
	"time stamp": 29.969946478656652
}