{
	"1. left_hip": [
		0.5716912150382996,
		0.8304529190063477,
		0.02054744027554989,
		0.999542772769928
	],
	"2. left_knee": [
		0.5012626051902771,
		0.8571872115135193,
		-0.026898181065917015,
		0.7169723510742188
	],
	"3. left_ankle": [
		0.4268648624420166,
		0.8432071208953857,
		0.012360470369458199,
		0.820668637752533
	],
	"6. right_hip": [
		0.5647804737091064,
		0.7898095846176147,
		-0.020541904494166374,
		0.998869776725769
	],
	"7. right_knee": [
		0.5112083554267883,
		0.8676994442939758,
		-0.10391891002655029,
		0.9808259606361389
	],
	"8. right_ankle": [
		0.42898520827293396,
		0.8469800353050232,
		-0.06159205362200737,
		0.975834846496582
	],
	"14. left_shoulder": [
		0.6730092763900757,
		0.7641927003860474,
		-0.00021182298951316625,
		0.9999951720237732
	],
	"15. left_elbow": [
		0.6772584915161133,
		0.8358957171440125,
		-0.07967652380466461,
		0.9830611944198608
	],
	"16. left_wrist": [
		0.6767751574516296,
		0.8679349422454834,
		-0.23959222435951233,
		0.9907056093215942
	],
	"19. right_shoulder": [
		0.6191266179084778,
		0.701196014881134,
		0.000963709142524749,
		0.9998947381973267
	],
	"20. right_elbow": [
		0.5724435448646545,
		0.698020875453949,
		0.029314953833818436,
		0.9877644777297974
	],
	"21. right_wrist": [
		0.5319081544876099,
		0.6718032956123352,
		-0.011486144736409187,
		0.985741376876831
	],
	"24. nose": [
		0.6501361727714539,
		0.6785900592803955,
		-0.12124892324209213,
		0.9999762177467346
	],
	"25. left_eye": [
		0.6586610674858093,
		0.6680651903152466,
		-0.11793462932109833,
		0.9999297261238098
	],
	"26. right_eye": [
		0.6478791832923889,
		0.6658093333244324,
		-0.11083735525608063,
		0.9998589754104614
	],
	"27. left_ear": [
		0.6670581102371216,
		0.6750141382217407,
		-0.06831849366426468,
		0.9998999834060669
	],
	"28. right_ear": [
		0.6478666067123413,
		0.6716360449790955,
		-0.031995516270399094,
		0.9998578429222107
	],
	"time stamp": 29.969946478656652
}