{
	"1. left_hip": [
		0.571991503238678,
		0.8308092951774597,
		0.020596301183104515,
		0.999546468257904
	],
	"2. left_knee": [
		0.5022937655448914,
		0.8570905923843384,
		-0.02819601260125637,
		0.7013816237449646
	],
	"3. left_ankle": [
		0.42703795433044434,
		0.8431500792503357,
		0.01714727096259594,
		0.8085012435913086
	],
	"6. right_hip": [
		0.56505286693573,
		0.7888167500495911,
		-0.020592113956809044,
		0.9988696575164795
	],
	"7. right_knee": [
		0.5116162896156311,
		0.8674191236495972,
		-0.106963612139225,
		0.9796972274780273
	],
	"8. right_ankle": [
		0.4289279580116272,
		0.8465031981468201,
		-0.057275962084531784,
		0.9737204313278198
	],
	"14. left_shoulder": [
		0.673014223575592,
		0.765397310256958,
		0.0010581330861896276,
		0.9999954104423523
	],
	"15. left_elbow": [
		0.6759383082389832,
		0.8367728590965271,
		-0.07629227638244629,
		0.982898473739624
	],
	"16. left_wrist": [
		0.6766344308853149,
		0.8678203821182251,
		-0.23935982584953308,
		0.9906841516494751
	],
	"19. right_shoulder": [
		0.6201941967010498,
		0.7026517391204834,
		-0.0004675602540373802,
		0.9999055862426758
	],
	"20. right_elbow": [
		0.5721272826194763,
		0.7035782933235168,
		0.026668518781661987,
		0.9859800338745117
	],
	"21. right_wrist": [
		0.5313305258750916,
		0.6884870529174805,
		-0.013142429292201996,
		0.9840604662895203
	],
	"24. nose": [
		0.6503958106040955,
		0.679721474647522,
		-0.12232454121112823,
		0.9999740123748779
	],
	"25. left_eye": [
		0.6590873003005981,
		0.6688807010650635,
		-0.11829473078250885,
		0.9999191761016846
	],
	"26. right_eye": [
		0.6478613615036011,
		0.6664957404136658,
		-0.11192594468593597,
		0.9998432993888855
	],
	"27. left_ear": [
		0.6671663522720337,
		0.6750912666320801,
		-0.06803767383098602,
		0.9998820424079895
	],
	"28. right_ear": [
		0.6478511095046997,
		0.6718515753746033,
		-0.03265199065208435,
		0.9998436570167542
	],
	"time stamp": 29.969946478656652
}