{
	"1. left_hip": [
		0.572041392326355,
		0.830660343170166,
		0.023984422907233238,
		0.9995519518852234
	],
	"2. left_knee": [
		0.5025306344032288,
		0.8569167852401733,
		-0.018070179969072342,
		0.6736363768577576
	],
	"3. left_ankle": [
		0.42710018157958984,
		0.8430173993110657,
		0.03298589214682579,
		0.789903461933136
	],
	"6. right_hip": [
		0.5654581785202026,
		0.7901462912559509,
		-0.02399935945868492,
		0.9988583326339722
	],
	"7. right_knee": [
		0.5111678242683411,
		0.8677980899810791,
		-0.10587038099765778,
		0.9783099889755249
	],
	"8. right_ankle": [
		0.42875537276268005,
		0.8457886576652527,
		-0.04964905232191086,
		0.9710290431976318
	],
	"14. left_shoulder": [
		0.6730315685272217,
		0.7655760049819946,
		0.018177101388573647,
		0.9999955892562866
	],
	"15. left_elbow": [
		0.674041211605072,
		0.8372123837471008,
		-0.06316202878952026,
		0.9790441393852234
	],
	"16. left_wrist": [
		0.6761822700500488,
		0.8671162724494934,
		-0.22992615401744843,
		0.9888761043548584
	],
	"19. right_shoulder": [
		0.6220442652702332,
		0.7040897607803345,
		0.004057534039020538,
		0.9999205470085144
	],
	"20. right_elbow": [
		0.5722368955612183,
		0.7123005390167236,
		0.023714546114206314,
		0.9809823036193848
	],
	"21. right_wrist": [
		0.5310234427452087,
		0.7105407118797302,
		-0.01339026354253292,
		0.9775025844573975
	],
	"24. nose": [
		0.6506814956665039,
		0.6803159713745117,
		-0.10897751152515411,
		0.9999673366546631
	],
	"25. left_eye": [
		0.6594973206520081,
		0.6693549752235413,
		-0.10460378974676132,
		0.9998875856399536
	],
	"26. right_eye": [
		0.6478222608566284,
		0.6667754054069519,
		-0.09886761009693146,
		0.9997943639755249
	],
	"27. left_ear": [
		0.6673243045806885,
		0.6751279830932617,
		-0.05083345249295235,
		0.9998255372047424
	],
	"28. right_ear": [
		0.6477327346801758,
		0.671935498714447,
		-0.021304966881871223,
		0.9998018741607666
	],
	"time stamp": 29.969946478656652
}