{
	"1. left_hip": [
		0.5733026266098022,
		0.8311004638671875,
		0.025690998882055283,
		0.9996377825737
	],
	"2. left_knee": [
		0.5031567215919495,
		0.8573459386825562,
		-0.018536319956183434,
		0.6630348563194275
	],
	"3. left_ankle": [
		0.4274384379386902,
		0.8430021405220032,
		0.037912145256996155,
		0.786583423614502
	],
	"6. right_hip": [
		0.5654641389846802,
		0.7893644571304321,
		-0.025733986869454384,
		0.9990881085395813
	],
	"7. right_knee": [
		0.5107631087303162,
		0.8682474493980408,
		-0.10027792304754257,
		0.9792141318321228
	],
	"8. right_ankle": [
		0.42856186628341675,
		0.8454006910324097,
		-0.040865980088710785,
		0.9710265398025513
	],
	"14. left_shoulder": [
		0.673075258731842,
		0.765558123588562,
		0.023233937099575996,
		0.9999963641166687
	],
	"15. left_elbow": [
		0.675113320350647,
		0.8369631171226501,
		-0.05817040055990219,
		0.974237322807312
	],
	"16. left_wrist": [
		0.6760190725326538,
		0.8660191297531128,
		-0.22744691371917725,
		0.9856898188591003
	],
	"19. right_shoulder": [
		0.62222820520401,
		0.7040582895278931,
		0.012004693038761616,
		0.9999493956565857
	],
	"20. right_elbow": [
		0.5730715394020081,
		0.7129086256027222,
		0.02743527665734291,
		0.9782316088676453
	],
	"21. right_wrist": [
		0.5301454663276672,
		0.7137240171432495,
		-0.004613340832293034,
		0.9723386168479919
	],
	"24. nose": [
		0.6490048766136169,
		0.6803603768348694,
		-0.09631656110286713,
		0.9999691843986511
	],
	"25. left_eye": [
		0.65752112865448,
		0.6694304347038269,
		-0.09332069754600525,
		0.9998831748962402
	],
	"26. right_eye": [
		0.6468138694763184,
		0.6672087907791138,
		-0.0867949053645134,
		0.9998071789741516
	],
	"27. left_ear": [
		0.6667103171348572,
		0.675145149230957,
		-0.04540519043803215,
		0.9998074173927307
	],
	"28. right_ear": [
		0.6473946571350098,
		0.672251284122467,
		-0.011338392272591591,
		0.9998272061347961
	],
	"time stamp": 29.969946478656652
}