{
	"1. left_hip": [
		0.5738157033920288,
		0.8328940272331238,
		0.02556454762816429,
		0.999658465385437
	],
	"2. left_knee": [
		0.5030206441879272,
		0.857774019241333,
		-0.017292765900492668,
		0.6744881272315979
	],
	"3. left_ankle": [
		0.4275883734226227,
		0.8431079387664795,
		0.0369013212621212,
		0.7946018576622009
	],
	"6. right_hip": [
		0.5654405355453491,
		0.7892955541610718,
		-0.02558889426290989,
		0.9991701245307922
	],
	"7. right_knee": [
		0.510816216468811,
		0.8684643507003784,
		-0.11133506149053574,
		0.9810587167739868
	],
	"8. right_ankle": [
		0.4284854531288147,
		0.8452616930007935,
		-0.052133817225694656,
		0.9722947478294373
	],
	"14. left_shoulder": [
		0.6730865240097046,
		0.7656049132347107,
		0.018274908885359764,
		0.9999964237213135
	],
	"15. left_elbow": [
		0.6751745343208313,
		0.8369907736778259,
		-0.06457110494375229,
		0.9744039177894592
	],
	"16. left_wrist": [
		0.6759926080703735,
		0.8659734129905701,
		-0.23539762198925018,
		0.9852949380874634
	],
	"19. right_shoulder": [
		0.6219760179519653,
		0.7037945985794067,
		0.010041751898825169,
		0.9999567270278931
	],
	"20. right_elbow": [
		0.5741192698478699,
		0.7100732326507568,
		0.024550842121243477,
		0.9785580039024353
	],
	"21. right_wrist": [
		0.5328069925308228,
		0.7110819816589355,
		-0.01413285918533802,
		0.9694793224334717
	],
	"24. nose": [
		0.648884654045105,
		0.6803275346755981,
		-0.09995327889919281,
		0.9999682307243347
	],
	"25. left_eye": [
		0.6573274731636047,
		0.6694847345352173,
		-0.0979313999414444,
		0.9998775124549866
	],
	"26. right_eye": [
		0.6467818021774292,
		0.6673433184623718,
		-0.09041109681129456,
		0.9998020529747009
	],
	"27. left_ear": [
		0.6665157079696655,
		0.675225019454956,
		-0.051301825791597366,
		0.9997969269752502
	],
	"28. right_ear": [
		0.6474076509475708,
		0.672351062297821,
		-0.01323238480836153,
		0.9998279809951782
	],
	"time stamp": 29.969946478656652
}