{
	"1. left_hip": [
		0.5734889507293701,
		0.8329752683639526,
		0.02649567648768425,
		0.9996592998504639
	],
	"2. left_knee": [
		0.5030184388160706,
		0.8577711582183838,
		-0.012547889724373817,
		0.6756280660629272
	],
	"3. left_ankle": [
		0.4275670051574707,
		0.8431147933006287,
		0.03594449907541275,
		0.7942924499511719
	],
	"6. right_hip": [
		0.5654680132865906,
		0.7901170253753662,
		-0.02651248872280121,
		0.9991922974586487
	],
	"7. right_knee": [
		0.5108262300491333,
		0.8686371445655823,
		-0.11272192001342773,
		0.9816706776618958
	],
	"8. right_ankle": [
		0.4283856749534607,
		0.8452620506286621,
		-0.06449581682682037,
		0.9728680849075317
	],
	"14. left_shoulder": [
		0.6729955673217773,
		0.7655817866325378,
		0.019554685801267624,
		0.9999964237213135
	],
	"15. left_elbow": [
		0.6751799583435059,
		0.8369889855384827,
		-0.06457724422216415,
		0.9739716649055481
	],
	"16. left_wrist": [
		0.6759911179542542,
		0.865842878818512,
		-0.23389875888824463,
		0.9850184321403503
	],
	"19. right_shoulder": [
		0.6220154166221619,
		0.7038043737411499,
		0.010255723260343075,
		0.9999586343765259
	],
	"20. right_elbow": [
		0.574682354927063,
		0.7099817395210266,
		0.01742338202893734,
		0.977931022644043
	],
	"21. right_wrist": [
		0.534947395324707,
		0.7100718021392822,
		-0.03151858597993851,
		0.9671823978424072
	],
	"24. nose": [
		0.6488038301467896,
		0.6803197860717773,
		-0.09769822657108307,
		0.999968409538269
	],
	"25. left_eye": [
		0.6572280526161194,
		0.6694713830947876,
		-0.09542181342840195,
		0.9998788237571716
	],
	"26. right_eye": [
		0.6467474102973938,
		0.6673535108566284,
		-0.08819425851106644,
		0.9998056888580322
	],
	"27. left_ear": [
		0.6664477586746216,
		0.6752234697341919,
		-0.04870157688856125,
		0.9998008012771606
	],
	"28. right_ear": [
		0.6474083065986633,
		0.6723670959472656,
		-0.011650679633021355,
		0.9998320937156677
	],
	"time stamp": 29.969946478656652
}