{
	"1. left_hip": [
		0.5732559561729431,
		0.8331924676895142,
		0.027020791545510292,
		0.999657928943634
	],
	"2. left_knee": [
		0.5031286478042603,
		0.8578545451164246,
		-0.008620924316346645,
		0.6777324080467224
	],
	"3. left_ankle": [
		0.4275960326194763,
		0.8431333899497986,
		0.037601251155138016,
		0.7926877737045288
	],
	"6. right_hip": [
		0.5655078887939453,
		0.7910117506980896,
		-0.027035076171159744,
		0.9992280006408691
	],
	"7. right_knee": [
		0.5108832716941833,
		0.8689010739326477,
		-0.11194770038127899,
		0.9826304912567139
	],
	"8. right_ankle": [
		0.4281579554080963,
		0.8452578186988831,
		-0.06396684050559998,
		0.9736596941947937
	],
	"14. left_shoulder": [
		0.6729210615158081,
		0.7655624151229858,
		0.021068913862109184,
		0.9999963641166687
	],
	"15. left_elbow": [
		0.6751935482025146,
		0.8369925022125244,
		-0.06451644003391266,
		0.9732617735862732
	],
	"16. left_wrist": [
		0.6759904623031616,
		0.8657300472259521,
		-0.23013965785503387,
		0.984632134437561
	],
	"19. right_shoulder": [
		0.6220715641975403,
		0.7038254141807556,
		0.011048066429793835,
		0.999961793422699
	],
	"20. right_elbow": [
		0.5752597451210022,
		0.7098162174224854,
		0.012839192524552345,
		0.9768921732902527
	],
	"21. right_wrist": [
		0.5367804765701294,
		0.7092840671539307,
		-0.040249407291412354,
		0.9637001156806946
	],
	"24. nose": [
		0.6486746072769165,
		0.6802936792373657,
		-0.09356792271137238,
		0.9999685287475586
	],
	"25. left_eye": [
		0.6570881605148315,
		0.669431209564209,
		-0.09122262895107269,
		0.999880313873291
	],
	"26. right_eye": [
		0.6466955542564392,
		0.6673703193664551,
		-0.08418101817369461,
		0.9998120665550232
	],
	"27. left_ear": [
		0.6663463115692139,
		0.6752121448516846,
		-0.04531216248869896,
		0.9998058676719666
	],
	"28. right_ear": [
		0.6474080085754395,
		0.6724103093147278,
		-0.009065946564078331,
		0.9998393654823303
	],
	"time stamp": 29.969946478656652
}