{
	"1. left_hip": [
		0.5729693174362183,
		0.8326613306999207,
		0.026308715343475342,
		0.999657392501831
	],
	"2. left_knee": [
		0.5035635232925415,
		0.8575535416603088,
		-0.001971749821677804,
		0.6922393441200256
	],
	"3. left_ankle": [
		0.4282674193382263,
		0.8430200219154358,
		0.0495300330221653,
		0.7913661599159241
	],
	"6. right_hip": [
		0.564895749092102,
		0.7934293746948242,
		-0.0263083316385746,
		0.9993268251419067
	],
	"7. right_knee": [
		0.5107299089431763,
		0.8694960474967957,
		-0.1121736392378807,
		0.9850524067878723
	],
	"8. right_ankle": [
		0.4283202290534973,
		0.8454336524009705,
		-0.0655742660164833,
		0.9758972525596619
	],
	"14. left_shoulder": [
		0.6727620959281921,
		0.7660675048828125,
		0.006367682013660669,
		0.9999960064888
	],
	"15. left_elbow": [
		0.6761842370033264,
		0.8377298712730408,
		-0.08178073167800903,
		0.9726754426956177
	],
	"16. left_wrist": [
		0.6764498949050903,
		0.8667415976524353,
		-0.24621005356311798,
		0.9848453402519226
	],
	"19. right_shoulder": [
		0.6222814321517944,
		0.704583466053009,
		-0.002493657637387514,
		0.9999679923057556
	],
	"20. right_elbow": [
		0.5757719278335571,
		0.705130398273468,
		-0.00818774476647377,
		0.9766003489494324
	],
	"21. right_wrist": [
		0.5388978719711304,
		0.6964302659034729,
		-0.06973007321357727,
		0.9608809351921082
	],
	"24. nose": [
		0.6484807729721069,
		0.6826301217079163,
		-0.10879375785589218,
		0.9999639987945557
	],
	"25. left_eye": [
		0.6566764116287231,
		0.6710817813873291,
		-0.10611776262521744,
		0.9998680353164673
	],
	"26. right_eye": [
		0.6465242505073547,
		0.6699999570846558,
		-0.09953834116458893,
		0.99980628490448
	],
	"27. left_ear": [
		0.665974497795105,
		0.6763638854026794,
		-0.058984510600566864,
		0.9998053908348083
	],
	"28. right_ear": [
		0.6476038694381714,
		0.6745706796646118,
		-0.024901840835809708,
		0.9998408555984497
	],
	"time stamp": 29.969946478656652
}