{
	"1. left_hip": [
		0.572664201259613,
		0.8331393003463745,
		0.023112203925848007,
		0.9996457695960999
	],
	"2. left_knee": [
		0.5038318634033203,
		0.858323335647583,
		-0.023174801841378212,
		0.6966874599456787
	],
	"3. left_ankle": [
		0.4286850094795227,
		0.8427340984344482,
		0.022561077028512955,
		0.7961888909339905
	],
	"6. right_hip": [
		0.5639124512672424,
		0.7881560325622559,
		-0.023105237632989883,
		0.9992820024490356
	],
	"7. right_knee": [
		0.5105122327804565,
		0.8691403865814209,
		-0.10685136169195175,
		0.9851840138435364
	],
	"8. right_ankle": [
		0.42863139510154724,
		0.8451299071311951,
		-0.05341952294111252,
		0.9764614701271057
	],
	"14. left_shoulder": [
		0.672742486000061,
		0.7669057250022888,
		-0.007958409376442432,
		0.999995768070221
	],
	"15. left_elbow": [
		0.6770997643470764,
		0.8378541469573975,
		-0.08955909311771393,
		0.9767743349075317
	],
	"16. left_wrist": [
		0.6765637993812561,
		0.8672348260879517,
		-0.24722298979759216,
		0.9866711497306824
	],
	"19. right_shoulder": [
		0.6219180822372437,
		0.7043691873550415,
		-0.005210351664572954,
		0.999967634677887
	],
	"20. right_elbow": [
		0.572729229927063,
		0.6993792057037354,
		0.015563989989459515,
		0.9793515801429749
	],
	"21. right_wrist": [
		0.5337397456169128,
		0.6642858982086182,
		-0.022842062637209892,
		0.9669326543807983
	],
	"24. nose": [
		0.6482162475585938,
		0.6823389530181885,
		-0.11733202636241913,
		0.999961256980896
	],
	"25. left_eye": [
		0.656347393989563,
		0.670997142791748,
		-0.11655385792255402,
		0.999854564666748
	],
	"26. right_eye": [
		0.6465107202529907,
		0.669833242893219,
		-0.10829667747020721,
		0.9997782111167908
	],
	"27. left_ear": [
		0.6655062437057495,
		0.6765425205230713,
		-0.07596592605113983,
		0.9997849464416504
	],
	"28. right_ear": [
		0.6478115320205688,
		0.674697995185852,
		-0.03336864337325096,
		0.9998138546943665
	],
	"time stamp": 29.969946478656652
}