{
	"1. left_hip": [
		0.5719183683395386,
		0.8320061564445496,
		0.02170741744339466,
		0.9996333718299866
	],
	"2. left_knee": [
		0.5038294196128845,
		0.8585726618766785,
		-0.022748421877622604,
		0.7066718339920044
	],
	"3. left_ankle": [
		0.4282790720462799,
		0.8422895669937134,
		0.006917677819728851,
		0.8073509335517883
	],
	"6. right_hip": [
		0.5641047358512878,
		0.7882815003395081,
		-0.021684104576706886,
		0.999214768409729
	],
	"7. right_knee": [
		0.5102815628051758,
		0.8690690994262695,
		-0.1045125275850296,
		0.9853463768959045
	],
	"8. right_ankle": [
		0.42855167388916016,
		0.8449229598045349,
		-0.0708286240696907,
		0.9773211479187012
	],
	"14. left_shoulder": [
		0.6727393269538879,
		0.76743483543396,
		0.0037272213958203793,
		0.9999954700469971
	],
	"15. left_elbow": [
		0.677452802658081,
		0.8381223082542419,
		-0.08461181819438934,
		0.9776571989059448
	],
	"16. left_wrist": [
		0.6765631437301636,
		0.8673603534698486,
		-0.23823626339435577,
		0.9869810342788696
	],
	"19. right_shoulder": [
		0.6219068169593811,
		0.7043958306312561,
		0.008453639224171638,
		0.9999644160270691
	],
	"20. right_elbow": [
		0.572769045829773,
		0.6992289423942566,
		0.01365740317851305,
		0.9799356460571289
	],
	"21. right_wrist": [
		0.5382928252220154,
		0.6528530120849609,
		-0.035802584141492844,
		0.9703893661499023
	],
	"24. nose": [
		0.648127019405365,
		0.6824895739555359,
		-0.09564245492219925,
		0.9999626874923706
	],
	"25. left_eye": [
		0.6562414169311523,
		0.6710449457168579,
		-0.09572820365428925,
		0.999863862991333
	],
	"26. right_eye": [
		0.6464424729347229,
		0.6698353886604309,
		-0.08673878014087677,
		0.9997910261154175
	],
	"27. left_ear": [
		0.6651285290718079,
		0.6767276525497437,
		-0.058239202946424484,
		0.9997983574867249
	],
	"28. right_ear": [
		0.6477928161621094,
		0.6747863292694092,
		-0.014698654413223267,
		0.9998250603675842
	],
	"time stamp": 29.969946478656652
}