{
	"1. left_hip": [
		0.5710939764976501,
		0.82672119140625,
		0.025889430195093155,
		0.9996035099029541
	],
	"2. left_knee": [
		0.5024850964546204,
		0.8575029969215393,
		0.0027278349734842777,
		0.7002906799316406
	],
	"3. left_ankle": [
		0.42828765511512756,
		0.8416901230812073,
		0.040033482015132904,
		0.7990604639053345
	],
	"6. right_hip": [
		0.5644911527633667,
		0.792475700378418,
		-0.02589237131178379,
		0.9991822838783264
	],
	"7. right_knee": [
		0.5096309185028076,
		0.8699370622634888,
		-0.09929636865854263,
		0.9858636856079102
	],
	"8. right_ankle": [
		0.4282304644584656,
		0.8444310426712036,
		-0.06044181063771248,
		0.9778673052787781
	],
	"14. left_shoulder": [
		0.6725253462791443,
		0.7647496461868286,
		0.00809448305517435,
		0.999995231628418
	],
	"15. left_elbow": [
		0.6771905422210693,
		0.8349759578704834,
		-0.07939223945140839,
		0.9800269603729248
	],
	"16. left_wrist": [
		0.676608681678772,
		0.8673657774925232,
		-0.23999536037445068,
		0.9888202548027039
	],
	"19. right_shoulder": [
		0.6217139363288879,
		0.7041781544685364,
		0.004528436344116926,
		0.9999673366546631
	],
	"20. right_elbow": [
		0.5746530890464783,
		0.6897843480110168,
		0.009149780496954918,
		0.9831518530845642
	],
	"21. right_wrist": [
		0.5393232107162476,
		0.6720098853111267,
		-0.0404629223048687,
		0.9751279354095459
	],
	"24. nose": [
		0.647940993309021,
		0.681506335735321,
		-0.09783722460269928,
		0.9999630451202393
	],
	"25. left_eye": [
		0.6558172106742859,
		0.6707354784011841,
		-0.09621884673833847,
		0.9998636245727539
	],
	"26. right_eye": [
		0.6465568542480469,
		0.6694347262382507,
		-0.08908475190401077,
		0.9997945427894592
	],
	"27. left_ear": [
		0.6644840240478516,
		0.6768420934677124,
		-0.053895194083452225,
		0.999799907207489
	],
	"28. right_ear": [
		0.6482811570167542,
		0.674842894077301,
		-0.0181705541908741,
		0.9998345375061035
	],
	"time stamp": 29.969946478656652
}