{
	"1. left_hip": [
		0.5712459087371826,
		0.8280512690544128,
		0.025570135563611984,
		0.999609649181366
	],
	"2. left_knee": [
		0.5020602941513062,
		0.8574509620666504,
		0.0005373376188799739,
		0.7073037028312683
	],
	"3. left_ankle": [
		0.42821750044822693,
		0.8416579365730286,
		0.0377909354865551,
		0.8044763207435608
	],
	"6. right_hip": [
		0.5642115473747253,
		0.793804407119751,
		-0.025570254772901535,
		0.9992008209228516
	],
	"7. right_knee": [
		0.5091364979743958,
		0.8701072931289673,
		-0.09982405602931976,
		0.9863956570625305
	],
	"8. right_ankle": [
		0.4281075894832611,
		0.8443917036056519,
		-0.0689181238412857,
		0.9784655570983887
	],
	"14. left_shoulder": [
		0.6724907159805298,
		0.7645725607872009,
		0.013923722319304943,
		0.9999953508377075
	],
	"15. left_elbow": [
		0.6771365404129028,
		0.834692656993866,
		-0.07651684433221817,
		0.9797514081001282
	],
	"16. left_wrist": [
		0.6767188310623169,
		0.867351770401001,
		-0.24046778678894043,
		0.9889178276062012
	],
	"19. right_shoulder": [
		0.6219985485076904,
		0.7050004601478577,
		0.013687941245734692,
		0.9999681115150452
	],
	"20. right_elbow": [
		0.5751771926879883,
		0.6993532776832581,
		0.016446132212877274,
		0.9827811121940613
	],
	"21. right_wrist": [
		0.5444734692573547,
		0.670801043510437,
		-0.042382530868053436,
		0.9755315184593201
	],
	"24. nose": [
		0.6478381156921387,
		0.6815059781074524,
		-0.09468699991703033,
		0.9999651908874512
	],
	"25. left_eye": [
		0.6557681560516357,
		0.6707352995872498,
		-0.092654749751091,
		0.9998716711997986
	],
	"26. right_eye": [
		0.6465094089508057,
		0.6694319248199463,
		-0.08558006584644318,
		0.9998064041137695
	],
	"27. left_ear": [
		0.6645079851150513,
		0.6768426895141602,
		-0.0479171946644783,
		0.9998118281364441
	],
	"28. right_ear": [
		0.6482072472572327,
		0.6748374104499817,
		-0.011877833865582943,
		0.9998429417610168
	],
	"time stamp": 29.969946478656652
}