{
	"1. left_hip": [
		0.5708190202713013,
		0.8376163244247437,
		0.01719360239803791,
		0.9995643496513367
	],
	"2. left_knee": [
		0.5001689791679382,
		0.8583651185035706,
		-0.050894103944301605,
		0.7540277242660522
	],
	"3. left_ankle": [
		0.4276799261569977,
		0.8435138463973999,
		0.0037288900930434465,
		0.8238365054130554
	],
	"6. right_hip": [
		0.5615876913070679,
		0.7927913069725037,
		-0.0171368345618248,
		0.9991341829299927
	],
	"7. right_knee": [
		0.5084463357925415,
		0.8691256046295166,
		-0.1173463836312294,
		0.9867591857910156
	],
	"8. right_ankle": [
		0.4286312162876129,
		0.8443511724472046,
		-0.07658374309539795,
		0.9806165099143982
	],
	"14. left_shoulder": [
		0.6718500256538391,
		0.7621545791625977,
		0.03033767268061638,
		0.9999885559082031
	],
	"15. left_elbow": [
		0.6761795282363892,
		0.8365833759307861,
		-0.06636287271976471,
		0.9752882122993469
	],
	"16. left_wrist": [
		0.6769717931747437,
		0.8657363057136536,
		-0.21269819140434265,
		0.9855661988258362
	],
	"19. right_shoulder": [
		0.6223684549331665,
		0.7045955061912537,
		0.02334979735314846,
		0.9998961091041565
	],
	"20. right_elbow": [
		0.5799680948257446,
		0.7399537563323975,
		-0.054163943976163864,
		0.9754876494407654
	],
	"21. right_wrist": [
		0.5995743274688721,
		0.6837747097015381,
		-0.20802700519561768,
		0.9788678288459778
	],
	"24. nose": [
		0.6491124033927917,
		0.6801971197128296,
		-0.07627315819263458,
		0.9999296069145203
	],
	"25. left_eye": [
		0.6574074625968933,
		0.6698199510574341,
		-0.07398990541696548,
		0.9997929334640503
	],
	"26. right_eye": [
		0.647365391254425,
		0.6683838367462158,
		-0.06608864665031433,
		0.9997236132621765
	],
	"27. left_ear": [
		0.6657726764678955,
		0.6760903000831604,
		-0.03001604974269867,
		0.9997166991233826
	],
	"28. right_ear": [
		0.6472326517105103,
		0.6735132336616516,
		0.010748726315796375,
		0.999666154384613
	],
	"time stamp": 29.969946478656652
}