{
	"1. left_hip": [
		0.5713911056518555,
		0.8381418585777283,
		0.014123653061687946,
		0.9995477795600891
	],
	"2. left_knee": [
		0.5004323124885559,
		0.8586514592170715,
		-0.05293385311961174,
		0.7653552889823914
	],
	"3. left_ankle": [
		0.4277893602848053,
		0.8440873622894287,
		0.0011376769980415702,
		0.8283761143684387
	],
	"6. right_hip": [
		0.5616867542266846,
		0.7923038005828857,
		-0.014077340252697468,
		0.9991109371185303
	],
	"7. right_knee": [
		0.5085004568099976,
		0.8688497543334961,
		-0.11056866496801376,
		0.9865261316299438
	],
	"8. right_ankle": [
		0.42896515130996704,
		0.8444060683250427,
		-0.06985066831111908,
		0.9808300733566284
	],
	"14. left_shoulder": [
		0.6720089912414551,
		0.7621124386787415,
		0.028795193880796432,
		0.9999873042106628
	],
	"15. left_elbow": [
		0.6761820912361145,
		0.8369990587234497,
		-0.06450106203556061,
		0.9750829935073853
	],
	"16. left_wrist": [
		0.677160382270813,
		0.8657362461090088,
		-0.20748493075370789,
		0.9853801727294922
	],
	"19. right_shoulder": [
		0.622989296913147,
		0.7047327756881714,
		0.02687212824821472,
		0.9998853206634521
	],
	"20. right_elbow": [
		0.5809919834136963,
		0.7385745644569397,
		-0.04359880089759827,
		0.9742812514305115
	],
	"21. right_wrist": [
		0.5976494550704956,
		0.6840741634368896,
		-0.19888430833816528,
		0.9800682067871094
	],
	"24. nose": [
		0.6494863033294678,
		0.6799325942993164,
		-0.07770081609487534,
		0.9999256134033203
	],
	"25. left_eye": [
		0.6580094695091248,
		0.6697534918785095,
		-0.07567019015550613,
		0.99978107213974
	],
	"26. right_eye": [
		0.647813081741333,
		0.6680783033370972,
		-0.06756646931171417,
		0.9997107982635498
	],
	"27. left_ear": [
		0.6665306687355042,
		0.6760825514793396,
		-0.03223688527941704,
		0.9996994137763977
	],
	"28. right_ear": [
		0.6476417779922485,
		0.6732677817344666,
		0.010091150179505348,
		0.9996343851089478
	],
	"time stamp": 29.969946478656652
}