{
	"1. left_hip": [
		0.5716349482536316,
		0.8381525874137878,
		0.013424682430922985,
		0.999528706073761
	],
	"2. left_knee": [
		0.5006636381149292,
		0.8588202595710754,
		-0.0523492768406868,
		0.7754459381103516
	],
	"3. left_ankle": [
		0.4279114305973053,
		0.8443472385406494,
		0.0020093857310712337,
		0.8322298526763916
	],
	"6. right_hip": [
		0.5617512464523315,
		0.7919395565986633,
		-0.013383178040385246,
		0.9990847110748291
	],
	"7. right_knee": [
		0.5085141658782959,
		0.8686749935150146,
		-0.10698305070400238,
		0.9863044619560242
	],
	"8. right_ankle": [
		0.4291178286075592,
		0.8444627523422241,
		-0.06656837463378906,
		0.9810482859611511
	],
	"14. left_shoulder": [
		0.6720898747444153,
		0.7620751857757568,
		0.028064757585525513,
		0.9999861121177673
	],
	"15. left_elbow": [
		0.6754271984100342,
		0.8378042578697205,
		-0.06407619267702103,
		0.974830687046051
	],
	"16. left_wrist": [
		0.6772536039352417,
		0.8657384514808655,
		-0.20776331424713135,
		0.9852544069290161
	],
	"19. right_shoulder": [
		0.6234321594238281,
		0.7048771381378174,
		0.027721261605620384,
		0.9998745322227478
	],
	"20. right_elbow": [
		0.58144611120224,
		0.7383430600166321,
		-0.042230986058712006,
		0.9729247093200684
	],
	"21. right_wrist": [
		0.5973183512687683,
		0.684285581111908,
		-0.19846542179584503,
		0.9811009764671326
	],
	"24. nose": [
		0.6496289968490601,
		0.679761528968811,
		-0.07802266627550125,
		0.9999207258224487
	],
	"25. left_eye": [
		0.6582252383232117,
		0.6696999073028564,
		-0.0762777104973793,
		0.9997677206993103
	],
	"26. right_eye": [
		0.648057758808136,
		0.6678997874259949,
		-0.06788124889135361,
		0.9996952414512634
	],
	"27. left_ear": [
		0.6669224500656128,
		0.6760756373405457,
		-0.033283352851867676,
		0.9996801614761353
	],
	"28. right_ear": [
		0.6479619145393372,
		0.6730931401252747,
		0.010081395506858826,
		0.9995998740196228
	],
	"time stamp": 29.969946478656652
}