{
	"1. left_hip": [
		0.5715686082839966,
		0.8378281593322754,
		0.013554667122662067,
		0.9994950294494629
	],
	"2. left_knee": [
		0.5004304647445679,
		0.8587660789489746,
		-0.0488705113530159,
		0.7853978872299194
	],
	"3. left_ankle": [
		0.4280617833137512,
		0.8443447351455688,
		0.009494641795754433,
		0.8353386521339417
	],
	"6. right_hip": [
		0.5618278980255127,
		0.7920017838478088,
		-0.013518476858735085,
		0.9990221858024597
	],
	"7. right_knee": [
		0.508446216583252,
		0.8686628341674805,
		-0.10442843288183212,
		0.9859918355941772
	],
	"8. right_ankle": [
		0.4292638897895813,
		0.8445916771888733,
		-0.05478168651461601,
		0.9808305501937866
	],
	"14. left_shoulder": [
		0.6721606254577637,
		0.7621030211448669,
		0.027587389573454857,
		0.9999839663505554
	],
	"15. left_elbow": [
		0.6748102307319641,
		0.8385234475135803,
		-0.06799931824207306,
		0.9743711352348328
	],
	"16. left_wrist": [
		0.6772550344467163,
		0.8657607436180115,
		-0.2158653736114502,
		0.9851175546646118
	],
	"19. right_shoulder": [
		0.6237533092498779,
		0.7052066326141357,
		0.026227733120322227,
		0.9998421669006348
	],
	"20. right_elbow": [
		0.5814996957778931,
		0.7400715351104736,
		-0.051089297980070114,
		0.9704734683036804
	],
	"21. right_wrist": [
		0.5995849370956421,
		0.6878471970558167,
		-0.20903578400611877,
		0.9816722273826599
	],
	"24. nose": [
		0.6499060392379761,
		0.6801156997680664,
		-0.0811263769865036,
		0.9999023675918579
	],
	"25. left_eye": [
		0.6585969924926758,
		0.6697746515274048,
		-0.07898548990488052,
		0.9997269511222839
	],
	"26. right_eye": [
		0.6482322216033936,
		0.6680246591567993,
		-0.07049749791622162,
		0.9996362328529358
	],
	"27. left_ear": [
		0.6671053767204285,
		0.676085352897644,
		-0.03362639248371124,
		0.9996239542961121
	],
	"28. right_ear": [
		0.6481620669364929,
		0.6731478571891785,
		0.008664729073643684,
		0.9994969964027405
	],
	"time stamp": 29.969946478656652
}