{
	"1. left_hip": [
		0.5715641975402832,
		0.8377936482429504,
		0.013331328518688679,
		0.9994732141494751
	],
	"2. left_knee": [
		0.5004523992538452,
		0.8587999939918518,
		-0.04948749393224716,
		0.7925357818603516
	],
	"3. left_ankle": [
		0.4281671941280365,
		0.8443390130996704,
		0.010007692500948906,
		0.8370469808578491
	],
	"6. right_hip": [
		0.5618824362754822,
		0.7919021844863892,
		-0.013299422338604927,
		0.9989878535270691
	],
	"7. right_knee": [
		0.5084203481674194,
		0.8686460852622986,
		-0.1044783815741539,
		0.985769510269165
	],
	"8. right_ankle": [
		0.4293030798435211,
		0.8446010947227478,
		-0.055851422250270844,
		0.9808059334754944
	],
	"14. left_shoulder": [
		0.6724505424499512,
		0.7621182203292847,
		0.02723671868443489,
		0.9999813437461853
	],
	"15. left_elbow": [
		0.6754569411277771,
		0.8385002017021179,
		-0.06989192962646484,
		0.9737474918365479
	],
	"16. left_wrist": [
		0.6773229241371155,
		0.8658093810081482,
		-0.2160106599330902,
		0.9846582412719727
	],
	"19. right_shoulder": [
		0.6237365007400513,
		0.7051343321800232,
		0.025843974202871323,
		0.9998065233230591
	],
	"20. right_elbow": [
		0.5811771154403687,
		0.7426474094390869,
		-0.046962298452854156,
		0.9682955145835876
	],
	"21. right_wrist": [
		0.5988258719444275,
		0.6890487670898438,
		-0.2035072296857834,
		0.9821927547454834
	],
	"24. nose": [
		0.6498894095420837,
		0.6800464987754822,
		-0.07925058901309967,
		0.9998762011528015
	],
	"25. left_eye": [
		0.6585367918014526,
		0.6697713136672974,
		-0.07791678607463837,
		0.9996641278266907
	],
	"26. right_eye": [
		0.648259699344635,
		0.6678417921066284,
		-0.06872652471065521,
		0.999555230140686
	],
	"27. left_ear": [
		0.6670656204223633,
		0.6761038303375244,
		-0.03387374430894852,
		0.9995371103286743
	],
	"28. right_ear": [
		0.6482401490211487,
		0.6730188727378845,
		0.010047162882983685,
		0.9993625283241272
	],
	"time stamp": 29.969946478656652
}