{
	"1. left_hip": [
		0.5714055299758911,
		0.8386145830154419,
		0.013262530788779259,
		0.9994123578071594
	],
	"2. left_knee": [
		0.5005894899368286,
		0.8590794801712036,
		-0.05507462099194527,
		0.8353239893913269
	],
	"3. left_ankle": [
		0.42862334847450256,
		0.8443231582641602,
		0.007383404765278101,
		0.8559932708740234
	],
	"6. right_hip": [
		0.5614386796951294,
		0.7918697595596313,
		-0.013235333375632763,
		0.9989080429077148
	],
	"7. right_knee": [
		0.508566677570343,
		0.8684674501419067,
		-0.11073274910449982,
		0.9860975742340088
	],
	"8. right_ankle": [
		0.42934465408325195,
		0.8446258306503296,
		-0.06263972073793411,
		0.9820898771286011
	],
	"14. left_shoulder": [
		0.6728944182395935,
		0.7635907530784607,
		0.026582006365060806,
		0.9999728202819824
	],
	"15. left_elbow": [
		0.6746301054954529,
		0.8410220742225647,
		-0.0737946406006813,
		0.9722148180007935
	],
	"16. left_wrist": [
		0.6772829294204712,
		0.8661800622940063,
		-0.2222147285938263,
		0.9831368327140808
	],
	"19. right_shoulder": [
		0.6235780715942383,
		0.7051267027854919,
		0.027713581919670105,
		0.9996781349182129
	],
	"20. right_elbow": [
		0.5809059143066406,
		0.7442751526832581,
		-0.04416610300540924,
		0.9589145183563232
	],
	"21. right_wrist": [
		0.5979324579238892,
		0.6903117299079895,
		-0.20009580254554749,
		0.9839553833007812
	],
	"24. nose": [
		0.6496725678443909,
		0.679895281791687,
		-0.07581955939531326,
		0.9997976422309875
	],
	"25. left_eye": [
		0.6583544015884399,
		0.6698554754257202,
		-0.07486694306135178,
		0.9994988441467285
	],
	"26. right_eye": [
		0.6482138633728027,
		0.6674547791481018,
		-0.06531427055597305,
		0.9993258714675903
	],
	"27. left_ear": [
		0.6668914556503296,
		0.6765379309654236,
		-0.035078708082437515,
		0.9993171095848083
	],
	"28. right_ear": [
		0.6483451128005981,
		0.6729229688644409,
		0.012874206528067589,
		0.9989860653877258
	],
	"time stamp": 29.969946478656652
}