{
	"1. left_hip": [
		0.5718722343444824,
		0.8410868048667908,
		0.011363360099494457,
		0.9994542598724365
	],
	"2. left_knee": [
		0.5017363429069519,
		0.8596000075340271,
		-0.05997736379504204,
		0.8584827184677124
	],
	"3. left_ankle": [
		0.4275210499763489,
		0.8449805974960327,
		-0.016745127737522125,
		0.8683652281761169
	],
	"6. right_hip": [
		0.560884952545166,
		0.7912483215332031,
		-0.011301612481474876,
		0.9989962577819824
	],
	"7. right_knee": [
		0.5090230107307434,
		0.8631991744041443,
		-0.11586429923772812,
		0.9864238500595093
	],
	"8. right_ankle": [
		0.42884936928749084,
		0.8444862365722656,
		-0.08712896704673767,
		0.9838686585426331
	],
	"14. left_shoulder": [
		0.6726241111755371,
		0.7652450799942017,
		0.03683199733495712,
		0.9999756813049316
	],
	"15. left_elbow": [
		0.6759275197982788,
		0.8420518636703491,
		-0.05325563624501228,
		0.974662184715271
	],
	"16. left_wrist": [
		0.677311897277832,
		0.8669061660766602,
		-0.19228383898735046,
		0.9832634329795837
	],
	"19. right_shoulder": [
		0.6231353282928467,
		0.7052168846130371,
		0.0397409126162529,
		0.9997188448905945
	],
	"20. right_elbow": [
		0.5810893177986145,
		0.7439565658569336,
		-0.025077149271965027,
		0.9595143795013428
	],
	"21. right_wrist": [
		0.596939206123352,
		0.6995769739151001,
		-0.17643316090106964,
		0.9857839941978455
	],
	"24. nose": [
		0.6493130922317505,
		0.6816858649253845,
		-0.06219257041811943,
		0.9998424053192139
	],
	"25. left_eye": [
		0.6580038070678711,
		0.6712623238563538,
		-0.06075931712985039,
		0.9996069073677063
	],
	"26. right_eye": [
		0.6478673219680786,
		0.6688111424446106,
		-0.051823537796735764,
		0.9994750618934631
	],
	"27. left_ear": [
		0.6667122840881348,
		0.6774289011955261,
		-0.019591886550188065,
		0.9994658827781677
	],
	"28. right_ear": [
		0.6475985646247864,
		0.6737579703330994,
		0.025715315714478493,
		0.9992096424102783
	],
	"time stamp": 29.969946478656652
}