{
	"1. left_hip": [
		0.5743220448493958,
		0.8418589234352112,
		0.008188189007341862,
		0.9994732141494751
	],
	"2. left_knee": [
		0.5052577257156372,
		0.8591859340667725,
		-0.05951203033328056,
		0.8655645251274109
	],
	"3. left_ankle": [
		0.4285575747489929,
		0.8457178473472595,
		-0.02617771364748478,
		0.8699769377708435
	],
	"6. right_hip": [
		0.5617148876190186,
		0.7903922200202942,
		-0.008109505288302898,
		0.9990478754043579
	],
	"7. right_knee": [
		0.507149338722229,
		0.855873167514801,
		-0.11546991765499115,
		0.9863326549530029
	],
	"8. right_ankle": [
		0.42887693643569946,
		0.844720184803009,
		-0.09130193293094635,
		0.9839361906051636
	],
	"14. left_shoulder": [
		0.6727629899978638,
		0.7658909559249878,
		0.03568597882986069,
		0.9999780654907227
	],
	"15. left_elbow": [
		0.6760923862457275,
		0.842315137386322,
		-0.052758850157260895,
		0.9762213230133057
	],
	"16. left_wrist": [
		0.6774076819419861,
		0.8674775958061218,
		-0.19135001301765442,
		0.9834688901901245
	],
	"19. right_shoulder": [
		0.6230811476707458,
		0.7052115797996521,
		0.04052620381116867,
		0.9997487664222717
	],
	"20. right_elbow": [
		0.5814604163169861,
		0.7436963319778442,
		-0.01760382577776909,
		0.955341637134552
	],
	"21. right_wrist": [
		0.5927250385284424,
		0.7150843143463135,
		-0.16032791137695312,
		0.9837638735771179
	],
	"24. nose": [
		0.6491819620132446,
		0.6832687854766846,
		-0.062342703342437744,
		0.9998669028282166
	],
	"25. left_eye": [
		0.6577403545379639,
		0.672518789768219,
		-0.06040223315358162,
		0.999667763710022
	],
	"26. right_eye": [
		0.647494912147522,
		0.6702450513839722,
		-0.0518534854054451,
		0.9995570182800293
	],
	"27. left_ear": [
		0.666638970375061,
		0.6781004071235657,
		-0.018320133909583092,
		0.9995490908622742
	],
	"28. right_ear": [
		0.6473657488822937,
		0.6741906404495239,
		0.024930071085691452,
		0.9993323683738708
	],
	"time stamp": 29.969946478656652
}