{
	"1. left_hip": [
		0.5761107206344604,
		0.8390935063362122,
		-0.012256217189133167,
		0.9994354248046875
	],
	"2. left_knee": [
		0.496715784072876,
		0.8572413921356201,
		-0.09969496726989746,
		0.8801130056381226
	],
	"3. left_ankle": [
		0.44032615423202515,
		0.8440865278244019,
		0.043169550597667694,
		0.8422219157218933
	],
	"6. right_hip": [
		0.5651925802230835,
		0.7794844508171082,
		0.01221474353224039,
		0.9988709092140198
	],
	"7. right_knee": [
		0.49206075072288513,
		0.8153510093688965,
		-0.04983953386545181,
		0.9714553356170654
	],
	"8. right_ankle": [
		0.4195243716239929,
		0.8425180912017822,
		0.010809549130499363,
		0.9649247527122498
	],
	"14. left_shoulder": [
		0.6757643222808838,
		0.7695591449737549,
		-0.0092264823615551,
		0.999977707862854
	],
	"15. left_elbow": [
		0.6778627634048462,
		0.841949462890625,
		-0.097544364631176,
		0.9801481366157532
	],
	"16. left_wrist": [
		0.6775788068771362,
		0.8683610558509827,
		-0.25691261887550354,
		0.9849530458450317
	],
	"19. right_shoulder": [
		0.625264048576355,
		0.7049757838249207,
		0.036540620028972626,
		0.9996035695075989
	],
	"20. right_elbow": [
		0.584051251411438,
		0.7366169691085815,
		0.06248319149017334,
		0.908050000667572
	],
	"21. right_wrist": [
		0.5612680912017822,
		0.760392427444458,
		0.009241387248039246,
		0.9508960843086243
	],
	"24. nose": [
		0.6496455073356628,
		0.6850261092185974,
		-0.08647294342517853,
		0.9998336434364319
	],
	"25. left_eye": [
		0.6581050157546997,
		0.6744658350944519,
		-0.08646421134471893,
		0.9996089935302734
	],
	"26. right_eye": [
		0.6479604840278625,
		0.6718969941139221,
		-0.07508112490177155,
		0.9993446469306946
	],
	"27. left_ear": [
		0.6676397323608398,
		0.6796115636825562,
		-0.05122445151209831,
		0.999446451663971
	],
	"28. right_ear": [
		0.6495755910873413,
		0.6762637495994568,
		0.005292640067636967,
		0.9989924430847168
	],
	"time stamp": 29.969946478656652
}