{
	"1. left_hip": [
		0.5729453563690186,
		0.8372024297714233,
		-0.012403289787471294,
		0.9995099306106567
	],
	"2. left_knee": [
		0.5007221698760986,
		0.8605625629425049,
		-0.1685018688440323,
		0.9018846154212952
	],
	"3. left_ankle": [
		0.46184128522872925,
		0.8492150902748108,
		0.052709490060806274,
		0.7977520227432251
	],
	"6. right_hip": [
		0.5598041415214539,
		0.7773899435997009,
		0.01234121061861515,
		0.9990525841712952
	],
	"7. right_knee": [
		0.4816919267177582,
		0.8118093013763428,
		-0.05056021735072136,
		0.9676101207733154
	],
	"8. right_ankle": [
		0.4068785607814789,
		0.8445906043052673,
		-0.0008995102834887803,
		0.9555029273033142
	],
	"14. left_shoulder": [
		0.6755035519599915,
		0.7732616662979126,
		-0.006545139942318201,
		0.9999798536300659
	],
	"15. left_elbow": [
		0.6773391366004944,
		0.8440216183662415,
		-0.0912349745631218,
		0.9832952618598938
	],
	"16. left_wrist": [
		0.677364706993103,
		0.8690801858901978,
		-0.24707388877868652,
		0.9868289828300476
	],
	"19. right_shoulder": [
		0.6254502534866333,
		0.7005870938301086,
		0.02128792367875576,
		0.9996851086616516
	],
	"20. right_elbow": [
		0.5801287889480591,
		0.7251912355422974,
		0.0267504695802927,
		0.9220014214515686
	],
	"21. right_wrist": [
		0.5490913987159729,
		0.7612723708152771,
		-0.06585922837257385,
		0.9573702812194824
	],
	"24. nose": [
		0.6526635885238647,
		0.6816242933273315,
		-0.08362428098917007,
		0.9998618364334106
	],
	"25. left_eye": [
		0.6618150472640991,
		0.6734254360198975,
		-0.08302620053291321,
		0.9996722936630249
	],
	"26. right_eye": [
		0.6517550349235535,
		0.6695460081100464,
		-0.07187162339687347,
		0.9994518160820007
	],
	"27. left_ear": [
		0.6704307794570923,
		0.6797258853912354,
		-0.04750075936317444,
		0.9995282888412476
	],
	"28. right_ear": [
		0.6528459787368774,
		0.6747986674308777,
		0.005998998414725065,
		0.9991654753684998
	],
	"time stamp": 29.969946478656652
}