{
	"1. left_hip": [
		0.5656372308731079,
		0.8357658982276917,
		-0.019589388743042946,
		0.9995850324630737
	],
	"2. left_knee": [
		0.5083405375480652,
		0.8597480058670044,
		-0.19831708073616028,
		0.9164610505104065
	],
	"3. left_ankle": [
		0.48469915986061096,
		0.8498073816299438,
		0.045548729598522186,
		0.7603362202644348
	],
	"6. right_hip": [
		0.5480841994285583,
		0.775958776473999,
		0.019574705511331558,
		0.9992154240608215
	],
	"7. right_knee": [
		0.4684475064277649,
		0.8156728148460388,
		-0.02079964429140091,
		0.9687293171882629
	],
	"8. right_ankle": [
		0.3947519063949585,
		0.8518885970115662,
		0.026970040053129196,
		0.9576002359390259
	],
	"14. left_shoulder": [
		0.6693894863128662,
		0.7772676348686218,
		-0.02728467620909214,
		0.999981701374054
	],
	"15. left_elbow": [
		0.6655699014663696,
		0.8457882404327393,
		-0.10188175737857819,
		0.9850226044654846
	],
	"16. left_wrist": [
		0.6761546730995178,
		0.8699084520339966,
		-0.24954140186309814,
		0.9874498844146729
	],
	"19. right_shoulder": [
		0.6202969551086426,
		0.6924198269844055,
		0.010317390784621239,
		0.9997415542602539
	],
	"20. right_elbow": [
		0.5716203451156616,
		0.7193209528923035,
		0.003792396979406476,
		0.9334043860435486
	],
	"21. right_wrist": [
		0.5347945690155029,
		0.7624750733375549,
		-0.06960474699735641,
		0.9630233645439148
	],
	"24. nose": [
		0.653002142906189,
		0.6736867427825928,
		-0.0987592563033104,
		0.9998868703842163
	],
	"25. left_eye": [
		0.6624445915222168,
		0.669462263584137,
		-0.09881482273340225,
		0.9997307062149048
	],
	"26. right_eye": [
		0.6528022885322571,
		0.6633300185203552,
		-0.08710130304098129,
		0.9995507001876831
	],
	"27. left_ear": [
		0.6703431010246277,
		0.6792972087860107,
		-0.0671733096241951,
		0.9996134042739868
	],
	"28. right_ear": [
		0.6531578898429871,
		0.6704927086830139,
		-0.009871739894151688,
		0.99931800365448
	],
	"time stamp": 29.969946478656652
}