{
	"1. left_hip": [
		0.5549653768539429,
		0.826509416103363,
		-0.005459155421704054,
		0.9996718764305115
	],
	"2. left_knee": [
		0.5448725819587708,
		0.8503459692001343,
		-0.25305941700935364,
		0.9337282180786133
	],
	"3. left_ankle": [
		0.4855598509311676,
		0.8550752997398376,
		-0.10529843717813492,
		0.7071324586868286
	],
	"6. right_hip": [
		0.5334039926528931,
		0.7717124223709106,
		0.005445273593068123,
		0.9994305968284607
	],
	"7. right_knee": [
		0.4594564437866211,
		0.8189014792442322,
		-0.04155680909752846,
		0.9673804044723511
	],
	"8. right_ankle": [
		0.3822457194328308,
		0.8546496033668518,
		0.0029001221992075443,
		0.9551885724067688
	],
	"14. left_shoulder": [
		0.6457122564315796,
		0.7734518051147461,
		-0.019066793844103813,
		0.9999778270721436
	],
	"15. left_elbow": [
		0.648827314376831,
		0.8501032590866089,
		-0.08708430826663971,
		0.9861170649528503
	],
	"16. left_wrist": [
		0.6709568500518799,
		0.8712029457092285,
		-0.22243952751159668,
		0.9842514395713806
	],
	"19. right_shoulder": [
		0.6016519665718079,
		0.6841195821762085,
		-0.010273880325257778,
		0.999823272228241
	],
	"20. right_elbow": [
		0.55512535572052,
		0.720808744430542,
		-0.026529725641012192,
		0.9478211402893066
	],
	"21. right_wrist": [
		0.5167070627212524,
		0.7611631751060486,
		-0.0686069205403328,
		0.9640703797340393
	],
	"24. nose": [
		0.6440035104751587,
		0.6634934544563293,
		-0.10847829282283783,
		0.9999236464500427
	],
	"25. left_eye": [
		0.6530546545982361,
		0.66584312915802,
		-0.0965726226568222,
		0.9998160600662231
	],
	"26. right_eye": [
		0.6464818716049194,
		0.6561761498451233,
		-0.09401138126850128,
		0.9996959567070007
	],
	"27. left_ear": [
		0.6576916575431824,
		0.68034428358078,
		-0.053755760192871094,
		0.9997361898422241
	],
	"28. right_ear": [
		0.6447994112968445,
		0.6660670638084412,
		-0.016330979764461517,
		0.9995393753051758
	],
	"time stamp": 29.969946478656652
}