{
	"1. left_hip": [
		0.552468478679657,
		0.8212965130805969,
		-0.0016563335666432977,
		0.9997252225875854
	],
	"2. left_knee": [
		0.5450942516326904,
		0.8484663963317871,
		-0.2654478847980499,
		0.9479275941848755
	],
	"3. left_ankle": [
		0.47992777824401855,
		0.8566455245018005,
		-0.14444704353809357,
		0.7426861524581909
	],
	"6. right_hip": [
		0.5294638276100159,
		0.7681587934494019,
		0.0016413877019658685,
		0.9995411038398743
	],
	"7. right_knee": [
		0.4583151340484619,
		0.8178771138191223,
		-0.05576974153518677,
		0.9713320136070251
	],
	"8. right_ankle": [
		0.37903469800949097,
		0.8540161848068237,
		-0.017067868262529373,
		0.9583935141563416
	],
	"14. left_shoulder": [
		0.6403017044067383,
		0.7641322016716003,
		-0.01751808635890484,
		0.9999774098396301
	],
	"15. left_elbow": [
		0.6496506929397583,
		0.8391159772872925,
		-0.08654988557100296,
		0.9878166913986206
	],
	"16. left_wrist": [
		0.6711031198501587,
		0.8717910647392273,
		-0.22304317355155945,
		0.9828940629959106
	],
	"19. right_shoulder": [
		0.5898717641830444,
		0.6763986349105835,
		-0.019393760710954666,
		0.9998658299446106
	],
	"20. right_elbow": [
		0.5439611673355103,
		0.7199311852455139,
		-0.027706950902938843,
		0.9573643803596497
	],
	"21. right_wrist": [
		0.5062774419784546,
		0.7595268487930298,
		-0.06338076293468475,
		0.9640532732009888
	],
	"24. nose": [
		0.6369730234146118,
		0.6565505862236023,
		-0.10795000940561295,
		0.9999433755874634
	],
	"25. left_eye": [
		0.6451047658920288,
		0.6578643918037415,
		-0.10233060270547867,
		0.9998623728752136
	],
	"26. right_eye": [
		0.6369659304618835,
		0.6483994126319885,
		-0.09646764397621155,
		0.9997743964195251
	],
	"27. left_ear": [
		0.6485937237739563,
		0.6739010214805603,
		-0.05905924364924431,
		0.9998026490211487
	],
	"28. right_ear": [
		0.6337516903877258,
		0.659101128578186,
		-0.027803460136055946,
		0.9996583461761475
	],
	"time stamp": 29.969946478656652
}