{
	"1. left_hip": [
		0.5495549440383911,
		0.8193517923355103,
		-0.00048334934399463236,
		0.9997341632843018
	],
	"2. left_knee": [
		0.5454431772232056,
		0.847786545753479,
		-0.2691657543182373,
		0.9518547654151917
	],
	"3. left_ankle": [
		0.4806966185569763,
		0.8572914004325867,
		-0.13137051463127136,
		0.7560797929763794
	],
	"6. right_hip": [
		0.5244045853614807,
		0.7675544023513794,
		0.0004944801912643015,
		0.9995664358139038
	],
	"7. right_knee": [
		0.4576833248138428,
		0.8179566264152527,
		-0.05703161284327507,
		0.9730050563812256
	],
	"8. right_ankle": [
		0.3779374361038208,
		0.8539330363273621,
		-0.014679888263344765,
		0.9606082439422607
	],
	"14. left_shoulder": [
		0.633620023727417,
		0.7598689794540405,
		-0.05346481874585152,
		0.9999751448631287
	],
	"15. left_elbow": [
		0.6486744284629822,
		0.838759183883667,
		-0.11420045793056488,
		0.9884132742881775
	],
	"16. left_wrist": [
		0.6710007786750793,
		0.8721097111701965,
		-0.23578563332557678,
		0.9809459447860718
	],
	"19. right_shoulder": [
		0.5837035179138184,
		0.6716337203979492,
		-0.062040261924266815,
		0.999876856803894
	],
	"20. right_elbow": [
		0.5385947823524475,
		0.7181463241577148,
		-0.0765627771615982,
		0.9599630832672119
	],
	"21. right_wrist": [
		0.5004656314849854,
		0.759357213973999,
		-0.11711110919713974,
		0.9626047015190125
	],
	"24. nose": [
		0.6317441463470459,
		0.6482534408569336,
		-0.1501452624797821,
		0.9999485611915588
	],
	"25. left_eye": [
		0.6400784850120544,
		0.6500871777534485,
		-0.14495576918125153,
		0.9998741149902344
	],
	"26. right_eye": [
		0.6324853897094727,
		0.6400384306907654,
		-0.1390000879764557,
		0.9997951984405518
	],
	"27. left_ear": [
		0.6427817940711975,
		0.6674824357032776,
		-0.10181703418493271,
		0.999819815158844
	],
	"28. right_ear": [
		0.629167914390564,
		0.6510846614837646,
		-0.07095836848020554,
		0.9996898174285889
	],
	"time stamp": 29.969946478656652
}