{
	"1. left_hip": [
		0.5476832985877991,
		0.8174717426300049,
		-0.00042176799615845084,
		0.9997620582580566
	],
	"2. left_knee": [
		0.5401734113693237,
		0.8484350442886353,
		-0.28217941522598267,
		0.9648309946060181
	],
	"3. left_ankle": [
		0.47960424423217773,
		0.8598232865333557,
		-0.13178442418575287,
		0.7950527667999268
	],
	"6. right_hip": [
		0.5192665457725525,
		0.7686814069747925,
		0.0004635108052752912,
		0.9996551871299744
	],
	"7. right_knee": [
		0.4583345353603363,
		0.8166536688804626,
		-0.10648903995752335,
		0.9786785840988159
	],
	"8. right_ankle": [
		0.3806625306606293,
		0.8547688126564026,
		-0.08008673787117004,
		0.9679062962532043
	],
	"14. left_shoulder": [
		0.6150235533714294,
		0.7302411198616028,
		-0.08718784898519516,
		0.9999660849571228
	],
	"15. left_elbow": [
		0.6368345022201538,
		0.8060059547424316,
		-0.07146084308624268,
		0.9907388687133789
	],
	"16. left_wrist": [
		0.6631916761398315,
		0.8667451739311218,
		-0.1145530492067337,
		0.9787634015083313
	],
	"19. right_shoulder": [
		0.5633531808853149,
		0.6500459313392639,
		-0.10177718102931976,
		0.999902606010437
	],
	"20. right_elbow": [
		0.5236037373542786,
		0.7077068090438843,
		-0.12528464198112488,
		0.9669890999794006
	],
	"21. right_wrist": [
		0.49024122953414917,
		0.7588186264038086,
		-0.18411089479923248,
		0.9478908181190491
	],
	"24. nose": [
		0.6126012206077576,
		0.6242243051528931,
		-0.2063041627407074,
		0.9999651312828064
	],
	"25. left_eye": [
		0.6212801337242126,
		0.6261411309242249,
		-0.19638796150684357,
		0.9999116063117981
	],
	"26. right_eye": [
		0.6137406826019287,
		0.6140545010566711,
		-0.1943904608488083,
		0.9998621344566345
	],
	"27. left_ear": [
		0.6243795156478882,
		0.6412389278411865,
		-0.13803565502166748,
		0.9998759627342224
	],
	"28. right_ear": [
		0.6100290417671204,
		0.6190980076789856,
		-0.12720155715942383,
		0.9997881650924683
	],
	"time stamp": 29.969946478656652
}