{
	"1. left_hip": [
		0.5465539693832397,
		0.8175461888313293,
		-0.0073226941749453545,
		0.9997183680534363
	],
	"2. left_knee": [
		0.5396856665611267,
		0.8515020608901978,
		-0.3012024164199829,
		0.9693088531494141
	],
	"3. left_ankle": [
		0.48129406571388245,
		0.8594139218330383,
		-0.11213858425617218,
		0.8105639815330505
	],
	"6. right_hip": [
		0.514849066734314,
		0.774354875087738,
		0.007272709161043167,
		0.9996753334999084
	],
	"7. right_knee": [
		0.458610862493515,
		0.8130730390548706,
		-0.11777061223983765,
		0.9813266396522522
	],
	"8. right_ankle": [
		0.38217490911483765,
		0.8558199405670166,
		-0.0643894150853157,
		0.9727296829223633
	],
	"14. left_shoulder": [
		0.6064174771308899,
		0.7128663659095764,
		-0.12383610010147095,
		0.9999520778656006
	],
	"15. left_elbow": [
		0.6277562379837036,
		0.7946962118148804,
		-0.11326926946640015,
		0.9909096360206604
	],
	"16. left_wrist": [
		0.656070351600647,
		0.865388810634613,
		-0.14868725836277008,
		0.9713377952575684
	],
	"19. right_shoulder": [
		0.5496975779533386,
		0.6427649855613708,
		-0.11658138036727905,
		0.9999098777770996
	],
	"20. right_elbow": [
		0.5129880309104919,
		0.7052826881408691,
		-0.13874231278896332,
		0.9650772213935852
	],
	"21. right_wrist": [
		0.4829918444156647,
		0.758880615234375,
		-0.21451430022716522,
		0.9334174990653992
	],
	"24. nose": [
		0.5983061790466309,
		0.6067923307418823,
		-0.23929831385612488,
		0.9999704360961914
	],
	"25. left_eye": [
		0.6067849397659302,
		0.607667088508606,
		-0.22917047142982483,
		0.9999212026596069
	],
	"26. right_eye": [
		0.5980640649795532,
		0.5952395796775818,
		-0.22631320357322693,
		0.9998847246170044
	],
	"27. left_ear": [
		0.6097736358642578,
		0.6238023042678833,
		-0.17020751535892487,
		0.9998933672904968
	],
	"28. right_ear": [
		0.5939816236495972,
		0.5998278260231018,
		-0.15479233860969543,
		0.9998189210891724
	],
	"time stamp": 29.969946478656652
}