{
	"1. left_hip": [
		0.5438089966773987,
		0.8171566724777222,
		-0.016710493713617325,
		0.9997622966766357
	],
	"2. left_knee": [
		0.5360602140426636,
		0.8508760333061218,
		-0.2806311249732971,
		0.9789978861808777
	],
	"3. left_ankle": [
		0.4826659560203552,
		0.8577922582626343,
		-0.08275555819272995,
		0.8433259725570679
	],
	"6. right_hip": [
		0.5105416774749756,
		0.7822003960609436,
		0.016658475622534752,
		0.9997683763504028
	],
	"7. right_knee": [
		0.461195707321167,
		0.793005108833313,
		-0.17046155035495758,
		0.9863076210021973
	],
	"8. right_ankle": [
		0.3916708827018738,
		0.853904664516449,
		-0.1347198784351349,
		0.9814949631690979
	],
	"14. left_shoulder": [
		0.5872407555580139,
		0.6798068284988403,
		-0.10078276693820953,
		0.9999606013298035
	],
	"15. left_elbow": [
		0.6012672781944275,
		0.7753955125808716,
		-0.09051923453807831,
		0.9929256439208984
	],
	"16. left_wrist": [
		0.6166042685508728,
		0.8533544540405273,
		-0.1265621930360794,
		0.9700599908828735
	],
	"19. right_shoulder": [
		0.5287965536117554,
		0.6379928588867188,
		-0.05468426272273064,
		0.9999348521232605
	],
	"20. right_elbow": [
		0.5020354390144348,
		0.7054538726806641,
		-0.06534526497125626,
		0.9480645656585693
	],
	"21. right_wrist": [
		0.47564929723739624,
		0.7623821496963501,
		-0.13149331510066986,
		0.9135059714317322
	],
	"24. nose": [
		0.5699597597122192,
		0.5802794694900513,
		-0.18218669295310974,
		0.9999800324440002
	],
	"25. left_eye": [
		0.578393816947937,
		0.5793996453285217,
		-0.1730165034532547,
		0.9999427199363708
	],
	"26. right_eye": [
		0.569344699382782,
		0.5700534582138062,
		-0.16695968806743622,
		0.9999260306358337
	],
	"27. left_ear": [
		0.5840274095535278,
		0.595975935459137,
		-0.12091599404811859,
		0.999928891658783
	],
	"28. right_ear": [
		0.5655483603477478,
		0.5750551223754883,
		-0.09628443419933319,
		0.9998769164085388
	],
	"time stamp": 29.969946478656652
}