{
	"1. left_hip": [
		0.5431159734725952,
		0.8101561069488525,
		-0.010847651399672031,
		0.9998492002487183
	],
	"2. left_knee": [
		0.5292537212371826,
		0.8484885096549988,
		-0.24754640460014343,
		0.9858076572418213
	],
	"3. left_ankle": [
		0.4762512743473053,
		0.855807900428772,
		-0.07163996994495392,
		0.8732293248176575
	],
	"6. right_hip": [
		0.5103902816772461,
		0.7816598415374756,
		0.010885637253522873,
		0.9998555183410645
	],
	"7. right_knee": [
		0.47757452726364136,
		0.7666451334953308,
		-0.14773502945899963,
		0.9897320866584778
	],
	"8. right_ankle": [
		0.4181443750858307,
		0.8456078171730042,
		-0.09112479537725449,
		0.9880476593971252
	],
	"14. left_shoulder": [
		0.5664257407188416,
		0.6599030494689941,
		-0.06585504114627838,
		0.9999589920043945
	],
	"15. left_elbow": [
		0.5815553665161133,
		0.7554596662521362,
		-0.06508733332157135,
		0.9917044043540955
	],
	"16. left_wrist": [
		0.5938603281974792,
		0.8340020775794983,
		-0.11155636608600616,
		0.9618266820907593
	],
	"19. right_shoulder": [
		0.5091496706008911,
		0.6457169651985168,
		-0.042558543384075165,
		0.9999294877052307
	],
	"20. right_elbow": [
		0.49606722593307495,
		0.7177744507789612,
		-0.10718007385730743,
		0.8864288926124573
	],
	"21. right_wrist": [
		0.48386478424072266,
		0.7419387102127075,
		-0.24211426079273224,
		0.8957564830780029
	],
	"24. nose": [
		0.5365942120552063,
		0.5738211274147034,
		-0.15848349034786224,
		0.9999868869781494
	],
	"25. left_eye": [
		0.5445085167884827,
		0.5692217946052551,
		-0.14561596512794495,
		0.9999629855155945
	],
	"26. right_eye": [
		0.5328678488731384,
		0.5650900602340698,
		-0.14435866475105286,
		0.9999560117721558
	],
	"27. left_ear": [
		0.5515506863594055,
		0.5809844732284546,
		-0.08545470237731934,
		0.9999579787254333
	],
	"28. right_ear": [
		0.5284173488616943,
		0.5736325979232788,
		-0.07902592420578003,
		0.9999202489852905
	],
	"time stamp": 29.969946478656652
}