{
	"1. left_hip": [
		0.5438531041145325,
		0.8024618625640869,
		-0.004891008138656616,
		0.9998822808265686
	],
	"2. left_knee": [
		0.5312398672103882,
		0.8462823629379272,
		-0.2523565888404846,
		0.9872300624847412
	],
	"3. left_ankle": [
		0.47651156783103943,
		0.855568528175354,
		-0.0837211161851883,
		0.8782145977020264
	],
	"6. right_hip": [
		0.5106269121170044,
		0.7801071405410767,
		0.004899447783827782,
		0.9998857378959656
	],
	"7. right_knee": [
		0.4867323040962219,
		0.7536832094192505,
		-0.1752094179391861,
		0.990722119808197
	],
	"8. right_ankle": [
		0.4302654266357422,
		0.8441843390464783,
		-0.12579676508903503,
		0.9896116256713867
	],
	"14. left_shoulder": [
		0.5612394213676453,
		0.6519706845283508,
		-0.025083526968955994,
		0.9999550580978394
	],
	"15. left_elbow": [
		0.5759760141372681,
		0.7387344241142273,
		-0.01534616481512785,
		0.9885359406471252
	],
	"16. left_wrist": [
		0.5857027769088745,
		0.8158074021339417,
		-0.05902941897511482,
		0.9400977492332458
	],
	"19. right_shoulder": [
		0.5034351348876953,
		0.6538676619529724,
		-0.02504623308777809,
		0.9999088048934937
	],
	"20. right_elbow": [
		0.49355369806289673,
		0.7323461771011353,
		-0.09133987128734589,
		0.8585266470909119
	],
	"21. right_wrist": [
		0.49065035581588745,
		0.7404171228408813,
		-0.22644385695457458,
		0.8642334342002869
	],
	"24. nose": [
		0.5278883576393127,
		0.5743193626403809,
		-0.1341017484664917,
		0.9999898076057434
	],
	"25. left_eye": [
		0.5347543954849243,
		0.5681447982788086,
		-0.11841477453708649,
		0.9999715685844421
	],
	"26. right_eye": [
		0.5227575302124023,
		0.5656967163085938,
		-0.1193104162812233,
		0.9999672174453735
	],
	"27. left_ear": [
		0.5415504574775696,
		0.5778699517250061,
		-0.04849596694111824,
		0.999968409538269
	],
	"28. right_ear": [
		0.5177581906318665,
		0.5745519399642944,
		-0.05167175456881523,
		0.9999400973320007
	],
	"time stamp": 29.969946478656652
}