{
	"1. left_hip": [
		0.5478798151016235,
		0.8032218217849731,
		-0.0040425462648272514,
		0.9998977780342102
	],
	"2. left_knee": [
		0.532029926776886,
		0.8464152216911316,
		-0.2537969946861267,
		0.9852902293205261
	],
	"3. left_ankle": [
		0.4797489047050476,
		0.857731282711029,
		-0.1314426213502884,
		0.8611863255500793
	],
	"6. right_hip": [
		0.5134193897247314,
		0.7830906510353088,
		0.00406698789447546,
		0.9998989105224609
	],
	"7. right_knee": [
		0.5033934712409973,
		0.7454253435134888,
		-0.17621693015098572,
		0.9901326894760132
	],
	"8. right_ankle": [
		0.449105829000473,
		0.8498203754425049,
		-0.1577513962984085,
		0.9882128238677979
	],
	"14. left_shoulder": [
		0.5602017641067505,
		0.6486165523529053,
		0.021041762083768845,
		0.9999513626098633
	],
	"15. left_elbow": [
		0.5733950138092041,
		0.7356889247894287,
		0.03699371591210365,
		0.9704716801643372
	],
	"16. left_wrist": [
		0.5775296092033386,
		0.8090509176254272,
		-0.006484385579824448,
		0.8716188669204712
	],
	"19. right_shoulder": [
		0.500633180141449,
		0.6579285264015198,
		0.017346102744340897,
		0.9999016523361206
	],
	"20. right_elbow": [
		0.4936588704586029,
		0.7445304989814758,
		-0.0357494093477726,
		0.8261788487434387
	],
	"21. right_wrist": [
		0.5007196068763733,
		0.7412005066871643,
		-0.1690603792667389,
		0.8060458898544312
	],
	"24. nose": [
		0.5227643251419067,
		0.5752915143966675,
		-0.0982157289981842,
		0.9999915957450867
	],
	"25. left_eye": [
		0.5289990305900574,
		0.5674442052841187,
		-0.08151151239871979,
		0.9999766945838928
	],
	"26. right_eye": [
		0.5168278217315674,
		0.5668055415153503,
		-0.08234057575464249,
		0.9999732971191406
	],
	"27. left_ear": [
		0.5357078313827515,
		0.5751780867576599,
		-0.006955276243388653,
		0.9999741911888123
	],
	"28. right_ear": [
		0.5117685198783875,
		0.5757758021354675,
		-0.008931588381528854,
		0.999951183795929
	],
	"time stamp": 29.969946478656652
}