{
	"1. left_hip": [
		0.5479210615158081,
		0.7959597110748291,
		0.00860460102558136,
		0.9999491572380066
	],
	"2. left_knee": [
		0.5592970252037048,
		0.8218879103660583,
		-0.24657125771045685,
		0.9729968905448914
	],
	"3. left_ankle": [
		0.49547258019447327,
		0.8508246541023254,
		-0.23446115851402283,
		0.8277696967124939
	],
	"6. right_hip": [
		0.5112953186035156,
		0.7895321249961853,
		-0.008467849344015121,
		0.9999459385871887
	],
	"7. right_knee": [
		0.5297669172286987,
		0.778594970703125,
		-0.21584796905517578,
		0.9875999093055725
	],
	"8. right_ankle": [
		0.4937458634376526,
		0.8542854189872742,
		-0.2421036958694458,
		0.9620884656906128
	],
	"14. left_shoulder": [
		0.5604521632194519,
		0.642285943031311,
		0.09633499383926392,
		0.9999205470085144
	],
	"15. left_elbow": [
		0.5676519870758057,
		0.7302303910255432,
		0.10363169014453888,
		0.7222203612327576
	],
	"16. left_wrist": [
		0.5734755992889404,
		0.8231887221336365,
		0.05245033651590347,
		0.505902886390686
	],
	"19. right_shoulder": [
		0.5052319765090942,
		0.6485650539398193,
		0.05757012218236923,
		0.9998946785926819
	],
	"20. right_elbow": [
		0.5041279196739197,
		0.7286936640739441,
		-0.007539477199316025,
		0.8251726627349854
	],
	"21. right_wrist": [
		0.5373731255531311,
		0.7258228063583374,
		-0.11302195489406586,
		0.7736184000968933
	],
	"24. nose": [
		0.5306898355484009,
		0.589530348777771,
		-0.03937409073114395,
		0.9999963045120239
	],
	"25. left_eye": [
		0.5317627191543579,
		0.5753892660140991,
		-0.02378782071173191,
		0.9999915361404419
	],
	"26. right_eye": [
		0.5217567682266235,
		0.5835249423980713,
		-0.02493237517774105,
		0.9999911189079285
	],
	"27. left_ear": [
		0.5348812341690063,
		0.5757519602775574,
		0.05471493676304817,
		0.9999908804893494
	],
	"28. right_ear": [
		0.5166516900062561,
		0.5923817157745361,
		0.05275360867381096,
		0.9999837875366211
	],
	"time stamp": 29.969946478656652
}