{
	"1. left_hip": [
		0.5443442463874817,
		0.7941029071807861,
		0.016736578196287155,
		0.9999611973762512
	],
	"2. left_knee": [
		0.5662980675697327,
		0.8155047297477722,
		-0.25021493434906006,
		0.9782431721687317
	],
	"3. left_ankle": [
		0.4986204504966736,
		0.8590880632400513,
		-0.20824845135211945,
		0.8644184470176697
	],
	"6. right_hip": [
		0.5115572214126587,
		0.7957724928855896,
		-0.016608787700533867,
		0.99994957447052
	],
	"7. right_knee": [
		0.5460229516029358,
		0.7706886529922485,
		-0.22984802722930908,
		0.983415424823761
	],
	"8. right_ankle": [
		0.5593090057373047,
		0.855507493019104,
		-0.14232270419597626,
		0.8925321698188782
	],
	"14. left_shoulder": [
		0.5563215017318726,
		0.639343798160553,
		0.06841965019702911,
		0.9998871088027954
	],
	"15. left_elbow": [
		0.5644593834877014,
		0.7295919060707092,
		0.07580919563770294,
		0.6936547756195068
	],
	"16. left_wrist": [
		0.5703467726707458,
		0.8184340596199036,
		0.03354364261031151,
		0.4419449269771576
	],
	"19. right_shoulder": [
		0.5059322118759155,
		0.6448435187339783,
		0.023560168221592903,
		0.9994741082191467
	],
	"20. right_elbow": [
		0.5156232118606567,
		0.7263162136077881,
		0.001795702613890171,
		0.7199804782867432
	],
	"21. right_wrist": [
		0.5438848733901978,
		0.7226001024246216,
		-0.03283613175153732,
		0.6583365797996521
	],
	"24. nose": [
		0.5298935174942017,
		0.5884072184562683,
		-0.06692492961883545,
		0.9999915361404419
	],
	"25. left_eye": [
		0.5301448702812195,
		0.5750442147254944,
		-0.052075665444135666,
		0.9999898076057434
	],
	"26. right_eye": [
		0.5205296874046326,
		0.5828374028205872,
		-0.05416729301214218,
		0.9999836683273315
	],
	"27. left_ear": [
		0.5326822996139526,
		0.5756958723068237,
		0.024772124364972115,
		0.9999901056289673
	],
	"28. right_ear": [
		0.5149514675140381,
		0.5925178527832031,
		0.018476730212569237,
		0.9999657273292542
	],
	"time stamp": 29.969946478656652
}