{
	"1. left_hip": [
		0.545320987701416,
		0.7989888787269592,
		0.02870660088956356,
		0.9999738335609436
	],
	"2. left_knee": [
		0.5777216553688049,
		0.8453991413116455,
		-0.1285478174686432,
		0.9625479578971863
	],
	"3. left_ankle": [
		0.5253990888595581,
		0.8671061396598816,
		-0.011399377137422562,
		0.8455895781517029
	],
	"6. right_hip": [
		0.5150269865989685,
		0.7934558391571045,
		-0.028612732887268066,
		0.9999448657035828
	],
	"7. right_knee": [
		0.5388829112052917,
		0.8065163493156433,
		-0.22301419079303741,
		0.984195351600647
	],
	"8. right_ankle": [
		0.4967915415763855,
		0.8668809533119202,
		-0.08314014971256256,
		0.8668595552444458
	],
	"14. left_shoulder": [
		0.552927553653717,
		0.6335163116455078,
		0.014063389971852303,
		0.9999539852142334
	],
	"15. left_elbow": [
		0.5663210153579712,
		0.7195123434066772,
		0.014680741354823112,
		0.7828803062438965
	],
	"16. left_wrist": [
		0.5749350786209106,
		0.7935879826545715,
		-0.04093054682016373,
		0.6495406031608582
	],
	"19. right_shoulder": [
		0.5068646669387817,
		0.6452643275260925,
		-0.08074650168418884,
		0.9997333288192749
	],
	"20. right_elbow": [
		0.5217047929763794,
		0.7230327129364014,
		-0.09288149327039719,
		0.7756296992301941
	],
	"21. right_wrist": [
		0.5467664003372192,
		0.7633901238441467,
		-0.10253380239009857,
		0.7174156308174133
	],
	"24. nose": [
		0.5232921838760376,
		0.5865485072135925,
		-0.1294851005077362,
		0.9999884366989136
	],
	"25. left_eye": [
		0.5230307579040527,
		0.5716150403022766,
		-0.11632156372070312,
		0.9999834895133972
	],
	"26. right_eye": [
		0.5136997103691101,
		0.5833450555801392,
		-0.12057222425937653,
		0.9999794960021973
	],
	"27. left_ear": [
		0.5265182852745056,
		0.5718748569488525,
		-0.04577328637242317,
		0.999982476234436
	],
	"28. right_ear": [
		0.5086556673049927,
		0.5942066311836243,
		-0.06146595999598503,
		0.9999586939811707
	],
	"time stamp": 29.969946478656652
}