{
	"1. left_hip": [
		0.5452035069465637,
		0.7998129725456238,
		0.033185865730047226,
		0.9999649524688721
	],
	"2. left_knee": [
		0.5794559121131897,
		0.8445926308631897,
		-0.12387056648731232,
		0.9500212073326111
	],
	"3. left_ankle": [
		0.5199712514877319,
		0.8685232400894165,
		-0.027081366628408432,
		0.7990679144859314
	],
	"6. right_hip": [
		0.514903724193573,
		0.79581618309021,
		-0.03305083140730858,
		0.9999377131462097
	],
	"7. right_knee": [
		0.539091944694519,
		0.8184500932693481,
		-0.22442252933979034,
		0.9854692816734314
	],
	"8. right_ankle": [
		0.4977528154850006,
		0.8750829100608826,
		-0.08654631674289703,
		0.8622075319290161
	],
	"14. left_shoulder": [
		0.5517019033432007,
		0.6324570775032043,
		0.01001078449189663,
		0.99993497133255
	],
	"15. left_elbow": [
		0.5633399486541748,
		0.7192328572273254,
		0.013123860582709312,
		0.7220634818077087
	],
	"16. left_wrist": [
		0.5732702612876892,
		0.7932064533233643,
		-0.03424925357103348,
		0.591564416885376
	],
	"19. right_shoulder": [
		0.5084446668624878,
		0.6458428502082825,
		-0.10193004459142685,
		0.9997392892837524
	],
	"20. right_elbow": [
		0.5269699096679688,
		0.7254297733306885,
		-0.11378445476293564,
		0.8076363801956177
	],
	"21. right_wrist": [
		0.5530456304550171,
		0.7866825461387634,
		-0.11034689098596573,
		0.7323771119117737
	],
	"24. nose": [
		0.523497462272644,
		0.5813027620315552,
		-0.1383410543203354,
		0.9999690055847168
	],
	"25. left_eye": [
		0.5230490565299988,
		0.5689970254898071,
		-0.12531551718711853,
		0.9999516606330872
	],
	"26. right_eye": [
		0.5138801336288452,
		0.5809157490730286,
		-0.1307508796453476,
		0.9999523758888245
	],
	"27. left_ear": [
		0.52583247423172,
		0.570720911026001,
		-0.056224845349788666,
		0.9999424815177917
	],
	"28. right_ear": [
		0.508661687374115,
		0.5937707424163818,
		-0.07754450291395187,
		0.9999097585678101
	],
	"time stamp": 29.969946478656652
}