{
	"1. left_hip": [
		0.5451222062110901,
		0.800121545791626,
		0.035309743136167526,
		0.999959409236908
	],
	"2. left_knee": [
		0.5779867172241211,
		0.8510318398475647,
		-0.11997474730014801,
		0.9432964324951172
	],
	"3. left_ankle": [
		0.5164451599121094,
		0.8690081834793091,
		-0.029634933918714523,
		0.7651422023773193
	],
	"6. right_hip": [
		0.5152873396873474,
		0.7975934147834778,
		-0.035184383392333984,
		0.9999337196350098
	],
	"7. right_knee": [
		0.5380672216415405,
		0.8410068154335022,
		-0.22235354781150818,
		0.9867169857025146
	],
	"8. right_ankle": [
		0.49786320328712463,
		0.8702183961868286,
		-0.07126393914222717,
		0.8509714603424072
	],
	"14. left_shoulder": [
		0.55149906873703,
		0.6312875747680664,
		0.0067489915527403355,
		0.9999096989631653
	],
	"15. left_elbow": [
		0.5631502866744995,
		0.7184933423995972,
		0.014148515649139881,
		0.6786337494850159
	],
	"16. left_wrist": [
		0.572811484336853,
		0.7921626567840576,
		-0.026188001036643982,
		0.5543951988220215
	],
	"19. right_shoulder": [
		0.5118919610977173,
		0.6474254727363586,
		-0.11538974940776825,
		0.999751091003418
	],
	"20. right_elbow": [
		0.5314527750015259,
		0.7267264723777771,
		-0.126235231757164,
		0.8337773084640503
	],
	"21. right_wrist": [
		0.5537773370742798,
		0.7946864366531372,
		-0.12647132575511932,
		0.7572035789489746
	],
	"24. nose": [
		0.5240280032157898,
		0.5771055221557617,
		-0.14692255854606628,
		0.9999602437019348
	],
	"25. left_eye": [
		0.523083508014679,
		0.5665475726127625,
		-0.13265536725521088,
		0.9999329447746277
	],
	"26. right_eye": [
		0.5142673254013062,
		0.5772824883460999,
		-0.13931933045387268,
		0.9999425411224365
	],
	"27. left_ear": [
		0.5257266759872437,
		0.5700350999832153,
		-0.06089609116315842,
		0.9999106526374817
	],
	"28. right_ear": [
		0.5088128447532654,
		0.5924104452133179,
		-0.08801523596048355,
		0.9998904466629028
	],
	"time stamp": 29.969946478656652
}