{
	"1. left_hip": [
		0.5445890426635742,
		0.8005989193916321,
		0.034787438809871674,
		0.9999547600746155
	],
	"2. left_knee": [
		0.577017068862915,
		0.8669248819351196,
		-0.13057848811149597,
		0.937434732913971
	],
	"3. left_ankle": [
		0.5109854340553284,
		0.8687460422515869,
		-0.030055010691285133,
		0.7233707308769226
	],
	"6. right_hip": [
		0.51570725440979,
		0.7983418107032776,
		-0.03464116156101227,
		0.9999275207519531
	],
	"7. right_knee": [
		0.5336151123046875,
		0.8450218439102173,
		-0.215182825922966,
		0.9878386855125427
	],
	"8. right_ankle": [
		0.49614372849464417,
		0.8624668717384338,
		-0.060312092304229736,
		0.8336518406867981
	],
	"14. left_shoulder": [
		0.5510942339897156,
		0.6293581128120422,
		0.01965859904885292,
		0.999901294708252
	],
	"15. left_elbow": [
		0.562487006187439,
		0.7161493897438049,
		0.025151407346129417,
		0.6439741253852844
	],
	"16. left_wrist": [
		0.5698447823524475,
		0.7886814475059509,
		-0.018183907493948936,
		0.5266885161399841
	],
	"19. right_shoulder": [
		0.5125994682312012,
		0.6493199467658997,
		-0.09010950475931168,
		0.9997612833976746
	],
	"20. right_elbow": [
		0.5319089889526367,
		0.7285290956497192,
		-0.10520792007446289,
		0.8644310235977173
	],
	"21. right_wrist": [
		0.5529776811599731,
		0.7855007648468018,
		-0.10917063057422638,
		0.7824434638023376
	],
	"24. nose": [
		0.525164783000946,
		0.5763565301895142,
		-0.125234916806221,
		0.9999584555625916
	],
	"25. left_eye": [
		0.5237157940864563,
		0.5656278729438782,
		-0.11143596470355988,
		0.9999284148216248
	],
	"26. right_eye": [
		0.5152072310447693,
		0.5764036774635315,
		-0.11997373402118683,
		0.9999423623085022
	],
	"27. left_ear": [
		0.5260146856307983,
		0.569381833076477,
		-0.04520464688539505,
		0.9999016523361206
	],
	"28. right_ear": [
		0.5096033811569214,
		0.5920381546020508,
		-0.06957542151212692,
		0.999893069267273
	],
	"time stamp": 29.969946478656652
}