{
	"1. left_hip": [
		0.5445985794067383,
		0.8003814816474915,
		0.03418944403529167,
		0.9999505281448364
	],
	"2. left_knee": [
		0.5737642049789429,
		0.8625664710998535,
		-0.14998933672904968,
		0.9325649738311768
	],
	"3. left_ankle": [
		0.5065217018127441,
		0.8646916747093201,
		-0.046348974108695984,
		0.689081609249115
	],
	"6. right_hip": [
		0.5156905651092529,
		0.7982063889503479,
		-0.034055355936288834,
		0.999919593334198
	],
	"7. right_knee": [
		0.533591091632843,
		0.8403966426849365,
		-0.21850936114788055,
		0.9877852201461792
	],
	"8. right_ankle": [
		0.49645811319351196,
		0.8627728223800659,
		-0.06663167476654053,
		0.8173334002494812
	],
	"14. left_shoulder": [
		0.55140221118927,
		0.6293180584907532,
		0.01846829615533352,
		0.9998974204063416
	],
	"15. left_elbow": [
		0.5621563196182251,
		0.7161889672279358,
		0.025973960757255554,
		0.6366037130355835
	],
	"16. left_wrist": [
		0.5700960755348206,
		0.7891122698783875,
		-0.012473002076148987,
		0.5149468183517456
	],
	"19. right_shoulder": [
		0.513386607170105,
		0.6492856740951538,
		-0.09019717574119568,
		0.9997583627700806
	],
	"20. right_elbow": [
		0.5335216522216797,
		0.7283324599266052,
		-0.10313783586025238,
		0.8726029992103577
	],
	"21. right_wrist": [
		0.5514129400253296,
		0.786185622215271,
		-0.10860661417245865,
		0.7869747281074524
	],
	"24. nose": [
		0.5257245898246765,
		0.5756096243858337,
		-0.1304313987493515,
		0.9999574422836304
	],
	"25. left_eye": [
		0.5241895914077759,
		0.5651996731758118,
		-0.11580674350261688,
		0.9999266266822815
	],
	"26. right_eye": [
		0.5155245065689087,
		0.5762452483177185,
		-0.12229307740926743,
		0.9999409914016724
	],
	"27. left_ear": [
		0.5264639854431152,
		0.5691419243812561,
		-0.04530220478773117,
		0.9998998045921326
	],
	"28. right_ear": [
		0.5099740028381348,
		0.5920398831367493,
		-0.06770976632833481,
		0.9998897314071655
	],
	"time stamp": 29.969946478656652
}