{
	"1. left_hip": [
		0.5523823499679565,
		0.7950315475463867,
		0.020887957885861397,
		0.9998813271522522
	],
	"2. left_knee": [
		0.5730370283126831,
		0.851196825504303,
		-0.175111323595047,
		0.8699585199356079
	],
	"3. left_ankle": [
		0.5218451023101807,
		0.8745785355567932,
		-0.013889506459236145,
		0.4596756398677826
	],
	"6. right_hip": [
		0.5211508870124817,
		0.7894848585128784,
		-0.02087288536131382,
		0.9997671842575073
	],
	"7. right_knee": [
		0.5223556756973267,
		0.8676448464393616,
		-0.23455306887626648,
		0.9842807650566101
	],
	"8. right_ankle": [
		0.49288320541381836,
		0.8603999614715576,
		-0.02616218850016594,
		0.6425609588623047
	],
	"14. left_shoulder": [
		0.5674593448638916,
		0.6327243447303772,
		-0.05420248955488205,
		0.9999021887779236
	],
	"15. left_elbow": [
		0.5757240056991577,
		0.7251380681991577,
		-0.026763152331113815,
		0.7162288427352905
	],
	"16. left_wrist": [
		0.5839093327522278,
		0.8126332759857178,
		-0.06423361599445343,
		0.6004213690757751
	],
	"19. right_shoulder": [
		0.5173865556716919,
		0.6553360223770142,
		-0.10220339149236679,
		0.9997873902320862
	],
	"20. right_elbow": [
		0.5237981081008911,
		0.7339847087860107,
		-0.11022061109542847,
		0.9087292551994324
	],
	"21. right_wrist": [
		0.5217362642288208,
		0.8034940361976624,
		-0.17921090126037598,
		0.8319883942604065
	],
	"24. nose": [
		0.5301632881164551,
		0.5815013647079468,
		-0.1946677416563034,
		0.9999616742134094
	],
	"25. left_eye": [
		0.5311259031295776,
		0.5672127604484558,
		-0.18363749980926514,
		0.9999315142631531
	],
	"26. right_eye": [
		0.5208903551101685,
		0.5795788168907166,
		-0.18332310020923615,
		0.9999352693557739
	],
	"27. left_ear": [
		0.5370413661003113,
		0.5685566663742065,
		-0.11507073789834976,
		0.9999118447303772
	],
	"28. right_ear": [
		0.5172134637832642,
		0.5922226905822754,
		-0.11092500388622284,
		0.999859094619751
	],
	"time stamp": 29.969946478656652
}