{
	"1. left_hip": [
		0.5616228580474854,
		0.7922029495239258,
		0.002842414891347289,
		0.9998778700828552
	],
	"2. left_knee": [
		0.5483105182647705,
		0.8346467018127441,
		-0.26424407958984375,
		0.8447482585906982
	],
	"3. left_ankle": [
		0.5045253038406372,
		0.8459094762802124,
		-0.10442235320806503,
		0.41903382539749146
	],
	"6. right_hip": [
		0.5284313559532166,
		0.7813262939453125,
		-0.0028130009304732084,
		0.999800443649292
	],
	"7. right_knee": [
		0.5123436450958252,
		0.8267585635185242,
		-0.22467489540576935,
		0.957084059715271
	],
	"8. right_ankle": [
		0.48876094818115234,
		0.8624556660652161,
		-0.10733147710561752,
		0.5982732772827148
	],
	"14. left_shoulder": [
		0.5776922106742859,
		0.6441620588302612,
		-0.057182371616363525,
		0.9999175071716309
	],
	"15. left_elbow": [
		0.583804726600647,
		0.7391869425773621,
		-0.02875959873199463,
		0.7825511693954468
	],
	"16. left_wrist": [
		0.5888833403587341,
		0.8261704444885254,
		-0.07249127328395844,
		0.6683478951454163
	],
	"19. right_shoulder": [
		0.5209952592849731,
		0.6535200476646423,
		-0.06218473240733147,
		0.9998551607131958
	],
	"20. right_elbow": [
		0.512163519859314,
		0.7300996780395508,
		-0.05782614275813103,
		0.9146820902824402
	],
	"21. right_wrist": [
		0.5116767287254333,
		0.7909221053123474,
		-0.12264695018529892,
		0.8574492931365967
	],
	"24. nose": [
		0.5372146368026733,
		0.5945674777030945,
		-0.18444809317588806,
		0.9999696016311646
	],
	"25. left_eye": [
		0.5412020087242126,
		0.577211320400238,
		-0.17531011998653412,
		0.9999367594718933
	],
	"26. right_eye": [
		0.5299784541130066,
		0.5876280069351196,
		-0.17345543205738068,
		0.9999396204948425
	],
	"27. left_ear": [
		0.5484838485717773,
		0.5784938335418701,
		-0.11256173998117447,
		0.9999132752418518
	],
	"28. right_ear": [
		0.5274191498756409,
		0.5943761467933655,
		-0.10443155467510223,
		0.9998696446418762
	],
	"time stamp": 29.969946478656652
}