{
	"1. left_hip": [
		0.5612861514091492,
		0.7923017144203186,
		0.006994139403104782,
		0.9998633861541748
	],
	"2. left_knee": [
		0.551941990852356,
		0.842982292175293,
		-0.22434508800506592,
		0.8467551469802856
	],
	"3. left_ankle": [
		0.49516305327415466,
		0.8498735427856445,
		-0.04374383017420769,
		0.41044193506240845
	],
	"6. right_hip": [
		0.5283985137939453,
		0.78303062915802,
		-0.006971674505621195,
		0.9998070597648621
	],
	"7. right_knee": [
		0.5155888199806213,
		0.8348019123077393,
		-0.19463065266609192,
		0.9585564732551575
	],
	"8. right_ankle": [
		0.48303890228271484,
		0.8634111881256104,
		-0.013498288579285145,
		0.6090158224105835
	],
	"14. left_shoulder": [
		0.5796009302139282,
		0.6474945545196533,
		-0.09154476225376129,
		0.9999181628227234
	],
	"15. left_elbow": [
		0.5838387608528137,
		0.7427071332931519,
		-0.06445638090372086,
		0.802057147026062
	],
	"16. left_wrist": [
		0.5890294909477234,
		0.8284789323806763,
		-0.11684657633304596,
		0.6844969391822815
	],
	"19. right_shoulder": [
		0.522464394569397,
		0.6535024046897888,
		-0.10325838625431061,
		0.9998776316642761
	],
	"20. right_elbow": [
		0.5108562111854553,
		0.7305157780647278,
		-0.1040366068482399,
		0.926397979259491
	],
	"21. right_wrist": [
		0.5117751359939575,
		0.7965787053108215,
		-0.1678875833749771,
		0.8766927719116211
	],
	"24. nose": [
		0.5404873490333557,
		0.5982590317726135,
		-0.226921945810318,
		0.999971330165863
	],
	"25. left_eye": [
		0.5447682738304138,
		0.5817140936851501,
		-0.21862876415252686,
		0.9999372363090515
	],
	"26. right_eye": [
		0.5334031581878662,
		0.5907993912696838,
		-0.2151469886302948,
		0.9999432563781738
	],
	"27. left_ear": [
		0.5516449213027954,
		0.5833489894866943,
		-0.15485879778862,
		0.999915361404419
	],
	"28. right_ear": [
		0.5309181809425354,
		0.5965278148651123,
		-0.13610264658927917,
		0.999885618686676
	],
	"time stamp": 29.969946478656652
}