{
	"1. left_hip": [
		0.5606059432029724,
		0.7857071161270142,
		0.008872038684785366,
		0.9998502731323242
	],
	"2. left_knee": [
		0.5467455387115479,
		0.8430970311164856,
		-0.15455952286720276,
		0.8395799398422241
	],
	"3. left_ankle": [
		0.48965057730674744,
		0.8511518836021423,
		-0.014001518487930298,
		0.4332410991191864
	],
	"6. right_hip": [
		0.5281665921211243,
		0.7785385847091675,
		-0.008919434621930122,
		0.9998021721839905
	],
	"7. right_knee": [
		0.5161093473434448,
		0.8354747295379639,
		-0.15365445613861084,
		0.9601330757141113
	],
	"8. right_ankle": [
		0.4710349142551422,
		0.867218017578125,
		-0.04116440564393997,
		0.6395620703697205
	],
	"14. left_shoulder": [
		0.581929087638855,
		0.6517353653907776,
		-0.09280095994472504,
		0.9999165534973145
	],
	"15. left_elbow": [
		0.584232747554779,
		0.7472425699234009,
		-0.07322350144386292,
		0.8070403337478638
	],
	"16. left_wrist": [
		0.5909310579299927,
		0.831443727016449,
		-0.11949558556079865,
		0.6837710738182068
	],
	"19. right_shoulder": [
		0.5239120721817017,
		0.6545436978340149,
		-0.11539240181446075,
		0.9998883008956909
	],
	"20. right_elbow": [
		0.510665774345398,
		0.7344635725021362,
		-0.12706400454044342,
		0.9322890639305115
	],
	"21. right_wrist": [
		0.5123666524887085,
		0.8038285970687866,
		-0.17718254029750824,
		0.8853766918182373
	],
	"24. nose": [
		0.5429270267486572,
		0.6028475165367126,
		-0.21704748272895813,
		0.9999688267707825
	],
	"25. left_eye": [
		0.5476258993148804,
		0.5863494277000427,
		-0.21008677780628204,
		0.9999255537986755
	],
	"26. right_eye": [
		0.5361200571060181,
		0.5943765640258789,
		-0.20703518390655518,
		0.999939501285553
	],
	"27. left_ear": [
		0.5545518398284912,
		0.5872061848640442,
		-0.15509699285030365,
		0.9998939633369446
	],
	"28. right_ear": [
		0.5338767766952515,
		0.5995146036148071,
		-0.13882072269916534,
		0.9998877048492432
	],
	"time stamp": 29.969946478656652
}