{
	"1. left_hip": [
		0.5490339994430542,
		0.7908848524093628,
		-0.005579688120633364,
		0.9999434351921082
	],
	"2. left_knee": [
		0.5450251698493958,
		0.8458693027496338,
		-0.21071894466876984,
		0.8743634819984436
	],
	"3. left_ankle": [
		0.5432273149490356,
		0.8374294638633728,
		0.025106480345129967,
		0.3066290020942688
	],
	"6. right_hip": [
		0.5120480060577393,
		0.8001784682273865,
		0.005400157533586025,
		0.9999275207519531
	],
	"7. right_knee": [
		0.4804193377494812,
		0.8716868162155151,
		-0.16723403334617615,
		0.9315768480300903
	],
	"8. right_ankle": [
		0.5112522840499878,
		0.8271992802619934,
		0.06466101109981537,
		0.42877820134162903
	],
	"14. left_shoulder": [
		0.5573042035102844,
		0.6650664210319519,
		-0.15641789138317108,
		0.9999181032180786
	],
	"15. left_elbow": [
		0.5742956399917603,
		0.7657400369644165,
		-0.17175112664699554,
		0.8631900548934937
	],
	"16. left_wrist": [
		0.5903757214546204,
		0.8439284563064575,
		-0.21770009398460388,
		0.7102063298225403
	],
	"19. right_shoulder": [
		0.4926685392856598,
		0.6666507124900818,
		-0.1499815136194229,
		0.9999116063117981
	],
	"20. right_elbow": [
		0.5039981603622437,
		0.7752053141593933,
		-0.15751715004444122,
		0.9570858478546143
	],
	"21. right_wrist": [
		0.5130066275596619,
		0.8637129664421082,
		-0.20949912071228027,
		0.9110891819000244
	],
	"24. nose": [
		0.5166366696357727,
		0.6008047461509705,
		-0.24435961246490479,
		0.9999861717224121
	],
	"25. left_eye": [
		0.5249950885772705,
		0.5884225964546204,
		-0.23644474148750305,
		0.9999657273292542
	],
	"26. right_eye": [
		0.5122807025909424,
		0.5879266858100891,
		-0.23255018889904022,
		0.9999731779098511
	],
	"27. left_ear": [
		0.5364511609077454,
		0.5959413051605225,
		-0.18545596301555634,
		0.9999406933784485
	],
	"28. right_ear": [
		0.5103024244308472,
		0.5931015610694885,
		-0.16737531125545502,
		0.9999405741691589
	],
	"time stamp": 29.969946478656652
}