{
	"1. left_hip": [
		0.5253136157989502,
		0.7172018885612488,
		-0.061644770205020905,
		0.9999726414680481
	],
	"2. left_knee": [
		0.5077419877052307,
		0.8707953691482544,
		-0.13528788089752197,
		0.9419810175895691
	],
	"3. left_ankle": [
		0.5762948393821716,
		0.840777575969696,
		0.052633803337812424,
		0.5640290379524231
	],
	"6. right_hip": [
		0.49969834089279175,
		0.7280259132385254,
		0.0616876594722271,
		0.9999634623527527
	],
	"7. right_knee": [
		0.4790063798427582,
		0.8588780164718628,
		0.031877823173999786,
		0.913417637348175
	],
	"8. right_ankle": [
		0.5392791032791138,
		0.8148782253265381,
		0.19391027092933655,
		0.2847967743873596
	],
	"14. left_shoulder": [
		0.4996081292629242,
		0.5482090711593628,
		-0.1493796557188034,
		0.9999390840530396
	],
	"15. left_elbow": [
		0.5268254280090332,
		0.6427273750305176,
		-0.14001870155334473,
		0.9322555661201477
	],
	"16. left_wrist": [
		0.5339924097061157,
		0.7333078384399414,
		-0.1664591133594513,
		0.7879853248596191
	],
	"19. right_shoulder": [
		0.4505554735660553,
		0.5548257827758789,
		0.016309959813952446,
		0.9999294877052307
	],
	"20. right_elbow": [
		0.4446505010128021,
		0.6414681673049927,
		0.05883564427495003,
		0.8428130745887756
	],
	"21. right_wrist": [
		0.45992985367774963,
		0.7008220553398132,
		-0.005531972274184227,
		0.715705156326294
	],
	"24. nose": [
		0.46482953429222107,
		0.4791148602962494,
		-0.1880272924900055,
		0.9999828338623047
	],
	"25. left_eye": [
		0.47518032789230347,
		0.47303852438926697,
		-0.18318098783493042,
		0.9999640583992004
	],
	"26. right_eye": [
		0.4657081663608551,
		0.4660237729549408,
		-0.17076800763607025,
		0.999963104724884
	],
	"27. left_ear": [
		0.4850228726863861,
		0.4828995168209076,
		-0.13603892922401428,
		0.9999386668205261
	],
	"28. right_ear": [
		0.46732330322265625,
		0.4724571108818054,
		-0.08305542916059494,
		0.9999430775642395
	],
	"time stamp": 29.969946478656652
}