{
	"1. left_hip": [
		0.5162631273269653,
		0.7132576704025269,
		-0.07650120556354523,
		0.9999656677246094
	],
	"2. left_knee": [
		0.4872967302799225,
		0.8663691282272339,
		-0.16600677371025085,
		0.9566519856452942
	],
	"3. left_ankle": [
		0.5617810487747192,
		0.8386827111244202,
		0.025377213954925537,
		0.6532756686210632
	],
	"6. right_hip": [
		0.4978000223636627,
		0.7084037065505981,
		0.07663622498512268,
		0.9999561309814453
	],
	"7. right_knee": [
		0.48712611198425293,
		0.8367611169815063,
		0.08565350621938705,
		0.8526208400726318
	],
	"8. right_ankle": [
		0.5509393811225891,
		0.8405444025993347,
		0.21022756397724152,
		0.2910017669200897
	],
	"14. left_shoulder": [
		0.4896661341190338,
		0.5460041165351868,
		-0.22506169974803925,
		0.9999515414237976
	],
	"15. left_elbow": [
		0.5156365036964417,
		0.6337214708328247,
		-0.25122615694999695,
		0.9502233862876892
	],
	"16. left_wrist": [
		0.5196505188941956,
		0.7244983911514282,
		-0.2799520492553711,
		0.8433570861816406
	],
	"19. right_shoulder": [
		0.45102253556251526,
		0.5320306420326233,
		-0.0006623094086535275,
		0.9999040961265564
	],
	"20. right_elbow": [
		0.438835084438324,
		0.6101188063621521,
		0.06609538942575455,
		0.7936865091323853
	],
	"21. right_wrist": [
		0.4377956986427307,
		0.6685000658035278,
		0.02688039280474186,
		0.732644259929657
	],
	"24. nose": [
		0.4545413553714752,
		0.4738631248474121,
		-0.22967664897441864,
		0.9999631643295288
	],
	"25. left_eye": [
		0.4648891091346741,
		0.46376481652259827,
		-0.23037663102149963,
		0.9999501705169678
	],
	"26. right_eye": [
		0.4559395909309387,
		0.4608776867389679,
		-0.21056580543518066,
		0.9999076128005981
	],
	"27. left_ear": [
		0.4773276746273041,
		0.4722549021244049,
		-0.19723330438137054,
		0.9999317526817322
	],
	"28. right_ear": [
		0.4607881009578705,
		0.46363046765327454,
		-0.1051526814699173,
		0.999889075756073
	],
	"time stamp": 29.969946478656652
}