{
	"1. left_hip": [
		0.5126264691352844,
		0.7092677354812622,
		-0.07679162919521332,
		0.9999465942382812
	],
	"2. left_knee": [
		0.47167953848838806,
		0.8518486022949219,
		-0.16445410251617432,
		0.9603931903839111
	],
	"3. left_ankle": [
		0.5494083166122437,
		0.8342581987380981,
		-0.042234018445014954,
		0.673113226890564
	],
	"6. right_hip": [
		0.4977951943874359,
		0.702246904373169,
		0.07695041596889496,
		0.9999544620513916
	],
	"7. right_knee": [
		0.5010786056518555,
		0.8147134780883789,
		0.08376739919185638,
		0.8201731443405151
	],
	"8. right_ankle": [
		0.5605490803718567,
		0.8822596073150635,
		0.16637685894966125,
		0.3230590522289276
	],
	"14. left_shoulder": [
		0.48560866713523865,
		0.5456019043922424,
		-0.21854619681835175,
		0.9999404549598694
	],
	"15. left_elbow": [
		0.5041965246200562,
		0.6445059776306152,
		-0.2389582395553589,
		0.954416036605835
	],
	"16. left_wrist": [
		0.5048457384109497,
		0.7314085364341736,
		-0.2544114887714386,
		0.8551954030990601
	],
	"19. right_shoulder": [
		0.4530273377895355,
		0.5280761122703552,
		-0.004537423141300678,
		0.9999101161956787
	],
	"20. right_elbow": [
		0.43837881088256836,
		0.6103806495666504,
		0.07972092926502228,
		0.7815630435943604
	],
	"21. right_wrist": [
		0.4303320050239563,
		0.6668168306350708,
		0.06485496461391449,
		0.7443546652793884
	],
	"24. nose": [
		0.45215630531311035,
		0.4718530476093292,
		-0.2473485916852951,
		0.9999616146087646
	],
	"25. left_eye": [
		0.46255213022232056,
		0.46228641271591187,
		-0.2447204887866974,
		0.9999470710754395
	],
	"26. right_eye": [
		0.453122079372406,
		0.4587809145450592,
		-0.22797541320323944,
		0.9999040961265564
	],
	"27. left_ear": [
		0.474543035030365,
		0.4723888039588928,
		-0.19886617362499237,
		0.9999285340309143
	],
	"28. right_ear": [
		0.45856180787086487,
		0.46214210987091064,
		-0.1227041631937027,
		0.9998903274536133
	],
	"time stamp": 29.969946478656652
}