{
	"1. left_hip": [
		0.5040387511253357,
		0.7212709188461304,
		-0.07479000091552734,
		0.9999217391014099
	],
	"2. left_knee": [
		0.4599226117134094,
		0.8335211277008057,
		-0.1665322631597519,
		0.9715768098831177
	],
	"3. left_ankle": [
		0.5318966507911682,
		0.847966194152832,
		-0.03937578946352005,
		0.7783153653144836
	],
	"6. right_hip": [
		0.4858490526676178,
		0.7149427533149719,
		0.07480357587337494,
		0.9999505877494812
	],
	"7. right_knee": [
		0.4244362711906433,
		0.757287323474884,
		-0.01219066884368658,
		0.8420672416687012
	],
	"8. right_ankle": [
		0.4805048406124115,
		0.828675389289856,
		0.020868904888629913,
		0.5293874740600586
	],
	"14. left_shoulder": [
		0.4747700095176697,
		0.5484246015548706,
		-0.15589798986911774,
		0.9998272061347961
	],
	"15. left_elbow": [
		0.4669954776763916,
		0.6512628197669983,
		-0.16717824339866638,
		0.9634590148925781
	],
	"16. left_wrist": [
		0.44207748770713806,
		0.7044531106948853,
		-0.18100446462631226,
		0.8785751461982727
	],
	"19. right_shoulder": [
		0.4529990553855896,
		0.5438717007637024,
		0.07448364794254303,
		0.9998548030853271
	],
	"20. right_elbow": [
		0.45058441162109375,
		0.6335429549217224,
		0.15814313292503357,
		0.6281957030296326
	],
	"21. right_wrist": [
		0.41756826639175415,
		0.6617749333381653,
		0.12192656099796295,
		0.7011635899543762
	],
	"24. nose": [
		0.44304266571998596,
		0.47312408685684204,
		-0.17774568498134613,
		0.9999669194221497
	],
	"25. left_eye": [
		0.4525722861289978,
		0.46076279878616333,
		-0.17254844307899475,
		0.9999520778656006
	],
	"26. right_eye": [
		0.4431714117527008,
		0.4586949646472931,
		-0.15701042115688324,
		0.9999220967292786
	],
	"27. left_ear": [
		0.4650740623474121,
		0.47034725546836853,
		-0.12381337583065033,
		0.9999333620071411
	],
	"28. right_ear": [
		0.4502434730529785,
		0.4619308412075043,
		-0.055003561079502106,
		0.9999064207077026
	],
	"time stamp": 29.969946478656652
}