{
	"1. left_hip": [
		0.4872482419013977,
		0.7192208170890808,
		-0.08192706108093262,
		0.9998456239700317
	],
	"2. left_knee": [
		0.4115011692047119,
		0.7307263612747192,
		-0.020763689652085304,
		0.966972827911377
	],
	"3. left_ankle": [
		0.4414716362953186,
		0.8647320866584778,
		0.08791975677013397,
		0.8495171070098877
	],
	"6. right_hip": [
		0.49258726835250854,
		0.7121034264564514,
		0.0815807357430458,
		0.999950110912323
	],
	"7. right_knee": [
		0.4799732267856598,
		0.8496107459068298,
		0.09551876038312912,
		0.8778654932975769
	],
	"8. right_ankle": [
		0.5477989912033081,
		0.8638932704925537,
		0.11212816089391708,
		0.6863513588905334
	],
	"14. left_shoulder": [
		0.45251932740211487,
		0.5518907308578491,
		-0.1552775353193283,
		0.9996320605278015
	],
	"15. left_elbow": [
		0.4273134768009186,
		0.6573886275291443,
		-0.17878326773643494,
		0.9626144170761108
	],
	"16. left_wrist": [
		0.3958764672279358,
		0.7130323648452759,
		-0.12342032045125961,
		0.8916369080543518
	],
	"19. right_shoulder": [
		0.4608706831932068,
		0.5251941084861755,
		0.10181695222854614,
		0.9998734593391418
	],
	"20. right_elbow": [
		0.44245633482933044,
		0.5984426140785217,
		0.21917064487934113,
		0.45531758666038513
	],
	"21. right_wrist": [
		0.41580381989479065,
		0.6241902709007263,
		0.27416372299194336,
		0.604066014289856
	],
	"24. nose": [
		0.4311218857765198,
		0.4657675325870514,
		-0.13657982647418976,
		0.9999691843986511
	],
	"25. left_eye": [
		0.4395829737186432,
		0.4554719626903534,
		-0.1355801373720169,
		0.9999495148658752
	],
	"26. right_eye": [
		0.43230995535850525,
		0.45169559121131897,
		-0.11779703199863434,
		0.9999366402626038
	],
	"27. left_ear": [
		0.4537360668182373,
		0.464840829372406,
		-0.10703235864639282,
		0.9999232292175293
	],
	"28. right_ear": [
		0.4400596022605896,
		0.45786041021347046,
		-0.03136307746171951,
		0.999911367893219
	],
	"time stamp": 29.969946478656652
}