{
	"1. left_hip": [
		0.48350778222084045,
		0.7094576358795166,
		-0.0864550918340683,
		0.9998332262039185
	],
	"2. left_knee": [
		0.4175718426704407,
		0.7901585698127747,
		-0.08734407275915146,
		0.9651516675949097
	],
	"3. left_ankle": [
		0.4631122052669525,
		0.8613192439079285,
		0.06681756675243378,
		0.871928334236145
	],
	"6. right_hip": [
		0.48700350522994995,
		0.7008171677589417,
		0.08630922436714172,
		0.9999455809593201
	],
	"7. right_knee": [
		0.475996196269989,
		0.8436390161514282,
		0.06818166375160217,
		0.878177285194397
	],
	"8. right_ankle": [
		0.5425235033035278,
		0.8618544936180115,
		0.15790753066539764,
		0.7380409836769104
	],
	"14. left_shoulder": [
		0.4407673478126526,
		0.5363423824310303,
		-0.1779913306236267,
		0.9996345043182373
	],
	"15. left_elbow": [
		0.40942198038101196,
		0.6373192071914673,
		-0.19794006645679474,
		0.964581310749054
	],
	"16. left_wrist": [
		0.38424795866012573,
		0.7100543975830078,
		-0.13068698346614838,
		0.8918208479881287
	],
	"19. right_shoulder": [
		0.4525708556175232,
		0.5147335529327393,
		0.10198291391134262,
		0.9998432993888855
	],
	"20. right_elbow": [
		0.42514514923095703,
		0.6018502712249756,
		0.17294277250766754,
		0.3813461661338806
	],
	"21. right_wrist": [
		0.3966580331325531,
		0.677184522151947,
		0.12623971700668335,
		0.5206344127655029
	],
	"24. nose": [
		0.42439335584640503,
		0.4499225318431854,
		-0.14388345181941986,
		0.9999701380729675
	],
	"25. left_eye": [
		0.4329531788825989,
		0.4401910603046417,
		-0.14315709471702576,
		0.999953031539917
	],
	"26. right_eye": [
		0.4270850718021393,
		0.4366432726383209,
		-0.12362474203109741,
		0.9999415874481201
	],
	"27. left_ear": [
		0.4454931318759918,
		0.4516259431838989,
		-0.11121325194835663,
		0.9999298453330994
	],
	"28. right_ear": [
		0.43446221947669983,
		0.4433492124080658,
		-0.028824960812926292,
		0.9999181032180786
	],
	"time stamp": 29.969946478656652
}