{
	"1. left_hip": [
		0.4639313220977783,
		0.6619435548782349,
		-0.07809630036354065,
		0.9997521042823792
	],
	"2. left_knee": [
		0.4055194854736328,
		0.7316218018531799,
		0.010107293725013733,
		0.9639800190925598
	],
	"3. left_ankle": [
		0.4374677538871765,
		0.8639472126960754,
		0.15748518705368042,
		0.9202572703361511
	],
	"6. right_hip": [
		0.48494482040405273,
		0.6595920324325562,
		0.07796434313058853,
		0.9999369978904724
	],
	"7. right_knee": [
		0.4829067289829254,
		0.8070907592773438,
		0.05868980288505554,
		0.9038422107696533
	],
	"8. right_ankle": [
		0.550175666809082,
		0.857075572013855,
		0.09118171036243439,
		0.8388435244560242
	],
	"14. left_shoulder": [
		0.42513909935951233,
		0.4837280809879303,
		-0.14599676430225372,
		0.9997366070747375
	],
	"15. left_elbow": [
		0.4001235067844391,
		0.5858844518661499,
		-0.15057313442230225,
		0.9763099551200867
	],
	"16. left_wrist": [
		0.3849654495716095,
		0.6748065948486328,
		-0.06666770577430725,
		0.9210752844810486
	],
	"19. right_shoulder": [
		0.4528164267539978,
		0.47121337056159973,
		0.11838304996490479,
		0.999838650226593
	],
	"20. right_elbow": [
		0.43108052015304565,
		0.5858380794525146,
		0.12794890999794006,
		0.26005539298057556
	],
	"21. right_wrist": [
		0.4055446684360504,
		0.6797857284545898,
		0.08039426058530807,
		0.35809317231178284
	],
	"24. nose": [
		0.41428104043006897,
		0.3941766619682312,
		-0.02830241620540619,
		0.9999581575393677
	],
	"25. left_eye": [
		0.42137449979782104,
		0.38492292165756226,
		-0.04251588135957718,
		0.9999511241912842
	],
	"26. right_eye": [
		0.4213741421699524,
		0.38271641731262207,
		-0.017212439328432083,
		0.9999383687973022
	],
	"27. left_ear": [
		0.43146005272865295,
		0.39654889702796936,
		-0.07662628591060638,
		0.999924898147583
	],
	"28. right_ear": [
		0.43139833211898804,
		0.39268824458122253,
		0.032823070883750916,
		0.9999256134033203
	],
	"time stamp": 29.969946478656652
}