{
	"1. left_hip": [
		0.4640914797782898,
		0.649696946144104,
		-0.07657428085803986,
		0.9996709227561951
	],
	"2. left_knee": [
		0.4071515202522278,
		0.7335123419761658,
		-0.014283967204391956,
		0.962547779083252
	],
	"3. left_ankle": [
		0.4384059011936188,
		0.8651739358901978,
		0.12897485494613647,
		0.9273923635482788
	],
	"6. right_hip": [
		0.48108673095703125,
		0.6481403708457947,
		0.07641276717185974,
		0.9999253749847412
	],
	"7. right_knee": [
		0.4845924377441406,
		0.7958760857582092,
		0.05563666671514511,
		0.9074195623397827
	],
	"8. right_ankle": [
		0.5529102683067322,
		0.8517525792121887,
		0.1010722741484642,
		0.8532790541648865
	],
	"14. left_shoulder": [
		0.4302830696105957,
		0.4620112478733063,
		-0.16185693442821503,
		0.9997269511222839
	],
	"15. left_elbow": [
		0.40592020750045776,
		0.5766233801841736,
		-0.1706041395664215,
		0.9751827120780945
	],
	"16. left_wrist": [
		0.38920873403549194,
		0.6654441356658936,
		-0.0870460718870163,
		0.9113240242004395
	],
	"19. right_shoulder": [
		0.4451257288455963,
		0.4584428071975708,
		0.09704743325710297,
		0.9998494386672974
	],
	"20. right_elbow": [
		0.42518988251686096,
		0.5696010589599609,
		0.09903569519519806,
		0.2661955952644348
	],
	"21. right_wrist": [
		0.39582210779190063,
		0.6711577773094177,
		0.03805454447865486,
		0.35975271463394165
	],
	"24. nose": [
		0.4132789671421051,
		0.38930249214172363,
		-0.0603654682636261,
		0.9999575018882751
	],
	"25. left_eye": [
		0.4199109673500061,
		0.375897079706192,
		-0.07141232490539551,
		0.9999499917030334
	],
	"26. right_eye": [
		0.41899603605270386,
		0.37485262751579285,
		-0.047461237758398056,
		0.99993896484375
	],
	"27. left_ear": [
		0.4319218099117279,
		0.38342565298080444,
		-0.09509474784135818,
		0.9999228119850159
	],
	"28. right_ear": [
		0.43008899688720703,
		0.38069576025009155,
		0.014636526815593243,
		0.9999281167984009
	],
	"time stamp": 29.969946478656652
}