{
	"1. left_hip": [
		0.44493651390075684,
		0.5530014634132385,
		-0.02690413035452366,
		0.9997803568840027
	],
	"2. left_knee": [
		0.43723565340042114,
		0.7173916101455688,
		-0.05882802605628967,
		0.981866180896759
	],
	"3. left_ankle": [
		0.437129408121109,
		0.8655897378921509,
		-0.04400617256760597,
		0.9730212092399597
	],
	"6. right_hip": [
		0.48493823409080505,
		0.5488147735595703,
		0.026819195598363876,
		0.9998263716697693
	],
	"7. right_knee": [
		0.48289769887924194,
		0.7065371870994568,
		0.022837314754724503,
		0.9548115134239197
	],
	"8. right_ankle": [
		0.4927147924900055,
		0.8600959777832031,
		0.035946063697338104,
		0.9442518949508667
	],
	"14. left_shoulder": [
		0.4179624915122986,
		0.38668200373649597,
		-0.019274158403277397,
		0.9998645186424255
	],
	"15. left_elbow": [
		0.40700632333755493,
		0.5031166672706604,
		-0.04116170108318329,
		0.9810469746589661
	],
	"16. left_wrist": [
		0.4104723036289215,
		0.6027309894561768,
		-0.009737065061926842,
		0.9074583649635315
	],
	"19. right_shoulder": [
		0.4775048792362213,
		0.3613777458667755,
		0.0742584764957428,
		0.9996111989021301
	],
	"20. right_elbow": [
		0.4957868456840515,
		0.46303385496139526,
		0.09029044955968857,
		0.37171322107315063
	],
	"21. right_wrist": [
		0.4923016130924225,
		0.5272043347358704,
		0.10994012653827667,
		0.2050972580909729
	],
	"24. nose": [
		0.4397401809692383,
		0.30741986632347107,
		0.1753094494342804,
		0.9998142719268799
	],
	"25. left_eye": [
		0.43294763565063477,
		0.298162579536438,
		0.14972425997257233,
		0.9998253583908081
	],
	"26. right_eye": [
		0.44430026412010193,
		0.29439523816108704,
		0.1559913605451584,
		0.9997496604919434
	],
	"27. left_ear": [
		0.427034854888916,
		0.30569082498550415,
		0.05646289512515068,
		0.9998219609260559
	],
	"28. right_ear": [
		0.4493633806705475,
		0.2992187738418579,
		0.09028366953134537,
		0.9996601939201355
	],
	"time stamp": 29.969946478656652
}