{
	"1. left_hip": [
		0.4469659924507141,
		0.5468220114707947,
		0.027637356892228127,
		0.9998588562011719
	],
	"2. left_knee": [
		0.45126861333847046,
		0.7093130946159363,
		0.007143077440559864,
		0.9908121228218079
	],
	"3. left_ankle": [
		0.44273990392684937,
		0.8628326654434204,
		0.0232998114079237,
		0.9841781854629517
	],
	"6. right_hip": [
		0.490894615650177,
		0.5459911823272705,
		-0.027767866849899292,
		0.9998049736022949
	],
	"7. right_knee": [
		0.4906702935695648,
		0.7111451625823975,
		0.001257104566320777,
		0.9776743650436401
	],
	"8. right_ankle": [
		0.48910456895828247,
		0.8658097982406616,
		0.017737705260515213,
		0.9714285731315613
	],
	"14. left_shoulder": [
		0.43193164467811584,
		0.3674734830856323,
		0.07518064230680466,
		0.9999196529388428
	],
	"15. left_elbow": [
		0.4294143319129944,
		0.46807006001472473,
		0.06399080902338028,
		0.9764953255653381
	],
	"16. left_wrist": [
		0.4253990054130554,
		0.5720648169517517,
		0.06578262150287628,
		0.8627604246139526
	],
	"19. right_shoulder": [
		0.49607864022254944,
		0.3467007577419281,
		-0.0002344772219657898,
		0.9997277855873108
	],
	"20. right_elbow": [
		0.5091549754142761,
		0.45197728276252747,
		-0.023161165416240692,
		0.7096975445747375
	],
	"21. right_wrist": [
		0.5160719156265259,
		0.5282108783721924,
		-0.015215003862977028,
		0.4544602334499359
	],
	"24. nose": [
		0.4722076952457428,
		0.28893494606018066,
		0.19876328110694885,
		0.999826967716217
	],
	"25. left_eye": [
		0.466259241104126,
		0.2762051820755005,
		0.17991699278354645,
		0.9998543858528137
	],
	"26. right_eye": [
		0.4744616448879242,
		0.2757735252380371,
		0.17873522639274597,
		0.9998027086257935
	],
	"27. left_ear": [
		0.4581243097782135,
		0.28128165006637573,
		0.10569477081298828,
		0.9998589754104614
	],
	"28. right_ear": [
		0.47362464666366577,
		0.28078559041023254,
		0.07394041121006012,
		0.9997521042823792
	],
	"time stamp": 29.969946478656652
}