{
	"1. left_hip": [
		0.45267000794410706,
		0.5506890416145325,
		0.045191653072834015,
		0.9998403191566467
	],
	"2. left_knee": [
		0.4579392969608307,
		0.7104098200798035,
		0.04734206944704056,
		0.9921419024467468
	],
	"3. left_ankle": [
		0.4463173449039459,
		0.8652420043945312,
		0.07209484279155731,
		0.9844738245010376
	],
	"6. right_hip": [
		0.4932498335838318,
		0.5494716763496399,
		-0.045371610671281815,
		0.9997320771217346
	],
	"7. right_knee": [
		0.4951106607913971,
		0.7127498984336853,
		-0.007006819359958172,
		0.9832488298416138
	],
	"8. right_ankle": [
		0.49191728234291077,
		0.8693277835845947,
		0.023210247978568077,
		0.9776319861412048
	],
	"14. left_shoulder": [
		0.4359437823295593,
		0.3650916516780853,
		0.07641807198524475,
		0.9999160766601562
	],
	"15. left_elbow": [
		0.4320487082004547,
		0.4626775085926056,
		0.07124542444944382,
		0.9613804221153259
	],
	"16. left_wrist": [
		0.43027982115745544,
		0.5609207153320312,
		0.07052136957645416,
		0.7646154165267944
	],
	"19. right_shoulder": [
		0.5020338892936707,
		0.35035791993141174,
		-0.04349178075790405,
		0.9997734427452087
	],
	"20. right_elbow": [
		0.5146337747573853,
		0.45351630449295044,
		-0.0409061536192894,
		0.8031874895095825
	],
	"21. right_wrist": [
		0.5240563750267029,
		0.5318660736083984,
		0.02252424880862236,
		0.5538676381111145
	],
	"24. nose": [
		0.47937527298927307,
		0.28256815671920776,
		0.1593857854604721,
		0.9998190402984619
	],
	"25. left_eye": [
		0.47315168380737305,
		0.2684627175331116,
		0.1444994956254959,
		0.9998592138290405
	],
	"26. right_eye": [
		0.48228198289871216,
		0.269570916891098,
		0.13352090120315552,
		0.9998161196708679
	],
	"27. left_ear": [
		0.46496304869651794,
		0.27432122826576233,
		0.08701843023300171,
		0.9998577833175659
	],
	"28. right_ear": [
		0.48257899284362793,
		0.27661561965942383,
		0.03690503537654877,
		0.999793291091919
	],
	"time stamp": 29.969946478656652
}