{
	"1. left_hip": [
		0.45792317390441895,
		0.5522040724754333,
		0.04408590868115425,
		0.9998100996017456
	],
	"2. left_knee": [
		0.4646070599555969,
		0.7110980153083801,
		0.06390679627656937,
		0.9903223514556885
	],
	"3. left_ankle": [
		0.4570086896419525,
		0.86686110496521,
		0.10503734648227692,
		0.9809012413024902
	],
	"6. right_hip": [
		0.49667420983314514,
		0.5511266589164734,
		-0.04426762834191322,
		0.9996663331985474
	],
	"7. right_knee": [
		0.49540358781814575,
		0.7161835432052612,
		-0.004054694436490536,
		0.9850340485572815
	],
	"8. right_ankle": [
		0.4912000596523285,
		0.8700183629989624,
		0.04710237681865692,
		0.979208767414093
	],
	"14. left_shoulder": [
		0.4419616162776947,
		0.36512723565101624,
		0.0667802020907402,
		0.9999118447303772
	],
	"15. left_elbow": [
		0.4341643750667572,
		0.46371689438819885,
		0.05969838425517082,
		0.9585408568382263
	],
	"16. left_wrist": [
		0.4330899715423584,
		0.5631065964698792,
		0.06240193173289299,
		0.7242329716682434
	],
	"19. right_shoulder": [
		0.5086463689804077,
		0.3503246605396271,
		-0.05472908169031143,
		0.9998155236244202
	],
	"20. right_elbow": [
		0.5201839208602905,
		0.4546339213848114,
		-0.05138465017080307,
		0.8544211983680725
	],
	"21. right_wrist": [
		0.5297375917434692,
		0.5421620011329651,
		0.010239191353321075,
		0.6397994756698608
	],
	"24. nose": [
		0.48421913385391235,
		0.27746376395225525,
		0.14707805216312408,
		0.9998157024383545
	],
	"25. left_eye": [
		0.4772295355796814,
		0.2643478512763977,
		0.13113446533679962,
		0.9998568296432495
	],
	"26. right_eye": [
		0.48858362436294556,
		0.2644301652908325,
		0.1217675432562828,
		0.9998205304145813
	],
	"27. left_ear": [
		0.4694797992706299,
		0.27059298753738403,
		0.06925642490386963,
		0.9998478293418884
	],
	"28. right_ear": [
		0.49058008193969727,
		0.271382212638855,
		0.027577832341194153,
		0.9998177886009216
	],
	"time stamp": 29.969946478656652
}