{
	"1. left_hip": [
		0.4587040841579437,
		0.5522975325584412,
		0.04099278151988983,
		0.9998012185096741
	],
	"2. left_knee": [
		0.467012882232666,
		0.711203932762146,
		0.06026246026158333,
		0.99028480052948
	],
	"3. left_ankle": [
		0.46200108528137207,
		0.8668219447135925,
		0.10313890129327774,
		0.9806230068206787
	],
	"6. right_hip": [
		0.4983232915401459,
		0.5513134598731995,
		-0.04117322713136673,
		0.9996472001075745
	],
	"7. right_knee": [
		0.4958626329898834,
		0.716525673866272,
		0.0030592477414757013,
		0.9857385754585266
	],
	"8. right_ankle": [
		0.49130597710609436,
		0.8699178099632263,
		0.054788459092378616,
		0.9799172878265381
	],
	"14. left_shoulder": [
		0.44230207800865173,
		0.36329567432403564,
		0.06553572416305542,
		0.9999086856842041
	],
	"15. left_elbow": [
		0.4337857663631439,
		0.46079444885253906,
		0.05852137878537178,
		0.9582721590995789
	],
	"16. left_wrist": [
		0.43343424797058105,
		0.5629746317863464,
		0.06068262457847595,
		0.7114524245262146
	],
	"19. right_shoulder": [
		0.5105167627334595,
		0.3500860035419464,
		-0.04330277815461159,
		0.9998265504837036
	],
	"20. right_elbow": [
		0.5213906168937683,
		0.45478302240371704,
		-0.044673774391412735,
		0.8681184649467468
	],
	"21. right_wrist": [
		0.530993640422821,
		0.5462972521781921,
		0.008697365410625935,
		0.6636723875999451
	],
	"24. nose": [
		0.4851616322994232,
		0.27499425411224365,
		0.1542004644870758,
		0.9998123049736023
	],
	"25. left_eye": [
		0.4781948924064636,
		0.26196444034576416,
		0.13766959309577942,
		0.999854564666748
	],
	"26. right_eye": [
		0.4896116852760315,
		0.26252132654190063,
		0.12931671738624573,
		0.9998199939727783
	],
	"27. left_ear": [
		0.4704064428806305,
		0.26881417632102966,
		0.07308750599622726,
		0.9998435378074646
	],
	"28. right_ear": [
		0.49182525277137756,
		0.2696312963962555,
		0.03520464152097702,
		0.9998231530189514
	],
	"time stamp": 29.969946478656652
}