{
	"1. left_hip": [
		0.45927390456199646,
		0.5525496602058411,
		0.03924217075109482,
		0.9997931718826294
	],
	"2. left_knee": [
		0.46723422408103943,
		0.7113394141197205,
		0.06566797196865082,
		0.9901667237281799
	],
	"3. left_ankle": [
		0.4631258547306061,
		0.8667886257171631,
		0.11665263026952744,
		0.980464518070221
	],
	"6. right_hip": [
		0.49903160333633423,
		0.5516352653503418,
		-0.0394134446978569,
		0.9996326565742493
	],
	"7. right_knee": [
		0.4961084723472595,
		0.7170451879501343,
		0.011850154027342796,
		0.9862489104270935
	],
	"8. right_ankle": [
		0.491360604763031,
		0.8698453307151794,
		0.07026612758636475,
		0.9805618524551392
	],
	"14. left_shoulder": [
		0.4424591660499573,
		0.36214518547058105,
		0.058739643543958664,
		0.9999061226844788
	],
	"15. left_elbow": [
		0.4338274896144867,
		0.46060410141944885,
		0.05254899710416794,
		0.957818329334259
	],
	"16. left_wrist": [
		0.433954656124115,
		0.5637428164482117,
		0.050184864550828934,
		0.7055539488792419
	],
	"19. right_shoulder": [
		0.5111160278320312,
		0.35021841526031494,
		-0.043092381209135056,
		0.9998371005058289
	],
	"20. right_elbow": [
		0.523048996925354,
		0.45491498708724976,
		-0.0457422211766243,
		0.8803897500038147
	],
	"21. right_wrist": [
		0.5316781401634216,
		0.5482012629508972,
		0.004777503665536642,
		0.687904417514801
	],
	"24. nose": [
		0.4851265549659729,
		0.27378958463668823,
		0.15282349288463593,
		0.9998081922531128
	],
	"25. left_eye": [
		0.4781879782676697,
		0.2610469460487366,
		0.13584625720977783,
		0.9998500347137451
	],
	"26. right_eye": [
		0.48965054750442505,
		0.2619089186191559,
		0.1277034729719162,
		0.9998170137405396
	],
	"27. left_ear": [
		0.4704367220401764,
		0.2682590186595917,
		0.06985189765691757,
		0.9998360872268677
	],
	"28. right_ear": [
		0.4920555651187897,
		0.26938819885253906,
		0.0332985520362854,
		0.9998261332511902
	],
	"time stamp": 29.969946478656652
}