{
	"1. left_hip": [
		0.46233779191970825,
		0.5534096360206604,
		-0.007468800991773605,
		0.9996998310089111
	],
	"2. left_knee": [
		0.4663509726524353,
		0.7172268629074097,
		0.01618586853146553,
		0.9941551685333252
	],
	"3. left_ankle": [
		0.4663356840610504,
		0.8652299046516418,
		0.060894925147295,
		0.9867290258407593
	],
	"6. right_hip": [
		0.5048325657844543,
		0.5560719966888428,
		0.007384085562080145,
		0.9994055032730103
	],
	"7. right_knee": [
		0.4977026879787445,
		0.7199815511703491,
		0.05084855109453201,
		0.9904158711433411
	],
	"8. right_ankle": [
		0.4908740520477295,
		0.8684893846511841,
		0.10030116140842438,
		0.9863802194595337
	],
	"14. left_shoulder": [
		0.44713282585144043,
		0.3617086112499237,
		0.006853821221739054,
		0.9998884201049805
	],
	"15. left_elbow": [
		0.4381956160068512,
		0.46238264441490173,
		7.872061542002484e-05,
		0.9679224491119385
	],
	"16. left_wrist": [
		0.4360255300998688,
		0.5620657801628113,
		0.012809880077838898,
		0.7471395134925842
	],
	"19. right_shoulder": [
		0.5164192914962769,
		0.35785382986068726,
		0.007448649499565363,
		0.9998504519462585
	],
	"20. right_elbow": [
		0.5263171195983887,
		0.4685056507587433,
		-0.011330487206578255,
		0.9392139911651611
	],
	"21. right_wrist": [
		0.5312762260437012,
		0.5651640295982361,
		-0.006717246025800705,
		0.8044230937957764
	],
	"24. nose": [
		0.48598742485046387,
		0.274550199508667,
		0.1646110862493515,
		0.9998304843902588
	],
	"25. left_eye": [
		0.4788896143436432,
		0.2626378834247589,
		0.14192433655261993,
		0.9998541474342346
	],
	"26. right_eye": [
		0.49102750420570374,
		0.26331546902656555,
		0.14181901514530182,
		0.9998343586921692
	],
	"27. left_ear": [
		0.47244152426719666,
		0.2701404094696045,
		0.0496513657271862,
		0.9998424053192139
	],
	"28. right_ear": [
		0.4941311776638031,
		0.27064767479896545,
		0.0528615340590477,
		0.9998494982719421
	],
	"time stamp": 29.969946478656652
}