{
	"1. left_hip": [
		0.4621872305870056,
		0.5510181784629822,
		-0.008856317028403282,
		0.9996869564056396
	],
	"2. left_knee": [
		0.4674781262874603,
		0.7194163799285889,
		0.012037202715873718,
		0.9949305057525635
	],
	"3. left_ankle": [
		0.46817249059677124,
		0.8643868565559387,
		0.05976737663149834,
		0.9882363080978394
	],
	"6. right_hip": [
		0.5051921010017395,
		0.5509735345840454,
		0.008817777968943119,
		0.999344527721405
	],
	"7. right_knee": [
		0.4947883188724518,
		0.7209092974662781,
		0.05006800964474678,
		0.9912205934524536
	],
	"8. right_ankle": [
		0.4882451593875885,
		0.8669007420539856,
		0.10076715052127838,
		0.9872411489486694
	],
	"14. left_shoulder": [
		0.4497842788696289,
		0.3618430197238922,
		0.004825044889003038,
		0.9998911023139954
	],
	"15. left_elbow": [
		0.4402541220188141,
		0.4639754891395569,
		-0.0036185509525239468,
		0.974189043045044
	],
	"16. left_wrist": [
		0.43581002950668335,
		0.559660017490387,
		0.01390133798122406,
		0.7757498621940613
	],
	"19. right_shoulder": [
		0.5172166228294373,
		0.3599996864795685,
		0.019903838634490967,
		0.9998078942298889
	],
	"20. right_elbow": [
		0.5268123149871826,
		0.4694497883319855,
		-0.003038388444110751,
		0.9506099820137024
	],
	"21. right_wrist": [
		0.5310479402542114,
		0.5634340643882751,
		0.004765077494084835,
		0.7934497594833374
	],
	"24. nose": [
		0.48538097739219666,
		0.2771891951560974,
		0.18682166934013367,
		0.9998359680175781
	],
	"25. left_eye": [
		0.4784812927246094,
		0.2658524215221405,
		0.16213959455490112,
		0.9998621344566345
	],
	"26. right_eye": [
		0.49074944853782654,
		0.2654136121273041,
		0.16364142298698425,
		0.999840259552002
	],
	"27. left_ear": [
		0.4732889235019684,
		0.2732967734336853,
		0.06448028236627579,
		0.9998602867126465
	],
	"28. right_ear": [
		0.4942132830619812,
		0.27341097593307495,
		0.07067417353391647,
		0.9998616576194763
	],
	"time stamp": 29.969946478656652
}