{
	"1. left_hip": [
		0.4621444344520569,
		0.5509830117225647,
		-0.006666027009487152,
		0.9996815919876099
	],
	"2. left_knee": [
		0.4669417440891266,
		0.7193970680236816,
		0.010878704488277435,
		0.9952172040939331
	],
	"3. left_ankle": [
		0.4680679738521576,
		0.8636585474014282,
		0.0507708303630352,
		0.9886883497238159
	],
	"6. right_hip": [
		0.5051036477088928,
		0.551030695438385,
		0.006595972925424576,
		0.9993283152580261
	],
	"7. right_knee": [
		0.4956282079219818,
		0.7212317585945129,
		0.04766397550702095,
		0.9917353391647339
	],
	"8. right_ankle": [
		0.4895700514316559,
		0.866892397403717,
		0.09017154574394226,
		0.9876008033752441
	],
	"14. left_shoulder": [
		0.45017609000205994,
		0.3621518015861511,
		0.011563229374587536,
		0.9998927712440491
	],
	"15. left_elbow": [
		0.44012612104415894,
		0.4639967083930969,
		-0.001559381140395999,
		0.9756677746772766
	],
	"16. left_wrist": [
		0.43529143929481506,
		0.5591214299201965,
		0.018305782228708267,
		0.7799059748649597
	],
	"19. right_shoulder": [
		0.5172988176345825,
		0.3619789481163025,
		0.021341219544410706,
		0.999805748462677
	],
	"20. right_elbow": [
		0.526760995388031,
		0.4700931906700134,
		0.0027105219196528196,
		0.9539713859558105
	],
	"21. right_wrist": [
		0.531511664390564,
		0.5632134079933167,
		0.01694115623831749,
		0.7888984084129333
	],
	"24. nose": [
		0.4849814474582672,
		0.2801702916622162,
		0.18817061185836792,
		0.999841570854187
	],
	"25. left_eye": [
		0.4784238934516907,
		0.26861047744750977,
		0.16430285573005676,
		0.9998668432235718
	],
	"26. right_eye": [
		0.49067315459251404,
		0.26758238673210144,
		0.16506049036979675,
		0.9998458623886108
	],
	"27. left_ear": [
		0.4733802378177643,
		0.2754268944263458,
		0.07022697478532791,
		0.9998656511306763
	],
	"28. right_ear": [
		0.49419528245925903,
		0.2752726674079895,
		0.07280796766281128,
		0.9998666644096375
	],
	"time stamp": 29.969946478656652
}