{
	"1. left_hip": [
		0.4620583951473236,
		0.5517477989196777,
		-0.010292112827301025,
		0.9996769428253174
	],
	"2. left_knee": [
		0.47133535146713257,
		0.7189680337905884,
		0.017833614721894264,
		0.9955865144729614
	],
	"3. left_ankle": [
		0.47462543845176697,
		0.8597269654273987,
		0.08108963072299957,
		0.9899560213088989
	],
	"6. right_hip": [
		0.5006707906723022,
		0.5518419742584229,
		0.010411730036139488,
		0.9992797374725342
	],
	"7. right_knee": [
		0.48820146918296814,
		0.7211174964904785,
		0.04398723691701889,
		0.9915403723716736
	],
	"8. right_ankle": [
		0.4811895489692688,
		0.8606278300285339,
		0.10600078105926514,
		0.9881372451782227
	],
	"14. left_shoulder": [
		0.4511471390724182,
		0.36417442560195923,
		0.008915186859667301,
		0.9999129772186279
	],
	"15. left_elbow": [
		0.44199004769325256,
		0.46548816561698914,
		-0.0017046055290848017,
		0.9832006096839905
	],
	"16. left_wrist": [
		0.4355950355529785,
		0.5592641830444336,
		0.011779176071286201,
		0.8075564503669739
	],
	"19. right_shoulder": [
		0.51836097240448,
		0.36458054184913635,
		0.011951470747590065,
		0.9997424483299255
	],
	"20. right_elbow": [
		0.5270928740501404,
		0.47322773933410645,
		0.0026175728999078274,
		0.9681664705276489
	],
	"21. right_wrist": [
		0.5313889980316162,
		0.5593941807746887,
		0.026825854554772377,
		0.7650958895683289
	],
	"24. nose": [
		0.4871569275856018,
		0.2789231538772583,
		0.16956296563148499,
		0.9998512268066406
	],
	"25. left_eye": [
		0.48125165700912476,
		0.26746904850006104,
		0.14768651127815247,
		0.9998776912689209
	],
	"26. right_eye": [
		0.4921824336051941,
		0.26702165603637695,
		0.14713154733181,
		0.9998494386672974
	],
	"27. left_ear": [
		0.47639861702919006,
		0.27460548281669617,
		0.05948079749941826,
		0.9998818635940552
	],
	"28. right_ear": [
		0.4956184923648834,
		0.2752346694469452,
		0.05641736462712288,
		0.9998791217803955
	],
	"time stamp": 29.969946478656652
}