{
	"1. left_hip": [
		0.46215447783470154,
		0.5524623990058899,
		-0.006124923471361399,
		0.9996569752693176
	],
	"2. left_knee": [
		0.47207075357437134,
		0.7194733619689941,
		0.024974778294563293,
		0.9948151707649231
	],
	"3. left_ankle": [
		0.47500577569007874,
		0.8592902421951294,
		0.0827721431851387,
		0.9898557066917419
	],
	"6. right_hip": [
		0.4990866184234619,
		0.5528424382209778,
		0.006180046126246452,
		0.9991890788078308
	],
	"7. right_knee": [
		0.4873390793800354,
		0.7209605574607849,
		0.043662093579769135,
		0.9885110855102539
	],
	"8. right_ankle": [
		0.48147621750831604,
		0.8588750958442688,
		0.10905836522579193,
		0.9868288040161133
	],
	"14. left_shoulder": [
		0.450764000415802,
		0.36510169506073,
		0.015788253396749496,
		0.9999188780784607
	],
	"15. left_elbow": [
		0.44255274534225464,
		0.4652208685874939,
		0.004539667163044214,
		0.9828637838363647
	],
	"16. left_wrist": [
		0.4363652169704437,
		0.5592358708381653,
		0.017262298613786697,
		0.8028489947319031
	],
	"19. right_shoulder": [
		0.5176863670349121,
		0.36545711755752563,
		0.0035022578667849302,
		0.9996562600135803
	],
	"20. right_elbow": [
		0.5265342593193054,
		0.47377413511276245,
		-0.0014974814839661121,
		0.9668081402778625
	],
	"21. right_wrist": [
		0.5312099456787109,
		0.559542715549469,
		0.030324887484312057,
		0.7480814456939697
	],
	"24. nose": [
		0.4883754849433899,
		0.2793388068675995,
		0.1836625635623932,
		0.9998164176940918
	],
	"25. left_eye": [
		0.4824160039424896,
		0.2674362361431122,
		0.15974211692810059,
		0.9998482465744019
	],
	"26. right_eye": [
		0.49327510595321655,
		0.2672969102859497,
		0.15792818367481232,
		0.9998005628585815
	],
	"27. left_ear": [
		0.4772505760192871,
		0.27457186579704285,
		0.06539972126483917,
		0.999858558177948
	],
	"28. right_ear": [
		0.49566763639450073,
		0.2755800187587738,
		0.05462043359875679,
		0.9998409152030945
	],
	"time stamp": 29.969946478656652
}