{
	"1. left_hip": [
		0.46059638261795044,
		0.552642285823822,
		0.0017653057584539056,
		0.9996821284294128
	],
	"2. left_knee": [
		0.4671408236026764,
		0.7203607559204102,
		0.02936522662639618,
		0.995594322681427
	],
	"3. left_ankle": [
		0.4701038897037506,
		0.8603150248527527,
		0.08420567214488983,
		0.9904331564903259
	],
	"6. right_hip": [
		0.5005444884300232,
		0.553088903427124,
		-0.0017372502479702234,
		0.999255359172821
	],
	"7. right_knee": [
		0.4914815425872803,
		0.7221790552139282,
		0.047904122620821,
		0.9901189208030701
	],
	"8. right_ankle": [
		0.48652011156082153,
		0.8610279560089111,
		0.10365980863571167,
		0.9875024557113647
	],
	"14. left_shoulder": [
		0.4498504102230072,
		0.36470887064933777,
		0.029765626415610313,
		0.9999274015426636
	],
	"15. left_elbow": [
		0.43990832567214966,
		0.46417415142059326,
		0.013962909579277039,
		0.9868068695068359
	],
	"16. left_wrist": [
		0.43434691429138184,
		0.5570558905601501,
		0.022311409935355186,
		0.8115550875663757
	],
	"19. right_shoulder": [
		0.5173918604850769,
		0.3640853464603424,
		0.00563355116173625,
		0.9996885657310486
	],
	"20. right_elbow": [
		0.5257591009140015,
		0.4723450243473053,
		0.010445025749504566,
		0.9742453098297119
	],
	"21. right_wrist": [
		0.531119167804718,
		0.5583239793777466,
		0.06083621829748154,
		0.7456501126289368
	],
	"24. nose": [
		0.4886016249656677,
		0.279224157333374,
		0.1875619739294052,
		0.9998489618301392
	],
	"25. left_eye": [
		0.48212823271751404,
		0.26726385951042175,
		0.164688840508461,
		0.9998798966407776
	],
	"26. right_eye": [
		0.49361085891723633,
		0.2672414779663086,
		0.16263046860694885,
		0.99984210729599
	],
	"27. left_ear": [
		0.4767496585845947,
		0.2740907371044159,
		0.07450497895479202,
		0.9998891353607178
	],
	"28. right_ear": [
		0.4956720471382141,
		0.27544474601745605,
		0.06390739977359772,
		0.999878466129303
	],
	"time stamp": 29.969946478656652
}