{
	"1. left_hip": [
		0.45903855562210083,
		0.5524644255638123,
		-0.002663328777998686,
		0.9996738433837891
	],
	"2. left_knee": [
		0.46279269456863403,
		0.7202761173248291,
		0.02452138066291809,
		0.9964367747306824
	],
	"3. left_ankle": [
		0.4661739468574524,
		0.8623153567314148,
		0.06421812623739243,
		0.9906510710716248
	],
	"6. right_hip": [
		0.5010349750518799,
		0.552918553352356,
		0.002595932688564062,
		0.9992837905883789
	],
	"7. right_knee": [
		0.4944607615470886,
		0.7221522927284241,
		0.04975183680653572,
		0.9911476969718933
	],
	"8. right_ankle": [
		0.4907382130622864,
		0.8645830154418945,
		0.10155606269836426,
		0.9871290326118469
	],
	"14. left_shoulder": [
		0.4476776123046875,
		0.3631857633590698,
		0.0253328587859869,
		0.9999310970306396
	],
	"15. left_elbow": [
		0.4357120394706726,
		0.4632977843284607,
		0.01179042924195528,
		0.9889634847640991
	],
	"16. left_wrist": [
		0.43037310242652893,
		0.557124674320221,
		0.021142754703760147,
		0.8129560947418213
	],
	"19. right_shoulder": [
		0.5149237513542175,
		0.3620268404483795,
		0.018218718469142914,
		0.9997442364692688
	],
	"20. right_elbow": [
		0.5231924653053284,
		0.4713553488254547,
		0.017949644476175308,
		0.9786552786827087
	],
	"21. right_wrist": [
		0.5313458442687988,
		0.5561795234680176,
		0.05865582078695297,
		0.7468042969703674
	],
	"24. nose": [
		0.48548775911331177,
		0.2789267301559448,
		0.18659314513206482,
		0.9998746514320374
	],
	"25. left_eye": [
		0.4784790873527527,
		0.2671717405319214,
		0.16400876641273499,
		0.9999011158943176
	],
	"26. right_eye": [
		0.491485059261322,
		0.2671298682689667,
		0.16241797804832458,
		0.9998733997344971
	],
	"27. left_ear": [
		0.4727674424648285,
		0.2737129032611847,
		0.07692442834377289,
		0.999907910823822
	],
	"28. right_ear": [
		0.4947199821472168,
		0.2751564681529999,
		0.06798349320888519,
		0.9999047517776489
	],
	"time stamp": 29.969946478656652
}