{
	"1. left_hip": [
		0.4568897783756256,
		0.551740288734436,
		-0.01150369830429554,
		0.9996601939201355
	],
	"2. left_knee": [
		0.46131187677383423,
		0.72074955701828,
		0.001381585723720491,
		0.9973512887954712
	],
	"3. left_ankle": [
		0.4641929566860199,
		0.8681095838546753,
		0.027677197009325027,
		0.9915149807929993
	],
	"6. right_hip": [
		0.49962320923805237,
		0.552832305431366,
		0.011443166062235832,
		0.9992855191230774
	],
	"7. right_knee": [
		0.4945618510246277,
		0.7223253846168518,
		0.053288258612155914,
		0.9926654100418091
	],
	"8. right_ankle": [
		0.49174755811691284,
		0.8661085963249207,
		0.08905448764562607,
		0.9873031973838806
	],
	"14. left_shoulder": [
		0.44597333669662476,
		0.36223509907722473,
		0.023290032520890236,
		0.9999346733093262
	],
	"15. left_elbow": [
		0.43203839659690857,
		0.4613562226295471,
		0.017344200983643532,
		0.9907134175300598
	],
	"16. left_wrist": [
		0.42571672797203064,
		0.5553742051124573,
		0.03446125239133835,
		0.8014929294586182
	],
	"19. right_shoulder": [
		0.5122259855270386,
		0.3626902401447296,
		0.029904264956712723,
		0.9998073577880859
	],
	"20. right_elbow": [
		0.522736132144928,
		0.47113358974456787,
		0.030098771676421165,
		0.9837983846664429
	],
	"21. right_wrist": [
		0.531479001045227,
		0.5582040548324585,
		0.0644502118229866,
		0.7705228924751282
	],
	"24. nose": [
		0.48203086853027344,
		0.2790687680244446,
		0.18505385518074036,
		0.9999048113822937
	],
	"25. left_eye": [
		0.4753364622592926,
		0.2673499584197998,
		0.16289202868938446,
		0.999923825263977
	],
	"26. right_eye": [
		0.4879671633243561,
		0.26732879877090454,
		0.16234442591667175,
		0.9999073147773743
	],
	"27. left_ear": [
		0.46974292397499084,
		0.27358582615852356,
		0.07976190745830536,
		0.9999274611473083
	],
	"28. right_ear": [
		0.49151912331581116,
		0.27506786584854126,
		0.07478338479995728,
		0.9999294877052307
	],
	"time stamp": 29.969946478656652
}