{
	"1. left_hip": [
		0.4567391872406006,
		0.5514891147613525,
		-0.01605801098048687,
		0.9996514320373535
	],
	"2. left_knee": [
		0.46086588501930237,
		0.7217215895652771,
		-0.0050904033705592155,
		0.9975882768630981
	],
	"3. left_ankle": [
		0.46382150053977966,
		0.8696883320808411,
		0.021030627191066742,
		0.9916462302207947
	],
	"6. right_hip": [
		0.49924659729003906,
		0.5528227090835571,
		0.01601298153400421,
		0.9992529153823853
	],
	"7. right_knee": [
		0.49391230940818787,
		0.7228643894195557,
		0.05604005977511406,
		0.9930027723312378
	],
	"8. right_ankle": [
		0.4916815161705017,
		0.8665980100631714,
		0.08686313033103943,
		0.9869250059127808
	],
	"14. left_shoulder": [
		0.4449829161167145,
		0.36190250515937805,
		0.020210344344377518,
		0.9999358057975769
	],
	"15. left_elbow": [
		0.4315710961818695,
		0.4613230526447296,
		0.015699949115514755,
		0.9912474751472473
	],
	"16. left_wrist": [
		0.4245677888393402,
		0.5549411773681641,
		0.036551784723997116,
		0.8019310235977173
	],
	"19. right_shoulder": [
		0.5121768116950989,
		0.3631739616394043,
		0.03806258738040924,
		0.999819815158844
	],
	"20. right_elbow": [
		0.5223503708839417,
		0.47093141078948975,
		0.033399924635887146,
		0.9851399064064026
	],
	"21. right_wrist": [
		0.5304662585258484,
		0.5608764290809631,
		0.058846186846494675,
		0.775958776473999
	],
	"24. nose": [
		0.47893065214157104,
		0.2789950370788574,
		0.1881207674741745,
		0.999912440776825
	],
	"25. left_eye": [
		0.47284674644470215,
		0.267365425825119,
		0.16522780060768127,
		0.9999295473098755
	],
	"26. right_eye": [
		0.48521360754966736,
		0.2672300338745117,
		0.16589628159999847,
		0.9999159574508667
	],
	"27. left_ear": [
		0.46794575452804565,
		0.2734699845314026,
		0.07931647449731827,
		0.9999327063560486
	],
	"28. right_ear": [
		0.48988160490989685,
		0.2744867205619812,
		0.07915467768907547,
		0.9999350309371948
	],
	"time stamp": 29.969946478656652
}