{
	"1. left_hip": [
		0.45626622438430786,
		0.5509824752807617,
		-0.014650359749794006,
		0.9996464848518372
	],
	"2. left_knee": [
		0.4607866704463959,
		0.7223016619682312,
		-0.006621718406677246,
		0.9977726340293884
	],
	"3. left_ankle": [
		0.46369242668151855,
		0.8701462745666504,
		0.015825757756829262,
		0.9916027784347534
	],
	"6. right_hip": [
		0.4984932839870453,
		0.552570641040802,
		0.014595968648791313,
		0.9992185235023499
	],
	"7. right_knee": [
		0.49319419264793396,
		0.7232457399368286,
		0.054704636335372925,
		0.9933395385742188
	],
	"8. right_ankle": [
		0.4922422468662262,
		0.8664942979812622,
		0.08129312098026276,
		0.9860710501670837
	],
	"14. left_shoulder": [
		0.4440329670906067,
		0.3618578612804413,
		0.024628199636936188,
		0.9999381303787231
	],
	"15. left_elbow": [
		0.43105974793434143,
		0.46132025122642517,
		0.019100040197372437,
		0.9918445944786072
	],
	"16. left_wrist": [
		0.42400509119033813,
		0.5546905994415283,
		0.04218816012144089,
		0.7951871156692505
	],
	"19. right_shoulder": [
		0.5114538669586182,
		0.3631910979747772,
		0.04011515900492668,
		0.9998317956924438
	],
	"20. right_elbow": [
		0.521499752998352,
		0.4698973000049591,
		0.035529620945453644,
		0.9867716431617737
	],
	"21. right_wrist": [
		0.5293216109275818,
		0.561116635799408,
		0.06178662180900574,
		0.7733983993530273
	],
	"24. nose": [
		0.47755590081214905,
		0.278886616230011,
		0.1956051141023636,
		0.9999209046363831
	],
	"25. left_eye": [
		0.4715345501899719,
		0.2674590051174164,
		0.17260530591011047,
		0.9999364018440247
	],
	"26. right_eye": [
		0.48370328545570374,
		0.26713207364082336,
		0.17298127710819244,
		0.9999257922172546
	],
	"27. left_ear": [
		0.46653589606285095,
		0.2734501361846924,
		0.08384360373020172,
		0.9999393820762634
	],
	"28. right_ear": [
		0.4886510968208313,
		0.27400606870651245,
		0.08430647104978561,
		0.9999412894248962
	],
	"time stamp": 29.969946478656652
}