{
	"1. left_hip": [
		0.4558320641517639,
		0.5512713193893433,
		-0.013725096359848976,
		0.9996585845947266
	],
	"2. left_knee": [
		0.4611581861972809,
		0.7216765284538269,
		-0.001704104826785624,
		0.998008131980896
	],
	"3. left_ankle": [
		0.4635249078273773,
		0.8701577186584473,
		0.02352931909263134,
		0.9920028448104858
	],
	"6. right_hip": [
		0.49745187163352966,
		0.5525438785552979,
		0.013632262125611305,
		0.9992098212242126
	],
	"7. right_knee": [
		0.49364155530929565,
		0.7232277989387512,
		0.05162573605775833,
		0.9943654537200928
	],
	"8. right_ankle": [
		0.49424976110458374,
		0.8668496608734131,
		0.08045756071805954,
		0.9866052865982056
	],
	"14. left_shoulder": [
		0.44373106956481934,
		0.36222219467163086,
		0.030433226376771927,
		0.999946653842926
	],
	"15. left_elbow": [
		0.4309396743774414,
		0.4612742066383362,
		0.02254544384777546,
		0.9934685230255127
	],
	"16. left_wrist": [
		0.4199817180633545,
		0.5566219091415405,
		0.04308050125837326,
		0.834398627281189
	],
	"19. right_shoulder": [
		0.5106768012046814,
		0.3625114858150482,
		0.0505533330142498,
		0.9998482465744019
	],
	"20. right_elbow": [
		0.5218498706817627,
		0.4667072594165802,
		0.04062860086560249,
		0.9888447523117065
	],
	"21. right_wrist": [
		0.529517650604248,
		0.560214102268219,
		0.05289570242166519,
		0.7944404482841492
	],
	"24. nose": [
		0.47676199674606323,
		0.2781219780445099,
		0.20799624919891357,
		0.9999352097511292
	],
	"25. left_eye": [
		0.470756471157074,
		0.2674214541912079,
		0.1842944473028183,
		0.9999468922615051
	],
	"26. right_eye": [
		0.4828931391239166,
		0.2664961814880371,
		0.18556806445121765,
		0.9999391436576843
	],
	"27. left_ear": [
		0.4659149646759033,
		0.27336740493774414,
		0.09176761656999588,
		0.999949038028717
	],
	"28. right_ear": [
		0.48791223764419556,
		0.2733442783355713,
		0.09634280949831009,
		0.9999486207962036
	],
	"time stamp": 29.969946478656652
}