{
	"1. left_hip": [
		0.4510307312011719,
		0.5585514903068542,
		-0.008047202602028847,
		0.9996742606163025
	],
	"2. left_knee": [
		0.4664316773414612,
		0.7198644876480103,
		0.01692943647503853,
		0.9980064630508423
	],
	"3. left_ankle": [
		0.4669187664985657,
		0.8634912371635437,
		0.06614620983600616,
		0.9916738271713257
	],
	"6. right_hip": [
		0.49322348833084106,
		0.5558798313140869,
		0.007946199737489223,
		0.999244749546051
	],
	"7. right_knee": [
		0.4925435483455658,
		0.7208166122436523,
		0.05186187103390694,
		0.9945812225341797
	],
	"8. right_ankle": [
		0.49461108446121216,
		0.8651227355003357,
		0.10141615569591522,
		0.9872981905937195
	],
	"14. left_shoulder": [
		0.44086265563964844,
		0.36605751514434814,
		0.0083815548568964,
		0.9999462962150574
	],
	"15. left_elbow": [
		0.42732733488082886,
		0.46967095136642456,
		-0.008858720771968365,
		0.9949614405632019
	],
	"16. left_wrist": [
		0.40836867690086365,
		0.558021605014801,
		0.006592301186174154,
		0.8797253370285034
	],
	"19. right_shoulder": [
		0.5062060952186584,
		0.36695191264152527,
		0.01368756778538227,
		0.999834418296814
	],
	"20. right_elbow": [
		0.5225580930709839,
		0.4689175486564636,
		-0.017165930941700935,
		0.9893976449966431
	],
	"21. right_wrist": [
		0.5294123888015747,
		0.5586417317390442,
		-0.025905108079314232,
		0.8167922496795654
	],
	"24. nose": [
		0.47401970624923706,
		0.280798077583313,
		0.18271642923355103,
		0.9999478459358215
	],
	"25. left_eye": [
		0.46726173162460327,
		0.2710706889629364,
		0.15771092474460602,
		0.9999566078186035
	],
	"26. right_eye": [
		0.4799855649471283,
		0.26937729120254517,
		0.15880456566810608,
		0.9999505281448364
	],
	"27. left_ear": [
		0.46160703897476196,
		0.2764914929866791,
		0.06212539225816727,
		0.9999609589576721
	],
	"28. right_ear": [
		0.48526763916015625,
		0.27426400780677795,
		0.06568704545497894,
		0.9999569058418274
	],
	"time stamp": 29.969946478656652
}