{
	"1. left_hip": [
		0.44852137565612793,
		0.5653048753738403,
		-0.0023958105593919754,
		0.9996742606163025
	],
	"2. left_knee": [
		0.46666449308395386,
		0.7192960381507874,
		0.015014233067631721,
		0.9980601668357849
	],
	"3. left_ankle": [
		0.46089863777160645,
		0.8624374270439148,
		0.060194361954927444,
		0.9917477965354919
	],
	"6. right_hip": [
		0.48754554986953735,
		0.5617223381996155,
		0.0022248313762247562,
		0.9992600679397583
	],
	"7. right_knee": [
		0.49169397354125977,
		0.7207414507865906,
		0.04470382630825043,
		0.9948835372924805
	],
	"8. right_ankle": [
		0.49667930603027344,
		0.8654192686080933,
		0.08535940945148468,
		0.9879173040390015
	],
	"14. left_shoulder": [
		0.43777164816856384,
		0.36871421337127686,
		0.0161052867770195,
		0.9999451041221619
	],
	"15. left_elbow": [
		0.42223113775253296,
		0.46958231925964355,
		0.0018463929882273078,
		0.9951252937316895
	],
	"16. left_wrist": [
		0.4033801555633545,
		0.5566376447677612,
		0.01232608687132597,
		0.8886127471923828
	],
	"19. right_shoulder": [
		0.5035413503646851,
		0.3693004250526428,
		0.01366398949176073,
		0.9998313784599304
	],
	"20. right_elbow": [
		0.5222662687301636,
		0.4689817726612091,
		-0.009760746732354164,
		0.9897611737251282
	],
	"21. right_wrist": [
		0.5308083891868591,
		0.556824803352356,
		-0.010659510269761086,
		0.8266953229904175
	],
	"24. nose": [
		0.47298377752304077,
		0.2838100790977478,
		0.1831061989068985,
		0.9999503493309021
	],
	"25. left_eye": [
		0.46603164076805115,
		0.27342039346694946,
		0.15869870781898499,
		0.999958336353302
	],
	"26. right_eye": [
		0.47844958305358887,
		0.27185091376304626,
		0.15857301652431488,
		0.9999525547027588
	],
	"27. left_ear": [
		0.4598628878593445,
		0.2779775559902191,
		0.06657350063323975,
		0.999962568283081
	],
	"28. right_ear": [
		0.48336735367774963,
		0.27616846561431885,
		0.06507183611392975,
		0.999957799911499
	],
	"time stamp": 29.969946478656652
}