{
	"1. left_hip": [
		0.4470582902431488,
		0.5733219385147095,
		0.027610665187239647,
		0.9996709823608398
	],
	"2. left_knee": [
		0.4666175842285156,
		0.7189905047416687,
		0.04643792286515236,
		0.9979122877120972
	],
	"3. left_ankle": [
		0.4508345127105713,
		0.8561172485351562,
		0.07409980893135071,
		0.991310715675354
	],
	"6. right_hip": [
		0.4813667833805084,
		0.5682489275932312,
		-0.027863938361406326,
		0.9992831945419312
	],
	"7. right_knee": [
		0.48910394310951233,
		0.7207909226417542,
		0.008830481208860874,
		0.9951683878898621
	],
	"8. right_ankle": [
		0.49679532647132874,
		0.8645834922790527,
		0.030429136008024216,
		0.9886899590492249
	],
	"14. left_shoulder": [
		0.43482890725135803,
		0.3745883107185364,
		0.03521430864930153,
		0.9999403357505798
	],
	"15. left_elbow": [
		0.4169608950614929,
		0.4711165130138397,
		0.02651023305952549,
		0.9947155117988586
	],
	"16. left_wrist": [
		0.3967970311641693,
		0.5517602562904358,
		0.02161240018904209,
		0.8943848013877869
	],
	"19. right_shoulder": [
		0.49921536445617676,
		0.3740523159503937,
		-0.031050974503159523,
		0.9998298287391663
	],
	"20. right_elbow": [
		0.5179446935653687,
		0.4687107503414154,
		-0.055822014808654785,
		0.9900694489479065
	],
	"21. right_wrist": [
		0.5312548279762268,
		0.5522722005844116,
		-0.046733446419239044,
		0.8371114134788513
	],
	"24. nose": [
		0.4714607298374176,
		0.28716030716896057,
		0.1629302203655243,
		0.9999496936798096
	],
	"25. left_eye": [
		0.46422940492630005,
		0.27615827322006226,
		0.14117777347564697,
		0.9999576210975647
	],
	"26. right_eye": [
		0.4762732982635498,
		0.2746730446815491,
		0.13605153560638428,
		0.9999511241912842
	],
	"27. left_ear": [
		0.4579012989997864,
		0.2807537615299225,
		0.06103556603193283,
		0.9999611377716064
	],
	"28. right_ear": [
		0.4799647331237793,
		0.27851760387420654,
		0.03762110322713852,
		0.9999545216560364
	],
	"time stamp": 29.969946478656652
}