{
	"1. left_hip": [
		0.39232033491134644,
		0.5946835279464722,
		0.010599257424473763,
		0.9995560646057129
	],
	"2. left_knee": [
		0.4242641031742096,
		0.7164891362190247,
		-0.041166238486766815,
		0.8600009679794312
	],
	"3. left_ankle": [
		0.4424922466278076,
		0.8446387648582458,
		0.08938229829072952,
		0.9097856879234314
	],
	"6. right_hip": [
		0.3525790572166443,
		0.5882936120033264,
		-0.010645043104887009,
		0.999459981918335
	],
	"7. right_knee": [
		0.33912768959999084,
		0.730049729347229,
		-0.014818837866187096,
		0.9833300113677979
	],
	"8. right_ankle": [
		0.32660192251205444,
		0.8536087870597839,
		0.10195539891719818,
		0.9858576059341431
	],
	"14. left_shoulder": [
		0.41456228494644165,
		0.39950671792030334,
		-0.04263727739453316,
		0.9987249374389648
	],
	"15. left_elbow": [
		0.4069846272468567,
		0.3038331866264343,
		0.00010291198123013601,
		0.8507461547851562
	],
	"16. left_wrist": [
		0.36701786518096924,
		0.30957284569740295,
		0.12646856904029846,
		0.6718924045562744
	],
	"19. right_shoulder": [
		0.35958734154701233,
		0.40935057401657104,
		-0.08223818987607956,
		0.9990476965904236
	],
	"20. right_elbow": [
		0.37918606400489807,
		0.38625818490982056,
		-0.03635349124670029,
		0.94310063123703
	],
	"21. right_wrist": [
		0.41199010610580444,
		0.35864749550819397,
		0.06554590165615082,
		0.7405456900596619
	],
	"24. nose": [
		0.3737335503101349,
		0.3545904755592346,
		-0.23937055468559265,
		0.9998621344566345
	],
	"25. left_eye": [
		0.38184788823127747,
		0.3387361168861389,
		-0.22454535961151123,
		0.9997920989990234
	],
	"26. right_eye": [
		0.36922165751457214,
		0.3430006504058838,
		-0.22139354050159454,
		0.9998000264167786
	],
	"27. left_ear": [
		0.39437034726142883,
		0.34011462330818176,
		-0.13039617240428925,
		0.9997652173042297
	],
	"28. right_ear": [
		0.3690106272697449,
		0.3458133935928345,
		-0.1112803965806961,
		0.9998185634613037
	],
	"time stamp": 29.969946478656652
}