{
	"1. left_hip": [
		0.38806045055389404,
		0.5887871384620667,
		0.00024767714785411954,
		0.9996392726898193
	],
	"2. left_knee": [
		0.41857782006263733,
		0.7200329303741455,
		-0.05621429532766342,
		0.9063321948051453
	],
	"3. left_ankle": [
		0.44294872879981995,
		0.8437357544898987,
		0.05569286271929741,
		0.938631534576416
	],
	"6. right_hip": [
		0.3480273485183716,
		0.5852233171463013,
		-0.0002649715170264244,
		0.9995219707489014
	],
	"7. right_knee": [
		0.3357079327106476,
		0.7295308709144592,
		-0.014159549959003925,
		0.9872583150863647
	],
	"8. right_ankle": [
		0.32487431168556213,
		0.8526262044906616,
		0.1041392907500267,
		0.9882522821426392
	],
	"14. left_shoulder": [
		0.4073389172554016,
		0.40838703513145447,
		-0.0002491790510248393,
		0.999032199382782
	],
	"15. left_elbow": [
		0.40141573548316956,
		0.45216360688209534,
		-0.12001042068004608,
		0.8738434314727783
	],
	"16. left_wrist": [
		0.3692944347858429,
		0.4199751913547516,
		-0.24265709519386292,
		0.6852692365646362
	],
	"19. right_shoulder": [
		0.3490440845489502,
		0.415314257144928,
		0.024343203753232956,
		0.9990440011024475
	],
	"20. right_elbow": [
		0.34375491738319397,
		0.4765627980232239,
		-0.07160943001508713,
		0.8823502063751221
	],
	"21. right_wrist": [
		0.3611212372779846,
		0.49956464767456055,
		-0.21893465518951416,
		0.7230087518692017
	],
	"24. nose": [
		0.37011590600013733,
		0.3608318865299225,
		-0.1227743849158287,
		0.9998605847358704
	],
	"25. left_eye": [
		0.3783455491065979,
		0.3466280698776245,
		-0.11058790981769562,
		0.9998040199279785
	],
	"26. right_eye": [
		0.3655065894126892,
		0.34907832741737366,
		-0.10518305003643036,
		0.9997465014457703
	],
	"27. left_ear": [
		0.3892195224761963,
		0.34789931774139404,
		-0.028808478266000748,
		0.9997930526733398
	],
	"28. right_ear": [
		0.36463457345962524,
		0.3511185050010681,
		-0.001963919261470437,
		0.999665379524231
	],
	"time stamp": 29.969946478656652
}