{
	"1. left_hip": [
		0.39010995626449585,
		0.5833212733268738,
		0.00653423648327589,
		0.9997239112854004
	],
	"2. left_knee": [
		0.42249903082847595,
		0.7131022214889526,
		-0.047459930181503296,
		0.9308997392654419
	],
	"3. left_ankle": [
		0.44677552580833435,
		0.8418592810630798,
		0.07195912301540375,
		0.953913152217865
	],
	"6. right_hip": [
		0.3526545763015747,
		0.5790106654167175,
		-0.006685984320938587,
		0.9996317625045776
	],
	"7. right_knee": [
		0.33743590116500854,
		0.7273246049880981,
		-0.020505167543888092,
		0.9888570308685303
	],
	"8. right_ankle": [
		0.32473188638687134,
		0.8519783020019531,
		0.08375000953674316,
		0.989740252494812
	],
	"14. left_shoulder": [
		0.40701824426651,
		0.400418758392334,
		-0.02952679991722107,
		0.99922776222229
	],
	"15. left_elbow": [
		0.40295958518981934,
		0.2975195050239563,
		-0.018300868570804596,
		0.9026507139205933
	],
	"16. left_wrist": [
		0.3685277998447418,
		0.26914411783218384,
		0.07635559886693954,
		0.7500196099281311
	],
	"19. right_shoulder": [
		0.3528522849082947,
		0.4005669355392456,
		-0.03905608877539635,
		0.9992558360099792
	],
	"20. right_elbow": [
		0.33575379848480225,
		0.42430877685546875,
		-0.17228135466575623,
		0.8925397396087646
	],
	"21. right_wrist": [
		0.33910447359085083,
		0.4308989346027374,
		-0.34717243909835815,
		0.7632719278335571
	],
	"24. nose": [
		0.373930960893631,
		0.3576025366783142,
		-0.18461669981479645,
		0.999893069267273
	],
	"25. left_eye": [
		0.3814917504787445,
		0.3446875214576721,
		-0.17255935072898865,
		0.9998478293418884
	],
	"26. right_eye": [
		0.36926648020744324,
		0.3468421995639801,
		-0.1690884679555893,
		0.999804675579071
	],
	"27. left_ear": [
		0.3902493119239807,
		0.3458823263645172,
		-0.08581243455410004,
		0.9998401999473572
	],
	"28. right_ear": [
		0.3673030734062195,
		0.3490093946456909,
		-0.07041099667549133,
		0.9997455477714539
	],
	"time stamp": 29.969946478656652
}