{
	"1. left_hip": [
		0.4142847955226898,
		0.5639118552207947,
		0.0009648465784266591,
		0.999679446220398
	],
	"2. left_knee": [
		0.4376808702945709,
		0.709659993648529,
		0.010718605481088161,
		0.960434079170227
	],
	"3. left_ankle": [
		0.44249337911605835,
		0.8485944867134094,
		0.13929298520088196,
		0.9727650880813599
	],
	"6. right_hip": [
		0.3796002268791199,
		0.5702008008956909,
		-0.0011311527341604233,
		0.999694287776947
	],
	"7. right_knee": [
		0.35013532638549805,
		0.7171341180801392,
		-0.003278823569417,
		0.9891929030418396
	],
	"8. right_ankle": [
		0.329708993434906,
		0.8503944277763367,
		0.11904700845479965,
		0.9908903241157532
	],
	"14. left_shoulder": [
		0.414167582988739,
		0.37834930419921875,
		-0.0345938578248024,
		0.998152494430542
	],
	"15. left_elbow": [
		0.4386082589626312,
		0.2970237731933594,
		-0.04543871060013771,
		0.9314090013504028
	],
	"16. left_wrist": [
		0.4191610813140869,
		0.23435427248477936,
		-0.06017190217971802,
		0.8068076372146606
	],
	"19. right_shoulder": [
		0.36607813835144043,
		0.3665241301059723,
		-0.12802469730377197,
		0.9992826581001282
	],
	"20. right_elbow": [
		0.37450286746025085,
		0.2773878276348114,
		-0.1531253457069397,
		0.94217449426651
	],
	"21. right_wrist": [
		0.4017806649208069,
		0.2094743251800537,
		-0.12655285000801086,
		0.8636934757232666
	],
	"24. nose": [
		0.39468955993652344,
		0.3294944763183594,
		-0.23576393723487854,
		0.9999182224273682
	],
	"25. left_eye": [
		0.40236830711364746,
		0.3232232928276062,
		-0.21576550602912903,
		0.9998288750648499
	],
	"26. right_eye": [
		0.39232656359672546,
		0.31627440452575684,
		-0.22800421714782715,
		0.9998520612716675
	],
	"27. left_ear": [
		0.40699443221092224,
		0.3253033459186554,
		-0.1076265200972557,
		0.9998199343681335
	],
	"28. right_ear": [
		0.38888704776763916,
		0.31760987639427185,
		-0.16108112037181854,
		0.999844491481781
	],
	"time stamp": 29.969946478656652
}