{
	"1. left_hip": [
		0.4243355691432953,
		0.6006886959075928,
		-0.008564026094973087,
		0.999273419380188
	],
	"2. left_knee": [
		0.4394284784793854,
		0.7351943254470825,
		-0.003969530109316111,
		0.9763470888137817
	],
	"3. left_ankle": [
		0.45259109139442444,
		0.8522698283195496,
		0.11214777082204819,
		0.9816151261329651
	],
	"6. right_hip": [
		0.385753333568573,
		0.609635055065155,
		0.008545956574380398,
		0.9995617866516113
	],
	"7. right_knee": [
		0.35173705220222473,
		0.7292755246162415,
		0.0014427518472075462,
		0.9920153021812439
	],
	"8. right_ankle": [
		0.33343616127967834,
		0.8512868285179138,
		0.12487874180078506,
		0.9934620261192322
	],
	"14. left_shoulder": [
		0.4228895306587219,
		0.41803550720214844,
		-0.05787091702222824,
		0.9929178953170776
	],
	"15. left_elbow": [
		0.44909366965293884,
		0.3530242443084717,
		-0.033902253955602646,
		0.9400131106376648
	],
	"16. left_wrist": [
		0.4209159016609192,
		0.3261427879333496,
		0.04421743005514145,
		0.6805147528648376
	],
	"19. right_shoulder": [
		0.36830323934555054,
		0.4020152986049652,
		-0.07780323177576065,
		0.9983693361282349
	],
	"20. right_elbow": [
		0.3609277307987213,
		0.3000038266181946,
		-0.05542188137769699,
		0.966305136680603
	],
	"21. right_wrist": [
		0.40413665771484375,
		0.30715954303741455,
		0.0761086642742157,
		0.8012112379074097
	],
	"24. nose": [
		0.40224823355674744,
		0.34409329295158386,
		-0.2205321043729782,
		0.9997543096542358
	],
	"25. left_eye": [
		0.41010746359825134,
		0.3446049392223358,
		-0.2049238681793213,
		0.9992303848266602
	],
	"26. right_eye": [
		0.39801517128944397,
		0.33355316519737244,
		-0.20847709476947784,
		0.9995711445808411
	],
	"27. left_ear": [
		0.41515177488327026,
		0.35942572355270386,
		-0.10658304393291473,
		0.9990970492362976
	],
	"28. right_ear": [
		0.39163175225257874,
		0.3408645987510681,
		-0.12875337898731232,
		0.999713122844696
	],
	"time stamp": 29.969946478656652
}