{
	"1. left_hip": [
		0.4239966869354248,
		0.6089518070220947,
		-0.0126464469358325,
		0.9993473887443542
	],
	"2. left_knee": [
		0.43920832872390747,
		0.7393761277198792,
		-0.012502023950219154,
		0.9792611598968506
	],
	"3. left_ankle": [
		0.4522275924682617,
		0.8525212407112122,
		0.08974973857402802,
		0.9841550588607788
	],
	"6. right_hip": [
		0.38566023111343384,
		0.6173220276832581,
		0.012572797946631908,
		0.9996166229248047
	],
	"7. right_knee": [
		0.3513595461845398,
		0.7342720031738281,
		-0.03418821841478348,
		0.9928755164146423
	],
	"8. right_ankle": [
		0.333024799823761,
		0.8532087802886963,
		0.060016948729753494,
		0.9943404197692871
	],
	"14. left_shoulder": [
		0.4241394102573395,
		0.42812129855155945,
		-0.065374456346035,
		0.9939122200012207
	],
	"15. left_elbow": [
		0.4488687515258789,
		0.3534040153026581,
		-0.028562569990754128,
		0.9473700523376465
	],
	"16. left_wrist": [
		0.4196842610836029,
		0.36809006333351135,
		0.08333903551101685,
		0.6031584739685059
	],
	"19. right_shoulder": [
		0.3653443157672882,
		0.4204624593257904,
		-0.0650709718465805,
		0.9984807968139648
	],
	"20. right_elbow": [
		0.3504106402397156,
		0.3287801742553711,
		-0.008944222703576088,
		0.968332052230835
	],
	"21. right_wrist": [
		0.3783050775527954,
		0.37105441093444824,
		0.137885183095932,
		0.6747310757637024
	],
	"24. nose": [
		0.39988595247268677,
		0.3497295379638672,
		-0.2048201560974121,
		0.9997918605804443
	],
	"25. left_eye": [
		0.40854310989379883,
		0.34750157594680786,
		-0.1982368379831314,
		0.9993511438369751
	],
	"26. right_eye": [
		0.39431649446487427,
		0.3420880138874054,
		-0.19009120762348175,
		0.9996342658996582
	],
	"27. left_ear": [
		0.41415849328041077,
		0.3627053201198578,
		-0.10728482156991959,
		0.9992547035217285
	],
	"28. right_ear": [
		0.38665905594825745,
		0.35375598073005676,
		-0.11173733323812485,
		0.9997598528862
	],
	"time stamp": 29.969946478656652
}