{
	"1. left_hip": [
		0.42319831252098083,
		0.6146243810653687,
		-0.011549701914191246,
		0.9993821382522583
	],
	"2. left_knee": [
		0.4393821358680725,
		0.7413471937179565,
		-0.04230546951293945,
		0.980666995048523
	],
	"3. left_ankle": [
		0.45216140151023865,
		0.8523839116096497,
		0.05335347726941109,
		0.9853987097740173
	],
	"6. right_hip": [
		0.3855638802051544,
		0.6221957802772522,
		0.01148025318980217,
		0.9996437430381775
	],
	"7. right_knee": [
		0.3499138355255127,
		0.7377652525901794,
		-0.08404625207185745,
		0.9934358596801758
	],
	"8. right_ankle": [
		0.33205536007881165,
		0.8549790978431702,
		0.019074495881795883,
		0.9947875142097473
	],
	"14. left_shoulder": [
		0.42430901527404785,
		0.43018975853919983,
		-0.07840621471405029,
		0.9943990111351013
	],
	"15. left_elbow": [
		0.4485453963279724,
		0.3540792763233185,
		-0.05190325900912285,
		0.9511925578117371
	],
	"16. left_wrist": [
		0.4191467761993408,
		0.3796255886554718,
		0.04212050884962082,
		0.5733464956283569
	],
	"19. right_shoulder": [
		0.36353799700737,
		0.4270531237125397,
		-0.07056431472301483,
		0.9985796213150024
	],
	"20. right_elbow": [
		0.3435630202293396,
		0.3462700843811035,
		-0.01118040643632412,
		0.9699607491493225
	],
	"21. right_wrist": [
		0.37430673837661743,
		0.38317739963531494,
		0.12968410551548004,
		0.6224822998046875
	],
	"24. nose": [
		0.39760759472846985,
		0.35221704840660095,
		-0.2131163626909256,
		0.9998103380203247
	],
	"25. left_eye": [
		0.4048190116882324,
		0.34729209542274475,
		-0.20107713341712952,
		0.9994084239006042
	],
	"26. right_eye": [
		0.3910287022590637,
		0.3438125252723694,
		-0.1988011598587036,
		0.9996653199195862
	],
	"27. left_ear": [
		0.4121582508087158,
		0.3622604310512543,
		-0.12092357873916626,
		0.9993250966072083
	],
	"28. right_ear": [
		0.3833387494087219,
		0.3582458198070526,
		-0.11830367892980576,
		0.9997820258140564
	],
	"time stamp": 29.969946478656652
}