{
	"1. left_hip": [
		0.4168263077735901,
		0.6180007457733154,
		-0.0018299475777894258,
		0.9994839429855347
	],
	"2. left_knee": [
		0.439363569021225,
		0.7400197982788086,
		-0.05698559805750847,
		0.9851967692375183
	],
	"3. left_ankle": [
		0.4516836702823639,
		0.8495152592658997,
		0.06432139873504639,
		0.9891939163208008
	],
	"6. right_hip": [
		0.3759746253490448,
		0.6218637824058533,
		0.0016471525887027383,
		0.9997163414955139
	],
	"7. right_knee": [
		0.34709200263023376,
		0.749440610408783,
		-0.08483250439167023,
		0.9954071044921875
	],
	"8. right_ankle": [
		0.32423290610313416,
		0.8556102514266968,
		0.02311861887574196,
		0.9961703419685364
	],
	"14. left_shoulder": [
		0.4207989275455475,
		0.43017128109931946,
		-0.10646097362041473,
		0.99562668800354
	],
	"15. left_elbow": [
		0.4426611363887787,
		0.347968727350235,
		-0.11116842925548553,
		0.9621458053588867
	],
	"16. left_wrist": [
		0.407824844121933,
		0.38070058822631836,
		-0.057968877255916595,
		0.4852641820907593
	],
	"19. right_shoulder": [
		0.3581884503364563,
		0.43638259172439575,
		-0.1166103258728981,
		0.9988234639167786
	],
	"20. right_elbow": [
		0.32707923650741577,
		0.3645981252193451,
		-0.0852670818567276,
		0.978277862071991
	],
	"21. right_wrist": [
		0.36293691396713257,
		0.39200860261917114,
		0.04037543386220932,
		0.5159035921096802
	],
	"24. nose": [
		0.3871108889579773,
		0.35468214750289917,
		-0.24748516082763672,
		0.9998517632484436
	],
	"25. left_eye": [
		0.3930642008781433,
		0.3500900864601135,
		-0.23471537232398987,
		0.9995415806770325
	],
	"26. right_eye": [
		0.37952670454978943,
		0.34970325231552124,
		-0.23591312766075134,
		0.9997256398200989
	],
	"27. left_ear": [
		0.3999088406562805,
		0.36329206824302673,
		-0.15515980124473572,
		0.999509871006012
	],
	"28. right_ear": [
		0.37305134534835815,
		0.3651864230632782,
		-0.158909410238266,
		0.9998372197151184
	],
	"time stamp": 29.969946478656652
}