{
	"1. left_hip": [
		0.4005970358848572,
		0.6164601445198059,
		0.006899803876876831,
		0.9995599389076233
	],
	"2. left_knee": [
		0.4324663579463959,
		0.734533429145813,
		-0.03177482634782791,
		0.988381028175354
	],
	"3. left_ankle": [
		0.45131969451904297,
		0.8471251726150513,
		0.06941670179367065,
		0.991774320602417
	],
	"6. right_hip": [
		0.3606678247451782,
		0.6166695356369019,
		-0.007096834480762482,
		0.9996950626373291
	],
	"7. right_knee": [
		0.34341663122177124,
		0.7581896185874939,
		-0.024854348972439766,
		0.9964864253997803
	],
	"8. right_ankle": [
		0.32054710388183594,
		0.855259358882904,
		0.08335738629102707,
		0.9964823126792908
	],
	"14. left_shoulder": [
		0.409646213054657,
		0.4222869575023651,
		-0.05778667330741882,
		0.9968388676643372
	],
	"15. left_elbow": [
		0.4301440715789795,
		0.33776652812957764,
		-0.07469223439693451,
		0.9622666239738464
	],
	"16. left_wrist": [
		0.3932531476020813,
		0.3796791136264801,
		-0.017886675894260406,
		0.37422505021095276
	],
	"19. right_shoulder": [
		0.3509875237941742,
		0.4351189434528351,
		-0.08308165520429611,
		0.99899822473526
	],
	"20. right_elbow": [
		0.3146604299545288,
		0.3674747049808502,
		-0.08944230526685715,
		0.9843593239784241
	],
	"21. right_wrist": [
		0.35378506779670715,
		0.38999611139297485,
		0.0017038239166140556,
		0.4276626408100128
	],
	"24. nose": [
		0.37659499049186707,
		0.3580726087093353,
		-0.18408913910388947,
		0.9998705387115479
	],
	"25. left_eye": [
		0.3806193470954895,
		0.35016241669654846,
		-0.1738811880350113,
		0.999622106552124
	],
	"26. right_eye": [
		0.3685495853424072,
		0.3538194000720978,
		-0.17424143850803375,
		0.9997400641441345
	],
	"27. left_ear": [
		0.3880549967288971,
		0.36153340339660645,
		-0.10300681740045547,
		0.9996291399002075
	],
	"28. right_ear": [
		0.36134475469589233,
		0.37048137187957764,
		-0.10297354310750961,
		0.9998634457588196
	],
	"time stamp": 29.969946478656652
}