{
	"1. left_hip": [
		0.3842237889766693,
		0.6096874475479126,
		0.011556052602827549,
		0.999648928642273
	],
	"2. left_knee": [
		0.42155662178993225,
		0.7290950417518616,
		-0.009732730686664581,
		0.990090012550354
	],
	"3. left_ankle": [
		0.44934749603271484,
		0.8469429612159729,
		0.07478820532560349,
		0.9928119778633118
	],
	"6. right_hip": [
		0.34486904740333557,
		0.6026636362075806,
		-0.011898890137672424,
		0.9997448325157166
	],
	"7. right_knee": [
		0.33611762523651123,
		0.7512915730476379,
		-0.011540723964571953,
		0.9964681267738342
	],
	"8. right_ankle": [
		0.31957778334617615,
		0.8538139462471008,
		0.0965910479426384,
		0.9957524538040161
	],
	"14. left_shoulder": [
		0.40289512276649475,
		0.41173312067985535,
		-0.07603760063648224,
		0.9976596236228943
	],
	"15. left_elbow": [
		0.42939668893814087,
		0.3320560157299042,
		-0.14277766644954681,
		0.9703735113143921
	],
	"16. left_wrist": [
		0.3888204097747803,
		0.35904714465141296,
		-0.11228223145008087,
		0.4527236223220825
	],
	"19. right_shoulder": [
		0.34431809186935425,
		0.4313783049583435,
		-0.10430339723825455,
		0.999231219291687
	],
	"20. right_elbow": [
		0.3060780465602875,
		0.3871627449989319,
		-0.2700749933719635,
		0.9873754382133484
	],
	"21. right_wrist": [
		0.33894088864326477,
		0.38389045000076294,
		-0.3932027220726013,
		0.49469804763793945
	],
	"24. nose": [
		0.36473697423934937,
		0.35739514231681824,
		-0.21552185714244843,
		0.9999040961265564
	],
	"25. left_eye": [
		0.36808913946151733,
		0.34683895111083984,
		-0.20501399040222168,
		0.9997217655181885
	],
	"26. right_eye": [
		0.3559669554233551,
		0.3527967631816864,
		-0.20163202285766602,
		0.9998073577880859
	],
	"27. left_ear": [
		0.37360769510269165,
		0.34915927052497864,
		-0.12575417757034302,
		0.999728262424469
	],
	"28. right_ear": [
		0.3509133458137512,
		0.36893993616104126,
		-0.10995157063007355,
		0.9998990297317505
	],
	"time stamp": 29.969946478656652
}