{
	"1. left_hip": [
		0.3791479766368866,
		0.5968495607376099,
		0.028486479073762894,
		0.9997129440307617
	],
	"2. left_knee": [
		0.4184412956237793,
		0.7194412350654602,
		-0.022902365773916245,
		0.9912150502204895
	],
	"3. left_ankle": [
		0.4408109188079834,
		0.8472098708152771,
		0.04978375509381294,
		0.9934543371200562
	],
	"6. right_hip": [
		0.34180763363838196,
		0.5909590721130371,
		-0.028693025931715965,
		0.9997777342796326
	],
	"7. right_knee": [
		0.33398541808128357,
		0.7344916462898254,
		-0.02375280112028122,
		0.9961116313934326
	],
	"8. right_ankle": [
		0.32004597783088684,
		0.8538769483566284,
		0.05809299275279045,
		0.9957315921783447
	],
	"14. left_shoulder": [
		0.39553749561309814,
		0.402276873588562,
		-0.001065232907421887,
		0.9982619881629944
	],
	"15. left_elbow": [
		0.42483657598495483,
		0.36531803011894226,
		0.0034115880262106657,
		0.9759067893028259
	],
	"16. left_wrist": [
		0.38514894247055054,
		0.33813077211380005,
		0.06849685311317444,
		0.5757653713226318
	],
	"19. right_shoulder": [
		0.3410985767841339,
		0.4163489043712616,
		-0.07254855334758759,
		0.9994112253189087
	],
	"20. right_elbow": [
		0.313385933637619,
		0.4247145354747772,
		-0.215598464012146,
		0.9898533225059509
	],
	"21. right_wrist": [
		0.33525314927101135,
		0.37140601873397827,
		-0.32597166299819946,
		0.6147035956382751
	],
	"24. nose": [
		0.35784217715263367,
		0.35486099123954773,
		-0.19820967316627502,
		0.9999290108680725
	],
	"25. left_eye": [
		0.36157357692718506,
		0.3404466211795807,
		-0.1822708547115326,
		0.9997948408126831
	],
	"26. right_eye": [
		0.34978270530700684,
		0.3487458825111389,
		-0.18116523325443268,
		0.999857485294342
	],
	"27. left_ear": [
		0.3678097128868103,
		0.34080231189727783,
		-0.08685490489006042,
		0.9998006224632263
	],
	"28. right_ear": [
		0.34582066535949707,
		0.3587214946746826,
		-0.07942280918359756,
		0.9999250173568726
	],
	"time stamp": 29.969946478656652
}