{
	"1. left_hip": [
		0.40324148535728455,
		0.5878873467445374,
		0.004871374927461147,
		0.9997751712799072
	],
	"2. left_knee": [
		0.42159923911094666,
		0.7304498553276062,
		-0.014055388048291206,
		0.9941341280937195
	],
	"3. left_ankle": [
		0.43688637018203735,
		0.8455577492713928,
		0.11914674192667007,
		0.9944027066230774
	],
	"6. right_hip": [
		0.3649381697177887,
		0.5945943593978882,
		-0.004861416295170784,
		0.9997327923774719
	],
	"7. right_knee": [
		0.3364628255367279,
		0.7257171869277954,
		-0.032738618552684784,
		0.9961053133010864
	],
	"8. right_ankle": [
		0.31989091634750366,
		0.8505289554595947,
		0.0976102352142334,
		0.9960171580314636
	],
	"14. left_shoulder": [
		0.39532265067100525,
		0.40265020728111267,
		0.004855459555983543,
		0.9994215369224548
	],
	"15. left_elbow": [
		0.43124881386756897,
		0.46699121594429016,
		-0.024601707234978676,
		0.9800612330436707
	],
	"16. left_wrist": [
		0.4659821093082428,
		0.4396783113479614,
		-0.16140605509281158,
		0.8612737059593201
	],
	"19. right_shoulder": [
		0.3344850540161133,
		0.39911219477653503,
		-0.04766450077295303,
		0.99964439868927
	],
	"20. right_elbow": [
		0.32761797308921814,
		0.48386693000793457,
		-0.1698649823665619,
		0.9725894927978516
	],
	"21. right_wrist": [
		0.3347601890563965,
		0.4058534502983093,
		-0.3490903973579407,
		0.8696277737617493
	],
	"24. nose": [
		0.3782864212989807,
		0.3234902620315552,
		-0.17226919531822205,
		0.9999744296073914
	],
	"25. left_eye": [
		0.3833935260772705,
		0.31836262345314026,
		-0.15350128710269928,
		0.9999290108680725
	],
	"26. right_eye": [
		0.372531920671463,
		0.3099558651447296,
		-0.1612047702074051,
		0.9999483227729797
	],
	"27. left_ear": [
		0.38415589928627014,
		0.3264962136745453,
		-0.05341377109289169,
		0.9999253153800964
	],
	"28. right_ear": [
		0.3637039065361023,
		0.3134555518627167,
		-0.09087507426738739,
		0.9999645948410034
	],
	"time stamp": 29.969946478656652
}