{
	"1. left_hip": [
		0.416032612323761,
		0.57257479429245,
		0.009960989467799664,
		0.9996064305305481
	],
	"2. left_knee": [
		0.4282759130001068,
		0.7164700627326965,
		-0.0032230746001005173,
		0.9934549331665039
	],
	"3. left_ankle": [
		0.43718844652175903,
		0.848484456539154,
		0.086893729865551,
		0.9935591816902161
	],
	"6. right_hip": [
		0.37655606865882874,
		0.5758752226829529,
		-0.010042671114206314,
		0.9996448159217834
	],
	"7. right_knee": [
		0.35590335726737976,
		0.7223747968673706,
		-0.03814421221613884,
		0.9947997331619263
	],
	"8. right_ankle": [
		0.33345720171928406,
		0.8425015807151794,
		0.0547330304980278,
		0.9949087500572205
	],
	"14. left_shoulder": [
		0.4239150881767273,
		0.39997974038124084,
		-0.013367809355258942,
		0.9997106194496155
	],
	"15. left_elbow": [
		0.46742868423461914,
		0.4209493398666382,
		-0.022030608728528023,
		0.989387035369873
	],
	"16. left_wrist": [
		0.5132439136505127,
		0.4164687991142273,
		-0.11841018497943878,
		0.9483979940414429
	],
	"19. right_shoulder": [
		0.3583083748817444,
		0.3912888467311859,
		-0.058609820902347565,
		0.9997361898422241
	],
	"20. right_elbow": [
		0.32144901156425476,
		0.426101416349411,
		-0.16696223616600037,
		0.9868477582931519
	],
	"21. right_wrist": [
		0.3204456567764282,
		0.4002707600593567,
		-0.35616594552993774,
		0.950504720211029
	],
	"24. nose": [
		0.39426714181900024,
		0.32665398716926575,
		-0.18826958537101746,
		0.999986469745636
	],
	"25. left_eye": [
		0.39921537041664124,
		0.3157791197299957,
		-0.17138415575027466,
		0.9999562501907349
	],
	"26. right_eye": [
		0.38730043172836304,
		0.316427081823349,
		-0.1728234738111496,
		0.9999725818634033
	],
	"27. left_ear": [
		0.4025174677371979,
		0.32446667551994324,
		-0.08004437386989594,
		0.9999350905418396
	],
	"28. right_ear": [
		0.3795289993286133,
		0.3274906873703003,
		-0.08795690536499023,
		0.9999713897705078
	],
	"time stamp": 29.969946478656652
}