{
	"1. left_hip": [
		0.39634519815444946,
		0.5726597309112549,
		0.027806302532553673,
		0.9996464848518372
	],
	"2. left_knee": [
		0.42916879057884216,
		0.7121650576591492,
		0.007765135727822781,
		0.9925509691238403
	],
	"3. left_ankle": [
		0.4343591630458832,
		0.8437003493309021,
		0.10649945586919785,
		0.9932804107666016
	],
	"6. right_hip": [
		0.35780787467956543,
		0.5720409750938416,
		-0.027917465195059776,
		0.9996194243431091
	],
	"7. right_knee": [
		0.3581860661506653,
		0.724995493888855,
		-0.04666437208652496,
		0.9948811531066895
	],
	"8. right_ankle": [
		0.33732080459594727,
		0.8433423638343811,
		0.06730294227600098,
		0.9941016435623169
	],
	"14. left_shoulder": [
		0.42093902826309204,
		0.39491432905197144,
		0.010117373429238796,
		0.9997896552085876
	],
	"15. left_elbow": [
		0.46456336975097656,
		0.41421496868133545,
		0.009923918172717094,
		0.9919021725654602
	],
	"16. left_wrist": [
		0.5117402076721191,
		0.4085533618927002,
		-0.07707005739212036,
		0.9647350907325745
	],
	"19. right_shoulder": [
		0.3550189137458801,
		0.3887314200401306,
		-0.037308868020772934,
		0.9997618198394775
	],
	"20. right_elbow": [
		0.3165696859359741,
		0.42312178015708923,
		-0.12685124576091766,
		0.9887703657150269
	],
	"21. right_wrist": [
		0.2839546799659729,
		0.39482471346855164,
		-0.3150976300239563,
		0.9651289582252502
	],
	"24. nose": [
		0.38730037212371826,
		0.32150527834892273,
		-0.1660623848438263,
		0.99998939037323
	],
	"25. left_eye": [
		0.3939821720123291,
		0.3108859658241272,
		-0.15024623274803162,
		0.9999662041664124
	],
	"26. right_eye": [
		0.38080552220344543,
		0.3117959797382355,
		-0.15171414613723755,
		0.9999772906303406
	],
	"27. left_ear": [
		0.39990249276161194,
		0.31944870948791504,
		-0.05854529142379761,
		0.9999473094940186
	],
	"28. right_ear": [
		0.3755492568016052,
		0.32165780663490295,
		-0.0660129263997078,
		0.9999722242355347
	],
	"time stamp": 29.969946478656652
}