{
	"1. left_hip": [
		0.3825833797454834,
		0.5938451886177063,
		0.03138356655836105,
		0.9997134208679199
	],
	"2. left_knee": [
		0.43111300468444824,
		0.701758086681366,
		-0.06262942403554916,
		0.9914369583129883
	],
	"3. left_ankle": [
		0.4285069406032562,
		0.8418093323707581,
		0.03257487341761589,
		0.9925047159194946
	],
	"6. right_hip": [
		0.34353795647621155,
		0.5890077948570251,
		-0.031399428844451904,
		0.9996483325958252
	],
	"7. right_knee": [
		0.3495630621910095,
		0.7339957356452942,
		-0.04626148194074631,
		0.9949244260787964
	],
	"8. right_ankle": [
		0.33679524064064026,
		0.8468256592750549,
		0.09060607105493546,
		0.9933376312255859
	],
	"14. left_shoulder": [
		0.4163733124732971,
		0.4087214171886444,
		0.002337856451049447,
		0.9998337626457214
	],
	"15. left_elbow": [
		0.4633542597293854,
		0.4259398579597473,
		-0.027901986613869667,
		0.9935064315795898
	],
	"16. left_wrist": [
		0.5091713070869446,
		0.4113396108150482,
		-0.12626269459724426,
		0.97324538230896
	],
	"19. right_shoulder": [
		0.34593743085861206,
		0.3992154002189636,
		-0.03763402998447418,
		0.9997727274894714
	],
	"20. right_elbow": [
		0.30326032638549805,
		0.4279583692550659,
		-0.07953713834285736,
		0.9899787306785583
	],
	"21. right_wrist": [
		0.26245635747909546,
		0.40513861179351807,
		-0.20140907168388367,
		0.9720093607902527
	],
	"24. nose": [
		0.376705527305603,
		0.3371114432811737,
		-0.1664782464504242,
		0.9999902844429016
	],
	"25. left_eye": [
		0.38401156663894653,
		0.3232044279575348,
		-0.15275302529335022,
		0.9999707341194153
	],
	"26. right_eye": [
		0.37209218740463257,
		0.32660266757011414,
		-0.15052184462547302,
		0.999975323677063
	],
	"27. left_ear": [
		0.3922186493873596,
		0.32739517092704773,
		-0.06918070465326309,
		0.9999552965164185
	],
	"28. right_ear": [
		0.36849838495254517,
		0.3333466053009033,
		-0.061853744089603424,
		0.9999667406082153
	],
	"time stamp": 29.969946478656652
}