{
	"1. left_hip": [
		0.37259283661842346,
		0.6031164526939392,
		0.03465229272842407,
		0.9996625185012817
	],
	"2. left_knee": [
		0.42382097244262695,
		0.6997357606887817,
		-0.04760965332388878,
		0.9859600067138672
	],
	"3. left_ankle": [
		0.42636027932167053,
		0.8451972007751465,
		0.030908947810530663,
		0.9879285097122192
	],
	"6. right_hip": [
		0.3368377387523651,
		0.6019700169563293,
		-0.03464027866721153,
		0.9993754625320435
	],
	"7. right_knee": [
		0.3460037112236023,
		0.7406917214393616,
		-0.05969376116991043,
		0.9932125806808472
	],
	"8. right_ankle": [
		0.33713170886039734,
		0.84965980052948,
		0.07667715102434158,
		0.9860146641731262
	],
	"14. left_shoulder": [
		0.401925265789032,
		0.422615647315979,
		-0.039046358317136765,
		0.9998910427093506
	],
	"15. left_elbow": [
		0.45035919547080994,
		0.43788084387779236,
		-0.045418787747621536,
		0.996314525604248
	],
	"16. left_wrist": [
		0.49435749650001526,
		0.42035672068595886,
		-0.1430334895849228,
		0.9868541359901428
	],
	"19. right_shoulder": [
		0.33079302310943604,
		0.4203510284423828,
		-0.09861742705106735,
		0.9997778534889221
	],
	"20. right_elbow": [
		0.2810549736022949,
		0.42579206824302673,
		-0.08779987692832947,
		0.9939606189727783
	],
	"21. right_wrist": [
		0.2397303283214569,
		0.4137252867221832,
		-0.15920603275299072,
		0.9823434948921204
	],
	"24. nose": [
		0.36262258887290955,
		0.36345940828323364,
		-0.2276724874973297,
		0.9999762177467346
	],
	"25. left_eye": [
		0.3685549795627594,
		0.35054653882980347,
		-0.2148742377758026,
		0.9999390840530396
	],
	"26. right_eye": [
		0.35825464129447937,
		0.3524491786956787,
		-0.2164079248905182,
		0.9998984932899475
	],
	"27. left_ear": [
		0.3762608468532562,
		0.35292306542396545,
		-0.12859977781772614,
		0.9999073147773743
	],
	"28. right_ear": [
		0.35491904616355896,
		0.3556710481643677,
		-0.1329973340034485,
		0.9998733997344971
	],
	"time stamp": 29.969946478656652
}