{
	"1. left_hip": [
		0.3726344108581543,
		0.6025418043136597,
		0.03393962234258652,
		0.9996703267097473
	],
	"2. left_knee": [
		0.42336034774780273,
		0.6996766924858093,
		-0.044187236577272415,
		0.9858062863349915
	],
	"3. left_ankle": [
		0.4265107214450836,
		0.8451443314552307,
		0.03551996871829033,
		0.9878067374229431
	],
	"6. right_hip": [
		0.3370208442211151,
		0.6012929677963257,
		-0.03392792493104935,
		0.9993870854377747
	],
	"7. right_knee": [
		0.3454732298851013,
		0.7408500909805298,
		-0.05399931222200394,
		0.9931501746177673
	],
	"8. right_ankle": [
		0.33709898591041565,
		0.8493911623954773,
		0.09412635862827301,
		0.9853004217147827
	],
	"14. left_shoulder": [
		0.4024146497249603,
		0.41889652609825134,
		-0.035781435668468475,
		0.9999016523361206
	],
	"15. left_elbow": [
		0.44950923323631287,
		0.4487381875514984,
		-0.05414392426609993,
		0.9965578317642212
	],
	"16. left_wrist": [
		0.4901341497898102,
		0.41380539536476135,
		-0.1515689194202423,
		0.9883256554603577
	],
	"19. right_shoulder": [
		0.33124667406082153,
		0.42107149958610535,
		-0.07668014615774155,
		0.9997934699058533
	],
	"20. right_elbow": [
		0.2815101444721222,
		0.44179773330688477,
		-0.08828942477703094,
		0.9944550395011902
	],
	"21. right_wrist": [
		0.24060678482055664,
		0.41455742716789246,
		-0.17079752683639526,
		0.984036386013031
	],
	"24. nose": [
		0.3608323335647583,
		0.3620627224445343,
		-0.21316690742969513,
		0.9999755024909973
	],
	"25. left_eye": [
		0.36671721935272217,
		0.34928327798843384,
		-0.20257708430290222,
		0.9999380111694336
	],
	"26. right_eye": [
		0.3566264510154724,
		0.3510119318962097,
		-0.20074757933616638,
		0.999894917011261
	],
	"27. left_ear": [
		0.37554675340652466,
		0.35172274708747864,
		-0.12512394785881042,
		0.9999051690101624
	],
	"28. right_ear": [
		0.3543693423271179,
		0.35462918877601624,
		-0.11274614185094833,
		0.9998734593391418
	],
	"time stamp": 29.969946478656652
}