{
	"1. left_hip": [
		0.37431806325912476,
		0.5954936146736145,
		0.02945835329592228,
		0.9997738003730774
	],
	"2. left_knee": [
		0.42344775795936584,
		0.697869062423706,
		-0.053933285176754,
		0.9860512018203735
	],
	"3. left_ankle": [
		0.42681431770324707,
		0.8437179327011108,
		0.0294088926166296,
		0.9843311905860901
	],
	"6. right_hip": [
		0.3378077447414398,
		0.5950969457626343,
		-0.029488209635019302,
		0.9995342493057251
	],
	"7. right_knee": [
		0.3443984091281891,
		0.7368632555007935,
		-0.06301116198301315,
		0.9887027740478516
	],
	"8. right_ankle": [
		0.3367857336997986,
		0.8499361872673035,
		0.06288368254899979,
		0.9712516665458679
	],
	"14. left_shoulder": [
		0.3974226117134094,
		0.4093332886695862,
		0.0012753128539770842,
		0.999936580657959
	],
	"15. left_elbow": [
		0.43549585342407227,
		0.473832368850708,
		-0.05306728556752205,
		0.995599627494812
	],
	"16. left_wrist": [
		0.4628481864929199,
		0.41503381729125977,
		-0.18512699007987976,
		0.9914250373840332
	],
	"19. right_shoulder": [
		0.33089810609817505,
		0.4162767231464386,
		-0.03616473078727722,
		0.9998825192451477
	],
	"20. right_elbow": [
		0.294001966714859,
		0.4822399914264679,
		-0.11122088134288788,
		0.9946501851081848
	],
	"21. right_wrist": [
		0.27147528529167175,
		0.41018787026405334,
		-0.2722293734550476,
		0.9917142391204834
	],
	"24. nose": [
		0.3600604236125946,
		0.3518736660480499,
		-0.17781111598014832,
		0.99998539686203
	],
	"25. left_eye": [
		0.3668142557144165,
		0.3369353115558624,
		-0.1635911464691162,
		0.9999663829803467
	],
	"26. right_eye": [
		0.35501936078071594,
		0.3384515047073364,
		-0.16369345784187317,
		0.9999439120292664
	],
	"27. left_ear": [
		0.3745148777961731,
		0.3394959568977356,
		-0.07393907755613327,
		0.9999482035636902
	],
	"28. right_ear": [
		0.35135453939437866,
		0.3424379229545593,
		-0.0748189240694046,
		0.9999337792396545
	],
	"time stamp": 29.969946478656652
}