{
	"1. left_hip": [
		0.37495383620262146,
		0.5931367874145508,
		0.02947481907904148,
		0.9997687339782715
	],
	"2. left_knee": [
		0.4234854578971863,
		0.6978744268417358,
		-0.044114042073488235,
		0.985237181186676
	],
	"3. left_ankle": [
		0.4268549382686615,
		0.8436827063560486,
		0.03728365898132324,
		0.9836739301681519
	],
	"6. right_hip": [
		0.33832141757011414,
		0.5931272506713867,
		-0.029504338279366493,
		0.9995244145393372
	],
	"7. right_knee": [
		0.3444068133831024,
		0.7353498935699463,
		-0.06584496796131134,
		0.9883111715316772
	],
	"8. right_ankle": [
		0.33675384521484375,
		0.8499547243118286,
		0.04817989468574524,
		0.9709433913230896
	],
	"14. left_shoulder": [
		0.3974682092666626,
		0.4080841541290283,
		0.0023289970122277737,
		0.9999402165412903
	],
	"15. left_elbow": [
		0.43559855222702026,
		0.4735105335712433,
		-0.04565112665295601,
		0.9957748055458069
	],
	"16. left_wrist": [
		0.4635782241821289,
		0.41388291120529175,
		-0.17319738864898682,
		0.9919862151145935
	],
	"19. right_shoulder": [
		0.3309515118598938,
		0.41533219814300537,
		-0.03410037234425545,
		0.9998882412910461
	],
	"20. right_elbow": [
		0.2923780083656311,
		0.4779570996761322,
		-0.09885354340076447,
		0.994770884513855
	],
	"21. right_wrist": [
		0.2671072483062744,
		0.4063815176486969,
		-0.250925213098526,
		0.9922274351119995
	],
	"24. nose": [
		0.360066682100296,
		0.35000208020210266,
		-0.17557355761528015,
		0.9999861121177673
	],
	"25. left_eye": [
		0.36684733629226685,
		0.335268497467041,
		-0.16099925339221954,
		0.9999682903289795
	],
	"26. right_eye": [
		0.35501134395599365,
		0.33677494525909424,
		-0.16137023270130157,
		0.9999472498893738
	],
	"27. left_ear": [
		0.3744768798351288,
		0.3378186821937561,
		-0.0712885707616806,
		0.9999511241912842
	],
	"28. right_ear": [
		0.35145309567451477,
		0.3406354784965515,
		-0.07363393902778625,
		0.9999380111694336
	],
	"time stamp": 29.969946478656652
}