{
	"1. left_hip": [
		0.37930792570114136,
		0.5719864368438721,
		0.015571342781186104,
		0.999707043170929
	],
	"2. left_knee": [
		0.4197271764278412,
		0.698312520980835,
		-0.04102263227105141,
		0.9803802371025085
	],
	"3. left_ankle": [
		0.42604154348373413,
		0.843830943107605,
		0.0542176254093647,
		0.9808846116065979
	],
	"6. right_hip": [
		0.3414383828639984,
		0.5706024765968323,
		-0.015606085769832134,
		0.9994878768920898
	],
	"7. right_knee": [
		0.34320133924484253,
		0.7183297872543335,
		-0.0668516606092453,
		0.9864326119422913
	],
	"8. right_ankle": [
		0.3369637131690979,
		0.846370279788971,
		0.04676983505487442,
		0.9717632532119751
	],
	"14. left_shoulder": [
		0.3983960747718811,
		0.38696780800819397,
		-0.02595098875463009,
		0.9999381303787231
	],
	"15. left_elbow": [
		0.4314790368080139,
		0.4571869671344757,
		-0.11482413858175278,
		0.9955447316169739
	],
	"16. left_wrist": [
		0.4353979229927063,
		0.3866789937019348,
		-0.2957790195941925,
		0.9925981163978577
	],
	"19. right_shoulder": [
		0.33399832248687744,
		0.39407891035079956,
		-0.039706699550151825,
		0.9999089241027832
	],
	"20. right_elbow": [
		0.29850274324417114,
		0.4662427604198456,
		-0.125069260597229,
		0.9950491189956665
	],
	"21. right_wrist": [
		0.2976774573326111,
		0.39533868432044983,
		-0.3240072429180145,
		0.9940164089202881
	],
	"24. nose": [
		0.3619697093963623,
		0.3267398774623871,
		-0.20926956832408905,
		0.999988853931427
	],
	"25. left_eye": [
		0.3698895573616028,
		0.31388095021247864,
		-0.1961560994386673,
		0.9999753832817078
	],
	"26. right_eye": [
		0.35575738549232483,
		0.31338801980018616,
		-0.194614976644516,
		0.9999610781669617
	],
	"27. left_ear": [
		0.37661218643188477,
		0.3175749182701111,
		-0.10319944471120834,
		0.999961256980896
	],
	"28. right_ear": [
		0.35218721628189087,
		0.31746840476989746,
		-0.09862740337848663,
		0.9999556541442871
	],
	"time stamp": 29.969946478656652
}