{
	"1. left_hip": [
		0.3852221369743347,
		0.5723565220832825,
		0.01434576790779829,
		0.9996960163116455
	],
	"2. left_knee": [
		0.41544827818870544,
		0.7015513181686401,
		-0.02005118317902088,
		0.9800222516059875
	],
	"3. left_ankle": [
		0.42421889305114746,
		0.8447697758674622,
		0.06073269993066788,
		0.9810115098953247
	],
	"6. right_hip": [
		0.34701046347618103,
		0.5702123641967773,
		-0.01438827347010374,
		0.999503493309021
	],
	"7. right_knee": [
		0.345378577709198,
		0.7181304097175598,
		-0.03521287441253662,
		0.9865434169769287
	],
	"8. right_ankle": [
		0.33667901158332825,
		0.8455349206924438,
		0.05706638842821121,
		0.9734712243080139
	],
	"14. left_shoulder": [
		0.39946693181991577,
		0.38539937138557434,
		-0.02909197472035885,
		0.9999342560768127
	],
	"15. left_elbow": [
		0.4236370623111725,
		0.46065250039100647,
		-0.12402049452066422,
		0.9950597882270813
	],
	"16. left_wrist": [
		0.43215981125831604,
		0.3909366726875305,
		-0.30654415488243103,
		0.993402361869812
	],
	"19. right_shoulder": [
		0.337072491645813,
		0.3921939730644226,
		-0.04026518017053604,
		0.9999194741249084
	],
	"20. right_elbow": [
		0.3109961152076721,
		0.4729098081588745,
		-0.12655164301395416,
		0.9948159456253052
	],
	"21. right_wrist": [
		0.29933467507362366,
		0.3968066871166229,
		-0.3162679672241211,
		0.9948616623878479
	],
	"24. nose": [
		0.3665745258331299,
		0.3250602185726166,
		-0.20587798953056335,
		0.9999908208847046
	],
	"25. left_eye": [
		0.3741394877433777,
		0.3130391538143158,
		-0.19239571690559387,
		0.9999799728393555
	],
	"26. right_eye": [
		0.3603769838809967,
		0.31194454431533813,
		-0.19180049002170563,
		0.9999691843986511
	],
	"27. left_ear": [
		0.3794906735420227,
		0.3178407549858093,
		-0.09919532388448715,
		0.9999671578407288
	],
	"28. right_ear": [
		0.3546766936779022,
		0.31645888090133667,
		-0.09819282591342926,
		0.9999645352363586
	],
	"time stamp": 29.969946478656652
}