{
	"1. left_hip": [
		0.43019556999206543,
		0.5660635828971863,
		0.011921404860913754,
		0.9998232126235962
	],
	"2. left_knee": [
		0.45587196946144104,
		0.6978764533996582,
		-0.002752333879470825,
		0.9907410144805908
	],
	"3. left_ankle": [
		0.47789430618286133,
		0.8019373416900635,
		0.16164538264274597,
		0.9906511306762695
	],
	"6. right_hip": [
		0.39269113540649414,
		0.5687170028686523,
		-0.012042170390486717,
		0.9997252225875854
	],
	"7. right_knee": [
		0.36776402592658997,
		0.7135411500930786,
		-0.03642725571990013,
		0.9936974048614502
	],
	"8. right_ankle": [
		0.34143751859664917,
		0.8413934707641602,
		0.10102051496505737,
		0.9881982207298279
	],
	"14. left_shoulder": [
		0.4358727037906647,
		0.3882857859134674,
		-0.020357992500066757,
		0.999958872795105
	],
	"15. left_elbow": [
		0.44121766090393066,
		0.4794955849647522,
		0.010364041663706303,
		0.9777106642723083
	],
	"16. left_wrist": [
		0.45440801978111267,
		0.5447661280632019,
		-0.03334634006023407,
		0.9767585396766663
	],
	"19. right_shoulder": [
		0.3758930563926697,
		0.38861948251724243,
		-0.08152122050523758,
		0.9997514486312866
	],
	"20. right_elbow": [
		0.3683139979839325,
		0.4190349876880646,
		-0.21732743084430695,
		0.9881015419960022
	],
	"21. right_wrist": [
		0.3848962187767029,
		0.34315934777259827,
		-0.40883222222328186,
		0.9818702936172485
	],
	"24. nose": [
		0.40803956985473633,
		0.31560367345809937,
		-0.22659316658973694,
		0.9999955296516418
	],
	"25. left_eye": [
		0.41382163763046265,
		0.30522578954696655,
		-0.2121722251176834,
		0.999990701675415
	],
	"26. right_eye": [
		0.40073880553245544,
		0.3063235282897949,
		-0.21327956020832062,
		0.9999861717224121
	],
	"27. left_ear": [
		0.41818514466285706,
		0.31307128071784973,
		-0.09250357747077942,
		0.9999841451644897
	],
	"28. right_ear": [
		0.3947083055973053,
		0.3170795440673828,
		-0.13363327085971832,
		0.9999803304672241
	],
	"time stamp": 29.969946478656652
}