{
	"1. left_hip": [
		0.48443517088890076,
		0.5620204210281372,
		-0.007151974830776453,
		0.9997398853302002
	],
	"2. left_knee": [
		0.48705220222473145,
		0.7069268822669983,
		-0.007466914597898722,
		0.9931923151016235
	],
	"3. left_ankle": [
		0.488344669342041,
		0.8183724880218506,
		0.09852059185504913,
		0.9906968474388123
	],
	"6. right_hip": [
		0.4499973654747009,
		0.570635974407196,
		0.007157669402658939,
		0.9995585083961487
	],
	"7. right_knee": [
		0.46632012724876404,
		0.7092927098274231,
		0.009769877418875694,
		0.9897717833518982
	],
	"8. right_ankle": [
		0.48463740944862366,
		0.7939556837081909,
		0.14560972154140472,
		0.9726477861404419
	],
	"14. left_shoulder": [
		0.48813730478286743,
		0.39708688855171204,
		-0.07191090285778046,
		0.9997574090957642
	],
	"15. left_elbow": [
		0.5137966871261597,
		0.4687292277812958,
		-0.08829990029335022,
		0.9349628686904907
	],
	"16. left_wrist": [
		0.5430726408958435,
		0.5117745399475098,
		-0.22979363799095154,
		0.8154109716415405
	],
	"19. right_shoulder": [
		0.4205562174320221,
		0.4097905158996582,
		-0.06093277409672737,
		0.9987739324569702
	],
	"20. right_elbow": [
		0.3976677358150482,
		0.47243532538414,
		-0.05737627297639847,
		0.9251635670661926
	],
	"21. right_wrist": [
		0.37276700139045715,
		0.5078064799308777,
		-0.18892280757427216,
		0.7992652058601379
	],
	"24. nose": [
		0.45711198449134827,
		0.3248163163661957,
		-0.21555528044700623,
		0.9999445080757141
	],
	"25. left_eye": [
		0.4630069136619568,
		0.3175792992115021,
		-0.200170636177063,
		0.9999062418937683
	],
	"26. right_eye": [
		0.4521006643772125,
		0.3157338798046112,
		-0.2030089646577835,
		0.9998214840888977
	],
	"27. left_ear": [
		0.46787887811660767,
		0.3270256817340851,
		-0.11327795684337616,
		0.9998812079429626
	],
	"28. right_ear": [
		0.44587963819503784,
		0.3252655267715454,
		-0.12962359189987183,
		0.9996922612190247
	],
	"time stamp": 29.969946478656652
}