{
	"1. left_hip": [
		0.4842414855957031,
		0.5622891187667847,
		-0.009248411282896996,
		0.9997503161430359
	],
	"2. left_knee": [
		0.4877172112464905,
		0.7063371539115906,
		-0.019372129812836647,
		0.9928405284881592
	],
	"3. left_ankle": [
		0.4885805547237396,
		0.8183980584144592,
		0.07388719171285629,
		0.9897628426551819
	],
	"6. right_hip": [
		0.44939571619033813,
		0.5717563033103943,
		0.009257967583835125,
		0.9995725750923157
	],
	"7. right_knee": [
		0.4663788676261902,
		0.7091430425643921,
		0.012182677164673805,
		0.9879328608512878
	],
	"8. right_ankle": [
		0.4840991497039795,
		0.7963298559188843,
		0.1490468680858612,
		0.9672313928604126
	],
	"14. left_shoulder": [
		0.4881148934364319,
		0.40101662278175354,
		-0.06518562883138657,
		0.99978107213974
	],
	"15. left_elbow": [
		0.5134187936782837,
		0.4687659740447998,
		-0.07243070006370544,
		0.94077467918396
	],
	"16. left_wrist": [
		0.5454463958740234,
		0.5060080885887146,
		-0.20036666095256805,
		0.8331020474433899
	],
	"19. right_shoulder": [
		0.42132315039634705,
		0.4101424813270569,
		-0.04766722023487091,
		0.9988927245140076
	],
	"20. right_elbow": [
		0.3969157338142395,
		0.46831032633781433,
		-0.05457282066345215,
		0.9311060309410095
	],
	"21. right_wrist": [
		0.3701685070991516,
		0.5027220249176025,
		-0.1822199672460556,
		0.8183956146240234
	],
	"24. nose": [
		0.4570016860961914,
		0.32681798934936523,
		-0.1991507112979889,
		0.9999498128890991
	],
	"25. left_eye": [
		0.46314993500709534,
		0.31967437267303467,
		-0.18446984887123108,
		0.9999150037765503
	],
	"26. right_eye": [
		0.4526890814304352,
		0.3175228238105774,
		-0.18654607236385345,
		0.9998384118080139
	],
	"27. left_ear": [
		0.4681726396083832,
		0.32924917340278625,
		-0.10117564350366592,
		0.9998923540115356
	],
	"28. right_ear": [
		0.44675666093826294,
		0.3268275558948517,
		-0.11325148493051529,
		0.9997217059135437
	],
	"time stamp": 29.969946478656652
}