{
	"1. left_hip": [
		0.4893704950809479,
		0.5466782450675964,
		-0.020106041803956032,
		0.9997807145118713
	],
	"2. left_knee": [
		0.49513381719589233,
		0.688283383846283,
		-0.01956387795507908,
		0.9925886392593384
	],
	"3. left_ankle": [
		0.5003130435943604,
		0.8038225173950195,
		0.08120362460613251,
		0.9890424609184265
	],
	"6. right_hip": [
		0.45705920457839966,
		0.5584624409675598,
		0.020114874467253685,
		0.9996259212493896
	],
	"7. right_knee": [
		0.47227516770362854,
		0.6983351707458496,
		0.023893071338534355,
		0.9867331981658936
	],
	"8. right_ankle": [
		0.4875885546207428,
		0.8003540635108948,
		0.11866655200719833,
		0.967962384223938
	],
	"14. left_shoulder": [
		0.4893604815006256,
		0.38338881731033325,
		-0.01261851191520691,
		0.9998264908790588
	],
	"15. left_elbow": [
		0.5197795033454895,
		0.3604883551597595,
		-0.16502754390239716,
		0.9540169835090637
	],
	"16. left_wrist": [
		0.539689838886261,
		0.3095012307167053,
		-0.35559898614883423,
		0.8761234283447266
	],
	"19. right_shoulder": [
		0.43186911940574646,
		0.3872408866882324,
		0.023148540407419205,
		0.9991375207901001
	],
	"20. right_elbow": [
		0.3960963487625122,
		0.3738739490509033,
		-0.09082958847284317,
		0.9487132430076599
	],
	"21. right_wrist": [
		0.376404345035553,
		0.30584484338760376,
		-0.1968214213848114,
		0.8667103052139282
	],
	"24. nose": [
		0.4692833423614502,
		0.31853070855140686,
		-0.09805545955896378,
		0.999962329864502
	],
	"25. left_eye": [
		0.4747996926307678,
		0.311436265707016,
		-0.08204491436481476,
		0.9999361038208008
	],
	"26. right_eye": [
		0.4629177153110504,
		0.3089170753955841,
		-0.08078012615442276,
		0.9998793601989746
	],
	"27. left_ear": [
		0.4784407615661621,
		0.32147273421287537,
		-0.008366748690605164,
		0.9999198317527771
	],
	"28. right_ear": [
		0.45745810866355896,
		0.31804895401000977,
		-0.0014108720934018493,
		0.9997941255569458
	],
	"time stamp": 29.969946478656652
}