{
	"1. left_hip": [
		0.49064168334007263,
		0.547192394733429,
		-0.017235824838280678,
		0.9996557831764221
	],
	"2. left_knee": [
		0.48701047897338867,
		0.6858223676681519,
		-0.021172169595956802,
		0.9876669049263
	],
	"3. left_ankle": [
		0.48811760544776917,
		0.7974357008934021,
		0.08426983654499054,
		0.9845992922782898
	],
	"6. right_hip": [
		0.46963271498680115,
		0.5494034886360168,
		0.017245080322027206,
		0.9993637800216675
	],
	"7. right_knee": [
		0.4738805294036865,
		0.6853631138801575,
		0.019139554351568222,
		0.9820404648780823
	],
	"8. right_ankle": [
		0.48156481981277466,
		0.799248993396759,
		0.12176710367202759,
		0.968570351600647
	],
	"14. left_shoulder": [
		0.4999025762081146,
		0.3743893504142761,
		-0.01998581737279892,
		0.9990120530128479
	],
	"15. left_elbow": [
		0.4627034068107605,
		0.4124038815498352,
		-0.1305544376373291,
		0.8855445384979248
	],
	"16. left_wrist": [
		0.4471642076969147,
		0.3503788113594055,
		-0.14750362932682037,
		0.8691732287406921
	],
	"19. right_shoulder": [
		0.45320048928260803,
		0.38013938069343567,
		0.047950077801942825,
		0.9981865286827087
	],
	"20. right_elbow": [
		0.45096397399902344,
		0.4361942708492279,
		-0.04796893522143364,
		0.7675377726554871
	],
	"21. right_wrist": [
		0.4773552417755127,
		0.42253416776657104,
		-0.1584278643131256,
		0.7448646426200867
	],
	"24. nose": [
		0.46735042333602905,
		0.3241277039051056,
		-0.055843938142061234,
		0.9997527003288269
	],
	"25. left_eye": [
		0.4722767770290375,
		0.31131690740585327,
		-0.049940966069698334,
		0.9996816515922546
	],
	"26. right_eye": [
		0.46510300040245056,
		0.3181789815425873,
		-0.05152618885040283,
		0.9994866847991943
	],
	"27. left_ear": [
		0.48014387488365173,
		0.3122023046016693,
		0.01649715192615986,
		0.999670147895813
	],
	"28. right_ear": [
		0.46390074491500854,
		0.3221794664859772,
		0.023877548053860664,
		0.9992605447769165
	],
	"time stamp": 29.969946478656652
}