{
	"1. left_hip": [
		0.4943848252296448,
		0.5870210528373718,
		-0.00936892069876194,
		0.9996073246002197
	],
	"2. left_knee": [
		0.4951649308204651,
		0.7110370397567749,
		-0.004808367695659399,
		0.9876332879066467
	],
	"3. left_ankle": [
		0.4926183223724365,
		0.7946929335594177,
		0.1638348400592804,
		0.981561541557312
	],
	"6. right_hip": [
		0.46435070037841797,
		0.5883800387382507,
		0.009274506941437721,
		0.999315083026886
	],
	"7. right_knee": [
		0.4694390892982483,
		0.7116771936416626,
		0.02867385372519493,
		0.9836592674255371
	],
	"8. right_ankle": [
		0.4747326970100403,
		0.8035385012626648,
		0.17421910166740417,
		0.9710366129875183
	],
	"14. left_shoulder": [
		0.5069458484649658,
		0.4186691641807556,
		-0.06294192373752594,
		0.9988207817077637
	],
	"15. left_elbow": [
		0.541202187538147,
		0.42835426330566406,
		-0.16489748656749725,
		0.9168541431427002
	],
	"16. left_wrist": [
		0.5054498910903931,
		0.41228994727134705,
		-0.2651408314704895,
		0.8762241005897522
	],
	"19. right_shoulder": [
		0.44897931814193726,
		0.43626874685287476,
		-0.04551892355084419,
		0.9983394145965576
	],
	"20. right_elbow": [
		0.4289619028568268,
		0.5042590498924255,
		-0.12977395951747894,
		0.8502523303031921
	],
	"21. right_wrist": [
		0.4522706866264343,
		0.4621720612049103,
		-0.2572217285633087,
		0.8299950957298279
	],
	"24. nose": [
		0.46809571981430054,
		0.37874671816825867,
		-0.177208811044693,
		0.9992190003395081
	],
	"25. left_eye": [
		0.4730212688446045,
		0.3647421598434448,
		-0.168129563331604,
		0.9983154535293579
	],
	"26. right_eye": [
		0.46405643224716187,
		0.3710704743862152,
		-0.16293451189994812,
		0.998279869556427
	],
	"27. left_ear": [
		0.4805692136287689,
		0.3655511140823364,
		-0.10406197607517242,
		0.9980891346931458
	],
	"28. right_ear": [
		0.46196475625038147,
		0.3754597008228302,
		-0.07894086837768555,
		0.9978097677230835
	],
	"time stamp": 29.969946478656652
}