{
	"1. left_hip": [
		0.4974552094936371,
		0.5800856947898865,
		0.01042658369988203,
		0.9996466636657715
	],
	"2. left_knee": [
		0.5209091901779175,
		0.6856061816215515,
		-0.061515457928180695,
		0.9893828630447388
	],
	"3. left_ankle": [
		0.5064982771873474,
		0.7714663743972778,
		0.12369824945926666,
		0.9807517528533936
	],
	"6. right_hip": [
		0.46443986892700195,
		0.5827764868736267,
		-0.010571504011750221,
		0.9994333386421204
	],
	"7. right_knee": [
		0.46835431456565857,
		0.7102411985397339,
		-0.030894000083208084,
		0.9863826632499695
	],
	"8. right_ankle": [
		0.4725925326347351,
		0.8036028742790222,
		0.10010789334774017,
		0.9762482643127441
	],
	"14. left_shoulder": [
		0.5123022794723511,
		0.4169618785381317,
		-0.09171383082866669,
		0.9990817308425903
	],
	"15. left_elbow": [
		0.5574493408203125,
		0.4243013560771942,
		-0.20121176540851593,
		0.938913106918335
	],
	"16. left_wrist": [
		0.5366431474685669,
		0.3942600190639496,
		-0.32108020782470703,
		0.9071394205093384
	],
	"19. right_shoulder": [
		0.45308494567871094,
		0.4317830502986908,
		-0.10452817380428314,
		0.9987450242042542
	],
	"20. right_elbow": [
		0.42081117630004883,
		0.4391095042228699,
		-0.21777954697608948,
		0.8901040554046631
	],
	"21. right_wrist": [
		0.4223819375038147,
		0.3946492373943329,
		-0.35576146841049194,
		0.8742200136184692
	],
	"24. nose": [
		0.47462019324302673,
		0.3698805570602417,
		-0.22806088626384735,
		0.9994088411331177
	],
	"25. left_eye": [
		0.47815075516700745,
		0.3565221130847931,
		-0.21515579521656036,
		0.9987151622772217
	],
	"26. right_eye": [
		0.46770063042640686,
		0.3624934256076813,
		-0.21409733593463898,
		0.9986985921859741
	],
	"27. left_ear": [
		0.48451632261276245,
		0.3588316738605499,
		-0.13835065066814423,
		0.998553454875946
	],
	"28. right_ear": [
		0.46389222145080566,
		0.36932244896888733,
		-0.13269305229187012,
		0.9983556866645813
	],
	"time stamp": 29.969946478656652
}