{
	"1. left_hip": [
		0.5033122301101685,
		0.5493958592414856,
		0.012779736891388893,
		0.9996978044509888
	],
	"2. left_knee": [
		0.5306457877159119,
		0.6656087040901184,
		-0.024577956646680832,
		0.9912368059158325
	],
	"3. left_ankle": [
		0.5294189453125,
		0.7726202011108398,
		0.10213559865951538,
		0.9838855266571045
	],
	"6. right_hip": [
		0.47094807028770447,
		0.5530073046684265,
		-0.012836079113185406,
		0.9995383620262146
	],
	"7. right_knee": [
		0.46889108419418335,
		0.6859781742095947,
		-0.04297473281621933,
		0.9894388914108276
	],
	"8. right_ankle": [
		0.47196251153945923,
		0.8021122217178345,
		0.0580773651599884,
		0.9816656112670898
	],
	"14. left_shoulder": [
		0.5124303102493286,
		0.3949909508228302,
		-0.053938329219818115,
		0.9993188977241516
	],
	"15. left_elbow": [
		0.5496169924736023,
		0.42699459195137024,
		-0.1631438136100769,
		0.955145537853241
	],
	"16. left_wrist": [
		0.5554174184799194,
		0.4229082465171814,
		-0.3137725293636322,
		0.9310201406478882
	],
	"19. right_shoulder": [
		0.4545504152774811,
		0.39973801374435425,
		-0.07681947946548462,
		0.9990451335906982
	],
	"20. right_elbow": [
		0.42356076836586,
		0.3724735379219055,
		-0.20803344249725342,
		0.919366717338562
	],
	"21. right_wrist": [
		0.42324861884117126,
		0.31401294469833374,
		-0.36001285910606384,
		0.9068980813026428
	],
	"24. nose": [
		0.4830906391143799,
		0.32769036293029785,
		-0.1901288628578186,
		0.9995682835578918
	],
	"25. left_eye": [
		0.4831928610801697,
		0.31905922293663025,
		-0.1783977746963501,
		0.9990620613098145
	],
	"26. right_eye": [
		0.47489744424819946,
		0.32541659474372864,
		-0.17627191543579102,
		0.9990496039390564
	],
	"27. left_ear": [
		0.4851437211036682,
		0.32772091031074524,
		-0.09531493484973907,
		0.9989445209503174
	],
	"28. right_ear": [
		0.46632686257362366,
		0.34073323011398315,
		-0.09739848971366882,
		0.9987995028495789
	],
	"time stamp": 29.969946478656652
}