{
	"1. left_hip": [
		0.5168165564537048,
		0.5365819334983826,
		-0.015588629059493542,
		0.9997778534889221
	],
	"2. left_knee": [
		0.5364893674850464,
		0.6687626242637634,
		-0.04607716575264931,
		0.9935415387153625
	],
	"3. left_ankle": [
		0.552901029586792,
		0.7850392460823059,
		0.03424270078539848,
		0.9882835745811462
	],
	"6. right_hip": [
		0.4859185814857483,
		0.5405867695808411,
		0.015528714284300804,
		0.9996749758720398
	],
	"7. right_knee": [
		0.4692307114601135,
		0.6753136515617371,
		-0.02423734776675701,
		0.991913378238678
	],
	"8. right_ankle": [
		0.47673463821411133,
		0.7974976301193237,
		0.055632881820201874,
		0.9867119789123535
	],
	"14. left_shoulder": [
		0.5170383453369141,
		0.38170331716537476,
		-0.006874160375446081,
		0.9995476007461548
	],
	"15. left_elbow": [
		0.5357047915458679,
		0.45633143186569214,
		-0.02776191011071205,
		0.9688628315925598
	],
	"16. left_wrist": [
		0.5479873418807983,
		0.5257871150970459,
		-0.1036500558257103,
		0.9524034857749939
	],
	"19. right_shoulder": [
		0.46487587690353394,
		0.366693377494812,
		0.008301589637994766,
		0.9992706775665283
	],
	"20. right_elbow": [
		0.44231313467025757,
		0.3158017694950104,
		-0.08238924294710159,
		0.944845974445343
	],
	"21. right_wrist": [
		0.4157198965549469,
		0.2730202078819275,
		-0.22889479994773865,
		0.93642657995224
	],
	"24. nose": [
		0.4987034797668457,
		0.3097591698169708,
		-0.1164674311876297,
		0.9997151494026184
	],
	"25. left_eye": [
		0.5018130540847778,
		0.30432426929473877,
		-0.10156495869159698,
		0.9993813633918762
	],
	"26. right_eye": [
		0.49399271607398987,
		0.30446571111679077,
		-0.10295355319976807,
		0.999370276927948
	],
	"27. left_ear": [
		0.5037095546722412,
		0.3144369423389435,
		-0.02471720241010189,
		0.9993055462837219
	],
	"28. right_ear": [
		0.4876231551170349,
		0.3142489790916443,
		-0.03200840204954147,
		0.9992008805274963
	],
	"time stamp": 29.969946478656652
}