{
	"1. left_hip": [
		0.5351847410202026,
		0.5907732248306274,
		-0.03545047342777252,
		0.9991872310638428
	],
	"2. left_knee": [
		0.5435639023780823,
		0.7113149166107178,
		-0.09236428886651993,
		0.9946576356887817
	],
	"3. left_ankle": [
		0.5568577647209167,
		0.8102150559425354,
		0.014976737089455128,
		0.9908567070960999
	],
	"6. right_hip": [
		0.5089802742004395,
		0.5966123938560486,
		0.03546050935983658,
		0.999655544757843
	],
	"7. right_knee": [
		0.4620026648044586,
		0.6846341490745544,
		-0.07944674044847488,
		0.9929738640785217
	],
	"8. right_ankle": [
		0.4829384386539459,
		0.8062318563461304,
		0.028458068147301674,
		0.989672839641571
	],
	"14. left_shoulder": [
		0.5297712087631226,
		0.4490535855293274,
		-0.10708256810903549,
		0.9981364607810974
	],
	"15. left_elbow": [
		0.53642338514328,
		0.5212332606315613,
		-0.1403435319662094,
		0.914928138256073
	],
	"16. left_wrist": [
		0.551948070526123,
		0.5866793990135193,
		-0.2378600537776947,
		0.8428974151611328
	],
	"19. right_shoulder": [
		0.48277774453163147,
		0.42134448885917664,
		-0.03695743903517723,
		0.9993122816085815
	],
	"20. right_elbow": [
		0.44078952074050903,
		0.4245958924293518,
		-0.02777276560664177,
		0.9627376198768616
	],
	"21. right_wrist": [
		0.40231800079345703,
		0.45600539445877075,
		-0.09505479782819748,
		0.9553542137145996
	],
	"24. nose": [
		0.5112298130989075,
		0.37662604451179504,
		-0.23107799887657166,
		0.9997771978378296
	],
	"25. left_eye": [
		0.5200608968734741,
		0.37252384424209595,
		-0.2174444943666458,
		0.9994721412658691
	],
	"26. right_eye": [
		0.5131744146347046,
		0.3652588427066803,
		-0.21547627449035645,
		0.999517560005188
	],
	"27. left_ear": [
		0.5255764722824097,
		0.3827894926071167,
		-0.13197585940361023,
		0.9993607401847839
	],
	"28. right_ear": [
		0.512919545173645,
		0.37001898884773254,
		-0.1257188320159912,
		0.999405562877655
	],
	"time stamp": 29.969946478656652
}