{
	"1. left_hip": [
		0.5430382490158081,
		0.6014553308486938,
		-0.04030757397413254,
		0.9993388056755066
	],
	"2. left_knee": [
		0.5460360646247864,
		0.7110166549682617,
		-0.09317485988140106,
		0.9950647354125977
	],
	"3. left_ankle": [
		0.5565959215164185,
		0.8093611598014832,
		0.0037034726701676846,
		0.9923210740089417
	],
	"6. right_hip": [
		0.5136744976043701,
		0.6132616400718689,
		0.040416471660137177,
		0.9997208714485168
	],
	"7. right_knee": [
		0.46650823950767517,
		0.6895924210548401,
		-0.05166289210319519,
		0.9899618029594421
	],
	"8. right_ankle": [
		0.48264914751052856,
		0.8072194457054138,
		0.0566699393093586,
		0.9884120225906372
	],
	"14. left_shoulder": [
		0.5309579968452454,
		0.46708056330680847,
		-0.09881000220775604,
		0.9987624883651733
	],
	"15. left_elbow": [
		0.5614397525787354,
		0.5268719792366028,
		-0.09641548991203308,
		0.9418604373931885
	],
	"16. left_wrist": [
		0.5979050397872925,
		0.5446518659591675,
		-0.18640092015266418,
		0.8940876126289368
	],
	"19. right_shoulder": [
		0.4814414083957672,
		0.449619323015213,
		-0.018120354041457176,
		0.9995255470275879
	],
	"20. right_elbow": [
		0.45206218957901,
		0.5073382258415222,
		-0.01404862105846405,
		0.9688328504562378
	],
	"21. right_wrist": [
		0.43548280000686646,
		0.5518285632133484,
		-0.08160565048456192,
		0.9630784392356873
	],
	"24. nose": [
		0.5123028755187988,
		0.38491037487983704,
		-0.1595100611448288,
		0.9998355507850647
	],
	"25. left_eye": [
		0.521045982837677,
		0.3884732127189636,
		-0.14953084290027618,
		0.9995879530906677
	],
	"26. right_eye": [
		0.5166667699813843,
		0.3826085925102234,
		-0.14729681611061096,
		0.9996256232261658
	],
	"27. left_ear": [
		0.5243642926216125,
		0.403792142868042,
		-0.094100221991539,
		0.999461829662323
	],
	"28. right_ear": [
		0.5164341926574707,
		0.39306139945983887,
		-0.08351953327655792,
		0.9995296597480774
	],
	"time stamp": 29.969946478656652
}