{
	"1. left_hip": [
		0.517578661441803,
		0.5538241863250732,
		0.019520649686455727,
		0.9996803402900696
	],
	"2. left_knee": [
		0.5480566620826721,
		0.6762263178825378,
		0.0036119527649134398,
		0.9914307594299316
	],
	"3. left_ankle": [
		0.5439642071723938,
		0.7944279313087463,
		0.08894240111112595,
		0.9916197657585144
	],
	"6. right_hip": [
		0.48592010140419006,
		0.554683268070221,
		-0.019575288519263268,
		0.9998165369033813
	],
	"7. right_knee": [
		0.4766273498535156,
		0.6889899373054504,
		-0.021419301629066467,
		0.9920079708099365
	],
	"8. right_ankle": [
		0.4655027985572815,
		0.8010292649269104,
		0.04760856553912163,
		0.991533100605011
	],
	"14. left_shoulder": [
		0.5256354808807373,
		0.3725016415119171,
		0.0017141408752650023,
		0.9994402527809143
	],
	"15. left_elbow": [
		0.5552689433097839,
		0.35086312890052795,
		-0.11015123128890991,
		0.9709027409553528
	],
	"16. left_wrist": [
		0.5701671242713928,
		0.34811779856681824,
		-0.28642725944519043,
		0.9418448805809021
	],
	"19. right_shoulder": [
		0.4747686982154846,
		0.3957323729991913,
		-0.018600445240736008,
		0.9997067451477051
	],
	"20. right_elbow": [
		0.4797706604003906,
		0.48009589314460754,
		-0.08394395560026169,
		0.9499716758728027
	],
	"21. right_wrist": [
		0.46595993638038635,
		0.524809718132019,
		-0.2069282829761505,
		0.9132136702537537
	],
	"24. nose": [
		0.49105700850486755,
		0.3318270146846771,
		-0.13333842158317566,
		0.99992835521698
	],
	"25. left_eye": [
		0.4958550035953522,
		0.3222441077232361,
		-0.12065503746271133,
		0.9998139142990112
	],
	"26. right_eye": [
		0.48418599367141724,
		0.3248597979545593,
		-0.11992610991001129,
		0.9998365640640259
	],
	"27. left_ear": [
		0.5031127333641052,
		0.32694894075393677,
		-0.04135918989777565,
		0.9997478723526001
	],
	"28. right_ear": [
		0.4805452823638916,
		0.33306294679641724,
		-0.040387578308582306,
		0.9998022317886353
	],
	"time stamp": 29.969946478656652
}