{
	"1. left_hip": [
		0.5161875486373901,
		0.5554863810539246,
		0.02468046173453331,
		0.9997074604034424
	],
	"2. left_knee": [
		0.5482638478279114,
		0.6747215986251831,
		-0.004316088743507862,
		0.9909501671791077
	],
	"3. left_ankle": [
		0.5423198342323303,
		0.7948427796363831,
		0.07602129131555557,
		0.99139803647995
	],
	"6. right_hip": [
		0.485508531332016,
		0.5556577444076538,
		-0.02469341643154621,
		0.9998112320899963
	],
	"7. right_knee": [
		0.47661542892456055,
		0.689332127571106,
		-0.028237853199243546,
		0.9925402998924255
	],
	"8. right_ankle": [
		0.4657105505466461,
		0.8024954199790955,
		0.040262896567583084,
		0.9919328689575195
	],
	"14. left_shoulder": [
		0.5240626335144043,
		0.37270212173461914,
		0.03229444846510887,
		0.999489963054657
	],
	"15. left_elbow": [
		0.5574347972869873,
		0.3531848192214966,
		-0.08844888210296631,
		0.9724252820014954
	],
	"16. left_wrist": [
		0.5734196901321411,
		0.35431575775146484,
		-0.2667517066001892,
		0.9458594918251038
	],
	"19. right_shoulder": [
		0.47474566102027893,
		0.39978480339050293,
		-0.020560985431075096,
		0.9996834397315979
	],
	"20. right_elbow": [
		0.4827285408973694,
		0.47794660925865173,
		-0.1078934296965599,
		0.9479968547821045
	],
	"21. right_wrist": [
		0.48856085538864136,
		0.5062819123268127,
		-0.22520744800567627,
		0.9131343364715576
	],
	"24. nose": [
		0.489979088306427,
		0.3344908058643341,
		-0.11908181756734848,
		0.9999344944953918
	],
	"25. left_eye": [
		0.4950636029243469,
		0.3240129351615906,
		-0.10460509359836578,
		0.9998313188552856
	],
	"26. right_eye": [
		0.483456552028656,
		0.32663342356681824,
		-0.10620442777872086,
		0.9998508095741272
	],
	"27. left_ear": [
		0.5023015141487122,
		0.32811012864112854,
		-0.01747705601155758,
		0.9997712969779968
	],
	"28. right_ear": [
		0.48002904653549194,
		0.33434444665908813,
		-0.024331578984856606,
		0.999819815158844
	],
	"time stamp": 29.969946478656652
}