{
	"1. left_hip": [
		0.5056992769241333,
		0.575888454914093,
		0.014975312165915966,
		0.9997572898864746
	],
	"2. left_knee": [
		0.5503228306770325,
		0.676226019859314,
		-0.08531750738620758,
		0.990907609462738
	],
	"3. left_ankle": [
		0.540855884552002,
		0.7959092259407043,
		-0.03173685073852539,
		0.9910902976989746
	],
	"6. right_hip": [
		0.4752212464809418,
		0.5690663456916809,
		-0.014979282394051552,
		0.9998058080673218
	],
	"7. right_knee": [
		0.4754672050476074,
		0.6997087001800537,
		-0.004031416494399309,
		0.9923285841941833
	],
	"8. right_ankle": [
		0.4643637537956238,
		0.8063139319419861,
		0.10147526115179062,
		0.990746259689331
	],
	"14. left_shoulder": [
		0.5191863179206848,
		0.38931846618652344,
		0.010626665316522121,
		0.9995790123939514
	],
	"15. left_elbow": [
		0.5597171783447266,
		0.4125683307647705,
		-0.045011863112449646,
		0.9765016436576843
	],
	"16. left_wrist": [
		0.5801488161087036,
		0.4590393900871277,
		-0.19021660089492798,
		0.9547997713088989
	],
	"19. right_shoulder": [
		0.4722326695919037,
		0.4247633218765259,
		0.010909125208854675,
		0.99957275390625
	],
	"20. right_elbow": [
		0.48168128728866577,
		0.5052751302719116,
		-0.011074338108301163,
		0.9430453777313232
	],
	"21. right_wrist": [
		0.45617514848709106,
		0.5410442352294922,
		-0.12711846828460693,
		0.9193772077560425
	],
	"24. nose": [
		0.4774482250213623,
		0.358260840177536,
		-0.11204548180103302,
		0.9999383687973022
	],
	"25. left_eye": [
		0.48295608162879944,
		0.3424017131328583,
		-0.10273023694753647,
		0.9998527765274048
	],
	"26. right_eye": [
		0.47375065088272095,
		0.3499826192855835,
		-0.09914638102054596,
		0.9998535513877869
	],
	"27. left_ear": [
		0.4938301146030426,
		0.34296101331710815,
		-0.027653347700834274,
		0.9998019337654114
	],
	"28. right_ear": [
		0.4765062928199768,
		0.3557910621166229,
		-0.017032617703080177,
		0.9997961521148682
	],
	"time stamp": 29.969946478656652
}