{
	"1. left_hip": [
		0.5039969682693481,
		0.5883192420005798,
		0.010872898623347282,
		0.9997794032096863
	],
	"2. left_knee": [
		0.5500582456588745,
		0.6768791079521179,
		-0.14164911210536957,
		0.9912118911743164
	],
	"3. left_ankle": [
		0.5408629179000854,
		0.7973423600196838,
		-0.08658021688461304,
		0.9911878108978271
	],
	"6. right_hip": [
		0.471501886844635,
		0.5845273733139038,
		-0.0108856912702322,
		0.9998067617416382
	],
	"7. right_knee": [
		0.47160181403160095,
		0.7077035903930664,
		0.005889641586691141,
		0.9920745491981506
	],
	"8. right_ankle": [
		0.46499961614608765,
		0.8079703450202942,
		0.12535279989242554,
		0.9901291728019714
	],
	"14. left_shoulder": [
		0.520022451877594,
		0.4116399884223938,
		-0.008690902031958103,
		0.9996204972267151
	],
	"15. left_elbow": [
		0.5603028535842896,
		0.4491795301437378,
		-0.06330282986164093,
		0.978661298751831
	],
	"16. left_wrist": [
		0.578560471534729,
		0.5035065412521362,
		-0.20974794030189514,
		0.9590024352073669
	],
	"19. right_shoulder": [
		0.4707518517971039,
		0.4413560628890991,
		0.005239120218902826,
		0.9995816349983215
	],
	"20. right_elbow": [
		0.4701685309410095,
		0.5220280289649963,
		-0.02173047885298729,
		0.9425696134567261
	],
	"21. right_wrist": [
		0.43971967697143555,
		0.5510561466217041,
		-0.1489473432302475,
		0.924961507320404
	],
	"24. nose": [
		0.4763581156730652,
		0.3710717558860779,
		-0.11822180449962616,
		0.9999430775642395
	],
	"25. left_eye": [
		0.4808911681175232,
		0.35657474398612976,
		-0.11412541568279266,
		0.9998643398284912
	],
	"26. right_eye": [
		0.47182807326316833,
		0.3660993278026581,
		-0.10019204765558243,
		0.9998593926429749
	],
	"27. left_ear": [
		0.4917849004268646,
		0.35676974058151245,
		-0.05459820479154587,
		0.9998182058334351
	],
	"28. right_ear": [
		0.474588006734848,
		0.37251389026641846,
		-0.026517177000641823,
		0.9997779726982117
	],
	"time stamp": 29.969946478656652
}