{
	"1. left_hip": [
		0.4991535544395447,
		0.6019122004508972,
		0.01395978219807148,
		0.9998244047164917
	],
	"2. left_knee": [
		0.5491956472396851,
		0.6765128374099731,
		-0.13138358294963837,
		0.9895671606063843
	],
	"3. left_ankle": [
		0.5400117635726929,
		0.8012288212776184,
		-0.0775105208158493,
		0.9903526306152344
	],
	"6. right_hip": [
		0.46789121627807617,
		0.5952713489532471,
		-0.013956194743514061,
		0.9997906684875488
	],
	"7. right_knee": [
		0.47076377272605896,
		0.7127628922462463,
		-0.038594312965869904,
		0.990859866142273
	],
	"8. right_ankle": [
		0.4644755721092224,
		0.8097385168075562,
		0.06890496611595154,
		0.9884634613990784
	],
	"14. left_shoulder": [
		0.5199052095413208,
		0.4304935336112976,
		0.0005679463502019644,
		0.9997162818908691
	],
	"15. left_elbow": [
		0.5537055134773254,
		0.48792871832847595,
		-0.012522799894213676,
		0.9816029071807861
	],
	"16. left_wrist": [
		0.5684521794319153,
		0.5484614372253418,
		-0.11252240836620331,
		0.9640417695045471
	],
	"19. right_shoulder": [
		0.46823936700820923,
		0.45226427912712097,
		-0.0012768469750881195,
		0.9996157288551331
	],
	"20. right_elbow": [
		0.451097309589386,
		0.5246161818504333,
		-0.043270330876111984,
		0.945754885673523
	],
	"21. right_wrist": [
		0.42078155279159546,
		0.5293228626251221,
		-0.18995074927806854,
		0.9409964084625244
	],
	"24. nose": [
		0.48139533400535583,
		0.3823884427547455,
		-0.1324520856142044,
		0.9999560713768005
	],
	"25. left_eye": [
		0.4850890636444092,
		0.3680216372013092,
		-0.12225466966629028,
		0.9998965859413147
	],
	"26. right_eye": [
		0.4750582277774811,
		0.3789058327674866,
		-0.11756088584661484,
		0.999887228012085
	],
	"27. left_ear": [
		0.49502143263816833,
		0.36996904015541077,
		-0.05463526397943497,
		0.999862015247345
	],
	"28. right_ear": [
		0.4733903408050537,
		0.38858330249786377,
		-0.03484982252120972,
		0.999809741973877
	],
	"time stamp": 29.969946478656652
}