{
	"1. left_hip": [
		0.504876971244812,
		0.568024754524231,
		0.02220735140144825,
		0.9997668266296387
	],
	"2. left_knee": [
		0.5418230295181274,
		0.6779372692108154,
		-0.035678133368492126,
		0.9862241148948669
	],
	"3. left_ankle": [
		0.5383059978485107,
		0.8042048811912537,
		0.04624380171298981,
		0.9890033006668091
	],
	"6. right_hip": [
		0.47195202112197876,
		0.563848078250885,
		-0.0222260020673275,
		0.9996964931488037
	],
	"7. right_knee": [
		0.4682777523994446,
		0.6938276886940002,
		-0.05102211982011795,
		0.9895990490913391
	],
	"8. right_ankle": [
		0.4648166596889496,
		0.8089377284049988,
		0.029635414481163025,
		0.9884443879127502
	],
	"14. left_shoulder": [
		0.5265907049179077,
		0.40454912185668945,
		-0.015714723616838455,
		0.9997064471244812
	],
	"15. left_elbow": [
		0.5392262935638428,
		0.47466450929641724,
		0.000163453325512819,
		0.9743826389312744
	],
	"16. left_wrist": [
		0.5420712232589722,
		0.5383977890014648,
		-0.05079014226794243,
		0.9469534754753113
	],
	"19. right_shoulder": [
		0.4689837098121643,
		0.40877264738082886,
		-0.05373787879943848,
		0.9993711113929749
	],
	"20. right_elbow": [
		0.4372778832912445,
		0.39489805698394775,
		-0.15621119737625122,
		0.962608277797699
	],
	"21. right_wrist": [
		0.4314834475517273,
		0.33264002203941345,
		-0.3124440312385559,
		0.9579290151596069
	],
	"24. nose": [
		0.495117723941803,
		0.33804845809936523,
		-0.16012446582317352,
		0.9998387098312378
	],
	"25. left_eye": [
		0.4931163787841797,
		0.332826167345047,
		-0.14829806983470917,
		0.9997147917747498
	],
	"26. right_eye": [
		0.4868616461753845,
		0.33925682306289673,
		-0.14890329539775848,
		0.9996768832206726
	],
	"27. left_ear": [
		0.49465709924697876,
		0.3420694172382355,
		-0.0758354589343071,
		0.9996953010559082
	],
	"28. right_ear": [
		0.4800496995449066,
		0.354359894990921,
		-0.07599518448114395,
		0.9994545578956604
	],
	"time stamp": 29.969946478656652
}