{
	"1. left_hip": [
		0.5092488527297974,
		0.5496534705162048,
		0.02093379758298397,
		0.999783456325531
	],
	"2. left_knee": [
		0.5391371846199036,
		0.6766659617424011,
		-0.02891509234905243,
		0.987079918384552
	],
	"3. left_ankle": [
		0.5396243929862976,
		0.8026729822158813,
		0.037594325840473175,
		0.9895654916763306
	],
	"6. right_hip": [
		0.4777697026729584,
		0.5494279265403748,
		-0.020942751318216324,
		0.9997208714485168
	],
	"7. right_knee": [
		0.4689280390739441,
		0.6851052641868591,
		-0.048680245876312256,
		0.9897563457489014
	],
	"8. right_ankle": [
		0.46525636315345764,
		0.805094838142395,
		0.02255195565521717,
		0.9890387058258057
	],
	"14. left_shoulder": [
		0.5263524055480957,
		0.3939966857433319,
		0.03833889588713646,
		0.9997320175170898
	],
	"15. left_elbow": [
		0.5355619192123413,
		0.4731971323490143,
		0.04732590541243553,
		0.9735827445983887
	],
	"16. left_wrist": [
		0.5378431081771851,
		0.5308623313903809,
		-0.004462622106075287,
		0.9491308331489563
	],
	"19. right_shoulder": [
		0.46972736716270447,
		0.38916876912117004,
		-0.019283603876829147,
		0.9994198679924011
	],
	"20. right_elbow": [
		0.4386710226535797,
		0.36668556928634644,
		-0.13925445079803467,
		0.9656752943992615
	],
	"21. right_wrist": [
		0.43488579988479614,
		0.3184007704257965,
		-0.30804404616355896,
		0.9614197611808777
	],
	"24. nose": [
		0.4998573660850525,
		0.32537636160850525,
		-0.10808543860912323,
		0.9998536109924316
	],
	"25. left_eye": [
		0.4990714490413666,
		0.3192221522331238,
		-0.09375176578760147,
		0.9997414946556091
	],
	"26. right_eye": [
		0.491956889629364,
		0.32432860136032104,
		-0.09802138805389404,
		0.9997069239616394
	],
	"27. left_ear": [
		0.4979962408542633,
		0.329383909702301,
		-0.01249800343066454,
		0.9997242093086243
	],
	"28. right_ear": [
		0.4833293557167053,
		0.3379267752170563,
		-0.0328054316341877,
		0.9995058178901672
	],
	"time stamp": 29.969946478656652
}