{
	"1. left_hip": [
		0.5256651043891907,
		0.548961341381073,
		-0.00767964031547308,
		0.9995955228805542
	],
	"2. left_knee": [
		0.5365463495254517,
		0.6805689334869385,
		-0.020870769396424294,
		0.9897753596305847
	],
	"3. left_ankle": [
		0.5478659868240356,
		0.7976853251457214,
		0.08342038840055466,
		0.9911041855812073
	],
	"6. right_hip": [
		0.4927947521209717,
		0.5474951267242432,
		0.007602659519761801,
		0.9997398853302002
	],
	"7. right_knee": [
		0.4695722162723541,
		0.678375780582428,
		-0.036463502794504166,
		0.9911476373672485
	],
	"8. right_ankle": [
		0.4793815016746521,
		0.7989786863327026,
		0.07234984636306763,
		0.9917776584625244
	],
	"14. left_shoulder": [
		0.5340326428413391,
		0.391357421875,
		-0.022541524842381477,
		0.9992436170578003
	],
	"15. left_elbow": [
		0.5327962636947632,
		0.47400376200675964,
		-0.012606700882315636,
		0.9020569920539856
	],
	"16. left_wrist": [
		0.5315126180648804,
		0.5455892086029053,
		-0.055111996829509735,
		0.8558651208877563
	],
	"19. right_shoulder": [
		0.4783860146999359,
		0.3673842251300812,
		-0.030787106603384018,
		0.9994153380393982
	],
	"20. right_elbow": [
		0.44179338216781616,
		0.3605269491672516,
		-0.12662255764007568,
		0.9579551815986633
	],
	"21. right_wrist": [
		0.42465972900390625,
		0.3438793420791626,
		-0.30321118235588074,
		0.942592442035675
	],
	"24. nose": [
		0.5134133100509644,
		0.31581756472587585,
		-0.1624191403388977,
		0.9998886585235596
	],
	"25. left_eye": [
		0.5168077349662781,
		0.30764225125312805,
		-0.14870604872703552,
		0.9997971653938293
	],
	"26. right_eye": [
		0.5072627067565918,
		0.3086167871952057,
		-0.15122723579406738,
		0.9997764229774475
	],
	"27. left_ear": [
		0.5196695327758789,
		0.31680434942245483,
		-0.06468594819307327,
		0.9997910261154175
	],
	"28. right_ear": [
		0.4988960325717926,
		0.319158136844635,
		-0.07814803719520569,
		0.9996350407600403
	],
	"time stamp": 29.969946478656652
}