{
	"1. left_hip": [
		0.5281159281730652,
		0.550114631652832,
		-0.01397737581282854,
		0.9995570182800293
	],
	"2. left_knee": [
		0.5371119976043701,
		0.6885519623756409,
		-0.029973721131682396,
		0.9905522465705872
	],
	"3. left_ankle": [
		0.5501220226287842,
		0.8000327348709106,
		0.07826842367649078,
		0.9915819764137268
	],
	"6. right_hip": [
		0.49720078706741333,
		0.553066611289978,
		0.013965802267193794,
		0.9997460842132568
	],
	"7. right_knee": [
		0.46860471367836,
		0.6787592768669128,
		-0.047605082392692566,
		0.991450846195221
	],
	"8. right_ankle": [
		0.4816172122955322,
		0.7992774248123169,
		0.06588783115148544,
		0.9922849535942078
	],
	"14. left_shoulder": [
		0.5339952111244202,
		0.40661272406578064,
		-0.036939334124326706,
		0.9992855191230774
	],
	"15. left_elbow": [
		0.533383309841156,
		0.49156367778778076,
		-0.0403241366147995,
		0.894553542137146
	],
	"16. left_wrist": [
		0.5334185361862183,
		0.5589681267738342,
		-0.11766728013753891,
		0.8538896441459656
	],
	"19. right_shoulder": [
		0.4788079261779785,
		0.3735204339027405,
		-0.03882961720228195,
		0.9994548559188843
	],
	"20. right_elbow": [
		0.4375171661376953,
		0.3741673231124878,
		-0.10621647536754608,
		0.9590322971343994
	],
	"21. right_wrist": [
		0.420987606048584,
		0.4147859811782837,
		-0.24540011584758759,
		0.9426178336143494
	],
	"24. nose": [
		0.5160592794418335,
		0.31876876950263977,
		-0.17800050973892212,
		0.9998978972434998
	],
	"25. left_eye": [
		0.52289217710495,
		0.31147322058677673,
		-0.16273380815982819,
		0.9998117089271545
	],
	"26. right_eye": [
		0.5112833380699158,
		0.3147587776184082,
		-0.16791671514511108,
		0.9997938871383667
	],
	"27. left_ear": [
		0.525943398475647,
		0.3215026259422302,
		-0.07323475927114487,
		0.999805748462677
	],
	"28. right_ear": [
		0.5029062628746033,
		0.32347607612609863,
		-0.09904741495847702,
		0.9996662735939026
	],
	"time stamp": 29.969946478656652
}