{
	"1. left_hip": [
		0.5318397879600525,
		0.5835234522819519,
		-0.0349700041115284,
		0.9995399713516235
	],
	"2. left_knee": [
		0.5405149459838867,
		0.7081081867218018,
		-0.09765999019145966,
		0.9924157857894897
	],
	"3. left_ankle": [
		0.5531028509140015,
		0.812030017375946,
		-0.008650983683764935,
		0.9929257035255432
	],
	"6. right_hip": [
		0.5109869241714478,
		0.5871400833129883,
		0.03504699096083641,
		0.9997463226318359
	],
	"7. right_knee": [
		0.46237248182296753,
		0.6827074885368347,
		-0.04055748134851456,
		0.9904853105545044
	],
	"8. right_ankle": [
		0.48285263776779175,
		0.8073287010192871,
		0.03978690132498741,
		0.9918177127838135
	],
	"14. left_shoulder": [
		0.5308597683906555,
		0.43924444913864136,
		-0.05789107084274292,
		0.9994664192199707
	],
	"15. left_elbow": [
		0.5365951657295227,
		0.5180845260620117,
		-0.04952428862452507,
		0.9130694270133972
	],
	"16. left_wrist": [
		0.5681019425392151,
		0.5671142339706421,
		-0.12814942002296448,
		0.8831136226654053
	],
	"19. right_shoulder": [
		0.4875050485134125,
		0.41938844323158264,
		-0.020368006080389023,
		0.9995847344398499
	],
	"20. right_elbow": [
		0.44167351722717285,
		0.44424858689308167,
		-0.019125480204820633,
		0.9671158790588379
	],
	"21. right_wrist": [
		0.42269396781921387,
		0.5013391375541687,
		-0.09527474641799927,
		0.9527252912521362
	],
	"24. nose": [
		0.5246845483779907,
		0.3656300902366638,
		-0.17065197229385376,
		0.9999222159385681
	],
	"25. left_eye": [
		0.5268222093582153,
		0.3560698926448822,
		-0.15806938707828522,
		0.9998519420623779
	],
	"26. right_eye": [
		0.5200891494750977,
		0.35214266180992126,
		-0.16251876950263977,
		0.9998397827148438
	],
	"27. left_ear": [
		0.5249199867248535,
		0.36211714148521423,
		-0.0809069499373436,
		0.9998447895050049
	],
	"28. right_ear": [
		0.5127381086349487,
		0.3545849621295929,
		-0.1038416400551796,
		0.9997451305389404
	],
	"time stamp": 29.969946478656652
}