{
	"1. left_hip": [
		0.5412975549697876,
		0.5891448259353638,
		-0.0452352873980999,
		0.9995869994163513
	],
	"2. left_knee": [
		0.5444062948226929,
		0.7072935104370117,
		-0.09485185891389847,
		0.9934558272361755
	],
	"3. left_ankle": [
		0.5542969703674316,
		0.8113375902175903,
		0.01372633595019579,
		0.9940006136894226
	],
	"6. right_hip": [
		0.5113271474838257,
		0.5971875786781311,
		0.04531804472208023,
		0.9997776746749878
	],
	"7. right_knee": [
		0.46775922179222107,
		0.6905208230018616,
		-0.07850818336009979,
		0.9892523884773254
	],
	"8. right_ankle": [
		0.485065221786499,
		0.8137550950050354,
		0.029250094667077065,
		0.9904496073722839
	],
	"14. left_shoulder": [
		0.5383773446083069,
		0.45075997710227966,
		-0.1389443427324295,
		0.9996474385261536
	],
	"15. left_elbow": [
		0.5843227505683899,
		0.474528044462204,
		-0.2369024008512497,
		0.9419726133346558
	],
	"16. left_wrist": [
		0.5955818891525269,
		0.4203546643257141,
		-0.3696722388267517,
		0.9225731492042542
	],
	"19. right_shoulder": [
		0.48309069871902466,
		0.4321126341819763,
		-0.04034818336367607,
		0.9997222423553467
	],
	"20. right_elbow": [
		0.46481555700302124,
		0.4978908598423004,
		-0.007063607685267925,
		0.969899594783783
	],
	"21. right_wrist": [
		0.45585304498672485,
		0.5630126595497131,
		-0.06314565986394882,
		0.9544800519943237
	],
	"24. nose": [
		0.5198788046836853,
		0.3710443377494812,
		-0.22556164860725403,
		0.9999479055404663
	],
	"25. left_eye": [
		0.5258713364601135,
		0.36771345138549805,
		-0.21529321372509003,
		0.9998992681503296
	],
	"26. right_eye": [
		0.5188593864440918,
		0.3611551821231842,
		-0.2094971388578415,
		0.999891459941864
	],
	"27. left_ear": [
		0.5294831991195679,
		0.382121741771698,
		-0.15181882679462433,
		0.9998934864997864
	],
	"28. right_ear": [
		0.5175516605377197,
		0.3705407977104187,
		-0.1264469027519226,
		0.9998300671577454
	],
	"time stamp": 29.969946478656652
}