{
	"1. left_hip": [
		0.516974925994873,
		0.5417495369911194,
		-0.019895805045962334,
		0.9997698068618774
	],
	"2. left_knee": [
		0.530831515789032,
		0.6802899837493896,
		-0.04447326809167862,
		0.9923034906387329
	],
	"3. left_ankle": [
		0.5455546379089355,
		0.7969961166381836,
		0.03232768923044205,
		0.9935638904571533
	],
	"6. right_hip": [
		0.48223215341567993,
		0.5430161952972412,
		0.01990039087831974,
		0.999775230884552
	],
	"7. right_knee": [
		0.4794104993343353,
		0.6806175708770752,
		0.018532758578658104,
		0.9919682741165161
	],
	"8. right_ankle": [
		0.4726887345314026,
		0.8026590347290039,
		0.10124281793832779,
		0.992890477180481
	],
	"14. left_shoulder": [
		0.535568118095398,
		0.36613723635673523,
		-0.030247649177908897,
		0.9998483061790466
	],
	"15. left_elbow": [
		0.5731295347213745,
		0.40115365386009216,
		-0.05926765128970146,
		0.9777434468269348
	],
	"16. left_wrist": [
		0.5810924172401428,
		0.4730139970779419,
		-0.13847681879997253,
		0.9641225934028625
	],
	"19. right_shoulder": [
		0.47758349776268005,
		0.38216155767440796,
		0.07723002880811691,
		0.9998147487640381
	],
	"20. right_elbow": [
		0.44980448484420776,
		0.44326111674308777,
		0.04340594634413719,
		0.9641899466514587
	],
	"21. right_wrist": [
		0.42080631852149963,
		0.4044094979763031,
		-0.13308919966220856,
		0.954240620136261
	],
	"24. nose": [
		0.48727354407310486,
		0.3176754117012024,
		-0.11450294405221939,
		0.9999777674674988
	],
	"25. left_eye": [
		0.49279680848121643,
		0.3007379174232483,
		-0.10980687290430069,
		0.999951958656311
	],
	"26. right_eye": [
		0.48315301537513733,
		0.30946084856987,
		-0.09799428284168243,
		0.9999480843544006
	],
	"27. left_ear": [
		0.5046756863594055,
		0.3100395202636719,
		-0.05632780119776726,
		0.9999446868896484
	],
	"28. right_ear": [
		0.4846680164337158,
		0.3107476830482483,
		-0.001859958516433835,
		0.9999175667762756
	],
	"time stamp": 29.969946478656652
}