{
	"1. left_hip": [
		0.5053711533546448,
		0.5749589204788208,
		-0.031569626182317734,
		0.9997898936271667
	],
	"2. left_knee": [
		0.5036240816116333,
		0.7015925645828247,
		-0.0550517663359642,
		0.9935052990913391
	],
	"3. left_ankle": [
		0.5354918241500854,
		0.7784504294395447,
		0.13043278455734253,
		0.9936926960945129
	],
	"6. right_hip": [
		0.4731059670448303,
		0.5770924687385559,
		0.03152282536029816,
		0.9997909665107727
	],
	"7. right_knee": [
		0.47342267632484436,
		0.7052753567695618,
		0.04249406233429909,
		0.9926254749298096
	],
	"8. right_ankle": [
		0.47564682364463806,
		0.8092674016952515,
		0.17860206961631775,
		0.9936912059783936
	],
	"14. left_shoulder": [
		0.522510826587677,
		0.41636887192726135,
		-0.09509982913732529,
		0.9999034404754639
	],
	"15. left_elbow": [
		0.5348156094551086,
		0.4922357201576233,
		-0.08596207946538925,
		0.9859349131584167
	],
	"16. left_wrist": [
		0.5239814519882202,
		0.5586340427398682,
		-0.13577142357826233,
		0.975202739238739
	],
	"19. right_shoulder": [
		0.46683764457702637,
		0.4221421480178833,
		-0.0017733840504661202,
		0.9998239874839783
	],
	"20. right_elbow": [
		0.4369451403617859,
		0.45719799399375916,
		-0.059291500598192215,
		0.971689760684967
	],
	"21. right_wrist": [
		0.423931360244751,
		0.4023328423500061,
		-0.25096458196640015,
		0.9699972867965698
	],
	"24. nose": [
		0.48297595977783203,
		0.36127781867980957,
		-0.1928786188364029,
		0.9999829530715942
	],
	"25. left_eye": [
		0.48681920766830444,
		0.34776321053504944,
		-0.18661931157112122,
		0.9999620914459229
	],
	"26. right_eye": [
		0.4769262373447418,
		0.3573334515094757,
		-0.17814692854881287,
		0.9999523162841797
	],
	"27. left_ear": [
		0.4965645372867584,
		0.3488912880420685,
		-0.12460523843765259,
		0.9999608397483826
	],
	"28. right_ear": [
		0.475044310092926,
		0.3667503893375397,
		-0.08453871309757233,
		0.9998939633369446
	],
	"time stamp": 29.969946478656652
}