{
	"1. left_hip": [
		0.5044617056846619,
		0.5690740942955017,
		-0.04454972222447395,
		0.9998074769973755
	],
	"2. left_knee": [
		0.4736197888851166,
		0.6430345773696899,
		-0.24627871811389923,
		0.9941422343254089
	],
	"3. left_ankle": [
		0.4984225332736969,
		0.7607812881469727,
		-0.2344159185886383,
		0.989530622959137
	],
	"6. right_hip": [
		0.4723408818244934,
		0.573022186756134,
		0.044574983417987823,
		0.9998032450675964
	],
	"7. right_knee": [
		0.45857495069503784,
		0.6943910717964172,
		-0.034571580588817596,
		0.9377390146255493
	],
	"8. right_ankle": [
		0.4824903607368469,
		0.8076290488243103,
		-0.011762135662138462,
		0.9630785584449768
	],
	"14. left_shoulder": [
		0.5133723616600037,
		0.3987829387187958,
		-0.013318954035639763,
		0.9998596906661987
	],
	"15. left_elbow": [
		0.5030517578125,
		0.4130682349205017,
		-0.13848325610160828,
		0.9721054434776306
	],
	"16. left_wrist": [
		0.4684898257255554,
		0.40276414155960083,
		-0.20019586384296417,
		0.9164103269577026
	],
	"19. right_shoulder": [
		0.4665071368217468,
		0.41755467653274536,
		0.09267716109752655,
		0.9994969367980957
	],
	"20. right_elbow": [
		0.45335903763771057,
		0.4378924071788788,
		-0.018209541216492653,
		0.8526281118392944
	],
	"21. right_wrist": [
		0.46128565073013306,
		0.44073736667633057,
		-0.18938203155994415,
		0.8612171411514282
	],
	"24. nose": [
		0.48205894231796265,
		0.36495912075042725,
		-0.04778017848730087,
		0.9998642802238464
	],
	"25. left_eye": [
		0.4849371016025543,
		0.3513672947883606,
		-0.04081927612423897,
		0.9998682737350464
	],
	"26. right_eye": [
		0.47436705231666565,
		0.3609507977962494,
		-0.03167397156357765,
		0.9997475743293762
	],
	"27. left_ear": [
		0.49090543389320374,
		0.3512016832828522,
		0.009286567568778992,
		0.9999244213104248
	],
	"28. right_ear": [
		0.4705447256565094,
		0.3682537376880646,
		0.05179926007986069,
		0.9995698928833008
	],
	"time stamp": 29.969946478656652
}