{
	"1. left_hip": [
		0.49821868538856506,
		0.5605915784835815,
		-0.06892336159944534,
		0.9998546838760376
	],
	"2. left_knee": [
		0.47865134477615356,
		0.6734907627105713,
		-0.18484792113304138,
		0.9951901435852051
	],
	"3. left_ankle": [
		0.5049007534980774,
		0.8169081211090088,
		-0.20894327759742737,
		0.9915270209312439
	],
	"6. right_hip": [
		0.47310715913772583,
		0.5669415593147278,
		0.06899408996105194,
		0.9998309016227722
	],
	"7. right_knee": [
		0.4556815028190613,
		0.6943138241767883,
		0.0677931159734726,
		0.9198985695838928
	],
	"8. right_ankle": [
		0.4847433567047119,
		0.8077923059463501,
		0.10322876274585724,
		0.9533901810646057
	],
	"14. left_shoulder": [
		0.5121544599533081,
		0.39202970266342163,
		0.011176279745995998,
		0.9998966455459595
	],
	"15. left_elbow": [
		0.516440212726593,
		0.45950254797935486,
		-0.08412914723157883,
		0.9781733751296997
	],
	"16. left_wrist": [
		0.4912894368171692,
		0.49818792939186096,
		-0.19091923534870148,
		0.9334134459495544
	],
	"19. right_shoulder": [
		0.4695865213871002,
		0.4155450165271759,
		0.15992024540901184,
		0.9995324611663818
	],
	"20. right_elbow": [
		0.45527610182762146,
		0.4707680642604828,
		0.1490458846092224,
		0.7637985944747925
	],
	"21. right_wrist": [
		0.43788352608680725,
		0.4809107482433319,
		0.026327619329094887,
		0.8394617438316345
	],
	"24. nose": [
		0.483154296875,
		0.35820841789245605,
		-0.03308844193816185,
		0.9998880624771118
	],
	"25. left_eye": [
		0.4860258102416992,
		0.3431743085384369,
		-0.028154615312814713,
		0.999896764755249
	],
	"26. right_eye": [
		0.47548002004623413,
		0.3522074222564697,
		-0.01665131375193596,
		0.999794602394104
	],
	"27. left_ear": [
		0.49181246757507324,
		0.34321436285972595,
		0.01927310787141323,
		0.999942421913147
	],
	"28. right_ear": [
		0.47120213508605957,
		0.36028140783309937,
		0.07120729982852936,
		0.999660074710846
	],
	"time stamp": 29.969946478656652
}