{
	"1. left_hip": [
		0.4935781955718994,
		0.592045783996582,
		-0.0734887421131134,
		0.9998947978019714
	],
	"2. left_knee": [
		0.48275384306907654,
		0.7104942798614502,
		-0.12519948184490204,
		0.9951062202453613
	],
	"3. left_ankle": [
		0.5132659673690796,
		0.8417037725448608,
		-0.1121523380279541,
		0.9935690760612488
	],
	"6. right_hip": [
		0.4761536121368408,
		0.5945793390274048,
		0.07348639518022537,
		0.9998493790626526
	],
	"7. right_knee": [
		0.4559202194213867,
		0.7033825516700745,
		0.08989105373620987,
		0.8999120593070984
	],
	"8. right_ankle": [
		0.4891664385795593,
		0.81007981300354,
		0.19233287870883942,
		0.937833309173584
	],
	"14. left_shoulder": [
		0.5045929551124573,
		0.4212978482246399,
		-0.12760014832019806,
		0.9999319911003113
	],
	"15. left_elbow": [
		0.5348973274230957,
		0.48766598105430603,
		-0.1772286593914032,
		0.9850111603736877
	],
	"16. left_wrist": [
		0.5667582154273987,
		0.5530310869216919,
		-0.26726141571998596,
		0.9540881514549255
	],
	"19. right_shoulder": [
		0.47341805696487427,
		0.42404699325561523,
		0.0753968209028244,
		0.9996666312217712
	],
	"20. right_elbow": [
		0.4455276429653168,
		0.4920705556869507,
		0.15049861371517181,
		0.7861796021461487
	],
	"21. right_wrist": [
		0.4123791754245758,
		0.538352906703949,
		0.13993701338768005,
		0.8770726323127747
	],
	"24. nose": [
		0.48574528098106384,
		0.35874617099761963,
		-0.11860139667987823,
		0.999924898147583
	],
	"25. left_eye": [
		0.4876524806022644,
		0.3461163341999054,
		-0.11979619413614273,
		0.9999297857284546
	],
	"26. right_eye": [
		0.48243284225463867,
		0.3500869870185852,
		-0.10424444824457169,
		0.9998593926429749
	],
	"27. left_ear": [
		0.4900960326194763,
		0.35122016072273254,
		-0.09792923182249069,
		0.9999605417251587
	],
	"28. right_ear": [
		0.47755447030067444,
		0.35881131887435913,
		-0.027541428804397583,
		0.9997692704200745
	],
	"time stamp": 29.969946478656652
}