{
	"1. left_hip": [
		0.49232596158981323,
		0.5876253247261047,
		-0.06285487860441208,
		0.9999000430107117
	],
	"2. left_knee": [
		0.48601776361465454,
		0.7059527635574341,
		-0.11532771587371826,
		0.9952481389045715
	],
	"3. left_ankle": [
		0.5124253034591675,
		0.8357906937599182,
		-0.10505565255880356,
		0.9952635765075684
	],
	"6. right_hip": [
		0.4756588935852051,
		0.5905159115791321,
		0.06282006204128265,
		0.9998254776000977
	],
	"7. right_knee": [
		0.4544127881526947,
		0.7096856832504272,
		0.053826965391635895,
		0.8937971591949463
	],
	"8. right_ankle": [
		0.4899478554725647,
		0.8137069940567017,
		0.1263432651758194,
		0.9340836405754089
	],
	"14. left_shoulder": [
		0.5011129975318909,
		0.4125359058380127,
		-0.044616710394620895,
		0.9999436140060425
	],
	"15. left_elbow": [
		0.48659005761146545,
		0.4867863655090332,
		-0.048675499856472015,
		0.9710273742675781
	],
	"16. left_wrist": [
		0.46218252182006836,
		0.5157442688941956,
		-0.05485489219427109,
		0.9026886224746704
	],
	"19. right_shoulder": [
		0.47565513849258423,
		0.428636759519577,
		0.08432160317897797,
		0.9996712803840637
	],
	"20. right_elbow": [
		0.44463610649108887,
		0.4752439260482788,
		0.04103729873895645,
		0.726689338684082
	],
	"21. right_wrist": [
		0.42856162786483765,
		0.5064618587493896,
		-0.09888092428445816,
		0.8433240056037903
	],
	"24. nose": [
		0.4894220232963562,
		0.36135008931159973,
		-0.10464370250701904,
		0.9999227523803711
	],
	"25. left_eye": [
		0.49318066239356995,
		0.3502478301525116,
		-0.10185898840427399,
		0.9999051094055176
	],
	"26. right_eye": [
		0.48313626646995544,
		0.35214993357658386,
		-0.0898585096001625,
		0.9998474717140198
	],
	"27. left_ear": [
		0.4958558678627014,
		0.35807809233665466,
		-0.028821825981140137,
		0.9999225735664368
	],
	"28. right_ear": [
		0.478468120098114,
		0.3606087267398834,
		-0.010910949669778347,
		0.999768078327179
	],
	"time stamp": 29.969946478656652
}