{
	"1. left_hip": [
		0.4945443570613861,
		0.5767020583152771,
		-0.05101614072918892,
		0.9998767375946045
	],
	"2. left_knee": [
		0.49110594391822815,
		0.7053013443946838,
		-0.08722885698080063,
		0.9953489899635315
	],
	"3. left_ankle": [
		0.5100899934768677,
		0.8344606161117554,
		-0.06383168697357178,
		0.9955234527587891
	],
	"6. right_hip": [
		0.47409647703170776,
		0.5821441411972046,
		0.05095736309885979,
		0.9997939467430115
	],
	"7. right_knee": [
		0.45428743958473206,
		0.7102760076522827,
		0.03770647197961807,
		0.8992376327514648
	],
	"8. right_ankle": [
		0.4894813597202301,
		0.8136754631996155,
		0.10832644999027252,
		0.93776535987854
	],
	"14. left_shoulder": [
		0.5020895600318909,
		0.4079200327396393,
		-0.025612663477659225,
		0.999918520450592
	],
	"15. left_elbow": [
		0.4908297061920166,
		0.47320878505706787,
		-0.063261479139328,
		0.9625278115272522
	],
	"16. left_wrist": [
		0.4593481421470642,
		0.4741687476634979,
		-0.10062053054571152,
		0.8757479190826416
	],
	"19. right_shoulder": [
		0.46743717789649963,
		0.4213530719280243,
		0.06576777994632721,
		0.9996193051338196
	],
	"20. right_elbow": [
		0.4392026960849762,
		0.46109601855278015,
		-0.031150564551353455,
		0.7225795984268188
	],
	"21. right_wrist": [
		0.4500458836555481,
		0.4689164161682129,
		-0.18373191356658936,
		0.8261017799377441
	],
	"24. nose": [
		0.48899540305137634,
		0.35695233941078186,
		-0.09974353015422821,
		0.9999232292175293
	],
	"25. left_eye": [
		0.4934055209159851,
		0.3459141254425049,
		-0.08936496078968048,
		0.9999052882194519
	],
	"26. right_eye": [
		0.4830111861228943,
		0.34595662355422974,
		-0.08515136688947678,
		0.9998564124107361
	],
	"27. left_ear": [
		0.49690499901771545,
		0.35152533650398254,
		-0.012675260193645954,
		0.9999221563339233
	],
	"28. right_ear": [
		0.4782697260379791,
		0.3522128760814667,
		-0.00792259443551302,
		0.9997848272323608
	],
	"time stamp": 29.969946478656652
}