{
	"1. left_hip": [
		0.5004386901855469,
		0.5476481318473816,
		-0.01288638450205326,
		0.9998024106025696
	],
	"2. left_knee": [
		0.49396032094955444,
		0.6880196332931519,
		-0.012880725786089897,
		0.9958339333534241
	],
	"3. left_ankle": [
		0.5000161528587341,
		0.8072264790534973,
		0.10110996663570404,
		0.9956216812133789
	],
	"6. right_hip": [
		0.4678240418434143,
		0.5483842492103577,
		0.012929518707096577,
		0.9995738863945007
	],
	"7. right_knee": [
		0.4687740206718445,
		0.6906268000602722,
		0.013944734819233418,
		0.9400795102119446
	],
	"8. right_ankle": [
		0.479677677154541,
		0.8016026020050049,
		0.12646082043647766,
		0.9612248539924622
	],
	"14. left_shoulder": [
		0.5164056420326233,
		0.38428398966789246,
		-0.013323160819709301,
		0.9998867511749268
	],
	"15. left_elbow": [
		0.5297756791114807,
		0.4596656262874603,
		-0.005727190058678389,
		0.944145917892456
	],
	"16. left_wrist": [
		0.5371822118759155,
		0.5216710567474365,
		-0.08196744322776794,
		0.8669989109039307
	],
	"19. right_shoulder": [
		0.4577707350254059,
		0.383993536233902,
		0.008631729520857334,
		0.9994140863418579
	],
	"20. right_elbow": [
		0.44662103056907654,
		0.44704538583755493,
		-0.06615527719259262,
		0.7236937284469604
	],
	"21. right_wrist": [
		0.44520536065101624,
		0.4394994378089905,
		-0.2625158727169037,
		0.7966138124465942
	],
	"24. nose": [
		0.488224595785141,
		0.3225244879722595,
		-0.1499175727367401,
		0.9999225735664368
	],
	"25. left_eye": [
		0.4937295913696289,
		0.31110680103302,
		-0.13635611534118652,
		0.9999055862426758
	],
	"26. right_eye": [
		0.4834664463996887,
		0.3107503354549408,
		-0.1369146704673767,
		0.9998821020126343
	],
	"27. left_ear": [
		0.4984745979309082,
		0.31625017523765564,
		-0.050658635795116425,
		0.9999263286590576
	],
	"28. right_ear": [
		0.47662553191185,
		0.31540003418922424,
		-0.05475460737943649,
		0.9998230934143066
	],
	"time stamp": 29.969946478656652
}