{
	"1. left_hip": [
		0.5010008215904236,
		0.5489993095397949,
		-0.006230129860341549,
		0.9997920393943787
	],
	"2. left_knee": [
		0.4949165880680084,
		0.6886398196220398,
		-0.01034657284617424,
		0.9951552152633667
	],
	"3. left_ankle": [
		0.4982388913631439,
		0.8086744546890259,
		0.089476577937603,
		0.9950661063194275
	],
	"6. right_hip": [
		0.46720489859580994,
		0.5511539578437805,
		0.0061881099827587605,
		0.999546229839325
	],
	"7. right_knee": [
		0.470416396856308,
		0.6898558139801025,
		0.012811161577701569,
		0.9444525241851807
	],
	"8. right_ankle": [
		0.4755166172981262,
		0.7984951734542847,
		0.13221168518066406,
		0.962787926197052
	],
	"14. left_shoulder": [
		0.519401490688324,
		0.38623207807540894,
		-0.08240590989589691,
		0.9998970627784729
	],
	"15. left_elbow": [
		0.5354259014129639,
		0.46519750356674194,
		-0.01716577261686325,
		0.9490541815757751
	],
	"16. left_wrist": [
		0.5620349645614624,
		0.5377084016799927,
		-0.10092183202505112,
		0.8796067833900452
	],
	"19. right_shoulder": [
		0.4582899510860443,
		0.3846702575683594,
		-0.07644526660442352,
		0.9994609355926514
	],
	"20. right_elbow": [
		0.4431694447994232,
		0.44872382283210754,
		-0.05860830098390579,
		0.7477200627326965
	],
	"21. right_wrist": [
		0.4201370179653168,
		0.4911822974681854,
		-0.18737611174583435,
		0.8136537075042725
	],
	"24. nose": [
		0.4887675344944,
		0.3236315846443176,
		-0.2318342924118042,
		0.9999296069145203
	],
	"25. left_eye": [
		0.49414730072021484,
		0.3125138580799103,
		-0.22242525219917297,
		0.9999130368232727
	],
	"26. right_eye": [
		0.484011709690094,
		0.31233933568000793,
		-0.22243046760559082,
		0.9998895525932312
	],
	"27. left_ear": [
		0.49972638487815857,
		0.31856200098991394,
		-0.14435666799545288,
		0.9999306201934814
	],
	"28. right_ear": [
		0.47745785117149353,
		0.3184504210948944,
		-0.14560529589653015,
		0.9998297691345215
	],
	"time stamp": 29.969946478656652
}