{
	"1. left_hip": [
		0.5020428895950317,
		0.5607008934020996,
		-0.005304533522576094,
		0.999762237071991
	],
	"2. left_knee": [
		0.49582114815711975,
		0.6935074925422668,
		0.014695143327116966,
		0.9943252801895142
	],
	"3. left_ankle": [
		0.49670299887657166,
		0.8100082278251648,
		0.12157629430294037,
		0.9945404529571533
	],
	"6. right_hip": [
		0.46728286147117615,
		0.5553433895111084,
		0.005240163300186396,
		0.9995020627975464
	],
	"7. right_knee": [
		0.47083061933517456,
		0.6906126141548157,
		0.01665276475250721,
		0.9486956596374512
	],
	"8. right_ankle": [
		0.4732496738433838,
		0.7995288372039795,
		0.14131593704223633,
		0.964882493019104
	],
	"14. left_shoulder": [
		0.5200158953666687,
		0.3973988890647888,
		-0.1211230605840683,
		0.9999060034751892
	],
	"15. left_elbow": [
		0.5458775162696838,
		0.4728236198425293,
		-0.08881144225597382,
		0.9537708759307861
	],
	"16. left_wrist": [
		0.5743758082389832,
		0.5381142497062683,
		-0.17162451148033142,
		0.8909725546836853
	],
	"19. right_shoulder": [
		0.45868682861328125,
		0.3863893151283264,
		-0.10682680457830429,
		0.999504804611206
	],
	"20. right_elbow": [
		0.43657153844833374,
		0.45333102345466614,
		-0.06702882796525955,
		0.7712029218673706
	],
	"21. right_wrist": [
		0.4043830931186676,
		0.5125640630722046,
		-0.14653578400611877,
		0.8303002119064331
	],
	"24. nose": [
		0.4902961850166321,
		0.3257729113101959,
		-0.26999884843826294,
		0.9999361038208008
	],
	"25. left_eye": [
		0.495600163936615,
		0.31363585591316223,
		-0.26002320647239685,
		0.9999200701713562
	],
	"26. right_eye": [
		0.4850670397281647,
		0.31461483240127563,
		-0.2601025700569153,
		0.9998975396156311
	],
	"27. left_ear": [
		0.5009302496910095,
		0.3205723464488983,
		-0.18072667717933655,
		0.9999346137046814
	],
	"28. right_ear": [
		0.47812193632125854,
		0.3204899728298187,
		-0.18259313702583313,
		0.9998385310173035
	],
	"time stamp": 29.969946478656652
}