{
	"1. left_hip": [
		0.5049547553062439,
		0.5739524364471436,
		-0.009115783497691154,
		0.999742865562439
	],
	"2. left_knee": [
		0.4973275065422058,
		0.7021046280860901,
		0.013315984979271889,
		0.9938488602638245
	],
	"3. left_ankle": [
		0.49641671776771545,
		0.8108034729957581,
		0.1270851492881775,
		0.9941766858100891
	],
	"6. right_hip": [
		0.4683469831943512,
		0.5679981708526611,
		0.00906252022832632,
		0.9994809627532959
	],
	"7. right_knee": [
		0.47256359457969666,
		0.6963881850242615,
		0.03729906678199768,
		0.9525321125984192
	],
	"8. right_ankle": [
		0.47357478737831116,
		0.799714982509613,
		0.161397784948349,
		0.9668648838996887
	],
	"14. left_shoulder": [
		0.5216063261032104,
		0.41125595569610596,
		-0.1319526582956314,
		0.9999139308929443
	],
	"15. left_elbow": [
		0.5528604388237,
		0.47765249013900757,
		-0.11789573729038239,
		0.9581310749053955
	],
	"16. left_wrist": [
		0.5754324793815613,
		0.5413446426391602,
		-0.21099691092967987,
		0.9012636542320251
	],
	"19. right_shoulder": [
		0.4589231014251709,
		0.4048766791820526,
		-0.10643813759088516,
		0.9995442628860474
	],
	"20. right_elbow": [
		0.430082231760025,
		0.4595416486263275,
		-0.06800331920385361,
		0.7930847406387329
	],
	"21. right_wrist": [
		0.3987640142440796,
		0.5181156992912292,
		-0.1363992989063263,
		0.8458625078201294
	],
	"24. nose": [
		0.4910838007926941,
		0.34070348739624023,
		-0.2702013850212097,
		0.9999419450759888
	],
	"25. left_eye": [
		0.4967769980430603,
		0.3275700509548187,
		-0.26006609201431274,
		0.9999262094497681
	],
	"26. right_eye": [
		0.48589181900024414,
		0.32919153571128845,
		-0.2595655620098114,
		0.9999048113822937
	],
	"27. left_ear": [
		0.5020605325698853,
		0.33407971262931824,
		-0.18347416818141937,
		0.9999381303787231
	],
	"28. right_ear": [
		0.47890084981918335,
		0.33505821228027344,
		-0.18208524584770203,
		0.9998470544815063
	],
	"time stamp": 29.969946478656652
}