{
	"1. left_hip": [
		0.5088116526603699,
		0.5762411952018738,
		-0.0016287509351968765,
		0.999724805355072
	],
	"2. left_knee": [
		0.49931007623672485,
		0.7046095132827759,
		0.01823263242840767,
		0.9929655194282532
	],
	"3. left_ankle": [
		0.49681586027145386,
		0.8113155961036682,
		0.12910625338554382,
		0.9933416843414307
	],
	"6. right_hip": [
		0.47358712553977966,
		0.5720339417457581,
		0.0015714435139670968,
		0.9994778633117676
	],
	"7. right_knee": [
		0.4768539071083069,
		0.7003610730171204,
		0.020722389221191406,
		0.9560176730155945
	],
	"8. right_ankle": [
		0.4741120934486389,
		0.799873948097229,
		0.14646779000759125,
		0.9679914712905884
	],
	"14. left_shoulder": [
		0.5236952900886536,
		0.4146668016910553,
		-0.1068408265709877,
		0.9999204277992249
	],
	"15. left_elbow": [
		0.5470662117004395,
		0.4906180500984192,
		-0.0894155353307724,
		0.9614259004592896
	],
	"16. left_wrist": [
		0.5683560371398926,
		0.5540469288825989,
		-0.18122629821300507,
		0.9101252555847168
	],
	"19. right_shoulder": [
		0.46087685227394104,
		0.40987253189086914,
		-0.10854209959506989,
		0.9995848536491394
	],
	"20. right_elbow": [
		0.43236714601516724,
		0.4640023112297058,
		-0.08613032847642899,
		0.8129608631134033
	],
	"21. right_wrist": [
		0.4077882170677185,
		0.5272249579429626,
		-0.1472652703523636,
		0.8594028949737549
	],
	"24. nose": [
		0.491809219121933,
		0.34592923521995544,
		-0.25101277232170105,
		0.9999473690986633
	],
	"25. left_eye": [
		0.49725571274757385,
		0.3331473469734192,
		-0.24020716547966003,
		0.9999324083328247
	],
	"26. right_eye": [
		0.4864744544029236,
		0.33524423837661743,
		-0.2408706694841385,
		0.9999127388000488
	],
	"27. left_ear": [
		0.502771258354187,
		0.3388831317424774,
		-0.16356773674488068,
		0.9999417662620544
	],
	"28. right_ear": [
		0.4796070456504822,
		0.34125497937202454,
		-0.16850581765174866,
		0.9998593330383301
	],
	"time stamp": 29.969946478656652
}