{
	"1. left_hip": [
		0.509438157081604,
		0.5761280655860901,
		-0.001355873653665185,
		0.9997121691703796
	],
	"2. left_knee": [
		0.5003122091293335,
		0.7046565413475037,
		0.019384056329727173,
		0.9924119710922241
	],
	"3. left_ankle": [
		0.49730533361434937,
		0.811603307723999,
		0.13189828395843506,
		0.9929355978965759
	],
	"6. right_hip": [
		0.474467933177948,
		0.5729350447654724,
		0.001296202652156353,
		0.999474287033081
	],
	"7. right_knee": [
		0.47802743315696716,
		0.7016357779502869,
		0.01871386542916298,
		0.9590877294540405
	],
	"8. right_ankle": [
		0.47438111901283264,
		0.800199031829834,
		0.140581876039505,
		0.9693464636802673
	],
	"14. left_shoulder": [
		0.5240002870559692,
		0.41655799746513367,
		-0.1089322417974472,
		0.9999268651008606
	],
	"15. left_elbow": [
		0.5460830926895142,
		0.4932892322540283,
		-0.0827275812625885,
		0.9645374417304993
	],
	"16. left_wrist": [
		0.567111074924469,
		0.5558279752731323,
		-0.16272413730621338,
		0.9183071255683899
	],
	"19. right_shoulder": [
		0.4615819454193115,
		0.41147205233573914,
		-0.10926109552383423,
		0.9996203184127808
	],
	"20. right_elbow": [
		0.4334025979042053,
		0.4674728810787201,
		-0.08667761087417603,
		0.8308312892913818
	],
	"21. right_wrist": [
		0.4090909957885742,
		0.5298341512680054,
		-0.15040311217308044,
		0.8717565536499023
	],
	"24. nose": [
		0.492318719625473,
		0.3466310501098633,
		-0.25508546829223633,
		0.9999523758888245
	],
	"25. left_eye": [
		0.4973464906215668,
		0.3340813219547272,
		-0.24371671676635742,
		0.9999383687973022
	],
	"26. right_eye": [
		0.48663339018821716,
		0.3360802233219147,
		-0.24467262625694275,
		0.9999202489852905
	],
	"27. left_ear": [
		0.5029884576797485,
		0.34056198596954346,
		-0.16565021872520447,
		0.999945878982544
	],
	"28. right_ear": [
		0.4797617793083191,
		0.3429115116596222,
		-0.1717306673526764,
		0.9998709559440613
	],
	"time stamp": 29.969946478656652
}