{
	"1. left_hip": [
		0.5120499730110168,
		0.5725581645965576,
		0.03864941745996475,
		0.9996587634086609
	],
	"2. left_knee": [
		0.5171531438827515,
		0.6837488412857056,
		-0.02125723287463188,
		0.955636739730835
	],
	"3. left_ankle": [
		0.4977110028266907,
		0.8075982928276062,
		0.03455681353807449,
		0.9633857607841492
	],
	"6. right_hip": [
		0.4808243215084076,
		0.5688848495483398,
		-0.03857412934303284,
		0.9994675517082214
	],
	"7. right_knee": [
		0.5085669159889221,
		0.6512519717216492,
		-0.17787860333919525,
		0.9691861867904663
	],
	"8. right_ankle": [
		0.4835185110569,
		0.7658703327178955,
		-0.12376458942890167,
		0.9561168551445007
	],
	"14. left_shoulder": [
		0.5174251794815063,
		0.41349148750305176,
		0.08530967682600021,
		0.9998564720153809
	],
	"15. left_elbow": [
		0.519461452960968,
		0.48880088329315186,
		0.0065429313108325005,
		0.8828450441360474
	],
	"16. left_wrist": [
		0.5183219909667969,
		0.4775456190109253,
		-0.1386348307132721,
		0.8850584626197815
	],
	"19. right_shoulder": [
		0.46546077728271484,
		0.39925825595855713,
		-0.017943572252988815,
		0.9996981620788574
	],
	"20. right_elbow": [
		0.4800313115119934,
		0.4572252035140991,
		-0.09680257737636566,
		0.8897955417633057
	],
	"21. right_wrist": [
		0.519193172454834,
		0.4480418860912323,
		-0.1519065499305725,
		0.8926372528076172
	],
	"24. nose": [
		0.49382367730140686,
		0.34432509541511536,
		-0.05197111889719963,
		0.999826192855835
	],
	"25. left_eye": [
		0.4988473057746887,
		0.3342512547969818,
		-0.036832503974437714,
		0.9996998906135559
	],
	"26. right_eye": [
		0.4874470829963684,
		0.3348364531993866,
		-0.04492766410112381,
		0.9996823072433472
	],
	"27. left_ear": [
		0.5037247538566589,
		0.3398381769657135,
		0.04132556915283203,
		0.9993600845336914
	],
	"28. right_ear": [
		0.48092716932296753,
		0.3408975899219513,
		0.006095220800489187,
		0.9996563792228699
	],
	"time stamp": 29.969946478656652
}