{
	"1. left_hip": [
		0.5130560994148254,
		0.5660578608512878,
		0.058746445924043655,
		0.9995676279067993
	],
	"2. left_knee": [
		0.5260249376296997,
		0.6981439590454102,
		0.03326783701777458,
		0.8284981846809387
	],
	"3. left_ankle": [
		0.4923524856567383,
		0.7980959415435791,
		0.12575097382068634,
		0.8547416925430298
	],
	"6. right_hip": [
		0.48870405554771423,
		0.5632511377334595,
		-0.05878152698278427,
		0.999539315700531
	],
	"7. right_knee": [
		0.5079458355903625,
		0.6932234764099121,
		-0.14044725894927979,
		0.9581834077835083
	],
	"8. right_ankle": [
		0.49326425790786743,
		0.8302846550941467,
		-0.11669228971004486,
		0.9615595936775208
	],
	"14. left_shoulder": [
		0.5180445909500122,
		0.40408363938331604,
		0.07377568632364273,
		0.9998630285263062
	],
	"15. left_elbow": [
		0.5298328995704651,
		0.48897585272789,
		0.10660234838724136,
		0.7986863255500793
	],
	"16. left_wrist": [
		0.5561251044273376,
		0.5572069883346558,
		0.031132325530052185,
		0.8550847768783569
	],
	"19. right_shoulder": [
		0.47183161973953247,
		0.39772066473960876,
		-0.06597267836332321,
		0.9997026324272156
	],
	"20. right_elbow": [
		0.46866559982299805,
		0.45139825344085693,
		-0.23893621563911438,
		0.9099738597869873
	],
	"21. right_wrist": [
		0.44848504662513733,
		0.4984414279460907,
		-0.2896423935890198,
		0.9008788466453552
	],
	"24. nose": [
		0.4944033622741699,
		0.3372877836227417,
		-0.14512254297733307,
		0.9998900890350342
	],
	"25. left_eye": [
		0.49859434366226196,
		0.3264451324939728,
		-0.12662874162197113,
		0.9998119473457336
	],
	"26. right_eye": [
		0.48700013756752014,
		0.329110711812973,
		-0.13496345281600952,
		0.9997999668121338
	],
	"27. left_ear": [
		0.5034945607185364,
		0.3327082395553589,
		-0.02583933249115944,
		0.9996129870414734
	],
	"28. right_ear": [
		0.4802517294883728,
		0.3386411666870117,
		-0.06348536908626556,
		0.9997702240943909
	],
	"time stamp": 29.969946478656652
}