{
	"1. left_hip": [
		0.5108590126037598,
		0.5571377873420715,
		0.026013538241386414,
		0.9989271759986877
	],
	"2. left_knee": [
		0.513471245765686,
		0.6860449314117432,
		-0.028588533401489258,
		0.7750107645988464
	],
	"3. left_ankle": [
		0.49237218499183655,
		0.8043542504310608,
		0.0564521960914135,
		0.7700604200363159
	],
	"6. right_hip": [
		0.47699689865112305,
		0.556082546710968,
		-0.02590705081820488,
		0.9988664984703064
	],
	"7. right_knee": [
		0.4948076605796814,
		0.6799361705780029,
		-0.057097889482975006,
		0.9347625374794006
	],
	"8. right_ankle": [
		0.4826749265193939,
		0.8116070032119751,
		0.02967706322669983,
		0.9397587776184082
	],
	"14. left_shoulder": [
		0.5172432661056519,
		0.39620572328567505,
		0.06598228216171265,
		0.999559223651886
	],
	"15. left_elbow": [
		0.5225025415420532,
		0.46729913353919983,
		-0.027468377724289894,
		0.7226859927177429
	],
	"16. left_wrist": [
		0.4945022463798523,
		0.474921852350235,
		-0.15054836869239807,
		0.8138028383255005
	],
	"19. right_shoulder": [
		0.461291640996933,
		0.39026200771331787,
		-0.009217568673193455,
		0.9991863965988159
	],
	"20. right_elbow": [
		0.4687350392341614,
		0.4512255787849426,
		-0.11055953800678253,
		0.9502730965614319
	],
	"21. right_wrist": [
		0.5144271850585938,
		0.4283117949962616,
		-0.19128337502479553,
		0.9318103790283203
	],
	"24. nose": [
		0.4950132966041565,
		0.3220766484737396,
		-0.0783199667930603,
		0.9984896779060364
	],
	"25. left_eye": [
		0.49765095114707947,
		0.31444641947746277,
		-0.059962548315525055,
		0.9979838728904724
	],
	"26. right_eye": [
		0.4872604012489319,
		0.3143874704837799,
		-0.06790578365325928,
		0.9975283741950989
	],
	"27. left_ear": [
		0.500636637210846,
		0.32246825098991394,
		0.03235768899321556,
		0.9971510171890259
	],
	"28. right_ear": [
		0.47838911414146423,
		0.32593387365341187,
		-0.003010805230587721,
		0.9955533146858215
	],
	"time stamp": 29.969946478656652
}