{
	"1. left_hip": [
		0.48816925287246704,
		0.5801509618759155,
		0.0023736872244626284,
		0.9995794296264648
	],
	"2. left_knee": [
		0.5216811299324036,
		0.6756860613822937,
		-0.11977870762348175,
		0.9293792247772217
	],
	"3. left_ankle": [
		0.5080708265304565,
		0.7834219932556152,
		0.04413865506649017,
		0.9298155903816223
	],
	"6. right_hip": [
		0.45419079065322876,
		0.5746208429336548,
		-0.002442901488393545,
		0.9993688464164734
	],
	"7. right_knee": [
		0.44866448640823364,
		0.7049095034599304,
		-0.02108914777636528,
		0.9741754531860352
	],
	"8. right_ankle": [
		0.44861897826194763,
		0.8111477494239807,
		0.11603077501058578,
		0.9712865352630615
	],
	"14. left_shoulder": [
		0.5091937780380249,
		0.4143570065498352,
		-0.053492121398448944,
		0.9998465180397034
	],
	"15. left_elbow": [
		0.5237566828727722,
		0.4922243356704712,
		-0.06904290616512299,
		0.9113659262657166
	],
	"16. left_wrist": [
		0.5315189957618713,
		0.561393141746521,
		-0.1533406525850296,
		0.9345279335975647
	],
	"19. right_shoulder": [
		0.45041632652282715,
		0.41419872641563416,
		-0.01821826957166195,
		0.9991414546966553
	],
	"20. right_elbow": [
		0.4107395112514496,
		0.4088691771030426,
		-0.08897952735424042,
		0.9678688049316406
	],
	"21. right_wrist": [
		0.3879818320274353,
		0.35190239548683167,
		-0.24849672615528107,
		0.9520097970962524
	],
	"24. nose": [
		0.47557273507118225,
		0.3419027626514435,
		-0.1650967299938202,
		0.9994509816169739
	],
	"25. left_eye": [
		0.4790303707122803,
		0.33194059133529663,
		-0.15288145840168,
		0.9992657899856567
	],
	"26. right_eye": [
		0.46978193521499634,
		0.3361104428768158,
		-0.1491585671901703,
		0.9989902973175049
	],
	"27. left_ear": [
		0.4852612018585205,
		0.3384096026420593,
		-0.0804535299539566,
		0.9989371299743652
	],
	"28. right_ear": [
		0.4669773578643799,
		0.34692275524139404,
		-0.0650227814912796,
		0.9979896545410156
	],
	"time stamp": 29.969946478656652
}