{
	"1. left_hip": [
		0.52066570520401,
		0.5857516527175903,
		-0.03178450092673302,
		0.9997105002403259
	],
	"2. left_knee": [
		0.5324130654335022,
		0.7113936543464661,
		-0.07568271458148956,
		0.9741408824920654
	],
	"3. left_ankle": [
		0.5522055625915527,
		0.8149558901786804,
		0.008620805107057095,
		0.9733631014823914
	],
	"6. right_hip": [
		0.49846476316452026,
		0.5879866480827332,
		0.03184182196855545,
		0.9997263550758362
	],
	"7. right_knee": [
		0.44961243867874146,
		0.68096923828125,
		-0.04530051350593567,
		0.9873589277267456
	],
	"8. right_ankle": [
		0.46316656470298767,
		0.8101509809494019,
		0.03308439999818802,
		0.9872310161590576
	],
	"14. left_shoulder": [
		0.5247074961662292,
		0.4312658905982971,
		-0.05388042330741882,
		0.999860405921936
	],
	"15. left_elbow": [
		0.5323156714439392,
		0.5208258032798767,
		-0.04356444999575615,
		0.9457386136054993
	],
	"16. left_wrist": [
		0.554879903793335,
		0.5886956453323364,
		-0.11111050844192505,
		0.9391942024230957
	],
	"19. right_shoulder": [
		0.47939032316207886,
		0.3989652395248413,
		-0.011388976126909256,
		0.9995782971382141
	],
	"20. right_elbow": [
		0.43696632981300354,
		0.4108348488807678,
		-0.04514731839299202,
		0.9777230024337769
	],
	"21. right_wrist": [
		0.4131050109863281,
		0.4426639676094055,
		-0.12683333456516266,
		0.9702293276786804
	],
	"24. nose": [
		0.5243611335754395,
		0.36038070917129517,
		-0.13564470410346985,
		0.9997994899749756
	],
	"25. left_eye": [
		0.5225865840911865,
		0.34960418939590454,
		-0.1246124729514122,
		0.9997204542160034
	],
	"26. right_eye": [
		0.5194301009178162,
		0.34697264432907104,
		-0.1319599449634552,
		0.9996177554130554
	],
	"27. left_ear": [
		0.5170882344245911,
		0.35654839873313904,
		-0.05497732758522034,
		0.9996097683906555
	],
	"28. right_ear": [
		0.51063472032547,
		0.35106703639030457,
		-0.08558136224746704,
		0.999255359172821
	],
	"time stamp": 29.969946478656652
}