{
	"1. left_hip": [
		0.5313650369644165,
		0.607405960559845,
		-0.03239025920629501,
		0.9996835589408875
	],
	"2. left_knee": [
		0.5373756289482117,
		0.7285329103469849,
		-0.07683270424604416,
		0.9781246781349182
	],
	"3. left_ankle": [
		0.5516185164451599,
		0.8188995122909546,
		0.06505383551120758,
		0.9771857261657715
	],
	"6. right_hip": [
		0.5013906359672546,
		0.611977219581604,
		0.03245164826512337,
		0.9997574687004089
	],
	"7. right_knee": [
		0.4493151605129242,
		0.6851323843002319,
		-0.08591587841510773,
		0.9882410764694214
	],
	"8. right_ankle": [
		0.46396130323410034,
		0.8145521283149719,
		0.04428384453058243,
		0.9878900051116943
	],
	"14. left_shoulder": [
		0.5309705138206482,
		0.46210139989852905,
		-0.10791803896427155,
		0.9998789429664612
	],
	"15. left_elbow": [
		0.5505352020263672,
		0.5438546538352966,
		-0.1185181736946106,
		0.9542299509048462
	],
	"16. left_wrist": [
		0.5870292782783508,
		0.5832535028457642,
		-0.22062468528747559,
		0.9486949443817139
	],
	"19. right_shoulder": [
		0.4791431427001953,
		0.4381924867630005,
		-0.0564131923019886,
		0.9996515512466431
	],
	"20. right_elbow": [
		0.44190293550491333,
		0.4868452250957489,
		-0.029857877641916275,
		0.9792208671569824
	],
	"21. right_wrist": [
		0.42593637108802795,
		0.5452360510826111,
		-0.15577052533626556,
		0.9720626473426819
	],
	"24. nose": [
		0.5163408517837524,
		0.3837927579879761,
		-0.22920963168144226,
		0.9998365044593811
	],
	"25. left_eye": [
		0.5239118933677673,
		0.3803267478942871,
		-0.2159162312746048,
		0.9997689723968506
	],
	"26. right_eye": [
		0.5162987112998962,
		0.3707491159439087,
		-0.2161579430103302,
		0.9996865391731262
	],
	"27. left_ear": [
		0.5252264738082886,
		0.38907843828201294,
		-0.13432632386684418,
		0.9996748566627502
	],
	"28. right_ear": [
		0.514397382736206,
		0.37473249435424805,
		-0.13872890174388885,
		0.9993916153907776
	],
	"time stamp": 29.969946478656652
}