{
	"1. left_hip": [
		0.5357586145401001,
		0.6078110933303833,
		-0.03981039300560951,
		0.9996797442436218
	],
	"2. left_knee": [
		0.5373943448066711,
		0.7223052978515625,
		-0.08354558050632477,
		0.981346845626831
	],
	"3. left_ankle": [
		0.5509729981422424,
		0.8159541487693787,
		0.06151200458407402,
		0.980616569519043
	],
	"6. right_hip": [
		0.5055750608444214,
		0.6141935586929321,
		0.03993421792984009,
		0.9997890591621399
	],
	"7. right_knee": [
		0.45248904824256897,
		0.6876301765441895,
		-0.10115356743335724,
		0.9889758825302124
	],
	"8. right_ankle": [
		0.4644952416419983,
		0.8146536350250244,
		0.0014613433741033077,
		0.9889443516731262
	],
	"14. left_shoulder": [
		0.5335567593574524,
		0.4682176411151886,
		-0.09321774542331696,
		0.9998989105224609
	],
	"15. left_elbow": [
		0.5702716708183289,
		0.5214031934738159,
		-0.10970395803451538,
		0.9625078439712524
	],
	"16. left_wrist": [
		0.6027629375457764,
		0.5050815343856812,
		-0.18581929802894592,
		0.9577648043632507
	],
	"19. right_shoulder": [
		0.47894102334976196,
		0.4474523365497589,
		-0.02234422229230404,
		0.9997134208679199
	],
	"20. right_elbow": [
		0.4589822292327881,
		0.5127834677696228,
		0.01550767756998539,
		0.9680576920509338
	],
	"21. right_wrist": [
		0.44673261046409607,
		0.5755279660224915,
		-0.024377165362238884,
		0.9614619016647339
	],
	"24. nose": [
		0.5114670991897583,
		0.3842330574989319,
		-0.1604962944984436,
		0.9998653531074524
	],
	"25. left_eye": [
		0.5195915699005127,
		0.3833816945552826,
		-0.15397556126117706,
		0.9998029470443726
	],
	"26. right_eye": [
		0.5136045813560486,
		0.3774733245372772,
		-0.14748558402061462,
		0.9997378587722778
	],
	"27. left_ear": [
		0.5242156982421875,
		0.39792031049728394,
		-0.11096670478582382,
		0.9997190237045288
	],
	"28. right_ear": [
		0.5142524838447571,
		0.38657712936401367,
		-0.08363746106624603,
		0.9994975924491882
	],
	"time stamp": 29.969946478656652
}