{
	"1. left_hip": [
		0.536369800567627,
		0.5976108312606812,
		-0.04045813903212547,
		0.9997031092643738
	],
	"2. left_knee": [
		0.5395580530166626,
		0.71539705991745,
		-0.05027284473180771,
		0.9848212599754333
	],
	"3. left_ankle": [
		0.5522432923316956,
		0.8149067163467407,
		0.08343451470136642,
		0.9843403100967407
	],
	"6. right_hip": [
		0.5037895441055298,
		0.6080390214920044,
		0.04064568132162094,
		0.9998317360877991
	],
	"7. right_knee": [
		0.4557512700557709,
		0.6898166537284851,
		-0.09535183012485504,
		0.9897592663764954
	],
	"8. right_ankle": [
		0.4643452763557434,
		0.8141788244247437,
		0.013646319508552551,
		0.9902411103248596
	],
	"14. left_shoulder": [
		0.5357390642166138,
		0.44938933849334717,
		-0.11940947920084,
		0.9999211430549622
	],
	"15. left_elbow": [
		0.5763465762138367,
		0.44695553183555603,
		-0.15677818655967712,
		0.9724075794219971
	],
	"16. left_wrist": [
		0.5926781892776489,
		0.3848506212234497,
		-0.27844199538230896,
		0.9683762192726135
	],
	"19. right_shoulder": [
		0.47736749053001404,
		0.4394424557685852,
		-0.04112517088651657,
		0.9997823238372803
	],
	"20. right_elbow": [
		0.46496421098709106,
		0.5023717880249023,
		0.013549411669373512,
		0.9565631151199341
	],
	"21. right_wrist": [
		0.4642419219017029,
		0.5658997297286987,
		-0.008330990560352802,
		0.9301005005836487
	],
	"24. nose": [
		0.5118889212608337,
		0.3831479847431183,
		-0.20537297427654266,
		0.9998988509178162
	],
	"25. left_eye": [
		0.5190747976303101,
		0.37752121686935425,
		-0.19256916642189026,
		0.9998442530632019
	],
	"26. right_eye": [
		0.5130774974822998,
		0.3732448220252991,
		-0.1924378126859665,
		0.9997997283935547
	],
	"27. left_ear": [
		0.5223270058631897,
		0.38932105898857117,
		-0.1314416378736496,
		0.999775767326355
	],
	"28. right_ear": [
		0.511299729347229,
		0.38154274225234985,
		-0.11991375684738159,
		0.9996254444122314
	],
	"time stamp": 29.969946478656652
}