{
	"1. left_hip": [
		0.5151538848876953,
		0.548760712146759,
		0.00024754783953540027,
		0.9997822642326355
	],
	"2. left_knee": [
		0.5356937646865845,
		0.6818335652351379,
		-0.004379060585051775,
		0.9882400631904602
	],
	"3. left_ankle": [
		0.5423221588134766,
		0.8037585020065308,
		0.08421371877193451,
		0.9884175062179565
	],
	"6. right_hip": [
		0.48025208711624146,
		0.549092173576355,
		-0.00031468106317333877,
		0.9998307824134827
	],
	"7. right_knee": [
		0.4616331458091736,
		0.6887302994728088,
		-0.006156539544463158,
		0.9900002479553223
	],
	"8. right_ankle": [
		0.450916588306427,
		0.8044551610946655,
		0.08605624735355377,
		0.991726815700531
	],
	"14. left_shoulder": [
		0.5249894261360168,
		0.3626166582107544,
		-0.025715207681059837,
		0.9998576045036316
	],
	"15. left_elbow": [
		0.5633262395858765,
		0.33623236417770386,
		-0.10471485555171967,
		0.9827009439468384
	],
	"16. left_wrist": [
		0.5371650457382202,
		0.320075124502182,
		-0.21950273215770721,
		0.9577797055244446
	],
	"19. right_shoulder": [
		0.4693341851234436,
		0.38494762778282166,
		-0.014480653218925,
		0.9997649788856506
	],
	"20. right_elbow": [
		0.46684861183166504,
		0.46556052565574646,
		0.028472919017076492,
		0.8324224352836609
	],
	"21. right_wrist": [
		0.4621157646179199,
		0.536172091960907,
		-0.028427422046661377,
		0.776116132736206
	],
	"24. nose": [
		0.49257612228393555,
		0.31794652342796326,
		-0.15483225882053375,
		0.9999352693557739
	],
	"25. left_eye": [
		0.49911069869995117,
		0.30865561962127686,
		-0.14632278680801392,
		0.9998819828033447
	],
	"26. right_eye": [
		0.48803481459617615,
		0.30842381715774536,
		-0.14739538729190826,
		0.9998698234558105
	],
	"27. left_ear": [
		0.5061867237091064,
		0.3141782283782959,
		-0.07027959078550339,
		0.9998165369033813
	],
	"28. right_ear": [
		0.4846644997596741,
		0.31452322006225586,
		-0.06639301031827927,
		0.999782919883728
	],
	"time stamp": 29.969946478656652
}