{
	"1. left_hip": [
		0.4873987138271332,
		0.6017761826515198,
		0.025080254301428795,
		0.999850869178772
	],
	"2. left_knee": [
		0.5378614664077759,
		0.6824586391448975,
		-0.10260800272226334,
		0.9824320673942566
	],
	"3. left_ankle": [
		0.5305358171463013,
		0.8086702227592468,
		-0.04073785990476608,
		0.9854547381401062
	],
	"6. right_hip": [
		0.4583120346069336,
		0.5960903763771057,
		-0.025103677064180374,
		0.9997466802597046
	],
	"7. right_knee": [
		0.4611859917640686,
		0.7178902626037598,
		-0.03800208121538162,
		0.9880501627922058
	],
	"8. right_ankle": [
		0.4468080401420593,
		0.8118846416473389,
		0.08254963159561157,
		0.9833171963691711
	],
	"14. left_shoulder": [
		0.5126615166664124,
		0.4213023781776428,
		0.021499967202544212,
		0.9999091029167175
	],
	"15. left_elbow": [
		0.5350321531295776,
		0.4887312650680542,
		0.015628941357135773,
		0.9822419881820679
	],
	"16. left_wrist": [
		0.5550436973571777,
		0.5445564389228821,
		-0.08530306071043015,
		0.9644557237625122
	],
	"19. right_shoulder": [
		0.45847517251968384,
		0.4452584683895111,
		0.0007189660100266337,
		0.9997986555099487
	],
	"20. right_elbow": [
		0.4415319561958313,
		0.5193216800689697,
		-0.055617570877075195,
		0.9024863839149475
	],
	"21. right_wrist": [
		0.410663902759552,
		0.5282794237136841,
		-0.1824418157339096,
		0.8818930387496948
	],
	"24. nose": [
		0.47112131118774414,
		0.3757440447807312,
		-0.12361764907836914,
		0.9999608397483826
	],
	"25. left_eye": [
		0.4752589166164398,
		0.3599570393562317,
		-0.1129244714975357,
		0.9999228119850159
	],
	"26. right_eye": [
		0.4657065272331238,
		0.3683939278125763,
		-0.10948608815670013,
		0.9999079704284668
	],
	"27. left_ear": [
		0.4854852557182312,
		0.35999831557273865,
		-0.041510991752147675,
		0.9998698830604553
	],
	"28. right_ear": [
		0.46548837423324585,
		0.3750317096710205,
		-0.024045512080192566,
		0.9998295307159424
	],
	"time stamp": 29.969946478656652
}