{
	"1. left_hip": [
		0.49247613549232483,
		0.5863348245620728,
		0.0303020216524601,
		0.9998046159744263
	],
	"2. left_knee": [
		0.5379852652549744,
		0.6839918494224548,
		-0.05377151444554329,
		0.9795802235603333
	],
	"3. left_ankle": [
		0.5288815498352051,
		0.8099914789199829,
		0.0273141972720623,
		0.9855893850326538
	],
	"6. right_hip": [
		0.4633120894432068,
		0.5827875137329102,
		-0.030352825298905373,
		0.9996641874313354
	],
	"7. right_knee": [
		0.46045947074890137,
		0.7137870788574219,
		-0.055410780012607574,
		0.9871404767036438
	],
	"8. right_ankle": [
		0.4470931589603424,
		0.8118782043457031,
		0.030403807759284973,
		0.9818581342697144
	],
	"14. left_shoulder": [
		0.5126327276229858,
		0.41190749406814575,
		-0.0006830338970758021,
		0.9997298121452332
	],
	"15. left_elbow": [
		0.5208767652511597,
		0.48557984828948975,
		0.01624828763306141,
		0.9039691090583801
	],
	"16. left_wrist": [
		0.5200464725494385,
		0.5526931285858154,
		-0.03488420695066452,
		0.8577940464019775
	],
	"19. right_shoulder": [
		0.4589442312717438,
		0.43186259269714355,
		-0.052622176706790924,
		0.9996383190155029
	],
	"20. right_elbow": [
		0.4200722575187683,
		0.41540467739105225,
		-0.1531219631433487,
		0.9354904890060425
	],
	"21. right_wrist": [
		0.413693368434906,
		0.36180445551872253,
		-0.31249216198921204,
		0.9231758117675781
	],
	"24. nose": [
		0.4763537049293518,
		0.3609505593776703,
		-0.1677784025669098,
		0.9999235272407532
	],
	"25. left_eye": [
		0.47799453139305115,
		0.34927886724472046,
		-0.1552550345659256,
		0.9998767375946045
	],
	"26. right_eye": [
		0.4690268635749817,
		0.36559709906578064,
		-0.15539684891700745,
		0.9998568296432495
	],
	"27. left_ear": [
		0.4833401143550873,
		0.35325250029563904,
		-0.07472698390483856,
		0.999794602394104
	],
	"28. right_ear": [
		0.46480903029441833,
		0.37529781460762024,
		-0.07434509694576263,
		0.999739944934845
	],
	"time stamp": 29.969946478656652
}