{
	"1. left_hip": [
		0.5066772699356079,
		0.5590628385543823,
		0.027888139709830284,
		0.9997485876083374
	],
	"2. left_knee": [
		0.5384696125984192,
		0.679867148399353,
		-0.022612784057855606,
		0.9805737137794495
	],
	"3. left_ankle": [
		0.530591607093811,
		0.807323694229126,
		0.06915761530399323,
		0.9864655137062073
	],
	"6. right_hip": [
		0.4723327159881592,
		0.5576140880584717,
		-0.027959579601883888,
		0.999663233757019
	],
	"7. right_knee": [
		0.4613659977912903,
		0.6953996419906616,
		-0.05536584183573723,
		0.9881969094276428
	],
	"8. right_ankle": [
		0.44787463545799255,
		0.8076003193855286,
		0.029793884605169296,
		0.9841464757919312
	],
	"14. left_shoulder": [
		0.515851616859436,
		0.39068785309791565,
		-0.00242431927472353,
		0.9994651675224304
	],
	"15. left_elbow": [
		0.5245547890663147,
		0.4736102521419525,
		0.021611109375953674,
		0.8654207587242126
	],
	"16. left_wrist": [
		0.526369571685791,
		0.542235255241394,
		-0.03038664720952511,
		0.8009756803512573
	],
	"19. right_shoulder": [
		0.45977115631103516,
		0.3973199725151062,
		-0.0662069171667099,
		0.9996406435966492
	],
	"20. right_elbow": [
		0.4282127916812897,
		0.3991653323173523,
		-0.17089398205280304,
		0.9465394020080566
	],
	"21. right_wrist": [
		0.4242764413356781,
		0.33727824687957764,
		-0.34187108278274536,
		0.936281144618988
	],
	"24. nose": [
		0.48304110765457153,
		0.3286873400211334,
		-0.17735613882541656,
		0.9998903870582581
	],
	"25. left_eye": [
		0.4823477268218994,
		0.3215502202510834,
		-0.1633322387933731,
		0.9998220801353455
	],
	"26. right_eye": [
		0.47338491678237915,
		0.32997292280197144,
		-0.16528941690921783,
		0.9998295307159424
	],
	"27. left_ear": [
		0.4856186509132385,
		0.3285156488418579,
		-0.07787264883518219,
		0.9997236132621765
	],
	"28. right_ear": [
		0.46663299202919006,
		0.34578409790992737,
		-0.08610134571790695,
		0.999726414680481
	],
	"time stamp": 29.969946478656652
}