{
	"1. left_hip": [
		0.5375741720199585,
		0.579458475112915,
		-0.027272388339042664,
		0.9997638463973999
	],
	"2. left_knee": [
		0.539336085319519,
		0.7068029046058655,
		-0.10288135707378387,
		0.9902375936508179
	],
	"3. left_ankle": [
		0.5496243834495544,
		0.814610481262207,
		0.01579578034579754,
		0.9921337366104126
	],
	"6. right_hip": [
		0.5060317516326904,
		0.5880405902862549,
		0.02736740931868553,
		0.9997847676277161
	],
	"7. right_knee": [
		0.4589887261390686,
		0.6819187998771667,
		-0.07633551955223083,
		0.9921301603317261
	],
	"8. right_ankle": [
		0.4723688066005707,
		0.8122566938400269,
		0.050314806401729584,
		0.9908219575881958
	],
	"14. left_shoulder": [
		0.5300857424736023,
		0.4293767809867859,
		-0.09429790079593658,
		0.9997518062591553
	],
	"15. left_elbow": [
		0.5479137897491455,
		0.5054123997688293,
		-0.14214618504047394,
		0.9236491918563843
	],
	"16. left_wrist": [
		0.5854434967041016,
		0.5308291912078857,
		-0.28383108973503113,
		0.9029041528701782
	],
	"19. right_shoulder": [
		0.47639212012290955,
		0.4063120186328888,
		-0.058009903877973557,
		0.999768078327179
	],
	"20. right_elbow": [
		0.4360117018222809,
		0.4417969286441803,
		-0.10623754560947418,
		0.9676151871681213
	],
	"21. right_wrist": [
		0.4258701801300049,
		0.49298426508903503,
		-0.23728041350841522,
		0.9504901170730591
	],
	"24. nose": [
		0.515302836894989,
		0.3594955801963806,
		-0.2227402627468109,
		0.9999486207962036
	],
	"25. left_eye": [
		0.5183150172233582,
		0.3504955768585205,
		-0.20915928483009338,
		0.9999110102653503
	],
	"26. right_eye": [
		0.5105973482131958,
		0.34455960988998413,
		-0.21231643855571747,
		0.9999126195907593
	],
	"27. left_ear": [
		0.5192331075668335,
		0.35729360580444336,
		-0.12052349001169205,
		0.9998675584793091
	],
	"28. right_ear": [
		0.5045943856239319,
		0.346312940120697,
		-0.13755598664283752,
		0.9998661875724792
	],
	"time stamp": 29.969946478656652
}