{
	"1. left_hip": [
		0.5308908224105835,
		0.5534572005271912,
		-0.009497063234448433,
		0.9997887015342712
	],
	"2. left_knee": [
		0.5441241264343262,
		0.6867231130599976,
		-0.0205066055059433,
		0.9901653528213501
	],
	"3. left_ankle": [
		0.5486327409744263,
		0.8086128830909729,
		0.07772722095251083,
		0.9911738634109497
	],
	"6. right_hip": [
		0.49693799018859863,
		0.5553637742996216,
		0.009470789693295956,
		0.9998389482498169
	],
	"7. right_knee": [
		0.47185268998146057,
		0.6891174912452698,
		-0.006916818208992481,
		0.9922388792037964
	],
	"8. right_ankle": [
		0.45839881896972656,
		0.803345799446106,
		0.09153538197278976,
		0.9916517734527588
	],
	"14. left_shoulder": [
		0.5359682440757751,
		0.38161560893058777,
		0.005786536261439323,
		0.9998472332954407
	],
	"15. left_elbow": [
		0.5672105550765991,
		0.36785414814949036,
		-0.10260214656591415,
		0.9659832119941711
	],
	"16. left_wrist": [
		0.5608758330345154,
		0.3519841134548187,
		-0.28384631872177124,
		0.9436602592468262
	],
	"19. right_shoulder": [
		0.47717660665512085,
		0.3947533071041107,
		0.013420035131275654,
		0.9998867511749268
	],
	"20. right_elbow": [
		0.47471222281455994,
		0.482109397649765,
		-0.0045167263597249985,
		0.9656693935394287
	],
	"21. right_wrist": [
		0.4643065333366394,
		0.550629198551178,
		-0.09700509905815125,
		0.942915141582489
	],
	"24. nose": [
		0.5034146904945374,
		0.31785109639167786,
		-0.12282327562570572,
		0.9999760389328003
	],
	"25. left_eye": [
		0.5107228755950928,
		0.31411340832710266,
		-0.10810192674398422,
		0.9999455213546753
	],
	"26. right_eye": [
		0.5005263686180115,
		0.3110918402671814,
		-0.1098455935716629,
		0.9999547600746155
	],
	"27. left_ear": [
		0.5167015790939331,
		0.3242110311985016,
		-0.024971352890133858,
		0.9999050498008728
	],
	"28. right_ear": [
		0.4965341091156006,
		0.31994062662124634,
		-0.03285214677453041,
		0.9999415874481201
	],
	"time stamp": 29.969946478656652
}