{
	"1. left_hip": [
		0.5237254500389099,
		0.5412904620170593,
		-0.007658588699996471,
		0.999783456325531
	],
	"2. left_knee": [
		0.538349986076355,
		0.6796154975891113,
		-0.016888713464140892,
		0.9888063073158264
	],
	"3. left_ankle": [
		0.5484577417373657,
		0.8048331141471863,
		0.08111657202243805,
		0.9903821349143982
	],
	"6. right_hip": [
		0.4905685484409332,
		0.5432509183883667,
		0.007612964604049921,
		0.9997156858444214
	],
	"7. right_knee": [
		0.47459155321121216,
		0.6819553375244141,
		-0.0002332221920369193,
		0.9912351965904236
	],
	"8. right_ankle": [
		0.4577796459197998,
		0.7972574234008789,
		0.09687541425228119,
		0.9908042550086975
	],
	"14. left_shoulder": [
		0.530025064945221,
		0.3626438081264496,
		-0.03086957335472107,
		0.999858558177948
	],
	"15. left_elbow": [
		0.5652700662612915,
		0.37407150864601135,
		-0.06167683005332947,
		0.9700382351875305
	],
	"16. left_wrist": [
		0.5683766603469849,
		0.40556854009628296,
		-0.18905095756053925,
		0.9428039193153381
	],
	"19. right_shoulder": [
		0.4734404683113098,
		0.3869877755641937,
		-0.0030018161050975323,
		0.9998288154602051
	],
	"20. right_elbow": [
		0.4688722491264343,
		0.473954439163208,
		0.005143976770341396,
		0.9633142948150635
	],
	"21. right_wrist": [
		0.4380393624305725,
		0.517278790473938,
		-0.08038130402565002,
		0.9471099376678467
	],
	"24. nose": [
		0.4918917715549469,
		0.30542346835136414,
		-0.16535885632038116,
		0.9999762177467346
	],
	"25. left_eye": [
		0.49818354845046997,
		0.2951962649822235,
		-0.1538534164428711,
		0.9999369382858276
	],
	"26. right_eye": [
		0.4867098927497864,
		0.2975492477416992,
		-0.1537259817123413,
		0.999948263168335
	],
	"27. left_ear": [
		0.5057871341705322,
		0.3023090362548828,
		-0.07385872304439545,
		0.9998887777328491
	],
	"28. right_ear": [
		0.4837833344936371,
		0.3072139322757721,
		-0.07151515036821365,
		0.9999157190322876
	],
	"time stamp": 29.969946478656652
}