{
	"1. left_hip": [
		0.5073879957199097,
		0.5647709965705872,
		-0.0013722433941438794,
		0.999729335308075
	],
	"2. left_knee": [
		0.5217858552932739,
		0.6934559941291809,
		0.0004873895086348057,
		0.9895210266113281
	],
	"3. left_ankle": [
		0.5412459373474121,
		0.8070093989372253,
		0.08853288739919662,
		0.9915074110031128
	],
	"6. right_hip": [
		0.47235050797462463,
		0.5641285181045532,
		0.0012575286673381925,
		0.9995801448822021
	],
	"7. right_knee": [
		0.472816526889801,
		0.6946725845336914,
		0.00627041095867753,
		0.9917535781860352
	],
	"8. right_ankle": [
		0.4642869532108307,
		0.8076263666152954,
		0.12433036416769028,
		0.9902603030204773
	],
	"14. left_shoulder": [
		0.5212051272392273,
		0.39640554785728455,
		-0.061429984867572784,
		0.999880850315094
	],
	"15. left_elbow": [
		0.5355154275894165,
		0.46765729784965515,
		0.003395283594727516,
		0.9756684303283691
	],
	"16. left_wrist": [
		0.5430905818939209,
		0.5310224890708923,
		0.00561515660956502,
		0.9485774636268616
	],
	"19. right_shoulder": [
		0.4620493948459625,
		0.4072389304637909,
		-0.05348052456974983,
		0.9997645616531372
	],
	"20. right_elbow": [
		0.42798128724098206,
		0.4431148171424866,
		-0.07904304563999176,
		0.9685911536216736
	],
	"21. right_wrist": [
		0.3958529531955719,
		0.40779605507850647,
		-0.21546748280525208,
		0.9628273248672485
	],
	"24. nose": [
		0.4798884391784668,
		0.3379523754119873,
		-0.21489588916301727,
		0.9999807476997375
	],
	"25. left_eye": [
		0.48407691717147827,
		0.320929616689682,
		-0.2053445279598236,
		0.9999510645866394
	],
	"26. right_eye": [
		0.4731628894805908,
		0.3309966027736664,
		-0.20240040123462677,
		0.9999547004699707
	],
	"27. left_ear": [
		0.4930415153503418,
		0.3220382332801819,
		-0.1313183605670929,
		0.9999181628227234
	],
	"28. right_ear": [
		0.4705352187156677,
		0.3390401303768158,
		-0.1174469143152237,
		0.9999086260795593
	],
	"time stamp": 29.969946478656652
}