{
	"1. left_hip": [
		0.49828141927719116,
		0.5698083639144897,
		-0.012800373136997223,
		0.9997566342353821
	],
	"2. left_knee": [
		0.5038094520568848,
		0.7002697587013245,
		-0.042273733764886856,
		0.9908776879310608
	],
	"3. left_ankle": [
		0.5347913503646851,
		0.7789098024368286,
		0.144706130027771,
		0.9920322895050049
	],
	"6. right_hip": [
		0.4656791090965271,
		0.5719534754753113,
		0.012633426114916801,
		0.999628484249115
	],
	"7. right_knee": [
		0.46561723947525024,
		0.7057784795761108,
		0.004450722597539425,
		0.9918299913406372
	],
	"8. right_ankle": [
		0.4649893343448639,
		0.8086923360824585,
		0.16096794605255127,
		0.9907174706459045
	],
	"14. left_shoulder": [
		0.5143479108810425,
		0.4041249454021454,
		-0.05411728098988533,
		0.9998971819877625
	],
	"15. left_elbow": [
		0.5250710844993591,
		0.4780047833919525,
		-0.024868067353963852,
		0.9779273867607117
	],
	"16. left_wrist": [
		0.5284360647201538,
		0.5443506240844727,
		-0.0643133819103241,
		0.9530059695243835
	],
	"19. right_shoulder": [
		0.4560171961784363,
		0.40942224860191345,
		-0.03567828610539436,
		0.9997462630271912
	],
	"20. right_elbow": [
		0.42941951751708984,
		0.4448878765106201,
		-0.1183677464723587,
		0.9699003100395203
	],
	"21. right_wrist": [
		0.41620177030563354,
		0.3886585235595703,
		-0.31878072023391724,
		0.9676408171653748
	],
	"24. nose": [
		0.4761931002140045,
		0.3477029502391815,
		-0.18962383270263672,
		0.9999812841415405
	],
	"25. left_eye": [
		0.4794401228427887,
		0.33262911438941956,
		-0.17918194830417633,
		0.9999527335166931
	],
	"26. right_eye": [
		0.4689060151576996,
		0.3443552255630493,
		-0.1791667491197586,
		0.9999508857727051
	],
	"27. left_ear": [
		0.48730403184890747,
		0.33328497409820557,
		-0.10764296352863312,
		0.9999278783798218
	],
	"28. right_ear": [
		0.46521085500717163,
		0.3533139228820801,
		-0.09517313539981842,
		0.9998862147331238
	],
	"time stamp": 29.969946478656652
}