{
	"1. left_hip": [
		0.4974948465824127,
		0.5691807270050049,
		-0.023242969065904617,
		0.9997707605361938
	],
	"2. left_knee": [
		0.4922455847263336,
		0.6978029608726501,
		-0.06735389679670334,
		0.9920002222061157
	],
	"3. left_ankle": [
		0.5250982642173767,
		0.7570940852165222,
		0.15823592245578766,
		0.9917566776275635
	],
	"6. right_hip": [
		0.4645993113517761,
		0.5720223188400269,
		0.02316546067595482,
		0.9996638298034668
	],
	"7. right_knee": [
		0.46284812688827515,
		0.7047869563102722,
		0.01569787971675396,
		0.9914167523384094
	],
	"8. right_ankle": [
		0.46543988585472107,
		0.8094742894172668,
		0.15887510776519775,
		0.9910902380943298
	],
	"14. left_shoulder": [
		0.5119327902793884,
		0.40513578057289124,
		-0.06357813626527786,
		0.9999130368232727
	],
	"15. left_elbow": [
		0.5215211510658264,
		0.4870556592941284,
		-0.06648140400648117,
		0.9809221029281616
	],
	"16. left_wrist": [
		0.5043143033981323,
		0.5352489948272705,
		-0.10834430158138275,
		0.9595256447792053
	],
	"19. right_shoulder": [
		0.4543599486351013,
		0.4103134274482727,
		-0.013322104699909687,
		0.9997000098228455
	],
	"20. right_elbow": [
		0.43219193816185,
		0.44620567560195923,
		-0.10596366226673126,
		0.968593180179596
	],
	"21. right_wrist": [
		0.4459019601345062,
		0.39458057284355164,
		-0.2818828523159027,
		0.9692610502243042
	],
	"24. nose": [
		0.474172443151474,
		0.34850698709487915,
		-0.1804291307926178,
		0.9999818801879883
	],
	"25. left_eye": [
		0.47667208313941956,
		0.3340713083744049,
		-0.1715627759695053,
		0.9999555349349976
	],
	"26. right_eye": [
		0.4668270945549011,
		0.3464405834674835,
		-0.16578301787376404,
		0.999946653842926
	],
	"27. left_ear": [
		0.4838443696498871,
		0.3355344533920288,
		-0.10088703781366348,
		0.9999379515647888
	],
	"28. right_ear": [
		0.4632589817047119,
		0.3555256426334381,
		-0.07184876501560211,
		0.9998578429222107
	],
	"time stamp": 29.969946478656652
}