{
	"1. left_hip": [
		0.4951993525028229,
		0.5634673237800598,
		-0.029356181621551514,
		0.9998047351837158
	],
	"2. left_knee": [
		0.4693416655063629,
		0.6331232786178589,
		-0.2808402180671692,
		0.9932220578193665
	],
	"3. left_ankle": [
		0.4939216077327728,
		0.7426072955131531,
		-0.21761956810951233,
		0.988124430179596
	],
	"6. right_hip": [
		0.4602696895599365,
		0.5709788799285889,
		0.02931688167154789,
		0.999719500541687
	],
	"7. right_knee": [
		0.4558849334716797,
		0.6950995326042175,
		-0.055794358253479004,
		0.96798175573349
	],
	"8. right_ankle": [
		0.4687495231628418,
		0.8111218214035034,
		-0.00517177814617753,
		0.9812790751457214
	],
	"14. left_shoulder": [
		0.5073829293251038,
		0.4026508331298828,
		0.04852226376533508,
		0.9998781681060791
	],
	"15. left_elbow": [
		0.4928405284881592,
		0.45241791009902954,
		-0.04255957156419754,
		0.96949702501297
	],
	"16. left_wrist": [
		0.4509252905845642,
		0.44572722911834717,
		-0.10049772262573242,
		0.9036969542503357
	],
	"19. right_shoulder": [
		0.4532862603664398,
		0.4120728075504303,
		0.10894310474395752,
		0.999191403388977
	],
	"20. right_elbow": [
		0.4533839821815491,
		0.4652852714061737,
		0.014425528235733509,
		0.7785824537277222
	],
	"21. right_wrist": [
		0.4683077335357666,
		0.4731597602367401,
		-0.10347972065210342,
		0.7719822525978088
	],
	"24. nose": [
		0.472470223903656,
		0.35225483775138855,
		-0.0030557652935385704,
		0.9998909831047058
	],
	"25. left_eye": [
		0.47469741106033325,
		0.3384140431880951,
		0.010226638987660408,
		0.9998558759689331
	],
	"26. right_eye": [
		0.4642435908317566,
		0.3496030271053314,
		0.014093959704041481,
		0.9996932744979858
	],
	"27. left_ear": [
		0.4809955656528473,
		0.33857056498527527,
		0.0713011771440506,
		0.9999049305915833
	],
	"28. right_ear": [
		0.46034112572669983,
		0.3594485819339752,
		0.09092043340206146,
		0.9992743730545044
	],
	"time stamp": 29.969946478656652
}