{
	"1. left_hip": [
		0.4842650294303894,
		0.5892105102539062,
		-0.06913958489894867,
		0.9998807907104492
	],
	"2. left_knee": [
		0.4747779369354248,
		0.7125740647315979,
		-0.1391814649105072,
		0.9930910468101501
	],
	"3. left_ankle": [
		0.4972721040248871,
		0.8427852392196655,
		-0.14342078566551208,
		0.9921584129333496
	],
	"6. right_hip": [
		0.4623339772224426,
		0.5934906601905823,
		0.06916935741901398,
		0.999761164188385
	],
	"7. right_knee": [
		0.444419801235199,
		0.7143501043319702,
		0.05944699048995972,
		0.8964338898658752
	],
	"8. right_ankle": [
		0.47858062386512756,
		0.8135658502578735,
		0.14206497371196747,
		0.934573769569397
	],
	"14. left_shoulder": [
		0.49468594789505005,
		0.4190971851348877,
		-0.0701659545302391,
		0.9999321103096008
	],
	"15. left_elbow": [
		0.5190790295600891,
		0.48700952529907227,
		-0.10628621280193329,
		0.979855477809906
	],
	"16. left_wrist": [
		0.536567211151123,
		0.5509335994720459,
		-0.19427135586738586,
		0.9307048916816711
	],
	"19. right_shoulder": [
		0.45616793632507324,
		0.43373972177505493,
		0.11165286600589752,
		0.9994348287582397
	],
	"20. right_elbow": [
		0.4339771866798401,
		0.498396635055542,
		0.16503721475601196,
		0.7038438320159912
	],
	"21. right_wrist": [
		0.39903849363327026,
		0.5386766791343689,
		0.11188651621341705,
		0.7948101758956909
	],
	"24. nose": [
		0.46705570816993713,
		0.3642876148223877,
		-0.07831934094429016,
		0.9999189376831055
	],
	"25. left_eye": [
		0.47179943323135376,
		0.3495959937572479,
		-0.07326019555330276,
		0.9999163746833801
	],
	"26. right_eye": [
		0.46170657873153687,
		0.3567225933074951,
		-0.06307602673768997,
		0.9998170137405396
	],
	"27. left_ear": [
		0.47799354791641235,
		0.35444194078445435,
		-0.03128964453935623,
		0.9999501705169678
	],
	"28. right_ear": [
		0.45909786224365234,
		0.36428362131118774,
		0.016132904216647148,
		0.9996172785758972
	],
	"time stamp": 29.969946478656652
}