{
	"1. left_hip": [
		0.48444145917892456,
		0.5872580409049988,
		-0.06959100067615509,
		0.9998893737792969
	],
	"2. left_knee": [
		0.4749302864074707,
		0.7124643921852112,
		-0.13837696611881256,
		0.9933313727378845
	],
	"3. left_ankle": [
		0.4974912703037262,
		0.8441967368125916,
		-0.14266864955425262,
		0.9926792979240417
	],
	"6. right_hip": [
		0.462327241897583,
		0.5913756489753723,
		0.0696190744638443,
		0.9997700452804565
	],
	"7. right_knee": [
		0.44473451375961304,
		0.714862585067749,
		0.05254616215825081,
		0.8982622027397156
	],
	"8. right_ankle": [
		0.47910696268081665,
		0.8134849667549133,
		0.130269855260849,
		0.9341350793838501
	],
	"14. left_shoulder": [
		0.4949444830417633,
		0.418093204498291,
		-0.06618492305278778,
		0.9999388456344604
	],
	"15. left_elbow": [
		0.5182833671569824,
		0.4860873818397522,
		-0.10638795047998428,
		0.9817863702774048
	],
	"16. left_wrist": [
		0.5350528359413147,
		0.5501179695129395,
		-0.19042673707008362,
		0.9373629689216614
	],
	"19. right_shoulder": [
		0.4552914500236511,
		0.4356774687767029,
		0.11845742166042328,
		0.9994774460792542
	],
	"20. right_elbow": [
		0.4338134229183197,
		0.4974011778831482,
		0.16875909268856049,
		0.7147817611694336
	],
	"21. right_wrist": [
		0.3992229104042053,
		0.5378194451332092,
		0.11580988019704819,
		0.8112483024597168
	],
	"24. nose": [
		0.4674261510372162,
		0.36283251643180847,
		-0.06827344000339508,
		0.9999260902404785
	],
	"25. left_eye": [
		0.47172969579696655,
		0.34888797998428345,
		-0.06452348083257675,
		0.9999234080314636
	],
	"26. right_eye": [
		0.46182218194007874,
		0.3560999631881714,
		-0.0527135506272316,
		0.9998318552970886
	],
	"27. left_ear": [
		0.47785115242004395,
		0.3546425998210907,
		-0.028534064069390297,
		0.9999542832374573
	],
	"28. right_ear": [
		0.4592628479003906,
		0.36452728509902954,
		0.025233516469597816,
		0.9996503591537476
	],
	"time stamp": 29.969946478656652
}