{
	"1. left_hip": [
		0.4853288233280182,
		0.5871102809906006,
		-0.06886374950408936,
		0.999888002872467
	],
	"2. left_knee": [
		0.4765714704990387,
		0.7093698978424072,
		-0.12189550697803497,
		0.9937726855278015
	],
	"3. left_ankle": [
		0.4972306787967682,
		0.8417765498161316,
		-0.10701483488082886,
		0.9936549663543701
	],
	"6. right_hip": [
		0.4626677632331848,
		0.5904234647750854,
		0.06881861388683319,
		0.9997130632400513
	],
	"7. right_knee": [
		0.4451253414154053,
		0.7152449488639832,
		0.06674645096063614,
		0.8971847891807556
	],
	"8. right_ankle": [
		0.4791472852230072,
		0.8146107792854309,
		0.15802986919879913,
		0.9356982111930847
	],
	"14. left_shoulder": [
		0.49404293298721313,
		0.41569286584854126,
		-0.05436021834611893,
		0.9999491572380066
	],
	"15. left_elbow": [
		0.4988790452480316,
		0.4962175488471985,
		-0.11696282774209976,
		0.984122633934021
	],
	"16. left_wrist": [
		0.4820772111415863,
		0.534266471862793,
		-0.20262157917022705,
		0.9445401430130005
	],
	"19. right_shoulder": [
		0.45368415117263794,
		0.4329821765422821,
		0.09633155167102814,
		0.9993492960929871
	],
	"20. right_elbow": [
		0.4328667223453522,
		0.4969587028026581,
		0.007977410219609737,
		0.6615451574325562
	],
	"21. right_wrist": [
		0.44063836336135864,
		0.4636780619621277,
		-0.1818583905696869,
		0.7833800315856934
	],
	"24. nose": [
		0.46811285614967346,
		0.3614383339881897,
		-0.11084005981683731,
		0.999932587146759
	],
	"25. left_eye": [
		0.4728589653968811,
		0.3472537696361542,
		-0.10229724645614624,
		0.9999305009841919
	],
	"26. right_eye": [
		0.4619101881980896,
		0.35502713918685913,
		-0.09465499222278595,
		0.9998472929000854
	],
	"27. left_ear": [
		0.4786664843559265,
		0.3524298071861267,
		-0.04174868389964104,
		0.9999586939811707
	],
	"28. right_ear": [
		0.4589318633079529,
		0.36455869674682617,
		-0.0019717635586857796,
		0.9996806383132935
	],
	"time stamp": 29.969946478656652
}