{
	"1. left_hip": [
		0.49160027503967285,
		0.5574036240577698,
		-0.04273398965597153,
		0.9997146129608154
	],
	"2. left_knee": [
		0.48400649428367615,
		0.6981896162033081,
		-0.07046055793762207,
		0.9939017295837402
	],
	"3. left_ankle": [
		0.4948929250240326,
		0.8359382748603821,
		-0.021406101062893867,
		0.9944310188293457
	],
	"6. right_hip": [
		0.4619615972042084,
		0.5637261271476746,
		0.042825233191251755,
		0.9993784427642822
	],
	"7. right_knee": [
		0.4514308571815491,
		0.7095938324928284,
		0.03251919150352478,
		0.9163298010826111
	],
	"8. right_ankle": [
		0.48148536682128906,
		0.8153709173202515,
		0.10584437847137451,
		0.9481982588768005
	],
	"14. left_shoulder": [
		0.5029116272926331,
		0.3928929269313812,
		0.008450041525065899,
		0.9998288154602051
	],
	"15. left_elbow": [
		0.4954344630241394,
		0.4612647593021393,
		-0.04221542924642563,
		0.9423558115959167
	],
	"16. left_wrist": [
		0.46446356177330017,
		0.45100677013397217,
		-0.068242646753788,
		0.8319000601768494
	],
	"19. right_shoulder": [
		0.4495745599269867,
		0.3958668112754822,
		0.07428708672523499,
		0.9985927939414978
	],
	"20. right_elbow": [
		0.44861024618148804,
		0.4455045163631439,
		0.0013657124945893884,
		0.5713425874710083
	],
	"21. right_wrist": [
		0.478865385055542,
		0.41374608874320984,
		-0.10279848426580429,
		0.6421042084693909
	],
	"24. nose": [
		0.47339051961898804,
		0.34217700362205505,
		-0.062251411378383636,
		0.9997261762619019
	],
	"25. left_eye": [
		0.4785376191139221,
		0.3290759325027466,
		-0.051075778901576996,
		0.9997437596321106
	],
	"26. right_eye": [
		0.4669319987297058,
		0.3316512405872345,
		-0.0487736351788044,
		0.999661386013031
	],
	"27. left_ear": [
		0.4833986163139343,
		0.3306367099285126,
		0.01591227948665619,
		0.9998727440834045
	],
	"28. right_ear": [
		0.46154865622520447,
		0.3378559648990631,
		0.03107309341430664,
		0.9995259642601013
	],
	"time stamp": 29.969946478656652
}