{
	"1. left_hip": [
		0.5035003423690796,
		0.5721901655197144,
		0.036247603595256805,
		0.9995445013046265
	],
	"2. left_knee": [
		0.4991380572319031,
		0.7040470838546753,
		0.0328146293759346,
		0.9693294763565063
	],
	"3. left_ankle": [
		0.48880434036254883,
		0.8154869079589844,
		0.1385507732629776,
		0.9791780710220337
	],
	"6. right_hip": [
		0.4735875725746155,
		0.5716854333877563,
		-0.03626926243305206,
		0.9992200136184692
	],
	"7. right_knee": [
		0.4739590585231781,
		0.7031177282333374,
		-0.038900911808013916,
		0.9584338665008545
	],
	"8. right_ankle": [
		0.46092653274536133,
		0.8099202513694763,
		0.06431930512189865,
		0.9692566990852356
	],
	"14. left_shoulder": [
		0.5096955299377441,
		0.41339612007141113,
		-0.010825137607753277,
		0.9999175667762756
	],
	"15. left_elbow": [
		0.5284266471862793,
		0.48535656929016113,
		0.03690788149833679,
		0.9601767063140869
	],
	"16. left_wrist": [
		0.5541945695877075,
		0.5487276315689087,
		-0.044104840606451035,
		0.9230062961578369
	],
	"19. right_shoulder": [
		0.45177680253982544,
		0.4028529226779938,
		-0.08993785083293915,
		0.999374270439148
	],
	"20. right_elbow": [
		0.42550450563430786,
		0.4621109366416931,
		-0.08050619810819626,
		0.8087050914764404
	],
	"21. right_wrist": [
		0.40030279755592346,
		0.527263343334198,
		-0.14669731259346008,
		0.8314279913902283
	],
	"24. nose": [
		0.48352402448654175,
		0.3478541672229767,
		-0.19929899275302887,
		0.9998818039894104
	],
	"25. left_eye": [
		0.48894181847572327,
		0.33813759684562683,
		-0.18514972925186157,
		0.9998773336410522
	],
	"26. right_eye": [
		0.4789758622646332,
		0.33494308590888977,
		-0.19192883372306824,
		0.9998358488082886
	],
	"27. left_ear": [
		0.4923698902130127,
		0.3431621789932251,
		-0.09448739141225815,
		0.9999074935913086
	],
	"28. right_ear": [
		0.4710146486759186,
		0.33892905712127686,
		-0.12730789184570312,
		0.9997653961181641
	],
	"time stamp": 29.969946478656652
}