{
	"1. left_hip": [
		0.507088840007782,
		0.5694386959075928,
		0.046854276210069656,
		0.9996166229248047
	],
	"2. left_knee": [
		0.5037720799446106,
		0.6934983134269714,
		-0.006021717097610235,
		0.9500475525856018
	],
	"3. left_ankle": [
		0.4881901144981384,
		0.8133177757263184,
		0.07160048931837082,
		0.9636548757553101
	],
	"6. right_hip": [
		0.4783357083797455,
		0.5702984929084778,
		-0.046798549592494965,
		0.9993560314178467
	],
	"7. right_knee": [
		0.5007593035697937,
		0.688146710395813,
		-0.07841790467500687,
		0.9650010466575623
	],
	"8. right_ankle": [
		0.467398077249527,
		0.7693742513656616,
		0.08966463804244995,
		0.9566491842269897
	],
	"14. left_shoulder": [
		0.5080849528312683,
		0.4096314311027527,
		0.069085992872715,
		0.9998751878738403
	],
	"15. left_elbow": [
		0.52161705493927,
		0.4839659333229065,
		0.0606108196079731,
		0.89896160364151
	],
	"16. left_wrist": [
		0.5210769176483154,
		0.5461771488189697,
		-0.04424949362874031,
		0.8887903690338135
	],
	"19. right_shoulder": [
		0.45436787605285645,
		0.398656964302063,
		-0.07289254665374756,
		0.9995318055152893
	],
	"20. right_elbow": [
		0.46135982871055603,
		0.4730682671070099,
		-0.11220792680978775,
		0.8583981394767761
	],
	"21. right_wrist": [
		0.5029163956642151,
		0.5010554194450378,
		-0.19163519144058228,
		0.8712812066078186
	],
	"24. nose": [
		0.48542603850364685,
		0.3463135063648224,
		-0.12124379724264145,
		0.999887228012085
	],
	"25. left_eye": [
		0.4906831681728363,
		0.3356364667415619,
		-0.10446695238351822,
		0.999813437461853
	],
	"26. right_eye": [
		0.480445921421051,
		0.3339506983757019,
		-0.11388875544071198,
		0.9998293519020081
	],
	"27. left_ear": [
		0.4940291941165924,
		0.3412153124809265,
		-0.01011252123862505,
		0.9995216727256775
	],
	"28. right_ear": [
		0.4729279577732086,
		0.3383658230304718,
		-0.052061378955841064,
		0.9997876286506653
	],
	"time stamp": 29.969946478656652
}