{
	"1. left_hip": [
		0.5073880553245544,
		0.5696974992752075,
		0.054907917976379395,
		0.9995726346969604
	],
	"2. left_knee": [
		0.5074498057365417,
		0.6827249526977539,
		-0.027122551575303078,
		0.9243095517158508
	],
	"3. left_ankle": [
		0.48836755752563477,
		0.813263475894928,
		0.0059013040736317635,
		0.9495388269424438
	],
	"6. right_hip": [
		0.4786697328090668,
		0.5698515772819519,
		-0.054856859147548676,
		0.9993181824684143
	],
	"7. right_knee": [
		0.5072467923164368,
		0.670172929763794,
		-0.11683754622936249,
		0.96571284532547
	],
	"8. right_ankle": [
		0.4762222170829773,
		0.7673381567001343,
		0.012323416769504547,
		0.9437329173088074
	],
	"14. left_shoulder": [
		0.5079655647277832,
		0.4088306427001953,
		0.09322595596313477,
		0.9996604323387146
	],
	"15. left_elbow": [
		0.513184130191803,
		0.4827476441860199,
		0.05606495589017868,
		0.822119414806366
	],
	"16. left_wrist": [
		0.5150993466377258,
		0.5000060796737671,
		-0.091109998524189,
		0.8205150961875916
	],
	"19. right_shoulder": [
		0.4588256776332855,
		0.39767372608184814,
		-0.06660187244415283,
		0.9995684623718262
	],
	"20. right_elbow": [
		0.46176066994667053,
		0.47372981905937195,
		-0.11277493089437485,
		0.8715155720710754
	],
	"21. right_wrist": [
		0.49615344405174255,
		0.4975129961967468,
		-0.17890530824661255,
		0.8797487020492554
	],
	"24. nose": [
		0.4865289628505707,
		0.34528493881225586,
		-0.09292390942573547,
		0.9998372197151184
	],
	"25. left_eye": [
		0.4912530779838562,
		0.3347742259502411,
		-0.0759749561548233,
		0.9996510148048401
	],
	"26. right_eye": [
		0.48074454069137573,
		0.3337002694606781,
		-0.0868821069598198,
		0.9997705817222595
	],
	"27. left_ear": [
		0.49468082189559937,
		0.34076350927352905,
		0.014932231977581978,
		0.9988250732421875
	],
	"28. right_ear": [
		0.47330135107040405,
		0.33836081624031067,
		-0.0327434279024601,
		0.9997649788856506
	],
	"time stamp": 29.969946478656652
}