{
	"1. left_hip": [
		0.506719708442688,
		0.5669869184494019,
		0.06433261930942535,
		0.9995501637458801
	],
	"2. left_knee": [
		0.5090118050575256,
		0.6752784252166748,
		0.001203057006932795,
		0.8771780729293823
	],
	"3. left_ankle": [
		0.48853427171707153,
		0.8111702799797058,
		0.030561363324522972,
		0.9307813048362732
	],
	"6. right_hip": [
		0.47867336869239807,
		0.5663087368011475,
		-0.06430257856845856,
		0.9992733001708984
	],
	"7. right_knee": [
		0.5131056308746338,
		0.6521911025047302,
		-0.1457996666431427,
		0.968764066696167
	],
	"8. right_ankle": [
		0.4842032492160797,
		0.768223226070404,
		-0.06352987885475159,
		0.935817301273346
	],
	"14. left_shoulder": [
		0.5071696043014526,
		0.40660709142684937,
		0.08119507133960724,
		0.9995383620262146
	],
	"15. left_elbow": [
		0.5123874545097351,
		0.4832853674888611,
		0.04448552802205086,
		0.7196036577224731
	],
	"16. left_wrist": [
		0.5178912281990051,
		0.4732644259929657,
		-0.139597088098526,
		0.7607662677764893
	],
	"19. right_shoulder": [
		0.46371158957481384,
		0.3969248831272125,
		-0.07937148958444595,
		0.9996297359466553
	],
	"20. right_elbow": [
		0.4614843726158142,
		0.4857724905014038,
		-0.13446196913719177,
		0.892681360244751
	],
	"21. right_wrist": [
		0.488926500082016,
		0.49424082040786743,
		-0.21200942993164062,
		0.8914082646369934
	],
	"24. nose": [
		0.48707979917526245,
		0.3424995243549347,
		-0.10939572006464005,
		0.9998024702072144
	],
	"25. left_eye": [
		0.4913053512573242,
		0.3306528925895691,
		-0.08373786509037018,
		0.9995507001876831
	],
	"26. right_eye": [
		0.4808170795440674,
		0.33292290568351746,
		-0.11260326206684113,
		0.9997232556343079
	],
	"27. left_ear": [
		0.4946902394294739,
		0.33687499165534973,
		-0.015808792784810066,
		0.9984179139137268
	],
	"28. right_ear": [
		0.47326502203941345,
		0.3385116755962372,
		-0.06214236468076706,
		0.999752402305603
	],
	"time stamp": 29.969946478656652
}