{
	"1. left_hip": [
		0.5070703029632568,
		0.5634244680404663,
		0.030834585428237915,
		0.9979121088981628
	],
	"2. left_knee": [
		0.5195888876914978,
		0.699989914894104,
		-0.030290910974144936,
		0.638817310333252
	],
	"3. left_ankle": [
		0.4853670597076416,
		0.803149938583374,
		0.07947628945112228,
		0.6712145209312439
	],
	"6. right_hip": [
		0.4788986146450043,
		0.5610966086387634,
		-0.030710164457559586,
		0.9985410571098328
	],
	"7. right_knee": [
		0.4914095997810364,
		0.6903249025344849,
		-0.0844099149107933,
		0.9184808731079102
	],
	"8. right_ankle": [
		0.49023738503456116,
		0.82599276304245,
		-0.008049534633755684,
		0.9336175322532654
	],
	"14. left_shoulder": [
		0.5149220824241638,
		0.39748746156692505,
		0.07804371416568756,
		0.998001754283905
	],
	"15. left_elbow": [
		0.5264706611633301,
		0.4670637845993042,
		0.0008755714516155422,
		0.5225757956504822
	],
	"16. left_wrist": [
		0.49758726358413696,
		0.4949098825454712,
		-0.14263448119163513,
		0.6113178133964539
	],
	"19. right_shoulder": [
		0.4604264795780182,
		0.39624202251434326,
		-0.012146460823714733,
		0.9996559619903564
	],
	"20. right_elbow": [
		0.46422576904296875,
		0.4658821225166321,
		-0.08198036253452301,
		0.9475655555725098
	],
	"21. right_wrist": [
		0.5027197599411011,
		0.4734435975551605,
		-0.16512571275234222,
		0.9391525983810425
	],
	"24. nose": [
		0.491520494222641,
		0.3220769762992859,
		-0.08531045913696289,
		0.9996848702430725
	],
	"25. left_eye": [
		0.4926750063896179,
		0.31303274631500244,
		-0.06692294776439667,
		0.9994390606880188
	],
	"26. right_eye": [
		0.483431875705719,
		0.3150232434272766,
		-0.07476716488599777,
		0.999644935131073
	],
	"27. left_ear": [
		0.49552449584007263,
		0.32129380106925964,
		0.026593094691634178,
		0.9989425539970398
	],
	"28. right_ear": [
		0.4742814898490906,
		0.32838892936706543,
		-0.007276158779859543,
		0.9996358156204224
	],
	"time stamp": 29.969946478656652
}