{
	"1. left_hip": [
		0.48843756318092346,
		0.565746545791626,
		-0.008397296071052551,
		0.9986909627914429
	],
	"2. left_knee": [
		0.48003730177879333,
		0.6995751857757568,
		-0.02685839869081974,
		0.8758742213249207
	],
	"3. left_ankle": [
		0.4756437838077545,
		0.8146687746047974,
		0.058052342385053635,
		0.8817835450172424
	],
	"6. right_hip": [
		0.4535563886165619,
		0.5657748579978943,
		0.008398848585784435,
		0.9983606934547424
	],
	"7. right_knee": [
		0.45704373717308044,
		0.7017101645469666,
		0.00853998027741909,
		0.9465097784996033
	],
	"8. right_ankle": [
		0.4624451696872711,
		0.8153389692306519,
		0.08163831382989883,
		0.9438042640686035
	],
	"14. left_shoulder": [
		0.5049131512641907,
		0.40446943044662476,
		-0.015151573345065117,
		0.999322235584259
	],
	"15. left_elbow": [
		0.5273029804229736,
		0.4625599682331085,
		-0.10116084665060043,
		0.8101453185081482
	],
	"16. left_wrist": [
		0.5373553037643433,
		0.4875035881996155,
		-0.27512842416763306,
		0.8307843804359436
	],
	"19. right_shoulder": [
		0.44153937697410583,
		0.4075221121311188,
		0.03462762385606766,
		0.9992448687553406
	],
	"20. right_elbow": [
		0.401766300201416,
		0.4298793077468872,
		0.0063893175683915615,
		0.9502118229866028
	],
	"21. right_wrist": [
		0.35747843980789185,
		0.43002089858055115,
		-0.10309700667858124,
		0.9394634962081909
	],
	"24. nose": [
		0.4728594720363617,
		0.3329467475414276,
		-0.09831701964139938,
		0.9995073080062866
	],
	"25. left_eye": [
		0.47789230942726135,
		0.3225288689136505,
		-0.08647231757640839,
		0.999269962310791
	],
	"26. right_eye": [
		0.4676602780818939,
		0.3243691623210907,
		-0.08388272672891617,
		0.9991708397865295
	],
	"27. left_ear": [
		0.4832162857055664,
		0.3293587267398834,
		-0.020924048498272896,
		0.9987780451774597
	],
	"28. right_ear": [
		0.46350374817848206,
		0.3332241177558899,
		-0.011132295243442059,
		0.998584508895874
	],
	"time stamp": 29.969946478656652
}