{
	"1. left_hip": [
		0.48396533727645874,
		0.5663762092590332,
		-0.01131832879036665,
		0.9983373880386353
	],
	"2. left_knee": [
		0.4713277220726013,
		0.6993374824523926,
		-0.008665152825415134,
		0.8855457901954651
	],
	"3. left_ankle": [
		0.4691118597984314,
		0.8004816770553589,
		0.10195795446634293,
		0.8831852674484253
	],
	"6. right_hip": [
		0.4521525800228119,
		0.5661584734916687,
		0.011313840746879578,
		0.9982927441596985
	],
	"7. right_knee": [
		0.4559517502784729,
		0.6999087929725647,
		-0.010289959609508514,
		0.942821741104126
	],
	"8. right_ankle": [
		0.46372660994529724,
		0.810283899307251,
		0.07641268521547318,
		0.9371793866157532
	],
	"14. left_shoulder": [
		0.4995725154876709,
		0.4042205810546875,
		-0.043934788554906845,
		0.9968742728233337
	],
	"15. left_elbow": [
		0.5086159706115723,
		0.4035770893096924,
		-0.15515215694904327,
		0.8441486358642578
	],
	"16. left_wrist": [
		0.48295536637306213,
		0.36561331152915955,
		-0.2725834250450134,
		0.8485252261161804
	],
	"19. right_shoulder": [
		0.4427632689476013,
		0.4064127504825592,
		0.017848774790763855,
		0.9987062215805054
	],
	"20. right_elbow": [
		0.3982541561126709,
		0.3970419466495514,
		0.006339541636407375,
		0.9533743858337402
	],
	"21. right_wrist": [
		0.3641490340232849,
		0.3591945767402649,
		-0.04159248620271683,
		0.9401077628135681
	],
	"24. nose": [
		0.4705110490322113,
		0.34613245725631714,
		-0.1088365912437439,
		0.9993101358413696
	],
	"25. left_eye": [
		0.47590869665145874,
		0.33391833305358887,
		-0.09714652597904205,
		0.9987217783927917
	],
	"26. right_eye": [
		0.46585813164711,
		0.3370005190372467,
		-0.095704585313797,
		0.9986039996147156
	],
	"27. left_ear": [
		0.4819571375846863,
		0.3381587862968445,
		0.013558979146182537,
		0.9980114698410034
	],
	"28. right_ear": [
		0.4624946117401123,
		0.3441273868083954,
		-0.02742895856499672,
		0.998298704624176
	],
	"time stamp": 29.969946478656652
}