{
	"1. left_hip": [
		0.4797438979148865,
		0.568138837814331,
		-0.015859592705965042,
		0.9985758066177368
	],
	"2. left_knee": [
		0.4728757441043854,
		0.6850278973579407,
		-0.1585250198841095,
		0.8934224247932434
	],
	"3. left_ankle": [
		0.46577152609825134,
		0.7757787108421326,
		-0.025432616472244263,
		0.8683421015739441
	],
	"6. right_hip": [
		0.4467780590057373,
		0.5679541826248169,
		0.015886368229985237,
		0.9985631108283997
	],
	"7. right_knee": [
		0.45091134309768677,
		0.7014644145965576,
		-0.02627524733543396,
		0.9276884198188782
	],
	"8. right_ankle": [
		0.46293020248413086,
		0.809139609336853,
		0.07570357620716095,
		0.9288270473480225
	],
	"14. left_shoulder": [
		0.4959999620914459,
		0.4006402790546417,
		-0.08300070464611053,
		0.9953556656837463
	],
	"15. left_elbow": [
		0.4979774057865143,
		0.3266277611255646,
		-0.17618808150291443,
		0.8792284727096558
	],
	"16. left_wrist": [
		0.4821108877658844,
		0.27134278416633606,
		-0.2763138711452484,
		0.8698822259902954
	],
	"19. right_shoulder": [
		0.4428362250328064,
		0.40668269991874695,
		-0.02597951889038086,
		0.9980366826057434
	],
	"20. right_elbow": [
		0.40411466360092163,
		0.36414986848831177,
		-0.06486363708972931,
		0.9611853361129761
	],
	"21. right_wrist": [
		0.3744068741798401,
		0.29544758796691895,
		-0.1561715006828308,
		0.9476878046989441
	],
	"24. nose": [
		0.46631067991256714,
		0.3502922058105469,
		-0.18741463124752045,
		0.9994016289710999
	],
	"25. left_eye": [
		0.472381591796875,
		0.34039315581321716,
		-0.17298445105552673,
		0.9988844394683838
	],
	"26. right_eye": [
		0.46196824312210083,
		0.3412220776081085,
		-0.16951724886894226,
		0.9987824559211731
	],
	"27. left_ear": [
		0.47933894395828247,
		0.3443993031978607,
		-0.0945189818739891,
		0.9983929395675659
	],
	"28. right_ear": [
		0.4597271978855133,
		0.3468490540981293,
		-0.07808630168437958,
		0.9986011981964111
	],
	"time stamp": 29.969946478656652
}