{
	"1. left_hip": [
		0.4733966290950775,
		0.550056517124176,
		-0.06254120171070099,
		0.9993948936462402
	],
	"2. left_knee": [
		0.46217307448387146,
		0.6835356950759888,
		-0.11911729723215103,
		0.9540525078773499
	],
	"3. left_ankle": [
		0.4838407039642334,
		0.8190468549728394,
		-0.09190653264522552,
		0.9475884437561035
	],
	"6. right_hip": [
		0.4495021402835846,
		0.5597006678581238,
		0.06256671994924545,
		0.9993097186088562
	],
	"7. right_knee": [
		0.4479506015777588,
		0.6901132464408875,
		0.029647311195731163,
		0.8732068538665771
	],
	"8. right_ankle": [
		0.46920910477638245,
		0.8114758729934692,
		0.07188615202903748,
		0.931574285030365
	],
	"14. left_shoulder": [
		0.4843481481075287,
		0.38195109367370605,
		-0.061241425573825836,
		0.9981476068496704
	],
	"15. left_elbow": [
		0.5041120052337646,
		0.31816771626472473,
		-0.1259404569864273,
		0.956248939037323
	],
	"16. left_wrist": [
		0.5261546969413757,
		0.23748017847537994,
		-0.18854399025440216,
		0.9466041922569275
	],
	"19. right_shoulder": [
		0.44236475229263306,
		0.38414132595062256,
		0.08124309033155441,
		0.9975148439407349
	],
	"20. right_elbow": [
		0.4296967387199402,
		0.31216058135032654,
		0.15887165069580078,
		0.8537517189979553
	],
	"21. right_wrist": [
		0.42513030767440796,
		0.24530190229415894,
		0.17199212312698364,
		0.9420689344406128
	],
	"24. nose": [
		0.4569055438041687,
		0.3445207476615906,
		-0.12943917512893677,
		0.9997521042823792
	],
	"25. left_eye": [
		0.46446746587753296,
		0.334072083234787,
		-0.11745131015777588,
		0.9995684623718262
	],
	"26. right_eye": [
		0.4557371139526367,
		0.3325534760951996,
		-0.10757569223642349,
		0.999508261680603
	],
	"27. left_ear": [
		0.4725675582885742,
		0.339733749628067,
		-0.051719892770051956,
		0.9994052648544312
	],
	"28. right_ear": [
		0.4552060663700104,
		0.3338509798049927,
		-0.006027948576956987,
		0.9994562268257141
	],
	"time stamp": 29.969946478656652
}