{
	"1. left_hip": [
		0.47330230474472046,
		0.5561642646789551,
		-0.056566398590803146,
		0.9994769096374512
	],
	"2. left_knee": [
		0.4614159166812897,
		0.6705840229988098,
		-0.14525964856147766,
		0.9677889943122864
	],
	"3. left_ankle": [
		0.4583961069583893,
		0.8104181289672852,
		-0.1410330981016159,
		0.9591255187988281
	],
	"6. right_hip": [
		0.44382089376449585,
		0.5593661665916443,
		0.05672844126820564,
		0.9995056986808777
	],
	"7. right_knee": [
		0.44384583830833435,
		0.6789783835411072,
		0.05293137580156326,
		0.8789095878601074
	],
	"8. right_ankle": [
		0.462477445602417,
		0.788304328918457,
		0.1255081593990326,
		0.9244561195373535
	],
	"14. left_shoulder": [
		0.48795223236083984,
		0.3894721567630768,
		-0.06359939277172089,
		0.9971925616264343
	],
	"15. left_elbow": [
		0.49325352907180786,
		0.31223270297050476,
		-0.13377119600772858,
		0.977354109287262
	],
	"16. left_wrist": [
		0.5078675150871277,
		0.23386749625205994,
		-0.17977480590343475,
		0.9577253460884094
	],
	"19. right_shoulder": [
		0.442553848028183,
		0.39353498816490173,
		0.06934552639722824,
		0.9973798990249634
	],
	"20. right_elbow": [
		0.42781323194503784,
		0.3230113387107849,
		0.0632413774728775,
		0.9005473852157593
	],
	"21. right_wrist": [
		0.4261225163936615,
		0.24279583990573883,
		-0.012367190793156624,
		0.9502023458480835
	],
	"24. nose": [
		0.45523324608802795,
		0.35877808928489685,
		-0.11618359386920929,
		0.9996564984321594
	],
	"25. left_eye": [
		0.46305903792381287,
		0.34611213207244873,
		-0.10659302771091461,
		0.9994834661483765
	],
	"26. right_eye": [
		0.4541175961494446,
		0.3471902310848236,
		-0.09508921951055527,
		0.9994298219680786
	],
	"27. left_ear": [
		0.4723803997039795,
		0.3473849296569824,
		-0.05101883411407471,
		0.9995169639587402
	],
	"28. right_ear": [
		0.45499610900878906,
		0.34812280535697937,
		0.003447419498115778,
		0.9992722272872925
	],
	"time stamp": 29.969946478656652
}