{
	"1. left_hip": [
		0.48502030968666077,
		0.5733048915863037,
		-0.03850638493895531,
		0.9992093443870544
	],
	"2. left_knee": [
		0.46663427352905273,
		0.668242871761322,
		-0.11358022689819336,
		0.970455527305603
	],
	"3. left_ankle": [
		0.44733038544654846,
		0.7791950702667236,
		-0.061701565980911255,
		0.9720232486724854
	],
	"6. right_hip": [
		0.4527607858181,
		0.5801279544830322,
		0.038611963391304016,
		0.9993676543235779
	],
	"7. right_knee": [
		0.45024412870407104,
		0.6905770301818848,
		0.028029900044202805,
		0.8157063126564026
	],
	"8. right_ankle": [
		0.47125595808029175,
		0.8173176050186157,
		0.11082335561513901,
		0.9123532772064209
	],
	"14. left_shoulder": [
		0.48012757301330566,
		0.41611361503601074,
		-0.12853513658046722,
		0.9985616207122803
	],
	"15. left_elbow": [
		0.4802270531654358,
		0.5021893382072449,
		-0.1245107427239418,
		0.9629019498825073
	],
	"16. left_wrist": [
		0.484607994556427,
		0.5681893825531006,
		-0.17579428851604462,
		0.8945322036743164
	],
	"19. right_shoulder": [
		0.43080973625183105,
		0.42804810404777527,
		-0.0335112139582634,
		0.9983935952186584
	],
	"20. right_elbow": [
		0.41438913345336914,
		0.503522515296936,
		0.008261431008577347,
		0.8936008214950562
	],
	"21. right_wrist": [
		0.3943485617637634,
		0.565765917301178,
		-0.05805680900812149,
		0.9412654638290405
	],
	"24. nose": [
		0.45955485105514526,
		0.35964998602867126,
		-0.22239363193511963,
		0.9989901185035706
	],
	"25. left_eye": [
		0.46544066071510315,
		0.3505977988243103,
		-0.2132386714220047,
		0.9977723956108093
	],
	"26. right_eye": [
		0.45498043298721313,
		0.3474113345146179,
		-0.2107284516096115,
		0.9972043633460999
	],
	"27. left_ear": [
		0.46961960196495056,
		0.35717350244522095,
		-0.1439768522977829,
		0.9975384473800659
	],
	"28. right_ear": [
		0.4493640065193176,
		0.3503766655921936,
		-0.133470818400383,
		0.9942016005516052
	],
	"time stamp": 29.969946478656652
}