{
	"1. left_hip": [
		0.48224467039108276,
		0.569145143032074,
		-0.03951944410800934,
		0.9991791248321533
	],
	"2. left_knee": [
		0.4668141305446625,
		0.6696187257766724,
		-0.1208442822098732,
		0.9695701003074646
	],
	"3. left_ankle": [
		0.4548872113227844,
		0.8030283451080322,
		-0.07960100471973419,
		0.9721810221672058
	],
	"6. right_hip": [
		0.45273059606552124,
		0.5730851292610168,
		0.039613377302885056,
		0.9993353486061096
	],
	"7. right_knee": [
		0.4498074948787689,
		0.6880328059196472,
		-0.027128975838422775,
		0.7973229885101318
	],
	"8. right_ankle": [
		0.46838125586509705,
		0.8070746660232544,
		0.041861966252326965,
		0.90580153465271
	],
	"14. left_shoulder": [
		0.4764070510864258,
		0.41496387124061584,
		-0.12034255266189575,
		0.9986955523490906
	],
	"15. left_elbow": [
		0.4792110025882721,
		0.5068301558494568,
		-0.10902515798807144,
		0.9619491100311279
	],
	"16. left_wrist": [
		0.4950620234012604,
		0.5744245052337646,
		-0.16736672818660736,
		0.8895464539527893
	],
	"19. right_shoulder": [
		0.4300968050956726,
		0.42379188537597656,
		-0.03532024472951889,
		0.9985408186912537
	],
	"20. right_elbow": [
		0.4168330132961273,
		0.49425649642944336,
		0.008581450209021568,
		0.8821591734886169
	],
	"21. right_wrist": [
		0.4034819006919861,
		0.5582631826400757,
		-0.05450306460261345,
		0.93487548828125
	],
	"24. nose": [
		0.45978593826293945,
		0.35940200090408325,
		-0.22816534340381622,
		0.9990859627723694
	],
	"25. left_eye": [
		0.4658013880252838,
		0.3503088057041168,
		-0.21727409958839417,
		0.9979817867279053
	],
	"26. right_eye": [
		0.4556824564933777,
		0.3461351692676544,
		-0.21558800339698792,
		0.9974719882011414
	],
	"27. left_ear": [
		0.4695330262184143,
		0.35674798488616943,
		-0.1427735984325409,
		0.997763454914093
	],
	"28. right_ear": [
		0.4493960738182068,
		0.3469718396663666,
		-0.13753756880760193,
		0.9947652220726013
	],
	"time stamp": 29.969946478656652
}