{
	"1. left_hip": [
		0.48177558183670044,
		0.5687382221221924,
		-0.038103874772787094,
		0.9991388320922852
	],
	"2. left_knee": [
		0.46782034635543823,
		0.6760435700416565,
		-0.08582932502031326,
		0.968357503414154
	],
	"3. left_ankle": [
		0.46281981468200684,
		0.8123184442520142,
		-0.04756569117307663,
		0.9722767472267151
	],
	"6. right_hip": [
		0.4532984793186188,
		0.5730157494544983,
		0.03817437216639519,
		0.9992609620094299
	],
	"7. right_knee": [
		0.4497840404510498,
		0.6886409521102905,
		-0.03558535501360893,
		0.7801224589347839
	],
	"8. right_ankle": [
		0.4680781960487366,
		0.8034396767616272,
		0.03696567192673683,
		0.8980371952056885
	],
	"14. left_shoulder": [
		0.47590747475624084,
		0.4152746796607971,
		-0.10285221040248871,
		0.9988168478012085
	],
	"15. left_elbow": [
		0.4804558753967285,
		0.503203809261322,
		-0.07697920501232147,
		0.9589279890060425
	],
	"16. left_wrist": [
		0.49811920523643494,
		0.5712295174598694,
		-0.14147117733955383,
		0.874797523021698
	],
	"19. right_shoulder": [
		0.42784184217453003,
		0.4198702871799469,
		-0.04254012554883957,
		0.9986708164215088
	],
	"20. right_elbow": [
		0.4179001450538635,
		0.48960521817207336,
		-0.007299283053725958,
		0.8747220635414124
	],
	"21. right_wrist": [
		0.407927930355072,
		0.5494481921195984,
		-0.07687584310770035,
		0.9248849153518677
	],
	"24. nose": [
		0.4615814685821533,
		0.3591920733451843,
		-0.21946808695793152,
		0.9991694688796997
	],
	"25. left_eye": [
		0.4669926166534424,
		0.35017263889312744,
		-0.20656974613666534,
		0.9981621503829956
	],
	"26. right_eye": [
		0.45723065733909607,
		0.3455367982387543,
		-0.2086823433637619,
		0.9977064728736877
	],
	"27. left_ear": [
		0.4692971706390381,
		0.35652875900268555,
		-0.1255253255367279,
		0.9979535937309265
	],
	"28. right_ear": [
		0.4495626389980316,
		0.34565287828445435,
		-0.13634225726127625,
		0.9952660799026489
	],
	"time stamp": 29.969946478656652
}