{
	"1. left_hip": [
		0.4802972376346588,
		0.5708603262901306,
		-0.04197246953845024,
		0.9989660382270813
	],
	"2. left_knee": [
		0.46793675422668457,
		0.6859610080718994,
		-0.08375458419322968,
		0.9675681591033936
	],
	"3. left_ankle": [
		0.4745026230812073,
		0.8178552985191345,
		-0.043695710599422455,
		0.97250896692276
	],
	"6. right_hip": [
		0.4548893868923187,
		0.5745459198951721,
		0.04201307147741318,
		0.9990595579147339
	],
	"7. right_knee": [
		0.44976454973220825,
		0.6911264061927795,
		-0.013330449350178242,
		0.756668210029602
	],
	"8. right_ankle": [
		0.4684973359107971,
		0.8045298457145691,
		0.05265793204307556,
		0.8854517936706543
	],
	"14. left_shoulder": [
		0.4722610414028168,
		0.42129814624786377,
		-0.10961822420358658,
		0.9989171028137207
	],
	"15. left_elbow": [
		0.47706079483032227,
		0.5118369460105896,
		-0.09291337430477142,
		0.9463408589363098
	],
	"16. left_wrist": [
		0.49643605947494507,
		0.5725263357162476,
		-0.1388893723487854,
		0.8380613923072815
	],
	"19. right_shoulder": [
		0.42810529470443726,
		0.4166094958782196,
		-0.024461831897497177,
		0.9987829923629761
	],
	"20. right_elbow": [
		0.4185369610786438,
		0.48667073249816895,
		0.009325196966528893,
		0.8313419818878174
	],
	"21. right_wrist": [
		0.4085349142551422,
		0.5464575886726379,
		-0.054285548627376556,
		0.8817612528800964
	],
	"24. nose": [
		0.46123170852661133,
		0.3597579598426819,
		-0.215287446975708,
		0.9992449879646301
	],
	"25. left_eye": [
		0.46681442856788635,
		0.35138797760009766,
		-0.20423562824726105,
		0.998331606388092
	],
	"26. right_eye": [
		0.456981897354126,
		0.34557104110717773,
		-0.20304128527641296,
		0.9979236721992493
	],
	"27. left_ear": [
		0.46943068504333496,
		0.3587759733200073,
		-0.12770520150661469,
		0.9981380701065063
	],
	"28. right_ear": [
		0.44959354400634766,
		0.34580594301223755,
		-0.1254807710647583,
		0.9957243204116821
	],
	"time stamp": 29.969946478656652
}