{
	"1. left_hip": [
		0.4871397614479065,
		0.5673957467079163,
		-0.042696524411439896,
		0.9981552362442017
	],
	"2. left_knee": [
		0.4671640396118164,
		0.6808421015739441,
		-0.12021829187870026,
		0.9590063691139221
	],
	"3. left_ankle": [
		0.46436530351638794,
		0.8150841593742371,
		-0.08970347046852112,
		0.9693143367767334
	],
	"6. right_hip": [
		0.45623570680618286,
		0.5767009258270264,
		0.04276487976312637,
		0.9984632730484009
	],
	"7. right_knee": [
		0.45013102889060974,
		0.6881459355354309,
		-0.039539139717817307,
		0.6588392853736877
	],
	"8. right_ankle": [
		0.4682665467262268,
		0.8044266700744629,
		0.015337837859988213,
		0.8160545229911804
	],
	"14. left_shoulder": [
		0.4748162627220154,
		0.4242650866508484,
		-0.1934790164232254,
		0.9991193413734436
	],
	"15. left_elbow": [
		0.46918192505836487,
		0.51526939868927,
		-0.1784762442111969,
		0.9043949842453003
	],
	"16. left_wrist": [
		0.45550841093063354,
		0.575508713722229,
		-0.20689943432807922,
		0.7216692566871643
	],
	"19. right_shoulder": [
		0.42780160903930664,
		0.4207570254802704,
		-0.09715157002210617,
		0.9992961287498474
	],
	"20. right_elbow": [
		0.41256746649742126,
		0.5057510137557983,
		-0.04221994802355766,
		0.8297417163848877
	],
	"21. right_wrist": [
		0.393649160861969,
		0.5774335861206055,
		-0.09298375993967056,
		0.8667029142379761
	],
	"24. nose": [
		0.46119484305381775,
		0.3614344298839569,
		-0.30775266885757446,
		0.9995027780532837
	],
	"25. left_eye": [
		0.46762245893478394,
		0.35385310649871826,
		-0.2977791130542755,
		0.9988822340965271
	],
	"26. right_eye": [
		0.45749154686927795,
		0.3467988073825836,
		-0.2946806252002716,
		0.9987664818763733
	],
	"27. left_ear": [
		0.47073954343795776,
		0.3607258200645447,
		-0.22161006927490234,
		0.9985958337783813
	],
	"28. right_ear": [
		0.45160478353500366,
		0.34765103459358215,
		-0.20928926765918732,
		0.9975801110267639
	],
	"time stamp": 29.969946478656652
}