{
	"1. left_hip": [
		0.49032101035118103,
		0.565554678440094,
		-0.04208245500922203,
		0.9983420372009277
	],
	"2. left_knee": [
		0.46965479850769043,
		0.6761499643325806,
		-0.16038425266742706,
		0.961592435836792
	],
	"3. left_ankle": [
		0.4543655514717102,
		0.8024183511734009,
		-0.12971341609954834,
		0.9730072021484375
	],
	"6. right_hip": [
		0.4566683769226074,
		0.5743827223777771,
		0.04216032475233078,
		0.9986310005187988
	],
	"7. right_knee": [
		0.4500989019870758,
		0.6875232458114624,
		-0.033989496529102325,
		0.6906499266624451
	],
	"8. right_ankle": [
		0.4686064124107361,
		0.8054514527320862,
		0.053832441568374634,
		0.8349720239639282
	],
	"14. left_shoulder": [
		0.4824221730232239,
		0.4211282432079315,
		-0.204014390707016,
		0.9991782307624817
	],
	"15. left_elbow": [
		0.47024211287498474,
		0.5129076838493347,
		-0.20541837811470032,
		0.9131292104721069
	],
	"16. left_wrist": [
		0.4446837902069092,
		0.5714181065559387,
		-0.2365923672914505,
		0.7331137657165527
	],
	"19. right_shoulder": [
		0.43170809745788574,
		0.42506229877471924,
		-0.08407115936279297,
		0.9993980526924133
	],
	"20. right_elbow": [
		0.41345733404159546,
		0.505689263343811,
		-0.03602004796266556,
		0.843541145324707
	],
	"21. right_wrist": [
		0.3889017105102539,
		0.5694921016693115,
		-0.0985349491238594,
		0.8709272146224976
	],
	"24. nose": [
		0.46107715368270874,
		0.3613184690475464,
		-0.29377231001853943,
		0.9995473623275757
	],
	"25. left_eye": [
		0.4676596224308014,
		0.35286739468574524,
		-0.2859516143798828,
		0.9989630579948425
	],
	"26. right_eye": [
		0.45722323656082153,
		0.3467682898044586,
		-0.28110218048095703,
		0.9989040493965149
	],
	"27. left_ear": [
		0.4724060893058777,
		0.36019688844680786,
		-0.21782788634300232,
		0.9987010359764099
	],
	"28. right_ear": [
		0.4517216682434082,
		0.3484307825565338,
		-0.19666515290737152,
		0.9978470206260681
	],
	"time stamp": 29.969946478656652
}