{
	"1. left_hip": [
		0.48947304487228394,
		0.565662145614624,
		-0.04065084829926491,
		0.99853515625
	],
	"2. left_knee": [
		0.4696372449398041,
		0.6745972037315369,
		-0.15036903321743011,
		0.9633930921554565
	],
	"3. left_ankle": [
		0.454537570476532,
		0.7999739050865173,
		-0.12460948526859283,
		0.9754676818847656
	],
	"6. right_hip": [
		0.45655933022499084,
		0.5734140872955322,
		0.04071768373250961,
		0.9987589716911316
	],
	"7. right_knee": [
		0.4501767158508301,
		0.6859683394432068,
		-0.017472637817263603,
		0.7147757411003113
	],
	"8. right_ankle": [
		0.46780920028686523,
		0.8055460453033447,
		0.053704775869846344,
		0.848476231098175
	],
	"14. left_shoulder": [
		0.48625415563583374,
		0.41095292568206787,
		-0.20192644000053406,
		0.9992841482162476
	],
	"15. left_elbow": [
		0.47213611006736755,
		0.5059479475021362,
		-0.2160380631685257,
		0.9239434599876404
	],
	"16. left_wrist": [
		0.4492679536342621,
		0.5718740224838257,
		-0.26754939556121826,
		0.7649539709091187
	],
	"19. right_shoulder": [
		0.4357053339481354,
		0.4252224266529083,
		-0.09560424834489822,
		0.9994633197784424
	],
	"20. right_elbow": [
		0.4161664545536041,
		0.5062711238861084,
		-0.05948652699589729,
		0.8593080043792725
	],
	"21. right_wrist": [
		0.38780534267425537,
		0.566399872303009,
		-0.1254526972770691,
		0.8834151029586792
	],
	"24. nose": [
		0.4668399691581726,
		0.35830575227737427,
		-0.2914823591709137,
		0.9995670914649963
	],
	"25. left_eye": [
		0.47160378098487854,
		0.34795206785202026,
		-0.2832169532775879,
		0.9989993572235107
	],
	"26. right_eye": [
		0.4611416757106781,
		0.34462377429008484,
		-0.27995872497558594,
		0.9989572763442993
	],
	"27. left_ear": [
		0.47465261816978455,
		0.3542078137397766,
		-0.21503779292106628,
		0.9987718462944031
	],
	"28. right_ear": [
		0.45452189445495605,
		0.3475678861141205,
		-0.20175614953041077,
		0.9979454874992371
	],
	"time stamp": 29.969946478656652
}