{
	"1. left_hip": [
		0.486748069524765,
		0.5717873573303223,
		-0.01735752634704113,
		0.999087393283844
	],
	"2. left_knee": [
		0.4723006784915924,
		0.691770613193512,
		-0.09398455917835236,
		0.9618245363235474
	],
	"3. left_ankle": [
		0.46803468465805054,
		0.8262136578559875,
		-0.08194071054458618,
		0.9723791480064392
	],
	"6. right_hip": [
		0.45753246545791626,
		0.572149395942688,
		0.017491832375526428,
		0.9990652203559875
	],
	"7. right_knee": [
		0.4458043575286865,
		0.7020459771156311,
		-0.015832265838980675,
		0.7308347225189209
	],
	"8. right_ankle": [
		0.4691225588321686,
		0.8116884827613831,
		0.06935667246580124,
		0.8297999501228333
	],
	"14. left_shoulder": [
		0.499091237783432,
		0.4193563759326935,
		0.004565555602312088,
		0.9996240139007568
	],
	"15. left_elbow": [
		0.5293720960617065,
		0.48742878437042236,
		0.01067785918712616,
		0.9474417567253113
	],
	"16. left_wrist": [
		0.5553732514381409,
		0.5447120070457458,
		-0.07810480892658234,
		0.8493471145629883
	],
	"19. right_shoulder": [
		0.44439324736595154,
		0.40130335092544556,
		-0.025368476286530495,
		0.9996684789657593
	],
	"20. right_elbow": [
		0.4386553168296814,
		0.4740077257156372,
		-0.07795336842536926,
		0.8780580163002014
	],
	"21. right_wrist": [
		0.4601220190525055,
		0.5185717940330505,
		-0.19895517826080322,
		0.8961582779884338
	],
	"24. nose": [
		0.4858332574367523,
		0.35238996148109436,
		-0.13162705302238464,
		0.9997641444206238
	],
	"25. left_eye": [
		0.48892003297805786,
		0.34217938780784607,
		-0.1156478300690651,
		0.9994513988494873
	],
	"26. right_eye": [
		0.479918897151947,
		0.33989855647087097,
		-0.12269028276205063,
		0.9994324445724487
	],
	"27. left_ear": [
		0.488816499710083,
		0.3478577733039856,
		-0.03116149827837944,
		0.9993168711662292
	],
	"28. right_ear": [
		0.4715144634246826,
		0.34312838315963745,
		-0.06494218856096268,
		0.9989424347877502
	],
	"time stamp": 29.969946478656652
}