{
	"1. left_hip": [
		0.49465757608413696,
		0.5630029439926147,
		-0.019702672958374023,
		0.9990910291671753
	],
	"2. left_knee": [
		0.4890231192111969,
		0.6965811848640442,
		-0.04341023042798042,
		0.9665931463241577
	],
	"3. left_ankle": [
		0.4902782440185547,
		0.8196535110473633,
		0.02482883632183075,
		0.9741421341896057
	],
	"6. right_hip": [
		0.46195054054260254,
		0.5647478699684143,
		0.01989218406379223,
		0.9989370107650757
	],
	"7. right_knee": [
		0.45257511734962463,
		0.7039556503295898,
		-0.008564048446714878,
		0.7738502025604248
	],
	"8. right_ankle": [
		0.47368818521499634,
		0.8122735619544983,
		0.07879780232906342,
		0.8498513698577881
	],
	"14. left_shoulder": [
		0.5095184445381165,
		0.4010467231273651,
		0.019169211387634277,
		0.9996757507324219
	],
	"15. left_elbow": [
		0.5373113751411438,
		0.4473467171192169,
		-0.018205808475613594,
		0.9504101276397705
	],
	"16. left_wrist": [
		0.5435482263565063,
		0.4725119173526764,
		-0.21063148975372314,
		0.8548188805580139
	],
	"19. right_shoulder": [
		0.456289678812027,
		0.39522984623908997,
		0.010121186263859272,
		0.9994512796401978
	],
	"20. right_elbow": [
		0.45946255326271057,
		0.4690519869327545,
		-0.04294038563966751,
		0.8537874221801758
	],
	"21. right_wrist": [
		0.4750266671180725,
		0.5116576552391052,
		-0.13345082104206085,
		0.8601943254470825
	],
	"24. nose": [
		0.4917476177215576,
		0.33677437901496887,
		-0.10780519247055054,
		0.9997776746749878
	],
	"25. left_eye": [
		0.4939030706882477,
		0.3263327479362488,
		-0.091852568089962,
		0.9995097517967224
	],
	"26. right_eye": [
		0.48482102155685425,
		0.3256749212741852,
		-0.09620048850774765,
		0.9994866847991943
	],
	"27. left_ear": [
		0.49368199706077576,
		0.3316214680671692,
		-0.005769144278019667,
		0.9994180202484131
	],
	"28. right_ear": [
		0.47559911012649536,
		0.33279064297676086,
		-0.02307048812508583,
		0.9990875124931335
	],
	"time stamp": 29.969946478656652
}