{
	"1. left_hip": [
		0.4994293749332428,
		0.5584608912467957,
		0.0029864166863262653,
		0.999057412147522
	],
	"2. left_knee": [
		0.49910640716552734,
		0.6940221786499023,
		-0.00037207762943580747,
		0.9707127213478088
	],
	"3. left_ankle": [
		0.5068928599357605,
		0.8159452676773071,
		0.07815948873758316,
		0.9768592119216919
	],
	"6. right_hip": [
		0.466200590133667,
		0.5588152408599854,
		-0.0028636471834033728,
		0.9989005923271179
	],
	"7. right_knee": [
		0.4597450792789459,
		0.702213704586029,
		-0.010459819808602333,
		0.8146703839302063
	],
	"8. right_ankle": [
		0.4723251760005951,
		0.8128712773323059,
		0.08255846798419952,
		0.8762369751930237
	],
	"14. left_shoulder": [
		0.5164042115211487,
		0.391531378030777,
		0.003165606874972582,
		0.999708354473114
	],
	"15. left_elbow": [
		0.5423749685287476,
		0.4406227469444275,
		-0.07374253869056702,
		0.9486802816390991
	],
	"16. left_wrist": [
		0.5390079021453857,
		0.43796759843826294,
		-0.2493690550327301,
		0.8452988266944885
	],
	"19. right_shoulder": [
		0.4642512798309326,
		0.38779890537261963,
		-0.03142308443784714,
		0.9994316101074219
	],
	"20. right_elbow": [
		0.4674292206764221,
		0.46890339255332947,
		-0.05055345222353935,
		0.8419055342674255
	],
	"21. right_wrist": [
		0.4700290560722351,
		0.5210118293762207,
		-0.12309487164020538,
		0.8161748647689819
	],
	"24. nose": [
		0.4939444065093994,
		0.33095583319664,
		-0.13714751601219177,
		0.9997887015342712
	],
	"25. left_eye": [
		0.497108519077301,
		0.3193996250629425,
		-0.1247989684343338,
		0.9995521306991577
	],
	"26. right_eye": [
		0.4864427447319031,
		0.3206046521663666,
		-0.1251797378063202,
		0.9995264410972595
	],
	"27. left_ear": [
		0.49883270263671875,
		0.32364538311958313,
		-0.04773261025547981,
		0.9994900822639465
	],
	"28. right_ear": [
		0.47724980115890503,
		0.328279048204422,
		-0.06517238914966583,
		0.9992161393165588
	],
	"time stamp": 29.969946478656652
}