{
	"1. left_hip": [
		0.5239081382751465,
		0.5600442290306091,
		0.06097227334976196,
		0.99940025806427
	],
	"2. left_knee": [
		0.5322761535644531,
		0.689119279384613,
		0.05682916194200516,
		0.9612092971801758
	],
	"3. left_ankle": [
		0.5501037836074829,
		0.812248170375824,
		0.10748676210641861,
		0.9811314940452576
	],
	"6. right_hip": [
		0.517509937286377,
		0.5604753494262695,
		-0.061010945588350296,
		0.9992014765739441
	],
	"7. right_knee": [
		0.497767835855484,
		0.6920828223228455,
		-0.05655904486775398,
		0.9064944982528687
	],
	"8. right_ankle": [
		0.4507213234901428,
		0.7978766560554504,
		0.01611381769180298,
		0.9375619292259216
	],
	"14. left_shoulder": [
		0.5093454122543335,
		0.38463711738586426,
		0.06716471910476685,
		0.9998356699943542
	],
	"15. left_elbow": [
		0.5275682210922241,
		0.46039196848869324,
		0.06191443279385567,
		0.7614809274673462
	],
	"16. left_wrist": [
		0.5391215085983276,
		0.42287662625312805,
		-0.06494899839162827,
		0.8856091499328613
	],
	"19. right_shoulder": [
		0.5008336305618286,
		0.3906896412372589,
		-0.11795608699321747,
		0.999707043170929
	],
	"20. right_elbow": [
		0.47728627920150757,
		0.474356085062027,
		-0.1193738728761673,
		0.9128650426864624
	],
	"21. right_wrist": [
		0.5104615688323975,
		0.5036916732788086,
		-0.09857204556465149,
		0.885227382183075
	],
	"24. nose": [
		0.5141685605049133,
		0.32749906182289124,
		-0.16019174456596375,
		0.9998986124992371
	],
	"25. left_eye": [
		0.5136762857437134,
		0.3151572644710541,
		-0.1439228355884552,
		0.9997850656509399
	],
	"26. right_eye": [
		0.5062316656112671,
		0.31705617904663086,
		-0.15982693433761597,
		0.9997729659080505
	],
	"27. left_ear": [
		0.5111753344535828,
		0.32048508524894714,
		-0.04333049803972244,
		0.9997522234916687
	],
	"28. right_ear": [
		0.49768394231796265,
		0.3293501138687134,
		-0.12055660784244537,
		0.9996247887611389
	],
	"time stamp": 29.969946478656652
}