{
	"1. left_hip": [
		0.5200314521789551,
		0.5663518905639648,
		0.06223775073885918,
		0.9994130730628967
	],
	"2. left_knee": [
		0.5276445150375366,
		0.6929111480712891,
		0.05734648182988167,
		0.9459478259086609
	],
	"3. left_ankle": [
		0.5267008543014526,
		0.8172248601913452,
		0.095179483294487,
		0.9785867929458618
	],
	"6. right_hip": [
		0.5276408195495605,
		0.5619813799858093,
		-0.062257200479507446,
		0.9991852045059204
	],
	"7. right_knee": [
		0.5310699939727783,
		0.6942054629325867,
		-0.05361466854810715,
		0.9146426916122437
	],
	"8. right_ankle": [
		0.5000710487365723,
		0.798565149307251,
		0.011109746061265469,
		0.9427611231803894
	],
	"14. left_shoulder": [
		0.5149034261703491,
		0.3876797556877136,
		0.06972777098417282,
		0.9998437166213989
	],
	"15. left_elbow": [
		0.5271288156509399,
		0.46654945611953735,
		0.052956245839595795,
		0.7065175175666809
	],
	"16. left_wrist": [
		0.5415992140769958,
		0.4279216229915619,
		-0.07159397006034851,
		0.8745009303092957
	],
	"19. right_shoulder": [
		0.505966305732727,
		0.39544880390167236,
		-0.10689017921686172,
		0.9997311234474182
	],
	"20. right_elbow": [
		0.4849030077457428,
		0.4826052784919739,
		-0.11318857967853546,
		0.9184427857398987
	],
	"21. right_wrist": [
		0.5205394625663757,
		0.49901989102363586,
		-0.09806320071220398,
		0.8869275450706482
	],
	"24. nose": [
		0.5202754735946655,
		0.3302572965621948,
		-0.13218402862548828,
		0.999908447265625
	],
	"25. left_eye": [
		0.5180505514144897,
		0.317240446805954,
		-0.11756940931081772,
		0.9998059868812561
	],
	"26. right_eye": [
		0.5126896500587463,
		0.3200567960739136,
		-0.13414958119392395,
		0.9997951984405518
	],
	"27. left_ear": [
		0.5135630369186401,
		0.3229612708091736,
		-0.03128046169877052,
		0.999774694442749
	],
	"28. right_ear": [
		0.5039641857147217,
		0.3320963680744171,
		-0.11479457467794418,
		0.9996620416641235
	],
	"time stamp": 29.969946478656652
}