{
	"1. left_hip": [
		0.5188788175582886,
		0.5664227604866028,
		0.06915038079023361,
		0.9994296431541443
	],
	"2. left_knee": [
		0.5265448689460754,
		0.6955434083938599,
		0.06218559667468071,
		0.939451277256012
	],
	"3. left_ankle": [
		0.47723668813705444,
		0.7933534383773804,
		0.09776993095874786,
		0.9790734052658081
	],
	"6. right_hip": [
		0.5278807282447815,
		0.5620373487472534,
		-0.06917808949947357,
		0.9991871118545532
	],
	"7. right_knee": [
		0.5317459106445312,
		0.6945998668670654,
		-0.06287236511707306,
		0.9226352572441101
	],
	"8. right_ankle": [
		0.5148909091949463,
		0.7986976504325867,
		-0.009064389392733574,
		0.9481382966041565
	],
	"14. left_shoulder": [
		0.51018226146698,
		0.3882523775100708,
		0.08733692020177841,
		0.9998536705970764
	],
	"15. left_elbow": [
		0.5267409086227417,
		0.46684005856513977,
		0.0911312997341156,
		0.6558771729469299
	],
	"16. left_wrist": [
		0.5421374440193176,
		0.43102413415908813,
		-0.03446998819708824,
		0.8701680302619934
	],
	"19. right_shoulder": [
		0.5081839561462402,
		0.3967217206954956,
		-0.10591737180948257,
		0.9997551441192627
	],
	"20. right_elbow": [
		0.48955121636390686,
		0.48629167675971985,
		-0.11829681694507599,
		0.9246442317962646
	],
	"21. right_wrist": [
		0.5193780064582825,
		0.5003321170806885,
		-0.12226364761590958,
		0.8926615118980408
	],
	"24. nose": [
		0.5205991268157959,
		0.3327893912792206,
		-0.1429295688867569,
		0.9999175667762756
	],
	"25. left_eye": [
		0.5192409753799438,
		0.3201785683631897,
		-0.12239483743906021,
		0.9998252987861633
	],
	"26. right_eye": [
		0.5125919580459595,
		0.32268089056015015,
		-0.14445894956588745,
		0.9998155832290649
	],
	"27. left_ear": [
		0.5153625011444092,
		0.3246974050998688,
		-0.032853223383426666,
		0.9997966289520264
	],
	"28. right_ear": [
		0.5037747621536255,
		0.33349141478538513,
		-0.10894425213336945,
		0.9996957778930664
	],
	"time stamp": 29.969946478656652
}