{
	"1. left_hip": [
		0.5410173535346985,
		0.5710948705673218,
		0.07516314089298248,
		0.9995718598365784
	],
	"2. left_knee": [
		0.5561122894287109,
		0.6936197280883789,
		0.052298981696367264,
		0.8804850578308105
	],
	"3. left_ankle": [
		0.5474682450294495,
		0.8143870830535889,
		0.09465809166431427,
		0.9595955610275269
	],
	"6. right_hip": [
		0.5256717801094055,
		0.5730874538421631,
		-0.07525558769702911,
		0.9992801547050476
	],
	"7. right_knee": [
		0.5607101917266846,
		0.6886825561523438,
		-0.10550028085708618,
		0.9522655606269836
	],
	"8. right_ankle": [
		0.5236737132072449,
		0.7868449687957764,
		-0.024494528770446777,
		0.9637014865875244
	],
	"14. left_shoulder": [
		0.5422635674476624,
		0.400481641292572,
		0.1035328060388565,
		0.9998651742935181
	],
	"15. left_elbow": [
		0.5765969753265381,
		0.44142550230026245,
		0.04233362153172493,
		0.6246044039726257
	],
	"16. left_wrist": [
		0.5549865961074829,
		0.44546306133270264,
		-0.112001433968544,
		0.8349820971488953
	],
	"19. right_shoulder": [
		0.5131462812423706,
		0.41140156984329224,
		-0.09121907502412796,
		0.9998408555984497
	],
	"20. right_elbow": [
		0.5165653228759766,
		0.49229392409324646,
		-0.14864768087863922,
		0.9485868811607361
	],
	"21. right_wrist": [
		0.5316201448440552,
		0.5248048901557922,
		-0.19091559946537018,
		0.9215333461761475
	],
	"24. nose": [
		0.5361085534095764,
		0.3495289981365204,
		-0.09633249044418335,
		0.9999491572380066
	],
	"25. left_eye": [
		0.5348643660545349,
		0.33823856711387634,
		-0.07927808165550232,
		0.9998904466629028
	],
	"26. right_eye": [
		0.5278260111808777,
		0.33987924456596375,
		-0.09680285304784775,
		0.9998883008956909
	],
	"27. left_ear": [
		0.5306798219680786,
		0.34267184138298035,
		0.011532977223396301,
		0.9998577237129211
	],
	"28. right_ear": [
		0.5175607204437256,
		0.34804767370224,
		-0.06684562563896179,
		0.999818742275238
	],
	"time stamp": 29.969946478656652
}