{
	"1. left_hip": [
		0.5404303073883057,
		0.568060576915741,
		0.07803076505661011,
		0.9996204972267151
	],
	"2. left_knee": [
		0.5514525771141052,
		0.692116916179657,
		0.0971716120839119,
		0.8462456464767456
	],
	"3. left_ankle": [
		0.5500622987747192,
		0.8139714598655701,
		0.1747882068157196,
		0.9487191438674927
	],
	"6. right_hip": [
		0.5374037027359009,
		0.5717821717262268,
		-0.07814724743366241,
		0.9993547201156616
	],
	"7. right_knee": [
		0.5485344529151917,
		0.6919421553611755,
		-0.09534658491611481,
		0.9670244455337524
	],
	"8. right_ankle": [
		0.5120537281036377,
		0.7929631471633911,
		-0.017862040549516678,
		0.9732478260993958
	],
	"14. left_shoulder": [
		0.5222907066345215,
		0.3970797657966614,
		0.09360498189926147,
		0.9998908042907715
	],
	"15. left_elbow": [
		0.5414139032363892,
		0.4659387767314911,
		0.07401319593191147,
		0.5744575262069702
	],
	"16. left_wrist": [
		0.5556398034095764,
		0.44269534945487976,
		-0.07705128937959671,
		0.8373566269874573
	],
	"19. right_shoulder": [
		0.5217963457107544,
		0.4056510031223297,
		-0.12081488221883774,
		0.9998918771743774
	],
	"20. right_elbow": [
		0.5031501054763794,
		0.4830869138240814,
		-0.10935790836811066,
		0.9634751081466675
	],
	"21. right_wrist": [
		0.5353045463562012,
		0.5029581189155579,
		-0.05762731283903122,
		0.9387609362602234
	],
	"24. nose": [
		0.5362482666969299,
		0.3364022672176361,
		-0.15737788379192352,
		0.9999662637710571
	],
	"25. left_eye": [
		0.5343972444534302,
		0.3244607746601105,
		-0.13654938340187073,
		0.999926745891571
	],
	"26. right_eye": [
		0.5284376740455627,
		0.32645899057388306,
		-0.15449799597263336,
		0.9999262690544128
	],
	"27. left_ear": [
		0.5294962525367737,
		0.33005377650260925,
		-0.027507588267326355,
		0.9999012351036072
	],
	"28. right_ear": [
		0.5177637338638306,
		0.33568239212036133,
		-0.1085202693939209,
		0.9998809099197388
	],
	"time stamp": 29.969946478656652
}