{
	"1. left_hip": [
		0.5472497940063477,
		0.5656314492225647,
		0.05211420729756355,
		0.9996930956840515
	],
	"2. left_knee": [
		0.5604622960090637,
		0.6909179091453552,
		0.014776150695979595,
		0.8483773469924927
	],
	"3. left_ankle": [
		0.5522196888923645,
		0.8156181573867798,
		0.0907711386680603,
		0.9522051811218262
	],
	"6. right_hip": [
		0.5194524526596069,
		0.5658232569694519,
		-0.05222846940159798,
		0.9993757009506226
	],
	"7. right_knee": [
		0.5388449430465698,
		0.6901090145111084,
		-0.09162571281194687,
		0.9848800897598267
	],
	"8. right_ankle": [
		0.510856568813324,
		0.7963396906852722,
		0.013026070781052113,
		0.9834945201873779
	],
	"14. left_shoulder": [
		0.5521124601364136,
		0.39681383967399597,
		0.05723857879638672,
		0.9999343156814575
	],
	"15. left_elbow": [
		0.5900011658668518,
		0.44669926166534424,
		-0.008584392257034779,
		0.5846477150917053
	],
	"16. left_wrist": [
		0.5584088563919067,
		0.44992053508758545,
		-0.1914566159248352,
		0.8529824614524841
	],
	"19. right_shoulder": [
		0.5037432909011841,
		0.4110328257083893,
		-0.0457560196518898,
		0.999954342842102
	],
	"20. right_elbow": [
		0.485677570104599,
		0.4771679639816284,
		-0.10137291252613068,
		0.9821131825447083
	],
	"21. right_wrist": [
		0.5143910050392151,
		0.5090649724006653,
		-0.2072678804397583,
		0.9587684273719788
	],
	"24. nose": [
		0.530640721321106,
		0.34146493673324585,
		-0.1494867503643036,
		0.9999880790710449
	],
	"25. left_eye": [
		0.5316984057426453,
		0.3301427364349365,
		-0.13127633929252625,
		0.9999740123748779
	],
	"26. right_eye": [
		0.5225818157196045,
		0.334066241979599,
		-0.13738465309143066,
		0.9999751448631287
	],
	"27. left_ear": [
		0.5310333967208862,
		0.3367076516151428,
		-0.02837100252509117,
		0.9999579787254333
	],
	"28. right_ear": [
		0.5140144228935242,
		0.3463241457939148,
		-0.06049077957868576,
		0.9999617338180542
	],
	"time stamp": 29.969946478656652
}