{
	"1. left_hip": [
		0.5427843332290649,
		0.5671187043190002,
		0.01743623986840248,
		0.9997273683547974
	],
	"2. left_knee": [
		0.5588425397872925,
		0.6918424963951111,
		0.004293470177799463,
		0.8770036101341248
	],
	"3. left_ankle": [
		0.5521621108055115,
		0.8149523138999939,
		0.09418560564517975,
		0.9590362310409546
	],
	"6. right_hip": [
		0.5080022215843201,
		0.5674174427986145,
		-0.017459290102124214,
		0.9994805455207825
	],
	"7. right_knee": [
		0.49832072854042053,
		0.696294903755188,
		-0.009478765539824963,
		0.9864775538444519
	],
	"8. right_ankle": [
		0.4789350926876068,
		0.8008362054824829,
		0.10486149787902832,
		0.9848931431770325
	],
	"14. left_shoulder": [
		0.5475415587425232,
		0.40017297863960266,
		-0.03467864915728569,
		0.9999446868896484
	],
	"15. left_elbow": [
		0.580409586429596,
		0.4487653374671936,
		-0.08708162605762482,
		0.6958057284355164
	],
	"16. left_wrist": [
		0.5451091527938843,
		0.47393399477005005,
		-0.23184815049171448,
		0.8909553289413452
	],
	"19. right_shoulder": [
		0.4828932285308838,
		0.40647387504577637,
		-0.06522279232740402,
		0.9999560117721558
	],
	"20. right_elbow": [
		0.45688971877098083,
		0.46915292739868164,
		-0.14082029461860657,
		0.9862405061721802
	],
	"21. right_wrist": [
		0.48852840065956116,
		0.45559805631637573,
		-0.28121259808540344,
		0.967406153678894
	],
	"24. nose": [
		0.5224220752716064,
		0.3430403470993042,
		-0.19727572798728943,
		0.9999879598617554
	],
	"25. left_eye": [
		0.5245396494865417,
		0.3317546546459198,
		-0.18265168368816376,
		0.9999733567237854
	],
	"26. right_eye": [
		0.5149679780006409,
		0.33393532037734985,
		-0.18813946843147278,
		0.999977171421051
	],
	"27. left_ear": [
		0.5258051156997681,
		0.3377731144428253,
		-0.09127064049243927,
		0.9999518394470215
	],
	"28. right_ear": [
		0.5063109993934631,
		0.3408556878566742,
		-0.11845512688159943,
		0.9999672174453735
	],
	"time stamp": 29.969946478656652
}