{
	"1. left_hip": [
		0.5382768511772156,
		0.5632830262184143,
		-0.007499445229768753,
		0.9997379779815674
	],
	"2. left_knee": [
		0.5558898448944092,
		0.691257655620575,
		-0.0072634718380868435,
		0.8887542486190796
	],
	"3. left_ankle": [
		0.5533112287521362,
		0.8124588131904602,
		0.07566060870885849,
		0.962521493434906
	],
	"6. right_hip": [
		0.503510594367981,
		0.5651051998138428,
		0.007498499006032944,
		0.99951171875
	],
	"7. right_knee": [
		0.48494234681129456,
		0.6960728168487549,
		0.03531666100025177,
		0.9871230125427246
	],
	"8. right_ankle": [
		0.46710681915283203,
		0.8018919229507446,
		0.14520855247974396,
		0.9859033226966858
	],
	"14. left_shoulder": [
		0.5425375699996948,
		0.39867672324180603,
		-0.06087537482380867,
		0.9999467134475708
	],
	"15. left_elbow": [
		0.5764002799987793,
		0.45247048139572144,
		-0.1016637533903122,
		0.7259774804115295
	],
	"16. left_wrist": [
		0.5425194501876831,
		0.48879319429397583,
		-0.22679904103279114,
		0.9010910391807556
	],
	"19. right_shoulder": [
		0.4764987528324127,
		0.39866289496421814,
		-0.04944538325071335,
		0.9999496340751648
	],
	"20. right_elbow": [
		0.4599893093109131,
		0.47142764925956726,
		-0.11509603261947632,
		0.9860979914665222
	],
	"21. right_wrist": [
		0.4777464270591736,
		0.43903109431266785,
		-0.27124321460723877,
		0.9695978164672852
	],
	"24. nose": [
		0.5161415338516235,
		0.3362670838832855,
		-0.20396125316619873,
		0.999988317489624
	],
	"25. left_eye": [
		0.5196486711502075,
		0.3255711793899536,
		-0.19050045311450958,
		0.9999743700027466
	],
	"26. right_eye": [
		0.5094298720359802,
		0.3256973624229431,
		-0.19318485260009766,
		0.9999783039093018
	],
	"27. left_ear": [
		0.5217691659927368,
		0.3320581316947937,
		-0.10455538332462311,
		0.999954104423523
	],
	"28. right_ear": [
		0.5016961693763733,
		0.3306555151939392,
		-0.11895623058080673,
		0.9999678730964661
	],
	"time stamp": 29.969946478656652
}