{
	"1. left_hip": [
		0.48042362928390503,
		0.5585107207298279,
		-0.056347765028476715,
		0.9997726678848267
	],
	"2. left_knee": [
		0.45078182220458984,
		0.6842572689056396,
		-0.10109678655862808,
		0.965886652469635
	],
	"3. left_ankle": [
		0.47118741273880005,
		0.8046272993087769,
		-0.058321088552474976,
		0.9860366582870483
	],
	"6. right_hip": [
		0.45289483666419983,
		0.5583019852638245,
		0.056312330067157745,
		0.9995951056480408
	],
	"7. right_knee": [
		0.44203701615333557,
		0.6857882142066956,
		0.035999856889247894,
		0.9168074131011963
	],
	"8. right_ankle": [
		0.45910772681236267,
		0.8121615052223206,
		0.07831845432519913,
		0.9710005521774292
	],
	"14. left_shoulder": [
		0.4982798993587494,
		0.4002947509288788,
		-0.043507643043994904,
		0.9999788999557495
	],
	"15. left_elbow": [
		0.49877047538757324,
		0.4816185534000397,
		-0.06205923110246658,
		0.9217413067817688
	],
	"16. left_wrist": [
		0.4787682890892029,
		0.53969407081604,
		-0.09579523652791977,
		0.9696012139320374
	],
	"19. right_shoulder": [
		0.4490933418273926,
		0.4040570557117462,
		0.07681664079427719,
		0.9993712902069092
	],
	"20. right_elbow": [
		0.42450398206710815,
		0.4641971290111542,
		-0.000740376184694469,
		0.7822840809822083
	],
	"21. right_wrist": [
		0.4466668963432312,
		0.42424455285072327,
		-0.18397150933742523,
		0.925557553768158
	],
	"24. nose": [
		0.4793531894683838,
		0.3391894996166229,
		-0.09618028253316879,
		0.9999798536300659
	],
	"25. left_eye": [
		0.48388680815696716,
		0.3314253091812134,
		-0.08630720525979996,
		0.9999722242355347
	],
	"26. right_eye": [
		0.47488459944725037,
		0.3287108838558197,
		-0.08060529083013535,
		0.9999572038650513
	],
	"27. left_ear": [
		0.4867038130760193,
		0.3385622799396515,
		-0.02694442868232727,
		0.9999747276306152
	],
	"28. right_ear": [
		0.4685301184654236,
		0.3333359956741333,
		-0.0026335669681429863,
		0.9998849034309387
	],
	"time stamp": 29.969946478656652
}