{
	"1. left_hip": [
		0.4747392535209656,
		0.5578672885894775,
		-0.05866118520498276,
		0.9997962117195129
	],
	"2. left_knee": [
		0.45651134848594666,
		0.6807659268379211,
		-0.10206184536218643,
		0.978934645652771
	],
	"3. left_ankle": [
		0.4932711124420166,
		0.7951300740242004,
		-0.01608676090836525,
		0.9885851740837097
	],
	"6. right_hip": [
		0.44941091537475586,
		0.5598921179771423,
		0.058601491153240204,
		0.99964439868927
	],
	"7. right_knee": [
		0.44392865896224976,
		0.6854482293128967,
		0.05802106857299805,
		0.8080399632453918
	],
	"8. right_ankle": [
		0.4595251679420471,
		0.8114327192306519,
		0.13721317052841187,
		0.9359331727027893
	],
	"14. left_shoulder": [
		0.4871697425842285,
		0.39782989025115967,
		-0.07089506089687347,
		0.9999855756759644
	],
	"15. left_elbow": [
		0.5081296563148499,
		0.4746776223182678,
		-0.07601559162139893,
		0.9580525159835815
	],
	"16. left_wrist": [
		0.4910271167755127,
		0.5241782069206238,
		-0.11447753757238388,
		0.982482373714447
	],
	"19. right_shoulder": [
		0.44432562589645386,
		0.3954716920852661,
		0.06639961898326874,
		0.9994602203369141
	],
	"20. right_elbow": [
		0.4248408377170563,
		0.4727729856967926,
		0.012834723107516766,
		0.8356098532676697
	],
	"21. right_wrist": [
		0.4273860454559326,
		0.43840059638023376,
		-0.1824546456336975,
		0.9519141912460327
	],
	"24. nose": [
		0.46977582573890686,
		0.3272753059864044,
		-0.15386593341827393,
		0.9999714493751526
	],
	"25. left_eye": [
		0.47576969861984253,
		0.3212740421295166,
		-0.14336463809013367,
		0.999957799911499
	],
	"26. right_eye": [
		0.46522849798202515,
		0.31915566325187683,
		-0.13637472689151764,
		0.999945878982544
	],
	"27. left_ear": [
		0.4789251685142517,
		0.33020684123039246,
		-0.07228778302669525,
		0.9999614953994751
	],
	"28. right_ear": [
		0.45904865860939026,
		0.32500410079956055,
		-0.04199523478746414,
		0.9998577237129211
	],
	"time stamp": 29.969946478656652
}