{
	"1. left_hip": [
		0.4731786847114563,
		0.5578532814979553,
		-0.0601210780441761,
		0.9998029470443726
	],
	"2. left_knee": [
		0.4576522707939148,
		0.6851832866668701,
		-0.10182777792215347,
		0.9808812737464905
	],
	"3. left_ankle": [
		0.5082790851593018,
		0.794224202632904,
		-0.003655324224382639,
		0.989504337310791
	],
	"6. right_hip": [
		0.4497207999229431,
		0.5597519278526306,
		0.06007302552461624,
		0.9996563196182251
	],
	"7. right_knee": [
		0.4440782964229584,
		0.6877667307853699,
		0.06254567950963974,
		0.8146085143089294
	],
	"8. right_ankle": [
		0.4595186114311218,
		0.8125364780426025,
		0.1527668684720993,
		0.9400121569633484
	],
	"14. left_shoulder": [
		0.48201602697372437,
		0.3956243693828583,
		-0.0869235247373581,
		0.9999868273735046
	],
	"15. left_elbow": [
		0.5076687335968018,
		0.4730624854564667,
		-0.09408585727214813,
		0.9622077345848083
	],
	"16. left_wrist": [
		0.49222126603126526,
		0.5206558108329773,
		-0.13620291650295258,
		0.9841069579124451
	],
	"19. right_shoulder": [
		0.44513756036758423,
		0.3935163617134094,
		0.06340520083904266,
		0.9994567632675171
	],
	"20. right_elbow": [
		0.42768439650535583,
		0.47173798084259033,
		0.025912761688232422,
		0.8013846278190613
	],
	"21. right_wrist": [
		0.4278620779514313,
		0.4362846910953522,
		-0.15831555426120758,
		0.9504404664039612
	],
	"24. nose": [
		0.46903157234191895,
		0.3267923891544342,
		-0.17564889788627625,
		0.9999740123748779
	],
	"25. left_eye": [
		0.4749287962913513,
		0.3195510804653168,
		-0.16508351266384125,
		0.9999616146087646
	],
	"26. right_eye": [
		0.46437254548072815,
		0.3180874288082123,
		-0.15778447687625885,
		0.9999505281448364
	],
	"27. left_ear": [
		0.47794270515441895,
		0.3284469544887543,
		-0.09141646325588226,
		0.9999651908874512
	],
	"28. right_ear": [
		0.45800238847732544,
		0.32403305172920227,
		-0.05820474028587341,
		0.9998693466186523
	],
	"time stamp": 29.969946478656652
}