{
	"1. left_hip": [
		0.4695432186126709,
		0.5633388757705688,
		-0.06695498526096344,
		0.9998189210891724
	],
	"2. left_knee": [
		0.4604337215423584,
		0.6977554559707642,
		-0.08909239619970322,
		0.9886334538459778
	],
	"3. left_ankle": [
		0.5076080560684204,
		0.794166624546051,
		-0.00019470456754788756,
		0.992939293384552
	],
	"6. right_hip": [
		0.4448927938938141,
		0.565471351146698,
		0.06690511107444763,
		0.9996870160102844
	],
	"7. right_knee": [
		0.4456995129585266,
		0.6978671550750732,
		0.06873054057359695,
		0.8367098569869995
	],
	"8. right_ankle": [
		0.45904508233070374,
		0.8138578534126282,
		0.14643236994743347,
		0.9542174339294434
	],
	"14. left_shoulder": [
		0.47961825132369995,
		0.3954738676548004,
		-0.10878102481365204,
		0.9999923706054688
	],
	"15. left_elbow": [
		0.5003708004951477,
		0.4783942699432373,
		-0.1413930207490921,
		0.9798157215118408
	],
	"16. left_wrist": [
		0.474038690328598,
		0.5208258032798767,
		-0.16815003752708435,
		0.9910913705825806
	],
	"19. right_shoulder": [
		0.4401158392429352,
		0.3992007374763489,
		0.09682241827249527,
		0.9993420839309692
	],
	"20. right_elbow": [
		0.4231185019016266,
		0.4787237048149109,
		0.060289204120635986,
		0.6715207695960999
	],
	"21. right_wrist": [
		0.4253722131252289,
		0.43363744020462036,
		-0.09306652098894119,
		0.915229082107544
	],
	"24. nose": [
		0.45653462409973145,
		0.32961058616638184,
		-0.12279947102069855,
		0.9999769330024719
	],
	"25. left_eye": [
		0.4633081555366516,
		0.3214559257030487,
		-0.11931975930929184,
		0.999970555305481
	],
	"26. right_eye": [
		0.4552643299102783,
		0.3211980164051056,
		-0.10626351833343506,
		0.9999482035636902
	],
	"27. left_ear": [
		0.46941953897476196,
		0.3302519619464874,
		-0.08069290965795517,
		0.999978244304657
	],
	"28. right_ear": [
		0.45411595702171326,
		0.3275955319404602,
		-0.021509287878870964,
		0.9998505711555481
	],
	"time stamp": 29.969946478656652
}