{
	"1. left_hip": [
		0.46846717596054077,
		0.5680215954780579,
		-0.0421316921710968,
		0.9997283816337585
	],
	"2. left_knee": [
		0.44998687505722046,
		0.6971460580825806,
		-0.05817236751317978,
		0.9905272126197815
	],
	"3. left_ankle": [
		0.46729785203933716,
		0.808357834815979,
		0.034947771579027176,
		0.9927328824996948
	],
	"6. right_hip": [
		0.43909257650375366,
		0.5702810287475586,
		0.04212578386068344,
		0.9995884895324707
	],
	"7. right_knee": [
		0.43765562772750854,
		0.6960315108299255,
		0.03784244507551193,
		0.8314999938011169
	],
	"8. right_ankle": [
		0.4554261565208435,
		0.8098098635673523,
		0.13296844065189362,
		0.9479815363883972
	],
	"14. left_shoulder": [
		0.4802148938179016,
		0.39901164174079895,
		-0.034419722855091095,
		0.9999723434448242
	],
	"15. left_elbow": [
		0.4812169671058655,
		0.4767557680606842,
		-0.04450176656246185,
		0.9805586934089661
	],
	"16. left_wrist": [
		0.4650312066078186,
		0.5146975517272949,
		-0.11110042035579681,
		0.9741813540458679
	],
	"19. right_shoulder": [
		0.43172675371170044,
		0.41311216354370117,
		0.041924767196178436,
		0.999328076839447
	],
	"20. right_elbow": [
		0.41461554169654846,
		0.4899207651615143,
		-0.02268531545996666,
		0.726874589920044
	],
	"21. right_wrist": [
		0.4263949394226074,
		0.44322845339775085,
		-0.1930403709411621,
		0.9285368323326111
	],
	"24. nose": [
		0.4576823115348816,
		0.3459571897983551,
		-0.1225612610578537,
		0.9999551177024841
	],
	"25. left_eye": [
		0.4637231230735779,
		0.3346821367740631,
		-0.1131063923239708,
		0.9999257326126099
	],
	"26. right_eye": [
		0.45428329706192017,
		0.3348119854927063,
		-0.1095287948846817,
		0.9999105334281921
	],
	"27. left_ear": [
		0.4680703282356262,
		0.34036701917648315,
		-0.04691221937537193,
		0.9999362826347351
	],
	"28. right_ear": [
		0.4494469165802002,
		0.3407379388809204,
		-0.02734450064599514,
		0.999788761138916
	],
	"time stamp": 29.969946478656652
}