{
	"1. left_hip": [
		0.46855807304382324,
		0.5747590661048889,
		-0.04820585995912552,
		0.9997116327285767
	],
	"2. left_knee": [
		0.4490279257297516,
		0.6995124220848083,
		-0.0586179681122303,
		0.9900918006896973
	],
	"3. left_ankle": [
		0.466036319732666,
		0.8111261129379272,
		-0.004213453270494938,
		0.9921334385871887
	],
	"6. right_hip": [
		0.4390357434749603,
		0.5748096704483032,
		0.04819778352975845,
		0.9995595812797546
	],
	"7. right_knee": [
		0.4366501271724701,
		0.6962071657180786,
		0.03172987699508667,
		0.8374704122543335
	],
	"8. right_ankle": [
		0.45553916692733765,
		0.8098586797714233,
		0.1141759380698204,
		0.9455878734588623
	],
	"14. left_shoulder": [
		0.48030298948287964,
		0.40211981534957886,
		-0.0407366044819355,
		0.9999657273292542
	],
	"15. left_elbow": [
		0.47656574845314026,
		0.476942241191864,
		-0.09237413108348846,
		0.9794785380363464
	],
	"16. left_wrist": [
		0.45221132040023804,
		0.5006548166275024,
		-0.1939769983291626,
		0.968874990940094
	],
	"19. right_shoulder": [
		0.4325295090675354,
		0.4181573688983917,
		0.07669602334499359,
		0.9993212223052979
	],
	"20. right_elbow": [
		0.41599947214126587,
		0.4874672293663025,
		0.0028764570597559214,
		0.7216132879257202
	],
	"21. right_wrist": [
		0.4282357096672058,
		0.46799519658088684,
		-0.18121039867401123,
		0.9132674932479858
	],
	"24. nose": [
		0.45631879568099976,
		0.35389265418052673,
		-0.0814349502325058,
		0.9999390840530396
	],
	"25. left_eye": [
		0.46260151267051697,
		0.34169772267341614,
		-0.07406620681285858,
		0.9999027252197266
	],
	"26. right_eye": [
		0.4531741738319397,
		0.34263768792152405,
		-0.06693953275680542,
		0.9998795390129089
	],
	"27. left_ear": [
		0.46799081563949585,
		0.34713590145111084,
		-0.02008470706641674,
		0.999918520450592
	],
	"28. right_ear": [
		0.4499184191226959,
		0.3479984998703003,
		0.011823331005871296,
		0.9997450113296509
	],
	"time stamp": 29.969946478656652
}