{
	"1. left_hip": [
		0.4589060842990875,
		0.5571706891059875,
		-0.057793181389570236,
		0.9996664524078369
	],
	"2. left_knee": [
		0.4510083794593811,
		0.6822516322135925,
		-0.10739552974700928,
		0.9746652841567993
	],
	"3. left_ankle": [
		0.45919424295425415,
		0.8131042718887329,
		-0.08838099241256714,
		0.9819218516349792
	],
	"6. right_hip": [
		0.43745023012161255,
		0.5615640878677368,
		0.0578620620071888,
		0.9995278120040894
	],
	"7. right_knee": [
		0.4383966326713562,
		0.6878862380981445,
		0.02729937434196472,
		0.7536271214485168
	],
	"8. right_ankle": [
		0.45372629165649414,
		0.8050763607025146,
		0.06493885815143585,
		0.8633684515953064
	],
	"14. left_shoulder": [
		0.46983128786087036,
		0.3944160044193268,
		-0.1015283614397049,
		0.9991597533226013
	],
	"15. left_elbow": [
		0.49728527665138245,
		0.3305183947086334,
		-0.16072820127010345,
		0.9887711405754089
	],
	"16. left_wrist": [
		0.5105792284011841,
		0.2533818781375885,
		-0.21708138287067413,
		0.9548318386077881
	],
	"19. right_shoulder": [
		0.4295153021812439,
		0.3967287242412567,
		0.032686732709407806,
		0.9980337023735046
	],
	"20. right_elbow": [
		0.41312676668167114,
		0.3270758390426636,
		0.0708562582731247,
		0.7864944934844971
	],
	"21. right_wrist": [
		0.4077727198600769,
		0.2523839771747589,
		0.03185407072305679,
		0.8952868580818176
	],
	"24. nose": [
		0.4397008419036865,
		0.35490670800209045,
		-0.14972850680351257,
		0.9996361136436462
	],
	"25. left_eye": [
		0.4475814402103424,
		0.34163129329681396,
		-0.14323115348815918,
		0.9996219277381897
	],
	"26. right_eye": [
		0.4391944408416748,
		0.3420799672603607,
		-0.13069108128547668,
		0.9995015859603882
	],
	"27. left_ear": [
		0.4567539691925049,
		0.3460465669631958,
		-0.09689964354038239,
		0.99960857629776
	],
	"28. right_ear": [
		0.442082941532135,
		0.3419368863105774,
		-0.03810202330350876,
		0.9993858933448792
	],
	"time stamp": 29.969946478656652
}