{
	"1. left_hip": [
		0.46418872475624084,
		0.5588067770004272,
		-0.045161452144384384,
		0.9996986985206604
	],
	"2. left_knee": [
		0.45040303468704224,
		0.6721212863922119,
		-0.22628319263458252,
		0.9719188809394836
	],
	"3. left_ankle": [
		0.4439854025840759,
		0.7997291684150696,
		-0.2505241632461548,
		0.9789188504219055
	],
	"6. right_hip": [
		0.4350246489048004,
		0.561673104763031,
		0.04528123885393143,
		0.9995322823524475
	],
	"7. right_knee": [
		0.4339882433414459,
		0.6844974756240845,
		0.03670411556959152,
		0.7479511499404907
	],
	"8. right_ankle": [
		0.45037707686424255,
		0.7856379151344299,
		0.10869836807250977,
		0.852878749370575
	],
	"14. left_shoulder": [
		0.4777166247367859,
		0.39638519287109375,
		-0.12259048223495483,
		0.9991798996925354
	],
	"15. left_elbow": [
		0.4945482611656189,
		0.3292340934276581,
		-0.20167160034179688,
		0.9901339411735535
	],
	"16. left_wrist": [
		0.4916818141937256,
		0.2439402937889099,
		-0.2618064284324646,
		0.9590414762496948
	],
	"19. right_shoulder": [
		0.4289473593235016,
		0.39731109142303467,
		-0.010159051045775414,
		0.9981266856193542
	],
	"20. right_elbow": [
		0.4094206392765045,
		0.3320077061653137,
		-0.06794366985559464,
		0.8195213079452515
	],
	"21. right_wrist": [
		0.39656567573547363,
		0.25895676016807556,
		-0.20384876430034637,
		0.9088860154151917
	],
	"24. nose": [
		0.44137129187583923,
		0.36086592078208923,
		-0.20248658955097198,
		0.9996669292449951
	],
	"25. left_eye": [
		0.4488336145877838,
		0.3468274176120758,
		-0.19148509204387665,
		0.99964839220047
	],
	"26. right_eye": [
		0.43974727392196655,
		0.34824156761169434,
		-0.182327538728714,
		0.9995306730270386
	],
	"27. left_ear": [
		0.4580034613609314,
		0.34936225414276123,
		-0.12320782244205475,
		0.9996544718742371
	],
	"28. right_ear": [
		0.44223713874816895,
		0.34734922647476196,
		-0.07939963042736053,
		0.9994089603424072
	],
	"time stamp": 29.969946478656652
}