{
	"1. left_hip": [
		0.46495962142944336,
		0.5660378336906433,
		-0.04061095044016838,
		0.9996589422225952
	],
	"2. left_knee": [
		0.4457727372646332,
		0.6775981187820435,
		-0.13953304290771484,
		0.9739887118339539
	],
	"3. left_ankle": [
		0.4336434006690979,
		0.7867769002914429,
		-0.11838866770267487,
		0.9761065244674683
	],
	"6. right_hip": [
		0.4319308400154114,
		0.5629100799560547,
		0.040666364133358,
		0.9995919466018677
	],
	"7. right_knee": [
		0.43305373191833496,
		0.681063711643219,
		0.0014908167067915201,
		0.8326258659362793
	],
	"8. right_ankle": [
		0.4509800970554352,
		0.7953032851219177,
		0.08970016986131668,
		0.8981079459190369
	],
	"14. left_shoulder": [
		0.48000502586364746,
		0.3984651267528534,
		-0.12467052787542343,
		0.9986436367034912
	],
	"15. left_elbow": [
		0.47976741194725037,
		0.3228905498981476,
		-0.18945437669754028,
		0.9923144578933716
	],
	"16. left_wrist": [
		0.48112502694129944,
		0.2408876270055771,
		-0.23311901092529297,
		0.9680060148239136
	],
	"19. right_shoulder": [
		0.4294556975364685,
		0.40720951557159424,
		-0.025272611528635025,
		0.9979882836341858
	],
	"20. right_elbow": [
		0.4049133360385895,
		0.3610575497150421,
		-0.09571991860866547,
		0.8859990835189819
	],
	"21. right_wrist": [
		0.396583616733551,
		0.26944199204444885,
		-0.23947055637836456,
		0.9376952648162842
	],
	"24. nose": [
		0.4439752995967865,
		0.3645525574684143,
		-0.20244279503822327,
		0.9996876120567322
	],
	"25. left_eye": [
		0.45029863715171814,
		0.35161256790161133,
		-0.19189824163913727,
		0.9996498823165894
	],
	"26. right_eye": [
		0.44046682119369507,
		0.3542235791683197,
		-0.1834038645029068,
		0.9995661973953247
	],
	"27. left_ear": [
		0.4592072069644928,
		0.35335010290145874,
		-0.1263503134250641,
		0.9996984004974365
	],
	"28. right_ear": [
		0.4405438303947449,
		0.3556573688983917,
		-0.08533930778503418,
		0.9994454979896545
	],
	"time stamp": 29.969946478656652
}