{
	"1. left_hip": [
		0.4564000964164734,
		0.5565328598022461,
		-0.07233134657144547,
		0.9997331500053406
	],
	"2. left_knee": [
		0.4470716118812561,
		0.6921865940093994,
		-0.10624963045120239,
		0.9691606760025024
	],
	"3. left_ankle": [
		0.46018752455711365,
		0.8227699995040894,
		-0.09307470917701721,
		0.974264919757843
	],
	"6. right_hip": [
		0.4444851279258728,
		0.5611194372177124,
		0.07230689376592636,
		0.9995825290679932
	],
	"7. right_knee": [
		0.44580549001693726,
		0.6913687586784363,
		0.056660689413547516,
		0.7183231711387634
	],
	"8. right_ankle": [
		0.4545254707336426,
		0.8089948892593384,
		0.07231087237596512,
		0.8104676604270935
	],
	"14. left_shoulder": [
		0.46775999665260315,
		0.39545539021492004,
		-0.10536997020244598,
		0.9992439150810242
	],
	"15. left_elbow": [
		0.4876110553741455,
		0.3238767981529236,
		-0.20586225390434265,
		0.9954069256782532
	],
	"16. left_wrist": [
		0.4992655813694,
		0.250465452671051,
		-0.28571683168411255,
		0.9803966283798218
	],
	"19. right_shoulder": [
		0.4332818388938904,
		0.39825257658958435,
		0.08404574543237686,
		0.9980058670043945
	],
	"20. right_elbow": [
		0.4154958724975586,
		0.3269745409488678,
		0.1644749939441681,
		0.826531708240509
	],
	"21. right_wrist": [
		0.40590500831604004,
		0.2546977698802948,
		0.1670438051223755,
		0.9236878752708435
	],
	"24. nose": [
		0.43616753816604614,
		0.35556861758232117,
		-0.10448391735553741,
		0.9998140931129456
	],
	"25. left_eye": [
		0.4427427649497986,
		0.34398600459098816,
		-0.09555291384458542,
		0.9997960329055786
	],
	"26. right_eye": [
		0.43617433309555054,
		0.34387800097465515,
		-0.0815277248620987,
		0.9997265934944153
	],
	"27. left_ear": [
		0.45273080468177795,
		0.34887686371803284,
		-0.0705028623342514,
		0.9998257756233215
	],
	"28. right_ear": [
		0.4389013648033142,
		0.34558600187301636,
		0.028838295489549637,
		0.9996548295021057
	],
	"time stamp": 29.969946478656652
}