{
	"1. left_hip": [
		0.4647197723388672,
		0.564661979675293,
		-0.060484789311885834,
		0.999752402305603
	],
	"2. left_knee": [
		0.4413698613643646,
		0.6749489903450012,
		-0.22975990176200867,
		0.9631202220916748
	],
	"3. left_ankle": [
		0.4521326422691345,
		0.8124237060546875,
		-0.19326964020729065,
		0.9690870642662048
	],
	"6. right_hip": [
		0.4433049261569977,
		0.5695018768310547,
		0.06052732467651367,
		0.9995470643043518
	],
	"7. right_knee": [
		0.4451548159122467,
		0.6951221227645874,
		0.06157461926341057,
		0.6725776791572571
	],
	"8. right_ankle": [
		0.4541591703891754,
		0.8073338270187378,
		0.13527332246303558,
		0.7723875045776367
	],
	"14. left_shoulder": [
		0.4725455641746521,
		0.39779403805732727,
		-0.07488363981246948,
		0.9991869330406189
	],
	"15. left_elbow": [
		0.46849530935287476,
		0.3410738706588745,
		-0.2074662446975708,
		0.9946097135543823
	],
	"16. left_wrist": [
		0.4516225755214691,
		0.2686854302883148,
		-0.3203186094760895,
		0.9794357419013977
	],
	"19. right_shoulder": [
		0.42887693643569946,
		0.40751710534095764,
		0.08088125288486481,
		0.9980974793434143
	],
	"20. right_elbow": [
		0.3815956115722656,
		0.373797744512558,
		0.1253419816493988,
		0.8660564422607422
	],
	"21. right_wrist": [
		0.3652908504009247,
		0.3130180835723877,
		0.09961510449647903,
		0.9367830157279968
	],
	"24. nose": [
		0.43695372343063354,
		0.355227530002594,
		-0.08810073137283325,
		0.9998331665992737
	],
	"25. left_eye": [
		0.44456252455711365,
		0.34363964200019836,
		-0.08227711915969849,
		0.9998141527175903
	],
	"26. right_eye": [
		0.43626174330711365,
		0.3439998924732208,
		-0.06938166916370392,
		0.9997367262840271
	],
	"27. left_ear": [
		0.45373544096946716,
		0.34813567996025085,
		-0.042341433465480804,
		0.9998286366462708
	],
	"28. right_ear": [
		0.43889516592025757,
		0.3458811342716217,
		0.01657145284116268,
		0.9996763467788696
	],
	"time stamp": 29.969946478656652
}