{
	"1. left_hip": [
		0.4693673253059387,
		0.5695324540138245,
		-0.047218021005392075,
		0.9995979070663452
	],
	"2. left_knee": [
		0.4477691650390625,
		0.6726449728012085,
		-0.14147546887397766,
		0.9672425985336304
	],
	"3. left_ankle": [
		0.4380822777748108,
		0.8092724084854126,
		-0.1252443939447403,
		0.9775272011756897
	],
	"6. right_hip": [
		0.4399000108242035,
		0.5738098621368408,
		0.04727582633495331,
		0.999464750289917
	],
	"7. right_knee": [
		0.4357934892177582,
		0.6866621971130371,
		-0.016999412328004837,
		0.7150846123695374
	],
	"8. right_ankle": [
		0.4534170627593994,
		0.8107284307479858,
		0.022416649386286736,
		0.8346987366676331
	],
	"14. left_shoulder": [
		0.46293026208877563,
		0.41888946294784546,
		-0.1258159726858139,
		0.9991723895072937
	],
	"15. left_elbow": [
		0.45444735884666443,
		0.5065277218818665,
		-0.10519289970397949,
		0.9547998905181885
	],
	"16. left_wrist": [
		0.46703457832336426,
		0.5710031390190125,
		-0.1264636367559433,
		0.8140204548835754
	],
	"19. right_shoulder": [
		0.41582542657852173,
		0.4270744323730469,
		-0.009136568754911423,
		0.9988960027694702
	],
	"20. right_elbow": [
		0.4077479839324951,
		0.4953564405441284,
		0.03542415052652359,
		0.829568088054657
	],
	"21. right_wrist": [
		0.3931763470172882,
		0.5552681684494019,
		-0.021782243624329567,
		0.868593692779541
	],
	"24. nose": [
		0.4430956244468689,
		0.34196579456329346,
		-0.20777268707752228,
		0.9996216893196106
	],
	"25. left_eye": [
		0.4503018856048584,
		0.33847618103027344,
		-0.1982976496219635,
		0.9992595911026001
	],
	"26. right_eye": [
		0.4401873052120209,
		0.33473527431488037,
		-0.19273200631141663,
		0.9992321133613586
	],
	"27. left_ear": [
		0.45545870065689087,
		0.35014575719833374,
		-0.1330619752407074,
		0.9989703893661499
	],
	"28. right_ear": [
		0.4343552589416504,
		0.3426373600959778,
		-0.11004394292831421,
		0.9982963800430298
	],
	"time stamp": 29.969946478656652
}