{
	"1. left_hip": [
		0.46437495946884155,
		0.5730026960372925,
		-0.05047713592648506,
		0.9992678165435791
	],
	"2. left_knee": [
		0.44764652848243713,
		0.6835048794746399,
		-0.12443315982818604,
		0.9507087469100952
	],
	"3. left_ankle": [
		0.44915661215782166,
		0.8173081874847412,
		-0.09492392838001251,
		0.9637637734413147
	],
	"6. right_hip": [
		0.44048619270324707,
		0.5757296681404114,
		0.05058519169688225,
		0.9990501403808594
	],
	"7. right_knee": [
		0.43732112646102905,
		0.6927765607833862,
		-0.009941978380084038,
		0.6287164092063904
	],
	"8. right_ankle": [
		0.45189887285232544,
		0.8103936314582825,
		0.021184470504522324,
		0.7796484231948853
	],
	"14. left_shoulder": [
		0.4604617655277252,
		0.42262762784957886,
		-0.12018628418445587,
		0.9993703365325928
	],
	"15. left_elbow": [
		0.4661014676094055,
		0.5069843530654907,
		-0.1125878095626831,
		0.9572470784187317
	],
	"16. left_wrist": [
		0.4800390601158142,
		0.5777439475059509,
		-0.15634861588478088,
		0.8139187693595886
	],
	"19. right_shoulder": [
		0.4135477542877197,
		0.4254687428474426,
		0.0046812742948532104,
		0.9991269111633301
	],
	"20. right_elbow": [
		0.40639227628707886,
		0.49224600195884705,
		0.05100974440574646,
		0.7750806212425232
	],
	"21. right_wrist": [
		0.3943323493003845,
		0.5521869659423828,
		-0.0055357725359499454,
		0.8204449415206909
	],
	"24. nose": [
		0.444762647151947,
		0.34571409225463867,
		-0.19203399121761322,
		0.9997022151947021
	],
	"25. left_eye": [
		0.4514664113521576,
		0.3435456454753876,
		-0.1835281252861023,
		0.9994275569915771
	],
	"26. right_eye": [
		0.44143351912498474,
		0.3375593423843384,
		-0.17808589339256287,
		0.9993999004364014
	],
	"27. left_ear": [
		0.4554745554924011,
		0.35434889793395996,
		-0.12137695401906967,
		0.999216616153717
	],
	"28. right_ear": [
		0.4350299835205078,
		0.34342196583747864,
		-0.09973479807376862,
		0.9987013936042786
	],
	"time stamp": 29.969946478656652
}