{
	"1. left_hip": [
		0.47133272886276245,
		0.5725923180580139,
		-0.0533093698322773,
		0.9990827441215515
	],
	"2. left_knee": [
		0.4465371072292328,
		0.6695054173469543,
		-0.1805061250925064,
		0.949475109577179
	],
	"3. left_ankle": [
		0.4251534044742584,
		0.7834853529930115,
		-0.1189788356423378,
		0.9700521230697632
	],
	"6. right_hip": [
		0.4395166337490082,
		0.5782326459884644,
		0.05335139483213425,
		0.9990617036819458
	],
	"7. right_knee": [
		0.4372650682926178,
		0.6914576888084412,
		0.06101267412304878,
		0.6679762005805969
	],
	"8. right_ankle": [
		0.45550552010536194,
		0.8110570907592773,
		0.15116800367832184,
		0.8177633285522461
	],
	"14. left_shoulder": [
		0.46575456857681274,
		0.4165699779987335,
		-0.15598323941230774,
		0.9994855523109436
	],
	"15. left_elbow": [
		0.4573671817779541,
		0.5075216889381409,
		-0.1343364417552948,
		0.9269880652427673
	],
	"16. left_wrist": [
		0.44019779562950134,
		0.5703893303871155,
		-0.12312402576208115,
		0.691758930683136
	],
	"19. right_shoulder": [
		0.4195024371147156,
		0.4317316710948944,
		-0.005100606009364128,
		0.9995757937431335
	],
	"20. right_elbow": [
		0.40372514724731445,
		0.5098833441734314,
		0.03916041553020477,
		0.7924707531929016
	],
	"21. right_wrist": [
		0.3793860077857971,
		0.566667914390564,
		-0.016828136518597603,
		0.8199867010116577
	],
	"24. nose": [
		0.4463774263858795,
		0.3412395119667053,
		-0.1996576488018036,
		0.9998326897621155
	],
	"25. left_eye": [
		0.45320186018943787,
		0.33838436007499695,
		-0.1959402859210968,
		0.9996728301048279
	],
	"26. right_eye": [
		0.4426596164703369,
		0.3343192934989929,
		-0.1865924894809723,
		0.9996876120567322
	],
	"27. left_ear": [
		0.45801806449890137,
		0.3523539900779724,
		-0.14297626912593842,
		0.9995630979537964
	],
	"28. right_ear": [
		0.4375295042991638,
		0.342763215303421,
		-0.1144229993224144,
		0.9993618130683899
	],
	"time stamp": 29.969946478656652
}