{
	"1. left_hip": [
		0.4664117395877838,
		0.5631537437438965,
		-0.04457562044262886,
		0.9991947412490845
	],
	"2. left_knee": [
		0.4480365216732025,
		0.6672099232673645,
		-0.17272551357746124,
		0.9492685794830322
	],
	"3. left_ankle": [
		0.44263768196105957,
		0.8051249384880066,
		-0.18031954765319824,
		0.9702240824699402
	],
	"6. right_hip": [
		0.4392964243888855,
		0.5674142837524414,
		0.04461278021335602,
		0.9991528987884521
	],
	"7. right_knee": [
		0.4405505657196045,
		0.6870235204696655,
		0.00035485337139107287,
		0.6582848429679871
	],
	"8. right_ankle": [
		0.4540327489376068,
		0.8071288466453552,
		0.03127070888876915,
		0.8147112131118774
	],
	"14. left_shoulder": [
		0.4674593508243561,
		0.4115543067455292,
		-0.09141121804714203,
		0.9995511770248413
	],
	"15. left_elbow": [
		0.4675367474555969,
		0.49941742420196533,
		-0.0861731767654419,
		0.9220550656318665
	],
	"16. left_wrist": [
		0.4804511070251465,
		0.5671919584274292,
		-0.13374759256839752,
		0.6707675457000732
	],
	"19. right_shoulder": [
		0.4195040166378021,
		0.41181260347366333,
		0.004702677484601736,
		0.9996503591537476
	],
	"20. right_elbow": [
		0.4040541648864746,
		0.48753631114959717,
		0.04035927355289459,
		0.792102038860321
	],
	"21. right_wrist": [
		0.3879183530807495,
		0.5554015040397644,
		-0.01950616016983986,
		0.8237316608428955
	],
	"24. nose": [
		0.449957937002182,
		0.3345779478549957,
		-0.17734931409358978,
		0.999864399433136
	],
	"25. left_eye": [
		0.4565245509147644,
		0.33127522468566895,
		-0.16663232445716858,
		0.999732255935669
	],
	"26. right_eye": [
		0.4459605813026428,
		0.3272399604320526,
		-0.16343152523040771,
		0.9997473955154419
	],
	"27. left_ear": [
		0.45993518829345703,
		0.34395578503608704,
		-0.09826238453388214,
		0.9996499419212341
	],
	"28. right_ear": [
		0.4403708875179291,
		0.3344053626060486,
		-0.08695153146982193,
		0.9994917511940002
	],
	"time stamp": 29.969946478656652
}