{
	"1. left_hip": [
		0.46547770500183105,
		0.5669981837272644,
		-0.054348669946193695,
		0.9991894960403442
	],
	"2. left_knee": [
		0.44841623306274414,
		0.6881163120269775,
		-0.11190550029277802,
		0.9503271579742432
	],
	"3. left_ankle": [
		0.46072402596473694,
		0.820764422416687,
		-0.08082069456577301,
		0.96782386302948
	],
	"6. right_hip": [
		0.44244346022605896,
		0.5690638422966003,
		0.05441403388977051,
		0.9991345405578613
	],
	"7. right_knee": [
		0.43894022703170776,
		0.6922889947891235,
		-0.004718846641480923,
		0.6359614729881287
	],
	"8. right_ankle": [
		0.4531571865081787,
		0.8101834654808044,
		0.040703367441892624,
		0.7941910624504089
	],
	"14. left_shoulder": [
		0.46808138489723206,
		0.41285598278045654,
		-0.09032828360795975,
		0.99965500831604
	],
	"15. left_elbow": [
		0.479020893573761,
		0.49315449595451355,
		-0.09809072315692902,
		0.9341409206390381
	],
	"16. left_wrist": [
		0.5030835866928101,
		0.5550894141197205,
		-0.17274458706378937,
		0.72394198179245
	],
	"19. right_shoulder": [
		0.4212666153907776,
		0.40767064690589905,
		0.047131214290857315,
		0.9997052550315857
	],
	"20. right_elbow": [
		0.4071335196495056,
		0.4751337766647339,
		0.07892478257417679,
		0.7847946286201477
	],
	"21. right_wrist": [
		0.3964211344718933,
		0.5273327231407166,
		0.004947698675096035,
		0.8305490612983704
	],
	"24. nose": [
		0.45091676712036133,
		0.3363965153694153,
		-0.15376679599285126,
		0.9998898506164551
	],
	"25. left_eye": [
		0.4578578472137451,
		0.3340989947319031,
		-0.14481711387634277,
		0.9997852444648743
	],
	"26. right_eye": [
		0.4490162432193756,
		0.32970336079597473,
		-0.13781501352787018,
		0.999793291091919
	],
	"27. left_ear": [
		0.461931049823761,
		0.34551507234573364,
		-0.08427590131759644,
		0.9997230768203735
	],
	"28. right_ear": [
		0.44534772634506226,
		0.3366444706916809,
		-0.05632699653506279,
		0.9995987415313721
	],
	"time stamp": 29.969946478656652
}