{
	"1. left_hip": [
		0.46452251076698303,
		0.5881224870681763,
		-0.0605292022228241,
		0.9992923140525818
	],
	"2. left_knee": [
		0.44258561730384827,
		0.702909529209137,
		-0.11591227352619171,
		0.9550209641456604
	],
	"3. left_ankle": [
		0.4620564579963684,
		0.8281009197235107,
		-0.08995109796524048,
		0.96868497133255
	],
	"6. right_hip": [
		0.4440966248512268,
		0.5881291627883911,
		0.060564376413822174,
		0.9991828799247742
	],
	"7. right_knee": [
		0.4330691397190094,
		0.7057496309280396,
		0.0009201139910146594,
		0.6010801792144775
	],
	"8. right_ankle": [
		0.4526440501213074,
		0.8132234215736389,
		0.05401640012860298,
		0.7458537817001343
	],
	"14. left_shoulder": [
		0.4674288332462311,
		0.42858806252479553,
		-0.09901398420333862,
		0.9997469186782837
	],
	"15. left_elbow": [
		0.49078845977783203,
		0.4931791424751282,
		-0.14048418402671814,
		0.9512600898742676
	],
	"16. left_wrist": [
		0.5219054818153381,
		0.5479424595832825,
		-0.2531704306602478,
		0.7954152226448059
	],
	"19. right_shoulder": [
		0.42693838477134705,
		0.423502653837204,
		0.057037223130464554,
		0.9997528791427612
	],
	"20. right_elbow": [
		0.40824490785598755,
		0.4803062975406647,
		0.10355887562036514,
		0.7606496214866638
	],
	"21. right_wrist": [
		0.3960776627063751,
		0.5233767628669739,
		0.0510062649846077,
		0.8379700183868408
	],
	"24. nose": [
		0.45054882764816284,
		0.3531702160835266,
		-0.14976006746292114,
		0.9999151229858398
	],
	"25. left_eye": [
		0.45798617601394653,
		0.35094696283340454,
		-0.1419590413570404,
		0.9998378157615662
	],
	"26. right_eye": [
		0.4499761462211609,
		0.3458525240421295,
		-0.13321907818317413,
		0.9998412728309631
	],
	"27. left_ear": [
		0.46295350790023804,
		0.36288249492645264,
		-0.08548738062381744,
		0.9997929334640503
	],
	"28. right_ear": [
		0.44814643263816833,
		0.3541288673877716,
		-0.05012335628271103,
		0.9997009038925171
	],
	"time stamp": 29.969946478656652
}