{
	"1. left_hip": [
		0.4786340296268463,
		0.5447486639022827,
		-0.029027452692389488,
		0.9994649887084961
	],
	"2. left_knee": [
		0.4662373661994934,
		0.6645752191543579,
		-0.07399995625019073,
		0.9695633053779602
	],
	"3. left_ankle": [
		0.48313790559768677,
		0.7803776860237122,
		0.015257922001183033,
		0.9756775498390198
	],
	"6. right_hip": [
		0.4464607834815979,
		0.5501188635826111,
		0.02901589497923851,
		0.9992965459823608
	],
	"7. right_knee": [
		0.45535263419151306,
		0.6783302426338196,
		0.00783271249383688,
		0.7073541879653931
	],
	"8. right_ankle": [
		0.4655674397945404,
		0.8021515607833862,
		0.07537054270505905,
		0.8215105533599854
	],
	"14. left_shoulder": [
		0.49225473403930664,
		0.3960632383823395,
		-0.09441418200731277,
		0.9998754858970642
	],
	"15. left_elbow": [
		0.5085359811782837,
		0.4674663841724396,
		-0.05763772130012512,
		0.9751703143119812
	],
	"16. left_wrist": [
		0.5203254818916321,
		0.5263872146606445,
		-0.13509872555732727,
		0.8981872200965881
	],
	"19. right_shoulder": [
		0.431688129901886,
		0.38575100898742676,
		-0.054547470062971115,
		0.9998388290405273
	],
	"20. right_elbow": [
		0.4180159568786621,
		0.4602266550064087,
		-0.007046488579362631,
		0.8396886587142944
	],
	"21. right_wrist": [
		0.40523451566696167,
		0.5148757696151733,
		-0.07844023406505585,
		0.9068759083747864
	],
	"24. nose": [
		0.46706026792526245,
		0.3277563452720642,
		-0.22683247923851013,
		0.9999549388885498
	],
	"25. left_eye": [
		0.47308602929115295,
		0.321183979511261,
		-0.21701672673225403,
		0.9999111890792847
	],
	"26. right_eye": [
		0.4621114134788513,
		0.3180468678474426,
		-0.21698221564292908,
		0.9999086260795593
	],
	"27. left_ear": [
		0.47743186354637146,
		0.32860490679740906,
		-0.14074428379535675,
		0.9998897314071655
	],
	"28. right_ear": [
		0.4564904570579529,
		0.32233554124832153,
		-0.1411062330007553,
		0.9998259544372559
	],
	"time stamp": 29.969946478656652
}