{
	"1. left_hip": [
		0.4854353070259094,
		0.5483534336090088,
		-0.00097302021458745,
		0.9993607997894287
	],
	"2. left_knee": [
		0.4759282171726227,
		0.6675293445587158,
		0.015140460804104805,
		0.9695171117782593
	],
	"3. left_ankle": [
		0.48929929733276367,
		0.7380802631378174,
		0.21100857853889465,
		0.9673740863800049
	],
	"6. right_hip": [
		0.4524568021297455,
		0.55307936668396,
		0.0009722256800159812,
		0.9993636608123779
	],
	"7. right_knee": [
		0.45936456322669983,
		0.6815922260284424,
		-0.02978036180138588,
		0.754343569278717
	],
	"8. right_ankle": [
		0.46597981452941895,
		0.8039880394935608,
		0.07414694130420685,
		0.8465404510498047
	],
	"14. left_shoulder": [
		0.4961140751838684,
		0.40317627787590027,
		-0.091456338763237,
		0.9998904466629028
	],
	"15. left_elbow": [
		0.5085643529891968,
		0.47188910841941833,
		-0.04927399381995201,
		0.9780296683311462
	],
	"16. left_wrist": [
		0.5204399228096008,
		0.5278353095054626,
		-0.12486610561609268,
		0.9135758876800537
	],
	"19. right_shoulder": [
		0.4365295469760895,
		0.3904756009578705,
		-0.0878862664103508,
		0.999854326248169
	],
	"20. right_elbow": [
		0.4197133481502533,
		0.46327370405197144,
		-0.0408867672085762,
		0.8658449053764343
	],
	"21. right_wrist": [
		0.40821582078933716,
		0.5282217860221863,
		-0.0929175540804863,
		0.9187816977500916
	],
	"24. nose": [
		0.46964383125305176,
		0.32780182361602783,
		-0.23796406388282776,
		0.9999550580978394
	],
	"25. left_eye": [
		0.47526997327804565,
		0.3216470181941986,
		-0.22611573338508606,
		0.9998900890350342
	],
	"26. right_eye": [
		0.4648117423057556,
		0.3187173902988434,
		-0.22824101150035858,
		0.9998779296875
	],
	"27. left_ear": [
		0.4800392687320709,
		0.32992008328437805,
		-0.14506913721561432,
		0.9998417496681213
	],
	"28. right_ear": [
		0.45915088057518005,
		0.324050635099411,
		-0.15653392672538757,
		0.999718964099884
	],
	"time stamp": 29.969946478656652
}