{
	"1. left_hip": [
		0.48757776618003845,
		0.5506976842880249,
		0.01093354169279337,
		0.9992588758468628
	],
	"2. left_knee": [
		0.48168858885765076,
		0.6714032292366028,
		0.05869198590517044,
		0.9691958427429199
	],
	"3. left_ankle": [
		0.49033647775650024,
		0.7400420904159546,
		0.2615087628364563,
		0.9566404819488525
	],
	"6. right_hip": [
		0.45532292127609253,
		0.5537583231925964,
		-0.01092485897243023,
		0.9994414448738098
	],
	"7. right_knee": [
		0.46368607878685,
		0.6833680272102356,
		-0.051195867359638214,
		0.7965224385261536
	],
	"8. right_ankle": [
		0.4669090807437897,
		0.8078697323799133,
		0.01966794952750206,
		0.8697713613510132
	],
	"14. left_shoulder": [
		0.49645453691482544,
		0.40766507387161255,
		-0.07086528837680817,
		0.9998987913131714
	],
	"15. left_elbow": [
		0.5084090232849121,
		0.47777417302131653,
		-0.011396217159926891,
		0.9775607585906982
	],
	"16. left_wrist": [
		0.5192282795906067,
		0.536691427230835,
		-0.08634945750236511,
		0.9231513738632202
	],
	"19. right_shoulder": [
		0.43926820158958435,
		0.39249366521835327,
		-0.1065213531255722,
		0.9998753070831299
	],
	"20. right_elbow": [
		0.4218270778656006,
		0.4648979902267456,
		-0.0749601200222969,
		0.8892326951026917
	],
	"21. right_wrist": [
		0.4107147753238678,
		0.5374891757965088,
		-0.13869823515415192,
		0.9298494458198547
	],
	"24. nose": [
		0.47344937920570374,
		0.33075517416000366,
		-0.2457287311553955,
		0.9999570846557617
	],
	"25. left_eye": [
		0.47777819633483887,
		0.3235718905925751,
		-0.2327384203672409,
		0.9998818039894104
	],
	"26. right_eye": [
		0.4676225781440735,
		0.3230423629283905,
		-0.23817214369773865,
		0.9998720288276672
	],
	"27. left_ear": [
		0.4809024930000305,
		0.33209577202796936,
		-0.1438065618276596,
		0.9998122453689575
	],
	"28. right_ear": [
		0.4612518846988678,
		0.32866522669792175,
		-0.17038963735103607,
		0.9996981620788574
	],
	"time stamp": 29.969946478656652
}