{
	"1. left_hip": [
		0.4952666163444519,
		0.570185661315918,
		0.02358344756066799,
		0.9982975721359253
	],
	"2. left_knee": [
		0.49637800455093384,
		0.6934038400650024,
		0.014752049930393696,
		0.9632285237312317
	],
	"3. left_ankle": [
		0.48698797821998596,
		0.7892370223999023,
		0.1369042843580246,
		0.9474686980247498
	],
	"6. right_hip": [
		0.462851345539093,
		0.5684313774108887,
		-0.023594824597239494,
		0.9988718628883362
	],
	"7. right_knee": [
		0.476620614528656,
		0.6910169124603271,
		-0.036156512796878815,
		0.8579796552658081
	],
	"8. right_ankle": [
		0.4696611762046814,
		0.8059197068214417,
		0.0683751255273819,
		0.902419924736023
	],
	"14. left_shoulder": [
		0.4987780451774597,
		0.417757511138916,
		-0.034783996641635895,
		0.9997732639312744
	],
	"15. left_elbow": [
		0.5050039291381836,
		0.4964226484298706,
		0.014620348811149597,
		0.9115487933158875
	],
	"16. left_wrist": [
		0.5093840956687927,
		0.5622221231460571,
		-0.05338948220014572,
		0.8535223007202148
	],
	"19. right_shoulder": [
		0.44596225023269653,
		0.4108439087867737,
		-0.08697351068258286,
		0.9998722672462463
	],
	"20. right_elbow": [
		0.4328485429286957,
		0.49139463901519775,
		-0.06315190345048904,
		0.92239910364151
	],
	"21. right_wrist": [
		0.4268459677696228,
		0.5626601576805115,
		-0.1204669252038002,
		0.9310882687568665
	],
	"24. nose": [
		0.475883424282074,
		0.3557547330856323,
		-0.20956173539161682,
		0.9999296069145203
	],
	"25. left_eye": [
		0.4804494380950928,
		0.3468882441520691,
		-0.19526587426662445,
		0.9997891187667847
	],
	"26. right_eye": [
		0.47063589096069336,
		0.3472474217414856,
		-0.2027169018983841,
		0.9998105764389038
	],
	"27. left_ear": [
		0.4840936064720154,
		0.35276463627815247,
		-0.10577396303415298,
		0.9995055198669434
	],
	"28. right_ear": [
		0.4655364453792572,
		0.35216468572616577,
		-0.13714873790740967,
		0.9996644258499146
	],
	"time stamp": 29.969946478656652
}