{
	"1. left_hip": [
		0.5032733082771301,
		0.5722569227218628,
		0.02987424097955227,
		0.9976143836975098
	],
	"2. left_knee": [
		0.4966244697570801,
		0.6949136853218079,
		0.01431441493332386,
		0.9382938146591187
	],
	"3. left_ankle": [
		0.4852057993412018,
		0.7925224900245667,
		0.12203802168369293,
		0.9388380646705627
	],
	"6. right_hip": [
		0.4723574221134186,
		0.5676677823066711,
		-0.029894134029746056,
		0.9986223578453064
	],
	"7. right_knee": [
		0.47542405128479004,
		0.687055230140686,
		-0.07396610081195831,
		0.8952228426933289
	],
	"8. right_ankle": [
		0.4689296782016754,
		0.8061081171035767,
		0.005566863808780909,
		0.9226927161216736
	],
	"14. left_shoulder": [
		0.5046845078468323,
		0.42146721482276917,
		-0.008763517253100872,
		0.9995838403701782
	],
	"15. left_elbow": [
		0.5116204023361206,
		0.5000671744346619,
		0.03963740915060043,
		0.7596166133880615
	],
	"16. left_wrist": [
		0.5203548669815063,
		0.5628161430358887,
		-0.018214423209428787,
		0.6924926042556763
	],
	"19. right_shoulder": [
		0.4518185257911682,
		0.4166785776615143,
		-0.07347122579813004,
		0.999885082244873
	],
	"20. right_elbow": [
		0.44740191102027893,
		0.498099148273468,
		-0.046859122812747955,
		0.9396224021911621
	],
	"21. right_wrist": [
		0.44307416677474976,
		0.5640842318534851,
		-0.08813454210758209,
		0.9045301079750061
	],
	"24. nose": [
		0.4811287522315979,
		0.3617683947086334,
		-0.179750457406044,
		0.9999063014984131
	],
	"25. left_eye": [
		0.48581257462501526,
		0.3521290421485901,
		-0.1665365993976593,
		0.9997331500053406
	],
	"26. right_eye": [
		0.4755159318447113,
		0.35204803943634033,
		-0.17176809906959534,
		0.9997894763946533
	],
	"27. left_ear": [
		0.4895155429840088,
		0.35769158601760864,
		-0.08321160078048706,
		0.9992204904556274
	],
	"28. right_ear": [
		0.468567430973053,
		0.35808706283569336,
		-0.10867533832788467,
		0.9996860027313232
	],
	"time stamp": 29.969946478656652
}