{
	"1. left_hip": [
		0.5009991526603699,
		0.5553853511810303,
		0.024568580090999603,
		0.9982560873031616
	],
	"2. left_knee": [
		0.4959494471549988,
		0.6763876676559448,
		-0.005951868370175362,
		0.9312538504600525
	],
	"3. left_ankle": [
		0.4859803318977356,
		0.7895164489746094,
		0.07990317046642303,
		0.9412023425102234
	],
	"6. right_hip": [
		0.4709639549255371,
		0.5537572503089905,
		-0.024622704833745956,
		0.9988275170326233
	],
	"7. right_knee": [
		0.4755164086818695,
		0.669126033782959,
		-0.022211935371160507,
		0.9233722686767578
	],
	"8. right_ankle": [
		0.46273764967918396,
		0.7613860964775085,
		0.13398653268814087,
		0.9304658770561218
	],
	"14. left_shoulder": [
		0.5088052153587341,
		0.40817123651504517,
		-0.020143425092101097,
		0.9996992349624634
	],
	"15. left_elbow": [
		0.5232047438621521,
		0.47759830951690674,
		0.015680231153964996,
		0.8223859071731567
	],
	"16. left_wrist": [
		0.5406876802444458,
		0.5379262566566467,
		-0.046986352652311325,
		0.7788257598876953
	],
	"19. right_shoulder": [
		0.45513373613357544,
		0.4077172875404358,
		-0.06973263621330261,
		0.9998486042022705
	],
	"20. right_elbow": [
		0.45193976163864136,
		0.4703933000564575,
		-0.060880232602357864,
		0.9477605819702148
	],
	"21. right_wrist": [
		0.4502752423286438,
		0.5284484624862671,
		-0.13361778855323792,
		0.8941656947135925
	],
	"24. nose": [
		0.4834170341491699,
		0.34891051054000854,
		-0.17771181464195251,
		0.9999175071716309
	],
	"25. left_eye": [
		0.48769330978393555,
		0.339406281709671,
		-0.1649160534143448,
		0.9997627139091492
	],
	"26. right_eye": [
		0.47831302881240845,
		0.3390212655067444,
		-0.17000004649162292,
		0.9997882843017578
	],
	"27. left_ear": [
		0.4921744465827942,
		0.3471594452857971,
		-0.08306735008955002,
		0.9992594718933105
	],
	"28. right_ear": [
		0.47196680307388306,
		0.345988005399704,
		-0.10878671705722809,
		0.999638020992279
	],
	"time stamp": 29.969946478656652
}