{
	"1. left_hip": [
		0.5007997155189514,
		0.5561596751213074,
		0.0241854228079319,
		0.998416543006897
	],
	"2. left_knee": [
		0.49576646089553833,
		0.677287220954895,
		-0.0038958401419222355,
		0.9326720833778381
	],
	"3. left_ankle": [
		0.48623761534690857,
		0.7894052863121033,
		0.08477331697940826,
		0.9426417350769043
	],
	"6. right_hip": [
		0.4712603986263275,
		0.5545679330825806,
		-0.024227041751146317,
		0.9989000558853149
	],
	"7. right_knee": [
		0.4753836989402771,
		0.6701639294624329,
		-0.020813319832086563,
		0.9268174767494202
	],
	"8. right_ankle": [
		0.4629133641719818,
		0.7606125473976135,
		0.13215364515781403,
		0.9287793636322021
	],
	"14. left_shoulder": [
		0.5088202953338623,
		0.4082701504230499,
		-0.021712016314268112,
		0.999727189540863
	],
	"15. left_elbow": [
		0.5237502455711365,
		0.47742027044296265,
		0.013997795060276985,
		0.8382061719894409
	],
	"16. left_wrist": [
		0.5415328145027161,
		0.5371445417404175,
		-0.052814632654190063,
		0.7991464138031006
	],
	"19. right_shoulder": [
		0.45551174879074097,
		0.4074028432369232,
		-0.07274878770112991,
		0.9998331665992737
	],
	"20. right_elbow": [
		0.4520184397697449,
		0.47021156549453735,
		-0.06953766942024231,
		0.9452430009841919
	],
	"21. right_wrist": [
		0.4504154622554779,
		0.5295619368553162,
		-0.14632011950016022,
		0.8833848237991333
	],
	"24. nose": [
		0.4832215905189514,
		0.3486698865890503,
		-0.17785760760307312,
		0.999923050403595
	],
	"25. left_eye": [
		0.4877859652042389,
		0.3388983905315399,
		-0.1654491424560547,
		0.9997790455818176
	],
	"26. right_eye": [
		0.4782925546169281,
		0.3385700583457947,
		-0.17062725126743317,
		0.999796450138092
	],
	"27. left_ear": [
		0.49265557527542114,
		0.3464776575565338,
		-0.08539882302284241,
		0.9993116855621338
	],
	"28. right_ear": [
		0.4721284806728363,
		0.34542447328567505,
		-0.1100984439253807,
		0.9996399283409119
	],
	"time stamp": 29.969946478656652
}