{
	"1. left_hip": [
		0.5007129907608032,
		0.5608953833580017,
		0.010025869123637676,
		0.9988925457000732
	],
	"2. left_knee": [
		0.49491387605667114,
		0.6804836988449097,
		-0.037660080939531326,
		0.9409286379814148
	],
	"3. left_ankle": [
		0.48590993881225586,
		0.7888920903205872,
		0.04136861115694046,
		0.9367446899414062
	],
	"6. right_hip": [
		0.4712606370449066,
		0.5626627802848816,
		-0.009995395317673683,
		0.9990559220314026
	],
	"7. right_knee": [
		0.47727423906326294,
		0.6822587847709656,
		-0.014339862391352654,
		0.9221370220184326
	],
	"8. right_ankle": [
		0.48615479469299316,
		0.7668391466140747,
		0.17205730080604553,
		0.8265068531036377
	],
	"14. left_shoulder": [
		0.5111832022666931,
		0.41508662700653076,
		-0.03756323456764221,
		0.9998073577880859
	],
	"15. left_elbow": [
		0.5256288051605225,
		0.4834679961204529,
		-0.008074039593338966,
		0.8871549963951111
	],
	"16. left_wrist": [
		0.5380660891532898,
		0.540759265422821,
		-0.08087807893753052,
		0.8570681810379028
	],
	"19. right_shoulder": [
		0.4602108895778656,
		0.42322227358818054,
		-0.06566301733255386,
		0.9997039437294006
	],
	"20. right_elbow": [
		0.45669668912887573,
		0.4931486248970032,
		-0.04096251726150513,
		0.9281885623931885
	],
	"21. right_wrist": [
		0.45586228370666504,
		0.5458724498748779,
		-0.09397386759519577,
		0.833213746547699
	],
	"24. nose": [
		0.48527365922927856,
		0.36069807410240173,
		-0.17951782047748566,
		0.9999281764030457
	],
	"25. left_eye": [
		0.4897674024105072,
		0.352281391620636,
		-0.16763409972190857,
		0.9998006820678711
	],
	"26. right_eye": [
		0.4808250963687897,
		0.3521251678466797,
		-0.17188553512096405,
		0.9997682571411133
	],
	"27. left_ear": [
		0.49476319551467896,
		0.3586544096469879,
		-0.0903077945113182,
		0.9994192719459534
	],
	"28. right_ear": [
		0.47561144828796387,
		0.3585946261882782,
		-0.10698151588439941,
		0.9995550513267517
	],
	"time stamp": 29.969946478656652
}