{
	"1. left_hip": [
		0.5018337368965149,
		0.5691599249839783,
		-0.006229905411601067,
		0.9989610910415649
	],
	"2. left_knee": [
		0.49911656975746155,
		0.6767745614051819,
		-0.007026969455182552,
		0.9495283365249634
	],
	"3. left_ankle": [
		0.4960852563381195,
		0.7795376181602478,
		0.07154098153114319,
		0.9373694658279419
	],
	"6. right_hip": [
		0.4729485511779785,
		0.5719500780105591,
		0.006180135533213615,
		0.9989195466041565
	],
	"7. right_knee": [
		0.48155108094215393,
		0.6807252764701843,
		0.010790500789880753,
		0.9145532846450806
	],
	"8. right_ankle": [
		0.4895552694797516,
		0.7685191631317139,
		0.0992136225104332,
		0.7757200598716736
	],
	"14. left_shoulder": [
		0.5125116109848022,
		0.4284653663635254,
		-0.09477509558200836,
		0.9998408555984497
	],
	"15. left_elbow": [
		0.5198203325271606,
		0.5007761716842651,
		-0.06114286929368973,
		0.9202585220336914
	],
	"16. left_wrist": [
		0.5251386165618896,
		0.5592986345291138,
		-0.11796822398900986,
		0.8734968900680542
	],
	"19. right_shoulder": [
		0.46210217475891113,
		0.4379135072231293,
		-0.09084156155586243,
		0.9997023940086365
	],
	"20. right_elbow": [
		0.45639556646347046,
		0.5130506753921509,
		-0.05669798329472542,
		0.9372872710227966
	],
	"21. right_wrist": [
		0.45196372270584106,
		0.5745767951011658,
		-0.10719764232635498,
		0.8492702841758728
	],
	"24. nose": [
		0.48674875497817993,
		0.3759559690952301,
		-0.2203545868396759,
		0.9999175667762756
	],
	"25. left_eye": [
		0.49095839262008667,
		0.36676108837127686,
		-0.21161849796772003,
		0.999758243560791
	],
	"26. right_eye": [
		0.4823375642299652,
		0.36671459674835205,
		-0.21207121014595032,
		0.9997305870056152
	],
	"27. left_ear": [
		0.4953872561454773,
		0.3724808692932129,
		-0.14737705886363983,
		0.9993813633918762
	],
	"28. right_ear": [
		0.47803837060928345,
		0.372655987739563,
		-0.14866289496421814,
		0.9994871616363525
	],
	"time stamp": 29.969946478656652
}