{
	"1. left_hip": [
		0.5052837133407593,
		0.5513420104980469,
		-0.00019244159921072423,
		0.9984444975852966
	],
	"2. left_knee": [
		0.5029113292694092,
		0.659792959690094,
		0.0032379820477217436,
		0.9646443128585815
	],
	"3. left_ankle": [
		0.5059821009635925,
		0.7485138773918152,
		0.11612014472484589,
		0.9560688138008118
	],
	"6. right_hip": [
		0.4774986207485199,
		0.553972601890564,
		0.0001922894298331812,
		0.9987757205963135
	],
	"7. right_knee": [
		0.48372316360473633,
		0.6676751971244812,
		-0.010569078847765923,
		0.9412223696708679
	],
	"8. right_ankle": [
		0.4913002848625183,
		0.7679390907287598,
		0.08181086927652359,
		0.8646838665008545
	],
	"14. left_shoulder": [
		0.5143023729324341,
		0.4169868528842926,
		-0.061451803892850876,
		0.9998101592063904
	],
	"15. left_elbow": [
		0.5161713361740112,
		0.48500344157218933,
		-0.018664082512259483,
		0.9167026281356812
	],
	"16. left_wrist": [
		0.5228726267814636,
		0.5416973829269409,
		-0.0793207436800003,
		0.8381472229957581
	],
	"19. right_shoulder": [
		0.46609002351760864,
		0.4173656105995178,
		-0.07140504568815231,
		0.9997983574867249
	],
	"20. right_elbow": [
		0.4531788229942322,
		0.47773805260658264,
		-0.041044801473617554,
		0.9582138657569885
	],
	"21. right_wrist": [
		0.44198742508888245,
		0.5284206867218018,
		-0.102544866502285,
		0.9063701629638672
	],
	"24. nose": [
		0.48953261971473694,
		0.37144821882247925,
		-0.21194426715373993,
		0.9999244809150696
	],
	"25. left_eye": [
		0.49366870522499084,
		0.36091673374176025,
		-0.20284941792488098,
		0.9997623562812805
	],
	"26. right_eye": [
		0.4847497045993805,
		0.3632509112358093,
		-0.20302903652191162,
		0.9997691512107849
	],
	"27. left_ear": [
		0.4988366961479187,
		0.36527442932128906,
		-0.12877444922924042,
		0.9994577169418335
	],
	"28. right_ear": [
		0.48071011900901794,
		0.36774104833602905,
		-0.13065853714942932,
		0.9996047616004944
	],
	"time stamp": 29.969946478656652
}