{
	"1. left_hip": [
		0.5063597559928894,
		0.5575841069221497,
		0.007067588623613119,
		0.9981988072395325
	],
	"2. left_knee": [
		0.504298210144043,
		0.673175573348999,
		-0.0057259066961705685,
		0.9661856889724731
	],
	"3. left_ankle": [
		0.4979468286037445,
		0.7503901720046997,
		0.12216050922870636,
		0.9490671157836914
	],
	"6. right_hip": [
		0.47926217317581177,
		0.5570537447929382,
		-0.00704588508233428,
		0.9987634420394897
	],
	"7. right_knee": [
		0.48448237776756287,
		0.6693693995475769,
		-0.0206464696675539,
		0.949957549571991
	],
	"8. right_ankle": [
		0.4908085763454437,
		0.7677700519561768,
		0.07581372559070587,
		0.8990256786346436
	],
	"14. left_shoulder": [
		0.5142610669136047,
		0.4194284677505493,
		-0.009464493952691555,
		0.9997888207435608
	],
	"15. left_elbow": [
		0.5187004804611206,
		0.48570242524147034,
		0.03363395109772682,
		0.9049725532531738
	],
	"16. left_wrist": [
		0.5266695618629456,
		0.5390474796295166,
		-0.0246799997985363,
		0.8544087409973145
	],
	"19. right_shoulder": [
		0.46642130613327026,
		0.4170084297657013,
		-0.03373785316944122,
		0.9998225569725037
	],
	"20. right_elbow": [
		0.4472809433937073,
		0.4729161560535431,
		-0.022109810262918472,
		0.9680402278900146
	],
	"21. right_wrist": [
		0.44217371940612793,
		0.5187737941741943,
		-0.09373556077480316,
		0.9294190406799316
	],
	"24. nose": [
		0.49094468355178833,
		0.3701137602329254,
		-0.15114639699459076,
		0.9999318718910217
	],
	"25. left_eye": [
		0.4949111342430115,
		0.3603983223438263,
		-0.1402844339609146,
		0.9997803568840027
	],
	"26. right_eye": [
		0.48585766553878784,
		0.3624155819416046,
		-0.14278417825698853,
		0.9997888803482056
	],
	"27. left_ear": [
		0.49947983026504517,
		0.36583176255226135,
		-0.06797732412815094,
		0.9995248913764954
	],
	"28. right_ear": [
		0.4810296893119812,
		0.3679691255092621,
		-0.07997600734233856,
		0.9996652007102966
	],
	"time stamp": 29.969946478656652
}