{
	"1. left_hip": [
		0.5072447061538696,
		0.5706409215927124,
		0.015379455871880054,
		0.9972966313362122
	],
	"2. left_knee": [
		0.49881869554519653,
		0.6680695414543152,
		0.02175549790263176,
		0.8978711366653442
	],
	"3. left_ankle": [
		0.49090075492858887,
		0.7447752952575684,
		0.14959968626499176,
		0.86238032579422
	],
	"6. right_hip": [
		0.47962164878845215,
		0.5676796436309814,
		-0.015448642894625664,
		0.998914897441864
	],
	"7. right_knee": [
		0.4911838173866272,
		0.659264087677002,
		-0.12696947157382965,
		0.941827118396759
	],
	"8. right_ankle": [
		0.49062347412109375,
		0.7627894878387451,
		-0.05084611847996712,
		0.9124577045440674
	],
	"14. left_shoulder": [
		0.5168710947036743,
		0.4399726986885071,
		-0.0371379479765892,
		0.9996191263198853
	],
	"15. left_elbow": [
		0.5220288634300232,
		0.5061659216880798,
		-0.0028688102029263973,
		0.8807282447814941
	],
	"16. left_wrist": [
		0.5278803706169128,
		0.560063898563385,
		-0.050133902579545975,
		0.791422963142395
	],
	"19. right_shoulder": [
		0.4673188328742981,
		0.4432578682899475,
		-0.0681363195180893,
		0.9998601078987122
	],
	"20. right_elbow": [
		0.4566112458705902,
		0.5103791356086731,
		-0.043864112347364426,
		0.9732334017753601
	],
	"21. right_wrist": [
		0.4499198794364929,
		0.5668591260910034,
		-0.08751777559518814,
		0.9382363557815552
	],
	"24. nose": [
		0.49165278673171997,
		0.38031718134880066,
		-0.1715119630098343,
		0.9999086260795593
	],
	"25. left_eye": [
		0.49517694115638733,
		0.3721602261066437,
		-0.15829801559448242,
		0.9996665716171265
	],
	"26. right_eye": [
		0.4867270886898041,
		0.37340834736824036,
		-0.1603921353816986,
		0.9997478127479553
	],
	"27. left_ear": [
		0.4994667172431946,
		0.37780889868736267,
		-0.09047146886587143,
		0.9990822672843933
	],
	"28. right_ear": [
		0.48182082176208496,
		0.3807469606399536,
		-0.10378921031951904,
		0.9995923638343811
	],
	"time stamp": 29.969946478656652
}