{
	"1. left_hip": [
		0.513046145439148,
		0.5385861992835999,
		0.012814943678677082,
		0.9984064102172852
	],
	"2. left_knee": [
		0.5087197422981262,
		0.6458487510681152,
		-0.010859614238142967,
		0.8863357901573181
	],
	"3. left_ankle": [
		0.49878326058387756,
		0.744500458240509,
		0.09484674036502838,
		0.8940656185150146
	],
	"6. right_hip": [
		0.4853939116001129,
		0.5378662347793579,
		-0.012838413007557392,
		0.9989486336708069
	],
	"7. right_knee": [
		0.49376368522644043,
		0.6397661566734314,
		-0.025970544666051865,
		0.9526544213294983
	],
	"8. right_ankle": [
		0.48816195130348206,
		0.734580397605896,
		0.07828771322965622,
		0.9272633194923401
	],
	"14. left_shoulder": [
		0.5228337049484253,
		0.4037022590637207,
		-0.05424077436327934,
		0.9997894167900085
	],
	"15. left_elbow": [
		0.5329867005348206,
		0.46900737285614014,
		-0.018171148374676704,
		0.9222007989883423
	],
	"16. left_wrist": [
		0.5416483879089355,
		0.5218327045440674,
		-0.08483033627271652,
		0.8519377708435059
	],
	"19. right_shoulder": [
		0.47116273641586304,
		0.4062913656234741,
		-0.06664828956127167,
		0.9998214244842529
	],
	"20. right_elbow": [
		0.4656580984592438,
		0.47005242109298706,
		-0.048171378672122955,
		0.9644633531570435
	],
	"21. right_wrist": [
		0.4720100462436676,
		0.5239617824554443,
		-0.10608898103237152,
		0.8819273710250854
	],
	"24. nose": [
		0.4937031865119934,
		0.34635818004608154,
		-0.18353421986103058,
		0.9999229907989502
	],
	"25. left_eye": [
		0.4984440207481384,
		0.3382197618484497,
		-0.17256882786750793,
		0.9997477531433105
	],
	"26. right_eye": [
		0.4885629117488861,
		0.3395116329193115,
		-0.17438793182373047,
		0.999758243560791
	],
	"27. left_ear": [
		0.5037534236907959,
		0.3441869914531708,
		-0.10402671992778778,
		0.9992744326591492
	],
	"28. right_ear": [
		0.48446163535118103,
		0.3470904529094696,
		-0.11241135746240616,
		0.9995559453964233
	],
	"time stamp": 29.969946478656652
}