{
	"1. left_hip": [
		0.5143769979476929,
		0.5408686995506287,
		0.011649714782834053,
		0.998466968536377
	],
	"2. left_knee": [
		0.510601818561554,
		0.6480745673179626,
		-0.008552794344723225,
		0.8960696458816528
	],
	"3. left_ankle": [
		0.5057983994483948,
		0.7451860308647156,
		0.09858901798725128,
		0.9040688276290894
	],
	"6. right_hip": [
		0.4869596064090729,
		0.5405213832855225,
		-0.01165997888892889,
		0.9987239837646484
	],
	"7. right_knee": [
		0.49455690383911133,
		0.645706832408905,
		-0.019696857780218124,
		0.952756941318512
	],
	"8. right_ankle": [
		0.4942861497402191,
		0.7436287999153137,
		0.07822124660015106,
		0.9294506907463074
	],
	"14. left_shoulder": [
		0.5243908166885376,
		0.40767401456832886,
		-0.04088679701089859,
		0.9998190999031067
	],
	"15. left_elbow": [
		0.5351377725601196,
		0.47197404503822327,
		-0.015507151372730732,
		0.9335241913795471
	],
	"16. left_wrist": [
		0.5430141687393188,
		0.5245423913002014,
		-0.08313335478305817,
		0.8741263747215271
	],
	"19. right_shoulder": [
		0.47159284353256226,
		0.40970578789711,
		-0.059206344187259674,
		0.9997484683990479
	],
	"20. right_elbow": [
		0.46564188599586487,
		0.46907562017440796,
		-0.048977453261613846,
		0.9576536417007446
	],
	"21. right_wrist": [
		0.4739130139350891,
		0.5213135480880737,
		-0.11659644544124603,
		0.8612703084945679
	],
	"24. nose": [
		0.4936288893222809,
		0.3503046929836273,
		-0.17432942986488342,
		0.9999235272407532
	],
	"25. left_eye": [
		0.49831467866897583,
		0.34165826439857483,
		-0.16336829960346222,
		0.9997631907463074
	],
	"26. right_eye": [
		0.4884973466396332,
		0.343567430973053,
		-0.16492585837841034,
		0.9997490644454956
	],
	"27. left_ear": [
		0.5038558840751648,
		0.3478555381298065,
		-0.09321441501379013,
		0.9993507862091064
	],
	"28. right_ear": [
		0.48452454805374146,
		0.3508976995944977,
		-0.10049949586391449,
		0.999530553817749
	],
	"time stamp": 29.969946478656652
}