{
	"1. left_hip": [
		0.5152514576911926,
		0.5590670704841614,
		0.0014362954534590244,
		0.998583197593689
	],
	"2. left_knee": [
		0.5140862464904785,
		0.6678533554077148,
		-0.004218726884573698,
		0.9109407663345337
	],
	"3. left_ankle": [
		0.5129560232162476,
		0.752142608165741,
		0.11279413849115372,
		0.9177960157394409
	],
	"6. right_hip": [
		0.48674291372299194,
		0.5609778761863708,
		-0.0014849501894786954,
		0.9987346529960632
	],
	"7. right_knee": [
		0.4947386682033539,
		0.6715720295906067,
		-0.00265072425827384,
		0.9571821093559265
	],
	"8. right_ankle": [
		0.5012460350990295,
		0.757106363773346,
		0.10924011468887329,
		0.9371190667152405
	],
	"14. left_shoulder": [
		0.5252906084060669,
		0.42895644903182983,
		-0.0478813610970974,
		0.9998407363891602
	],
	"15. left_elbow": [
		0.5357513427734375,
		0.4924842119216919,
		-0.014515236020088196,
		0.9439001679420471
	],
	"16. left_wrist": [
		0.5440821647644043,
		0.5469182729721069,
		-0.06273011118173599,
		0.89213627576828
	],
	"19. right_shoulder": [
		0.4721587598323822,
		0.4214848279953003,
		-0.04400353878736496,
		0.9997493028640747
	],
	"20. right_elbow": [
		0.4651888906955719,
		0.4761718213558197,
		-0.009104153141379356,
		0.9577552676200867
	],
	"21. right_wrist": [
		0.4733108878135681,
		0.5266492366790771,
		-0.04492782801389694,
		0.8650121092796326
	],
	"24. nose": [
		0.49356213212013245,
		0.3668818175792694,
		-0.16529624164104462,
		0.9999335408210754
	],
	"25. left_eye": [
		0.49860888719558716,
		0.3583386242389679,
		-0.1558373123407364,
		0.9997953176498413
	],
	"26. right_eye": [
		0.4889182150363922,
		0.35958734154701233,
		-0.1545718014240265,
		0.999778151512146
	],
	"27. left_ear": [
		0.504732072353363,
		0.3637412488460541,
		-0.09406103193759918,
		0.9994482398033142
	],
	"28. right_ear": [
		0.48592764139175415,
		0.36587852239608765,
		-0.08977126330137253,
		0.9995808005332947
	],
	"time stamp": 29.969946478656652
}