{
	"1. left_hip": [
		0.5152891874313354,
		0.5689018964767456,
		0.003623504191637039,
		0.9986553192138672
	],
	"2. left_knee": [
		0.5162070989608765,
		0.6732485890388489,
		0.000289936171611771,
		0.9181209206581116
	],
	"3. left_ankle": [
		0.5138744115829468,
		0.7522117495536804,
		0.12839792668819427,
		0.9239898324012756
	],
	"6. right_hip": [
		0.4866770803928375,
		0.5710591077804565,
		-0.0036553475074470043,
		0.9987618923187256
	],
	"7. right_knee": [
		0.4962543845176697,
		0.6765924096107483,
		-0.003338434500619769,
		0.9597271680831909
	],
	"8. right_ankle": [
		0.502485990524292,
		0.7601366639137268,
		0.10790406167507172,
		0.9412264823913574
	],
	"14. left_shoulder": [
		0.5250815153121948,
		0.44159969687461853,
		-0.045669373124837875,
		0.9998525381088257
	],
	"15. left_elbow": [
		0.535486102104187,
		0.5063944458961487,
		-0.009805015288293362,
		0.9486854672431946
	],
	"16. left_wrist": [
		0.545283317565918,
		0.5626030564308167,
		-0.05902840569615364,
		0.9009947180747986
	],
	"19. right_shoulder": [
		0.47275424003601074,
		0.4373636543750763,
		-0.04777063801884651,
		0.9997431039810181
	],
	"20. right_elbow": [
		0.46556276082992554,
		0.49417778849601746,
		-0.020018160343170166,
		0.9567559957504272
	],
	"21. right_wrist": [
		0.47368210554122925,
		0.5418322086334229,
		-0.06372581422328949,
		0.8613116145133972
	],
	"24. nose": [
		0.4939318597316742,
		0.3772079348564148,
		-0.16632819175720215,
		0.9999390840530396
	],
	"25. left_eye": [
		0.49927711486816406,
		0.36961156129837036,
		-0.15533548593521118,
		0.999812662601471
	],
	"26. right_eye": [
		0.4894850254058838,
		0.37009668350219727,
		-0.1557014137506485,
		0.9997950196266174
	],
	"27. left_ear": [
		0.5050773024559021,
		0.37593984603881836,
		-0.08960233628749847,
		0.9994970560073853
	],
	"28. right_ear": [
		0.48621565103530884,
		0.37704578042030334,
		-0.09208060801029205,
		0.9996089935302734
	],
	"time stamp": 29.969946478656652
}