{
	"1. left_hip": [
		0.5140171647071838,
		0.5668796896934509,
		-0.012387496419250965,
		0.9990541934967041
	],
	"2. left_knee": [
		0.5083505511283875,
		0.6605072617530823,
		-0.08117888867855072,
		0.9464273452758789
	],
	"3. left_ankle": [
		0.5121025443077087,
		0.7179335951805115,
		0.10639530420303345,
		0.9141958951950073
	],
	"6. right_hip": [
		0.4866858422756195,
		0.5721266865730286,
		0.012422035448253155,
		0.9991310834884644
	],
	"7. right_knee": [
		0.4952051639556885,
		0.6779279708862305,
		-0.01306031085550785,
		0.9620411396026611
	],
	"8. right_ankle": [
		0.5038517117500305,
		0.7599872946739197,
		0.1109934002161026,
		0.9532085061073303
	],
	"14. left_shoulder": [
		0.522519052028656,
		0.4353335201740265,
		-0.04520450904965401,
		0.9998839497566223
	],
	"15. left_elbow": [
		0.5337132811546326,
		0.49403899908065796,
		-0.11486148834228516,
		0.964076042175293
	],
	"16. left_wrist": [
		0.5353417992591858,
		0.48022499680519104,
		-0.2638843357563019,
		0.9380578994750977
	],
	"19. right_shoulder": [
		0.47464466094970703,
		0.43773341178894043,
		-0.013995135203003883,
		0.9997820854187012
	],
	"20. right_elbow": [
		0.46376290917396545,
		0.5018822550773621,
		-0.05606745555996895,
		0.9545707702636719
	],
	"21. right_wrist": [
		0.45811301469802856,
		0.491277813911438,
		-0.21542346477508545,
		0.9051833152770996
	],
	"24. nose": [
		0.49606743454933167,
		0.37476205825805664,
		-0.14964830875396729,
		0.9999576807022095
	],
	"25. left_eye": [
		0.5009024739265442,
		0.3693292438983917,
		-0.13978758454322815,
		0.9998722076416016
	],
	"26. right_eye": [
		0.4915526509284973,
		0.3695586323738098,
		-0.13501188158988953,
		0.9998487830162048
	],
	"27. left_ear": [
		0.5061764717102051,
		0.3767912983894348,
		-0.07105747610330582,
		0.9996954202651978
	],
	"28. right_ear": [
		0.48754915595054626,
		0.3799267113208771,
		-0.0665871798992157,
		0.9996858835220337
	],
	"time stamp": 29.969946478656652
}