{
	"1. left_hip": [
		0.5145729780197144,
		0.5620277523994446,
		-0.01530425064265728,
		0.9991798996925354
	],
	"2. left_knee": [
		0.5033785104751587,
		0.6398249864578247,
		-0.17775191366672516,
		0.9515873193740845
	],
	"3. left_ankle": [
		0.509758710861206,
		0.7252546548843384,
		-0.07381337881088257,
		0.908692479133606
	],
	"6. right_hip": [
		0.4866119921207428,
		0.5709711909294128,
		0.015311457216739655,
		0.9991921782493591
	],
	"7. right_knee": [
		0.4928024411201477,
		0.6670557856559753,
		0.012002846226096153,
		0.9373829364776611
	],
	"8. right_ankle": [
		0.5040801763534546,
		0.7522381544113159,
		0.1619279980659485,
		0.9291079044342041
	],
	"14. left_shoulder": [
		0.5226520299911499,
		0.4287506639957428,
		-0.02992307022213936,
		0.9998870491981506
	],
	"15. left_elbow": [
		0.541904628276825,
		0.4827755093574524,
		-0.1163066029548645,
		0.9695602059364319
	],
	"16. left_wrist": [
		0.5280250310897827,
		0.4496552348136902,
		-0.2488071173429489,
		0.9476518630981445
	],
	"19. right_shoulder": [
		0.4746246337890625,
		0.43420326709747314,
		-0.0029958279337733984,
		0.9997602105140686
	],
	"20. right_elbow": [
		0.4533960819244385,
		0.4885638654232025,
		-0.08704040944576263,
		0.9595096111297607
	],
	"21. right_wrist": [
		0.45772966742515564,
		0.45652055740356445,
		-0.23474657535552979,
		0.9203891158103943
	],
	"24. nose": [
		0.49618083238601685,
		0.3691120445728302,
		-0.1347251534461975,
		0.9999598860740662
	],
	"25. left_eye": [
		0.5013062953948975,
		0.3635020852088928,
		-0.12232692539691925,
		0.9998853206634521
	],
	"26. right_eye": [
		0.49165457487106323,
		0.3641650676727295,
		-0.12009525299072266,
		0.9998632669448853
	],
	"27. left_ear": [
		0.5069068670272827,
		0.37095269560813904,
		-0.052643783390522,
		0.9997408390045166
	],
	"28. right_ear": [
		0.4876326024532318,
		0.37392565608024597,
		-0.04579498618841171,
		0.9997186064720154
	],
	"time stamp": 29.969946478656652
}