{
	"1. left_hip": [
		0.514971911907196,
		0.5561622381210327,
		-0.013624888844788074,
		0.999245285987854
	],
	"2. left_knee": [
		0.4999113082885742,
		0.6297745108604431,
		-0.19196239113807678,
		0.9537071585655212
	],
	"3. left_ankle": [
		0.5039488673210144,
		0.728751540184021,
		-0.10073002427816391,
		0.91056889295578
	],
	"6. right_hip": [
		0.4865870475769043,
		0.5638997554779053,
		0.013624414801597595,
		0.9991925358772278
	],
	"7. right_knee": [
		0.4915255904197693,
		0.6663989424705505,
		0.005829221103340387,
		0.9201302528381348
	],
	"8. right_ankle": [
		0.5029330253601074,
		0.7387875318527222,
		0.15426746010780334,
		0.8995789289474487
	],
	"14. left_shoulder": [
		0.5226620435714722,
		0.42251747846603394,
		-0.010673506185412407,
		0.9998722076416016
	],
	"15. left_elbow": [
		0.5458196997642517,
		0.4644070863723755,
		-0.10329196602106094,
		0.971712052822113
	],
	"16. left_wrist": [
		0.519832968711853,
		0.42843618988990784,
		-0.2213374674320221,
		0.9489473700523376
	],
	"19. right_shoulder": [
		0.47357067465782166,
		0.42729005217552185,
		0.005690447986125946,
		0.9997631907463074
	],
	"20. right_elbow": [
		0.4474521577358246,
		0.4717905819416046,
		-0.08418221026659012,
		0.9632223844528198
	],
	"21. right_wrist": [
		0.4586915969848633,
		0.4418661892414093,
		-0.21362575888633728,
		0.9276341199874878
	],
	"24. nose": [
		0.49585485458374023,
		0.36548343300819397,
		-0.11369220912456512,
		0.9999513030052185
	],
	"25. left_eye": [
		0.5012706518173218,
		0.35857200622558594,
		-0.1012805849313736,
		0.9998685717582703
	],
	"26. right_eye": [
		0.49154648184776306,
		0.35866227746009827,
		-0.09978771209716797,
		0.9998584389686584
	],
	"27. left_ear": [
		0.5068550705909729,
		0.3658697307109833,
		-0.03436117619276047,
		0.9997271299362183
	],
	"28. right_ear": [
		0.48761826753616333,
		0.3666286766529083,
		-0.028126636520028114,
		0.9997232556343079
	],
	"time stamp": 29.969946478656652
}