{
	"1. left_hip": [
		0.5149626731872559,
		0.54825758934021,
		-0.014892375096678734,
		0.999301552772522
	],
	"2. left_knee": [
		0.49883002042770386,
		0.6289592385292053,
		-0.18377137184143066,
		0.955822765827179
	],
	"3. left_ankle": [
		0.4975596070289612,
		0.7299293279647827,
		-0.09410043060779572,
		0.9149284958839417
	],
	"6. right_hip": [
		0.4865674078464508,
		0.5546509027481079,
		0.014941413886845112,
		0.9992181062698364
	],
	"7. right_knee": [
		0.4917828142642975,
		0.6522418260574341,
		0.001138043007813394,
		0.9071791172027588
	],
	"8. right_ankle": [
		0.5027981400489807,
		0.7416650652885437,
		0.13810907304286957,
		0.8941502571105957
	],
	"14. left_shoulder": [
		0.5216792225837708,
		0.41179677844047546,
		-0.010045797564089298,
		0.9998634457588196
	],
	"15. left_elbow": [
		0.5446611642837524,
		0.44848623871803284,
		-0.11229457706212997,
		0.9737606644630432
	],
	"16. left_wrist": [
		0.5105887651443481,
		0.42084991931915283,
		-0.23457932472229004,
		0.9505560994148254
	],
	"19. right_shoulder": [
		0.4706089496612549,
		0.4142744243144989,
		0.007840277627110481,
		0.9997683167457581
	],
	"20. right_elbow": [
		0.4445369839668274,
		0.45459333062171936,
		-0.09490212798118591,
		0.9664115905761719
	],
	"21. right_wrist": [
		0.46615928411483765,
		0.43922916054725647,
		-0.22895868122577667,
		0.9333562254905701
	],
	"24. nose": [
		0.49560922384262085,
		0.3601742088794708,
		-0.11654074490070343,
		0.9999493360519409
	],
	"25. left_eye": [
		0.5012232065200806,
		0.35252949595451355,
		-0.10241246223449707,
		0.9998661279678345
	],
	"26. right_eye": [
		0.4913051128387451,
		0.35203492641448975,
		-0.10191349685192108,
		0.999862015247345
	],
	"27. left_ear": [
		0.5068042278289795,
		0.3590756356716156,
		-0.028403881937265396,
		0.9997401833534241
	],
	"28. right_ear": [
		0.4873097538948059,
		0.3585244119167328,
		-0.027202105149626732,
		0.9997402429580688
	],
	"time stamp": 29.969946478656652
}