{
	"1. left_hip": [
		0.5121556520462036,
		0.5439549088478088,
		-0.02207958698272705,
		0.9991881847381592
	],
	"2. left_knee": [
		0.4984374940395355,
		0.652121901512146,
		-0.05352665111422539,
		0.9557015299797058
	],
	"3. left_ankle": [
		0.48226961493492126,
		0.7704572677612305,
		-0.01278773508965969,
		0.9311638474464417
	],
	"6. right_hip": [
		0.48573336005210876,
		0.5494587421417236,
		0.022169295698404312,
		0.9991657733917236
	],
	"7. right_knee": [
		0.4926684498786926,
		0.6556766033172607,
		-0.003556434763595462,
		0.9018531441688538
	],
	"8. right_ankle": [
		0.5067844986915588,
		0.7575421929359436,
		0.02520154044032097,
		0.9051952362060547
	],
	"14. left_shoulder": [
		0.518001914024353,
		0.40884241461753845,
		0.03779463842511177,
		0.99940025806427
	],
	"15. left_elbow": [
		0.5101858377456665,
		0.45872053503990173,
		-0.05117512866854668,
		0.9560519456863403
	],
	"16. left_wrist": [
		0.48284754157066345,
		0.4334736764431,
		-0.1309598982334137,
		0.9127237796783447
	],
	"19. right_shoulder": [
		0.4692729413509369,
		0.40913212299346924,
		0.0684039369225502,
		0.99973064661026
	],
	"20. right_elbow": [
		0.46327105164527893,
		0.4570011496543884,
		-0.0336616188287735,
		0.9674314856529236
	],
	"21. right_wrist": [
		0.49466365575790405,
		0.4406621754169464,
		-0.1429828256368637,
		0.9369921088218689
	],
	"24. nose": [
		0.49564605951309204,
		0.35552000999450684,
		-0.024670138955116272,
		0.9998996257781982
	],
	"25. left_eye": [
		0.5010913610458374,
		0.3485409915447235,
		-0.011164135299623013,
		0.9997772574424744
	],
	"26. right_eye": [
		0.49148982763290405,
		0.346375435590744,
		-0.011191653087735176,
		0.9998226761817932
	],
	"27. left_ear": [
		0.5065062046051025,
		0.3565143644809723,
		0.05302290990948677,
		0.999663233757019
	],
	"28. right_ear": [
		0.4872511923313141,
		0.35226377844810486,
		0.05122838169336319,
		0.9997313022613525
	],
	"time stamp": 29.969946478656652
}