{
	"1. left_hip": [
		0.5076810121536255,
		0.5703229904174805,
		-0.03495097905397415,
		0.9993314146995544
	],
	"2. left_knee": [
		0.4937361776828766,
		0.6708006262779236,
		-0.06831187009811401,
		0.957883894443512
	],
	"3. left_ankle": [
		0.4777081608772278,
		0.7844015955924988,
		-0.04047228395938873,
		0.9440041184425354
	],
	"6. right_hip": [
		0.4827720522880554,
		0.5729668140411377,
		0.034982047975063324,
		0.999261200428009
	],
	"7. right_knee": [
		0.4882156252861023,
		0.6691710352897644,
		-0.011350715532898903,
		0.8969766497612
	],
	"8. right_ankle": [
		0.5070872902870178,
		0.7618460655212402,
		0.06139848753809929,
		0.9096435308456421
	],
	"14. left_shoulder": [
		0.5138029456138611,
		0.427793025970459,
		-0.06807369738817215,
		0.9994392395019531
	],
	"15. left_elbow": [
		0.4970572888851166,
		0.4362638294696808,
		-0.20949499309062958,
		0.9559822678565979
	],
	"16. left_wrist": [
		0.4734310209751129,
		0.42931678891181946,
		-0.3020194172859192,
		0.9168625473976135
	],
	"19. right_shoulder": [
		0.46969661116600037,
		0.42658817768096924,
		0.03053278662264347,
		0.9994118213653564
	],
	"20. right_elbow": [
		0.4603213667869568,
		0.4454236328601837,
		-0.10407765209674835,
		0.8834822773933411
	],
	"21. right_wrist": [
		0.4586191773414612,
		0.43675148487091064,
		-0.2679799795150757,
		0.8532856702804565
	],
	"24. nose": [
		0.49346843361854553,
		0.379927396774292,
		-0.08659899979829788,
		0.999893844127655
	],
	"25. left_eye": [
		0.5000869035720825,
		0.37341606616973877,
		-0.07668793946504593,
		0.999798059463501
	],
	"26. right_eye": [
		0.4897676408290863,
		0.37215450406074524,
		-0.07219213247299194,
		0.9998095035552979
	],
	"27. left_ear": [
		0.5058795809745789,
		0.380644828081131,
		-0.026930365711450577,
		0.9997242093086243
	],
	"28. right_ear": [
		0.4863382875919342,
		0.37739554047584534,
		-0.000884748063981533,
		0.999733567237854
	],
	"time stamp": 29.969946478656652
}