{
	"1. left_hip": [
		0.5056711435317993,
		0.5546694993972778,
		0.0010530336294323206,
		0.9996617436408997
	],
	"2. left_knee": [
		0.4946982264518738,
		0.6732459664344788,
		-0.02234828844666481,
		0.9649143218994141
	],
	"3. left_ankle": [
		0.47946515679359436,
		0.7747360467910767,
		0.05665033310651779,
		0.9506280422210693
	],
	"6. right_hip": [
		0.4757891297340393,
		0.553196907043457,
		-0.0010926888789981604,
		0.999529242515564
	],
	"7. right_knee": [
		0.48035120964050293,
		0.6631370782852173,
		-0.05588102340698242,
		0.9320501685142517
	],
	"8. right_ankle": [
		0.4713520407676697,
		0.761203408241272,
		0.01957814209163189,
		0.8280397653579712
	],
	"14. left_shoulder": [
		0.5145334601402283,
		0.4034896492958069,
		-0.018359776586294174,
		0.9996708631515503
	],
	"15. left_elbow": [
		0.5297868847846985,
		0.42524388432502747,
		-0.16290804743766785,
		0.9467535018920898
	],
	"16. left_wrist": [
		0.5487783551216125,
		0.4144812822341919,
		-0.3488729000091553,
		0.9359409213066101
	],
	"19. right_shoulder": [
		0.465300977230072,
		0.3976360261440277,
		0.002723753685131669,
		0.9993156790733337
	],
	"20. right_elbow": [
		0.43088793754577637,
		0.4083843529224396,
		-0.09636907279491425,
		0.8816413283348083
	],
	"21. right_wrist": [
		0.4029584527015686,
		0.4103796184062958,
		-0.2548425495624542,
		0.8565140962600708
	],
	"24. nose": [
		0.49104395508766174,
		0.346964031457901,
		-0.10224517434835434,
		0.9999099969863892
	],
	"25. left_eye": [
		0.49734288454055786,
		0.3373814523220062,
		-0.09205413609743118,
		0.9998632669448853
	],
	"26. right_eye": [
		0.48720020055770874,
		0.3372373878955841,
		-0.09001987427473068,
		0.9998177289962769
	],
	"27. left_ear": [
		0.5034636855125427,
		0.3446471095085144,
		-0.02844654954969883,
		0.9998469948768616
	],
	"28. right_ear": [
		0.4835548400878906,
		0.3437252938747406,
		-0.02092680148780346,
		0.9997811317443848
	],
	"time stamp": 29.969946478656652
}