{
	"1. left_hip": [
		0.5052458047866821,
		0.5604401230812073,
		0.016186680644750595,
		0.999266505241394
	],
	"2. left_knee": [
		0.4913998544216156,
		0.6793782114982605,
		0.02220909483730793,
		0.9048160314559937
	],
	"3. left_ankle": [
		0.4669927954673767,
		0.7744726538658142,
		0.14056919515132904,
		0.88372403383255
	],
	"6. right_hip": [
		0.47638067603111267,
		0.5615378618240356,
		-0.016177725046873093,
		0.9994363188743591
	],
	"7. right_knee": [
		0.4841160774230957,
		0.683919370174408,
		-0.055816613137722015,
		0.9396819472312927
	],
	"8. right_ankle": [
		0.4920733869075775,
		0.8088957071304321,
		0.007752386387437582,
		0.8792427778244019
	],
	"14. left_shoulder": [
		0.5224204063415527,
		0.40480610728263855,
		0.022434547543525696,
		0.9997376203536987
	],
	"15. left_elbow": [
		0.5590852499008179,
		0.4212489128112793,
		0.016790593042969704,
		0.9622663259506226
	],
	"16. left_wrist": [
		0.5928995609283447,
		0.4160105884075165,
		-0.06808950752019882,
		0.95875084400177
	],
	"19. right_shoulder": [
		0.46405524015426636,
		0.4053276479244232,
		-0.001814796356484294,
		0.9995219111442566
	],
	"20. right_elbow": [
		0.4229651093482971,
		0.40880241990089417,
		-0.012525687925517559,
		0.9266367554664612
	],
	"21. right_wrist": [
		0.3846278786659241,
		0.4092273712158203,
		-0.10289783775806427,
		0.911602258682251
	],
	"24. nose": [
		0.4912814199924469,
		0.3409405052661896,
		-0.11570920050144196,
		0.9999411702156067
	],
	"25. left_eye": [
		0.496880441904068,
		0.33206722140312195,
		-0.10127465426921844,
		0.9998987317085266
	],
	"26. right_eye": [
		0.4866093099117279,
		0.33249786496162415,
		-0.10316649824380875,
		0.9998700022697449
	],
	"27. left_ear": [
		0.5025190114974976,
		0.3397338390350342,
		-0.017503168433904648,
		0.9998781681060791
	],
	"28. right_ear": [
		0.48243969678878784,
		0.3395579159259796,
		-0.028565073385834694,
		0.999833881855011
	],
	"time stamp": 29.969946478656652
}