{
	"1. left_hip": [
		0.5058354139328003,
		0.5699328780174255,
		0.01265571266412735,
		0.9985071420669556
	],
	"2. left_knee": [
		0.490593284368515,
		0.6886414289474487,
		0.022403500974178314,
		0.8726793527603149
	],
	"3. left_ankle": [
		0.4666929841041565,
		0.7753699421882629,
		0.15182994306087494,
		0.8697011470794678
	],
	"6. right_hip": [
		0.47655612230300903,
		0.5688223242759705,
		-0.012676039710640907,
		0.9992079734802246
	],
	"7. right_knee": [
		0.4835600256919861,
		0.692399799823761,
		-0.054032452404499054,
		0.9454870223999023
	],
	"8. right_ankle": [
		0.4925285875797272,
		0.8141058087348938,
		0.017083870247006416,
		0.9050124287605286
	],
	"14. left_shoulder": [
		0.5281314253807068,
		0.41471660137176514,
		-0.04402463883161545,
		0.9997166991233826
	],
	"15. left_elbow": [
		0.5659812092781067,
		0.4296813905239105,
		-0.046614035964012146,
		0.9711751937866211
	],
	"16. left_wrist": [
		0.6072613596916199,
		0.42334505915641785,
		-0.149261474609375,
		0.9681234359741211
	],
	"19. right_shoulder": [
		0.4642259180545807,
		0.4172295033931732,
		-0.04814444109797478,
		0.9995295405387878
	],
	"20. right_elbow": [
		0.4240303933620453,
		0.4182230234146118,
		-0.0352296382188797,
		0.9441053867340088
	],
	"21. right_wrist": [
		0.3834444582462311,
		0.4107019305229187,
		-0.09039336442947388,
		0.9330973029136658
	],
	"24. nose": [
		0.49152669310569763,
		0.34376680850982666,
		-0.17469964921474457,
		0.9999507069587708
	],
	"25. left_eye": [
		0.49706965684890747,
		0.33461514115333557,
		-0.16169674694538116,
		0.9998852610588074
	],
	"26. right_eye": [
		0.4866630434989929,
		0.3354743421077728,
		-0.16142693161964417,
		0.9998631477355957
	],
	"27. left_ear": [
		0.5034762024879456,
		0.34289443492889404,
		-0.08999204635620117,
		0.9998446106910706
	],
	"28. right_ear": [
		0.48250526189804077,
		0.34347647428512573,
		-0.0894373431801796,
		0.9997891783714294
	],
	"time stamp": 29.969946478656652
}