{
	"1. left_hip": [
		0.5111187696456909,
		0.566196620464325,
		0.015517677180469036,
		0.9985213279724121
	],
	"2. left_knee": [
		0.5045338869094849,
		0.6922285556793213,
		0.05556340888142586,
		0.844126284122467
	],
	"3. left_ankle": [
		0.5027120113372803,
		0.74493807554245,
		0.25827276706695557,
		0.7261199355125427
	],
	"6. right_hip": [
		0.4765198826789856,
		0.5667981505393982,
		-0.015533830039203167,
		0.9994206428527832
	],
	"7. right_knee": [
		0.4833521842956543,
		0.6982244849205017,
		-0.08230475336313248,
		0.9612137079238892
	],
	"8. right_ankle": [
		0.49407535791397095,
		0.8101624250411987,
		-0.01405132282525301,
		0.9385924935340881
	],
	"14. left_shoulder": [
		0.5344222187995911,
		0.4086229205131531,
		-0.06394270062446594,
		0.9997977614402771
	],
	"15. left_elbow": [
		0.572277843952179,
		0.43560853600502014,
		-0.04040249437093735,
		0.9836824536323547
	],
	"16. left_wrist": [
		0.6108875274658203,
		0.4092022478580475,
		-0.11250561475753784,
		0.9817584156990051
	],
	"19. right_shoulder": [
		0.47011175751686096,
		0.409451425075531,
		-0.08163856714963913,
		0.9996586441993713
	],
	"20. right_elbow": [
		0.42765679955482483,
		0.42109376192092896,
		-0.09648729860782623,
		0.9657214879989624
	],
	"21. right_wrist": [
		0.3860448896884918,
		0.39199909567832947,
		-0.19322282075881958,
		0.9588266015052795
	],
	"24. nose": [
		0.5004564523696899,
		0.3348231315612793,
		-0.21436052024364471,
		0.9999581575393677
	],
	"25. left_eye": [
		0.5049563646316528,
		0.32477352023124695,
		-0.2000609189271927,
		0.9998673796653748
	],
	"26. right_eye": [
		0.49319949746131897,
		0.3274432122707367,
		-0.20117850601673126,
		0.9998488426208496
	],
	"27. left_ear": [
		0.5099652409553528,
		0.33274737000465393,
		-0.11787459999322891,
		0.9998251795768738
	],
	"28. right_ear": [
		0.48727455735206604,
		0.33790823817253113,
		-0.12362594902515411,
		0.9997280240058899
	],
	"time stamp": 29.969946478656652
}