{
	"1. left_hip": [
		0.5148234367370605,
		0.5575240850448608,
		0.013494670391082764,
		0.9982182383537292
	],
	"2. left_knee": [
		0.5061691999435425,
		0.6739524602890015,
		0.03378333896398544,
		0.8622981905937195
	],
	"3. left_ankle": [
		0.5090497732162476,
		0.7707805037498474,
		0.18014632165431976,
		0.7607216835021973
	],
	"6. right_hip": [
		0.4796670079231262,
		0.5607253909111023,
		-0.013472741469740868,
		0.999359130859375
	],
	"7. right_knee": [
		0.4840177595615387,
		0.6930131912231445,
		-0.053407371044158936,
		0.9641286730766296
	],
	"8. right_ankle": [
		0.49440592527389526,
		0.8088566064834595,
		0.027843782678246498,
		0.9456724524497986
	],
	"14. left_shoulder": [
		0.5341440439224243,
		0.40061089396476746,
		-0.00597651582211256,
		0.9997953772544861
	],
	"15. left_elbow": [
		0.5716979503631592,
		0.43517404794692993,
		-0.009869955480098724,
		0.9863971471786499
	],
	"16. left_wrist": [
		0.6064831018447876,
		0.38759782910346985,
		-0.10033635795116425,
		0.9848765134811401
	],
	"19. right_shoulder": [
		0.47049760818481445,
		0.398642361164093,
		-0.0279153473675251,
		0.9996623992919922
	],
	"20. right_elbow": [
		0.42904090881347656,
		0.4125082194805145,
		-0.035451244562864304,
		0.9714865684509277
	],
	"21. right_wrist": [
		0.3966338634490967,
		0.3683258891105652,
		-0.12220834195613861,
		0.9660250544548035
	],
	"24. nose": [
		0.5017367601394653,
		0.3245110511779785,
		-0.16226163506507874,
		0.9999594688415527
	],
	"25. left_eye": [
		0.5065560936927795,
		0.3141346871852875,
		-0.1457030326128006,
		0.999864399433136
	],
	"26. right_eye": [
		0.4955645203590393,
		0.315414696931839,
		-0.14728441834449768,
		0.9998523592948914
	],
	"27. left_ear": [
		0.5111790895462036,
		0.32239076495170593,
		-0.06153063103556633,
		0.9998120069503784
	],
	"28. right_ear": [
		0.48904722929000854,
		0.32596951723098755,
		-0.06925316900014877,
		0.9997447729110718
	],
	"time stamp": 29.969946478656652
}