{
	"1. left_hip": [
		0.5260416269302368,
		0.5694649815559387,
		-0.018169783055782318,
		0.9986830949783325
	],
	"2. left_knee": [
		0.5206454992294312,
		0.7160014510154724,
		-0.03702382370829582,
		0.9338189959526062
	],
	"3. left_ankle": [
		0.521605908870697,
		0.8364750146865845,
		0.08619964122772217,
		0.8870962858200073
	],
	"6. right_hip": [
		0.4925876557826996,
		0.5729097723960876,
		0.018126334995031357,
		0.9990242123603821
	],
	"7. right_knee": [
		0.4963679313659668,
		0.7181435227394104,
		0.03159951791167259,
		0.967582106590271
	],
	"8. right_ankle": [
		0.5061870813369751,
		0.8184714317321777,
		0.21011987328529358,
		0.9512128829956055
	],
	"14. left_shoulder": [
		0.5376439094543457,
		0.39731699228286743,
		-0.00254879891872406,
		0.9998416900634766
	],
	"15. left_elbow": [
		0.5537046194076538,
		0.47220027446746826,
		-0.126649409532547,
		0.9884403347969055
	],
	"16. left_wrist": [
		0.545512318611145,
		0.3728773295879364,
		-0.2633545994758606,
		0.9869472980499268
	],
	"19. right_shoulder": [
		0.47770634293556213,
		0.39112916588783264,
		0.02536691352725029,
		0.9994522929191589
	],
	"20. right_elbow": [
		0.46269235014915466,
		0.4464825391769409,
		-0.08547257632017136,
		0.9754539132118225
	],
	"21. right_wrist": [
		0.47246402502059937,
		0.34884804487228394,
		-0.23272459208965302,
		0.9688585996627808
	],
	"24. nose": [
		0.5082358121871948,
		0.31934115290641785,
		-0.1154528483748436,
		0.9999727010726929
	],
	"25. left_eye": [
		0.5126479864120483,
		0.3095553517341614,
		-0.09993590414524078,
		0.9999278783798218
	],
	"26. right_eye": [
		0.503044605255127,
		0.3103376626968384,
		-0.09871721267700195,
		0.9999129772186279
	],
	"27. left_ear": [
		0.517964243888855,
		0.3196778893470764,
		-0.020684754475951195,
		0.9999054074287415
	],
	"28. right_ear": [
		0.4965733587741852,
		0.32135525345802307,
		-0.014604012481868267,
		0.9998654723167419
	],
	"time stamp": 29.969946478656652
}