{
	"1. left_hip": [
		0.5272972583770752,
		0.5703127384185791,
		-0.01435613352805376,
		0.9989179372787476
	],
	"2. left_knee": [
		0.5198866724967957,
		0.720565140247345,
		-0.06519149243831635,
		0.9454226493835449
	],
	"3. left_ankle": [
		0.5190663933753967,
		0.8428194522857666,
		0.03972972184419632,
		0.9053704738616943
	],
	"6. right_hip": [
		0.49257224798202515,
		0.5731784701347351,
		0.014324557967483997,
		0.9991497993469238
	],
	"7. right_knee": [
		0.49646180868148804,
		0.7229401469230652,
		0.004746442660689354,
		0.9695232510566711
	],
	"8. right_ankle": [
		0.5058468580245972,
		0.7943236231803894,
		0.21880722045898438,
		0.9188932776451111
	],
	"14. left_shoulder": [
		0.538094162940979,
		0.3978845477104187,
		0.00047836051089689136,
		0.9998612999916077
	],
	"15. left_elbow": [
		0.552772045135498,
		0.4648396372795105,
		-0.13086989521980286,
		0.9872979521751404
	],
	"16. left_wrist": [
		0.5453935861587524,
		0.3747294247150421,
		-0.282164067029953,
		0.9881575107574463
	],
	"19. right_shoulder": [
		0.47981753945350647,
		0.3918587267398834,
		0.02343089133501053,
		0.9994000196456909
	],
	"20. right_elbow": [
		0.4648500084877014,
		0.4460018277168274,
		-0.08820472657680511,
		0.9720256924629211
	],
	"21. right_wrist": [
		0.47143563628196716,
		0.35386428236961365,
		-0.23963496088981628,
		0.9701915383338928
	],
	"24. nose": [
		0.5086005926132202,
		0.32045823335647583,
		-0.10921720415353775,
		0.9999728202819824
	],
	"25. left_eye": [
		0.5132650136947632,
		0.31043484807014465,
		-0.09402621537446976,
		0.9999359846115112
	],
	"26. right_eye": [
		0.5032271146774292,
		0.31148475408554077,
		-0.09271413087844849,
		0.999916136264801
	],
	"27. left_ear": [
		0.5194982290267944,
		0.32023361325263977,
		-0.015331345610320568,
		0.9999167919158936
	],
	"28. right_ear": [
		0.4971786141395569,
		0.3224508464336395,
		-0.00940985418856144,
		0.9998722076416016
	],
	"time stamp": 29.969946478656652
}