{
	"1. left_hip": [
		0.5272585153579712,
		0.5597885847091675,
		-0.01149960421025753,
		0.998802125453949
	],
	"2. left_knee": [
		0.5205041170120239,
		0.7150717973709106,
		0.00501636415719986,
		0.9776210784912109
	],
	"3. left_ankle": [
		0.5143146514892578,
		0.8472723364830017,
		0.13661648333072662,
		0.9707446694374084
	],
	"6. right_hip": [
		0.4897814393043518,
		0.5617837905883789,
		0.011444666422903538,
		0.9986075758934021
	],
	"7. right_knee": [
		0.49871331453323364,
		0.7162110209465027,
		0.03195316344499588,
		0.9786126017570496
	],
	"8. right_ankle": [
		0.4981229901313782,
		0.8490774631500244,
		0.15457473695278168,
		0.9532776474952698
	],
	"14. left_shoulder": [
		0.545356035232544,
		0.37803763151168823,
		-0.13015060126781464,
		0.9995477199554443
	],
	"15. left_elbow": [
		0.597530722618103,
		0.38913291692733765,
		-0.15733493864536285,
		0.9886575937271118
	],
	"16. left_wrist": [
		0.6364530324935913,
		0.3907228112220764,
		-0.28766629099845886,
		0.9817928075790405
	],
	"19. right_shoulder": [
		0.47085195779800415,
		0.37081193923950195,
		-0.11342984437942505,
		0.9986966252326965
	],
	"20. right_elbow": [
		0.4234948754310608,
		0.38147664070129395,
		-0.11373820155858994,
		0.9904244542121887
	],
	"21. right_wrist": [
		0.37735414505004883,
		0.36681628227233887,
		-0.23852813243865967,
		0.9823116064071655
	],
	"24. nose": [
		0.5085868239402771,
		0.30141308903694153,
		-0.29404887557029724,
		0.9999608993530273
	],
	"25. left_eye": [
		0.515197217464447,
		0.290662556886673,
		-0.2794197201728821,
		0.9998659491539001
	],
	"26. right_eye": [
		0.502167820930481,
		0.2898542284965515,
		-0.2800801396369934,
		0.9998724460601807
	],
	"27. left_ear": [
		0.5208595991134644,
		0.2977473735809326,
		-0.18661096692085266,
		0.9997857213020325
	],
	"28. right_ear": [
		0.4954095780849457,
		0.2962954342365265,
		-0.1900041699409485,
		0.9997609853744507
	],
	"time stamp": 29.969946478656652
}