{
	"1. left_hip": [
		0.527214765548706,
		0.5608090162277222,
		-0.013300198130309582,
		0.9985899925231934
	],
	"2. left_knee": [
		0.5201965570449829,
		0.7156496047973633,
		0.00902239978313446,
		0.9771537184715271
	],
	"3. left_ankle": [
		0.5139288902282715,
		0.8479403853416443,
		0.13120315968990326,
		0.9714478850364685
	],
	"6. right_hip": [
		0.4903091490268707,
		0.5628127455711365,
		0.013225756585597992,
		0.9984275102615356
	],
	"7. right_knee": [
		0.4994395673274994,
		0.7160495519638062,
		0.037554845213890076,
		0.9769259691238403
	],
	"8. right_ankle": [
		0.4982742369174957,
		0.8491913080215454,
		0.15080493688583374,
		0.9545261263847351
	],
	"14. left_shoulder": [
		0.5456773042678833,
		0.38070690631866455,
		-0.13026511669158936,
		0.9995508193969727
	],
	"15. left_elbow": [
		0.5981737375259399,
		0.39107435941696167,
		-0.15522094070911407,
		0.989508867263794
	],
	"16. left_wrist": [
		0.6370248794555664,
		0.38901758193969727,
		-0.2769618034362793,
		0.9827647805213928
	],
	"19. right_shoulder": [
		0.47101837396621704,
		0.3740912973880768,
		-0.10971061140298843,
		0.9987540245056152
	],
	"20. right_elbow": [
		0.42300477623939514,
		0.382219523191452,
		-0.10827149450778961,
		0.9911169409751892
	],
	"21. right_wrist": [
		0.3766331076622009,
		0.36065512895584106,
		-0.20401820540428162,
		0.9835075736045837
	],
	"24. nose": [
		0.5085839033126831,
		0.30200064182281494,
		-0.28602153062820435,
		0.9999620914459229
	],
	"25. left_eye": [
		0.5151960849761963,
		0.29138752818107605,
		-0.27171701192855835,
		0.999866247177124
	],
	"26. right_eye": [
		0.5022075772285461,
		0.2904549837112427,
		-0.27193179726600647,
		0.9998742938041687
	],
	"27. left_ear": [
		0.5208638906478882,
		0.2988530397415161,
		-0.18265804648399353,
		0.9997797012329102
	],
	"28. right_ear": [
		0.4954170286655426,
		0.29706254601478577,
		-0.18397554755210876,
		0.9997566938400269
	],
	"time stamp": 29.969946478656652
}