{
	"1. left_hip": [
		0.5271496176719666,
		0.5607464909553528,
		-0.012674227356910706,
		0.9983324408531189
	],
	"2. left_knee": [
		0.520209789276123,
		0.7155441045761108,
		0.007829141803085804,
		0.9755797982215881
	],
	"3. left_ankle": [
		0.5136424899101257,
		0.8486000299453735,
		0.10652414709329605,
		0.9711484909057617
	],
	"6. right_hip": [
		0.4911559224128723,
		0.5626683235168457,
		0.012607027776539326,
		0.9982483386993408
	],
	"7. right_knee": [
		0.5005849599838257,
		0.7157562971115112,
		0.03208817541599274,
		0.974552571773529
	],
	"8. right_ankle": [
		0.4984831213951111,
		0.8498662114143372,
		0.11756463348865509,
		0.9551988840103149
	],
	"14. left_shoulder": [
		0.5454497337341309,
		0.38107550144195557,
		-0.11330821365118027,
		0.9995561838150024
	],
	"15. left_elbow": [
		0.5949844121932983,
		0.39491644501686096,
		-0.13181963562965393,
		0.9903112053871155
	],
	"16. left_wrist": [
		0.6373475790023804,
		0.38803330063819885,
		-0.24317041039466858,
		0.9839353561401367
	],
	"19. right_shoulder": [
		0.47130832076072693,
		0.3743172585964203,
		-0.10411952435970306,
		0.9987914562225342
	],
	"20. right_elbow": [
		0.4231276512145996,
		0.3793935477733612,
		-0.0794968381524086,
		0.9916911721229553
	],
	"21. right_wrist": [
		0.37673419713974,
		0.3557055592536926,
		-0.15561792254447937,
		0.9846426844596863
	],
	"24. nose": [
		0.5084959864616394,
		0.3021185100078583,
		-0.27081578969955444,
		0.9999625086784363
	],
	"25. left_eye": [
		0.5150231122970581,
		0.2914675772190094,
		-0.255062460899353,
		0.9998636245727539
	],
	"26. right_eye": [
		0.5022168755531311,
		0.29055747389793396,
		-0.2557387948036194,
		0.9998718500137329
	],
	"27. left_ear": [
		0.5208119750022888,
		0.29929083585739136,
		-0.1635991483926773,
		0.9997695088386536
	],
	"28. right_ear": [
		0.495441734790802,
		0.2973458766937256,
		-0.16624245047569275,
		0.9997463226318359
	],
	"time stamp": 29.969946478656652
}