{
	"1. left_hip": [
		0.5277141332626343,
		0.5603397488594055,
		-0.007391882594674826,
		0.9983149170875549
	],
	"2. left_knee": [
		0.5227080583572388,
		0.7155638933181763,
		0.006887094583362341,
		0.9748494625091553
	],
	"3. left_ankle": [
		0.5136786103248596,
		0.8484794497489929,
		0.10575447976589203,
		0.9718421101570129
	],
	"6. right_hip": [
		0.49158167839050293,
		0.5625141859054565,
		0.007327359169721603,
		0.9982284903526306
	],
	"7. right_knee": [
		0.5010306239128113,
		0.7146613001823425,
		0.01058279164135456,
		0.9718170166015625
	],
	"8. right_ankle": [
		0.49858251214027405,
		0.8492425680160522,
		0.10983943939208984,
		0.9571407437324524
	],
	"14. left_shoulder": [
		0.5443964004516602,
		0.3797588646411896,
		-0.05007587745785713,
		0.9996031522750854
	],
	"15. left_elbow": [
		0.5925241112709045,
		0.40184473991394043,
		-0.05862841755151749,
		0.9912744164466858
	],
	"16. left_wrist": [
		0.631766676902771,
		0.37987491488456726,
		-0.1598147451877594,
		0.98578941822052
	],
	"19. right_shoulder": [
		0.4712255001068115,
		0.3739727735519409,
		-0.049966052174568176,
		0.9989206194877625
	],
	"20. right_elbow": [
		0.4257543981075287,
		0.38875147700309753,
		-0.07908426970243454,
		0.9922041296958923
	],
	"21. right_wrist": [
		0.38332074880599976,
		0.3602027893066406,
		-0.18969610333442688,
		0.9860925078392029
	],
	"24. nose": [
		0.5083950757980347,
		0.30143776535987854,
		-0.20271141827106476,
		0.9999669194221497
	],
	"25. left_eye": [
		0.5149213671684265,
		0.29100415110588074,
		-0.18627800047397614,
		0.999877393245697
	],
	"26. right_eye": [
		0.5021869540214539,
		0.2899184226989746,
		-0.18805906176567078,
		0.999885082244873
	],
	"27. left_ear": [
		0.5207684636116028,
		0.29932093620300293,
		-0.09730810672044754,
		0.9997918009757996
	],
	"28. right_ear": [
		0.495266854763031,
		0.2971954941749573,
		-0.10706399381160736,
		0.9997730255126953
	],
	"time stamp": 29.969946478656652
}