{
	"1. left_hip": [
		0.5287045240402222,
		0.5602732300758362,
		-0.0053096953779459,
		0.9987034201622009
	],
	"2. left_knee": [
		0.5232702493667603,
		0.7165294885635376,
		-0.010964302346110344,
		0.9779188632965088
	],
	"3. left_ankle": [
		0.5141438245773315,
		0.8483938574790955,
		0.12533071637153625,
		0.9765544533729553
	],
	"6. right_hip": [
		0.49222826957702637,
		0.5624310374259949,
		0.005300901830196381,
		0.9985578656196594
	],
	"7. right_knee": [
		0.5014916658401489,
		0.7137013673782349,
		-0.0005223968764767051,
		0.9734817147254944
	],
	"8. right_ankle": [
		0.4986147880554199,
		0.8487915992736816,
		0.12309795618057251,
		0.9636597037315369
	],
	"14. left_shoulder": [
		0.5435060262680054,
		0.3774329423904419,
		-0.014871321618556976,
		0.9997220039367676
	],
	"15. left_elbow": [
		0.5734227299690247,
		0.4467872083187103,
		-0.0857568234205246,
		0.9921290278434753
	],
	"16. left_wrist": [
		0.5857007503509521,
		0.37429189682006836,
		-0.27268391847610474,
		0.9887607097625732
	],
	"19. right_shoulder": [
		0.47299155592918396,
		0.37273135781288147,
		-0.0014433866599574685,
		0.9992343783378601
	],
	"20. right_elbow": [
		0.4392210841178894,
		0.43544185161590576,
		-0.059820275753736496,
		0.9930955767631531
	],
	"21. right_wrist": [
		0.4256642758846283,
		0.36502406001091003,
		-0.2389950454235077,
		0.9894735217094421
	],
	"24. nose": [
		0.508241593837738,
		0.29701995849609375,
		-0.18070125579833984,
		0.9999773502349854
	],
	"25. left_eye": [
		0.514786422252655,
		0.2862614691257477,
		-0.16501113772392273,
		0.9999170899391174
	],
	"26. right_eye": [
		0.5020239949226379,
		0.28655147552490234,
		-0.16397418081760406,
		0.999921441078186
	],
	"27. left_ear": [
		0.5208772420883179,
		0.29526668787002563,
		-0.0711991935968399,
		0.9998595714569092
	],
	"28. right_ear": [
		0.4951980710029602,
		0.2950821816921234,
		-0.06794645637273788,
		0.9998466372489929
	],
	"time stamp": 29.969946478656652
}