{
	"1. left_hip": [
		0.530098557472229,
		0.5587686896324158,
		-0.004082181490957737,
		0.9993481040000916
	],
	"2. left_knee": [
		0.523476243019104,
		0.714778482913971,
		-0.01156841404736042,
		0.9788048267364502
	],
	"3. left_ankle": [
		0.5143617391586304,
		0.8484987616539001,
		0.09608566761016846,
		0.9838529229164124
	],
	"6. right_hip": [
		0.49241119623184204,
		0.5602701902389526,
		0.003993689082562923,
		0.9991603493690491
	],
	"7. right_knee": [
		0.5002821087837219,
		0.7124015092849731,
		0.006495341658592224,
		0.9667131304740906
	],
	"8. right_ankle": [
		0.49815496802330017,
		0.8457549810409546,
		0.11027902364730835,
		0.9679019451141357
	],
	"14. left_shoulder": [
		0.5452349781990051,
		0.37452012300491333,
		-0.02697164937853813,
		0.9999434351921082
	],
	"15. left_elbow": [
		0.5899115800857544,
		0.39814886450767517,
		-0.11186337471008301,
		0.9825883507728577
	],
	"16. left_wrist": [
		0.6173799633979797,
		0.4236205220222473,
		-0.2831236720085144,
		0.9675260186195374
	],
	"19. right_shoulder": [
		0.4700252115726471,
		0.36673012375831604,
		-0.010446405038237572,
		0.9998064637184143
	],
	"20. right_elbow": [
		0.4256225526332855,
		0.38297927379608154,
		-0.10969076305627823,
		0.9821221828460693
	],
	"21. right_wrist": [
		0.39140334725379944,
		0.3987966775894165,
		-0.2821137309074402,
		0.9643644690513611
	],
	"24. nose": [
		0.5048486590385437,
		0.2974424958229065,
		-0.16263704001903534,
		0.9999858140945435
	],
	"25. left_eye": [
		0.5115638971328735,
		0.2864163815975189,
		-0.1472856104373932,
		0.9999578595161438
	],
	"26. right_eye": [
		0.49843400716781616,
		0.28792017698287964,
		-0.14641565084457397,
		0.999950647354126
	],
	"27. left_ear": [
		0.5179129242897034,
		0.29491114616394043,
		-0.058626461774110794,
		0.9999215006828308
	],
	"28. right_ear": [
		0.4927550256252289,
		0.2974873483181,
		-0.05625111982226372,
		0.999900221824646
	],
	"time stamp": 29.969946478656652
}