{
	"1. left_hip": [
		0.5289826989173889,
		0.5588165521621704,
		-0.005218823440372944,
		0.9993616938591003
	],
	"2. left_knee": [
		0.5234346985816956,
		0.7148146629333496,
		-0.006185633130371571,
		0.9766772985458374
	],
	"3. left_ankle": [
		0.5144903659820557,
		0.8466627597808838,
		0.09588705003261566,
		0.9808469414710999
	],
	"6. right_hip": [
		0.4915126860141754,
		0.5609825849533081,
		0.005188605282455683,
		0.9991270303726196
	],
	"7. right_knee": [
		0.49948611855506897,
		0.7123302221298218,
		-0.002470672130584717,
		0.9652999043464661
	],
	"8. right_ankle": [
		0.4979749619960785,
		0.8451951742172241,
		0.107068732380867,
		0.9656181335449219
	],
	"14. left_shoulder": [
		0.5420695543289185,
		0.3807825446128845,
		-0.008570292964577675,
		0.999936580657959
	],
	"15. left_elbow": [
		0.5853966474533081,
		0.40797340869903564,
		-0.06197429820895195,
		0.986080527305603
	],
	"16. left_wrist": [
		0.6220196485519409,
		0.3983757793903351,
		-0.2284095585346222,
		0.9759483933448792
	],
	"19. right_shoulder": [
		0.4693361222743988,
		0.3755202293395996,
		0.0011502744164317846,
		0.999796986579895
	],
	"20. right_elbow": [
		0.42466798424720764,
		0.3981131315231323,
		-0.04505958408117294,
		0.9869281649589539
	],
	"21. right_wrist": [
		0.3857097327709198,
		0.3723278343677521,
		-0.19286026060581207,
		0.9750319719314575
	],
	"24. nose": [
		0.5051208138465881,
		0.2985578775405884,
		-0.15533921122550964,
		0.9999875426292419
	],
	"25. left_eye": [
		0.5117536783218384,
		0.2877703607082367,
		-0.1391928344964981,
		0.9999597072601318
	],
	"26. right_eye": [
		0.4985763430595398,
		0.2886373996734619,
		-0.13991466164588928,
		0.9999555349349976
	],
	"27. left_ear": [
		0.5179123282432556,
		0.29733991622924805,
		-0.0502174012362957,
		0.9999259114265442
	],
	"28. right_ear": [
		0.4926598072052002,
		0.2981618344783783,
		-0.05568106845021248,
		0.9999097585678101
	],
	"time stamp": 29.969946478656652
}