{
	"1. left_hip": [
		0.52906733751297,
		0.5624653100967407,
		0.003971430007368326,
		0.9993008375167847
	],
	"2. left_knee": [
		0.5229249000549316,
		0.7186449766159058,
		0.0020297986920922995,
		0.9763110280036926
	],
	"3. left_ankle": [
		0.5143784880638123,
		0.8461021184921265,
		0.1395682394504547,
		0.9811294078826904
	],
	"6. right_hip": [
		0.49146729707717896,
		0.5641608834266663,
		-0.004034597892314196,
		0.9990527629852295
	],
	"7. right_knee": [
		0.498760849237442,
		0.7136343121528625,
		-0.010241932235658169,
		0.9679487347602844
	],
	"8. right_ankle": [
		0.4965624213218689,
		0.8452211022377014,
		0.13580259680747986,
		0.9654477834701538
	],
	"14. left_shoulder": [
		0.5419682264328003,
		0.38959184288978577,
		-0.10079056024551392,
		0.9999489188194275
	],
	"15. left_elbow": [
		0.5631006956100464,
		0.47599223256111145,
		-0.10314760357141495,
		0.9859447479248047
	],
	"16. left_wrist": [
		0.602766752243042,
		0.4942589998245239,
		-0.22992023825645447,
		0.9820764064788818
	],
	"19. right_shoulder": [
		0.4695853590965271,
		0.3800339996814728,
		-0.10584543645381927,
		0.9998495578765869
	],
	"20. right_elbow": [
		0.44350743293762207,
		0.4589846432209015,
		-0.09039313346147537,
		0.9899753332138062
	],
	"21. right_wrist": [
		0.4046187400817871,
		0.48868829011917114,
		-0.21721310913562775,
		0.9837700128555298
	],
	"24. nose": [
		0.5051435232162476,
		0.29990333318710327,
		-0.2913050651550293,
		0.9999910593032837
	],
	"25. left_eye": [
		0.511772632598877,
		0.28879308700561523,
		-0.27697235345840454,
		0.9999713897705078
	],
	"26. right_eye": [
		0.49852457642555237,
		0.2900714576244354,
		-0.2782607674598694,
		0.9999672174453735
	],
	"27. left_ear": [
		0.5180158019065857,
		0.2984520494937897,
		-0.17738232016563416,
		0.9999462962150574
	],
	"28. right_ear": [
		0.49236029386520386,
		0.29954782128334045,
		-0.1851053684949875,
		0.9999349117279053
	],
	"time stamp": 29.969946478656652
}