{
	"1. left_hip": [
		0.5280444622039795,
		0.5647525787353516,
		0.00549279386177659,
		0.9993308186531067
	],
	"2. left_knee": [
		0.5219615697860718,
		0.7195200324058533,
		0.007300486322492361,
		0.9749912023544312
	],
	"3. left_ankle": [
		0.5136162042617798,
		0.8467401266098022,
		0.1377107799053192,
		0.9807226657867432
	],
	"6. right_hip": [
		0.4905429780483246,
		0.5647420883178711,
		-0.005562139675021172,
		0.9990772008895874
	],
	"7. right_knee": [
		0.49836820363998413,
		0.71393221616745,
		-0.007862070575356483,
		0.9668178558349609
	],
	"8. right_ankle": [
		0.49581870436668396,
		0.8458808660507202,
		0.13390788435935974,
		0.9641833305358887
	],
	"14. left_shoulder": [
		0.5410667657852173,
		0.38755667209625244,
		-0.1027078852057457,
		0.9999555349349976
	],
	"15. left_elbow": [
		0.5606783032417297,
		0.4713265001773834,
		-0.06356992572546005,
		0.9856141805648804
	],
	"16. left_wrist": [
		0.5959823727607727,
		0.5309450626373291,
		-0.16472849249839783,
		0.9832908511161804
	],
	"19. right_shoulder": [
		0.469341516494751,
		0.38101136684417725,
		-0.11784229427576065,
		0.9998653531074524
	],
	"20. right_elbow": [
		0.44528698921203613,
		0.45999419689178467,
		-0.08511745184659958,
		0.9888187050819397
	],
	"21. right_wrist": [
		0.41217508912086487,
		0.5163329243659973,
		-0.1652858406305313,
		0.984190046787262
	],
	"24. nose": [
		0.5046709179878235,
		0.3001680076122284,
		-0.29375940561294556,
		0.999991774559021
	],
	"25. left_eye": [
		0.5113164186477661,
		0.28896209597587585,
		-0.2791624665260315,
		0.9999744296073914
	],
	"26. right_eye": [
		0.4981623589992523,
		0.2903020679950714,
		-0.2817775011062622,
		0.9999690055847168
	],
	"27. left_ear": [
		0.5175420641899109,
		0.2984819710254669,
		-0.17986702919006348,
		0.9999492764472961
	],
	"28. right_ear": [
		0.49181270599365234,
		0.29988619685173035,
		-0.19395896792411804,
		0.999935507774353
	],
	"time stamp": 29.969946478656652
}