{
	"1. left_hip": [
		0.520480751991272,
		0.5617094039916992,
		-0.024644915014505386,
		0.9992634654045105
	],
	"2. left_knee": [
		0.5145214796066284,
		0.7223739624023438,
		-0.022620154544711113,
		0.9787261486053467
	],
	"3. left_ankle": [
		0.5126515030860901,
		0.847960352897644,
		0.09620039165019989,
		0.9841916561126709
	],
	"6. right_hip": [
		0.48133501410484314,
		0.5632308721542358,
		0.02452879212796688,
		0.9988958239555359
	],
	"7. right_knee": [
		0.48871198296546936,
		0.7190925478935242,
		0.04853057861328125,
		0.9698126912117004
	],
	"8. right_ankle": [
		0.4956662654876709,
		0.8441740870475769,
		0.17476527392864227,
		0.9708850979804993
	],
	"14. left_shoulder": [
		0.5370181798934937,
		0.3795171082019806,
		-0.08562736958265305,
		0.9999474287033081
	],
	"15. left_elbow": [
		0.5837369561195374,
		0.37684348225593567,
		-0.14150460064411163,
		0.9904897809028625
	],
	"16. left_wrist": [
		0.6254259347915649,
		0.3843284249305725,
		-0.2691224217414856,
		0.9842009544372559
	],
	"19. right_shoulder": [
		0.4630100131034851,
		0.38042378425598145,
		-0.03386365622282028,
		0.9996234774589539
	],
	"20. right_elbow": [
		0.4152565896511078,
		0.3853248059749603,
		-0.0455402173101902,
		0.9875414967536926
	],
	"21. right_wrist": [
		0.3771648406982422,
		0.37079572677612305,
		-0.14578869938850403,
		0.9813547730445862
	],
	"24. nose": [
		0.4993034899234772,
		0.29936882853507996,
		-0.21080100536346436,
		0.9999845623970032
	],
	"25. left_eye": [
		0.5065550804138184,
		0.28765344619750977,
		-0.19654478132724762,
		0.9999454617500305
	],
	"26. right_eye": [
		0.4924778342247009,
		0.2894466519355774,
		-0.1944289207458496,
		0.9999260902404785
	],
	"27. left_ear": [
		0.5127140283584595,
		0.2963842749595642,
		-0.11279438436031342,
		0.9999258518218994
	],
	"28. right_ear": [
		0.4870213568210602,
		0.29966118931770325,
		-0.10467998683452606,
		0.9998044967651367
	],
	"time stamp": 29.969946478656652
}