{
	"1. left_hip": [
		0.5058232545852661,
		0.5622954964637756,
		-0.0645778626203537,
		0.9995655417442322
	],
	"2. left_knee": [
		0.46263790130615234,
		0.6712144017219543,
		-0.24685338139533997,
		0.9829068779945374
	],
	"3. left_ankle": [
		0.4967176914215088,
		0.8115856647491455,
		-0.20732469856739044,
		0.9831297397613525
	],
	"6. right_hip": [
		0.47149577736854553,
		0.5585763454437256,
		0.06461051106452942,
		0.9993993639945984
	],
	"7. right_knee": [
		0.46535810828208923,
		0.688029408454895,
		-0.026463503018021584,
		0.9063169360160828
	],
	"8. right_ankle": [
		0.49259766936302185,
		0.819440484046936,
		0.0627908930182457,
		0.9210696220397949
	],
	"14. left_shoulder": [
		0.526291012763977,
		0.3700242042541504,
		-0.03263293206691742,
		0.9998365044593811
	],
	"15. left_elbow": [
		0.5156190991401672,
		0.28749361634254456,
		-0.15082749724388123,
		0.9936224818229675
	],
	"16. left_wrist": [
		0.50066077709198,
		0.22020520269870758,
		-0.2089245766401291,
		0.981414258480072
	],
	"19. right_shoulder": [
		0.4703270494937897,
		0.3743959665298462,
		0.115381620824337,
		0.999290943145752
	],
	"20. right_elbow": [
		0.4482484459877014,
		0.3021641969680786,
		0.08287633210420609,
		0.9857286214828491
	],
	"21. right_wrist": [
		0.42358407378196716,
		0.24132779240608215,
		-0.03555748611688614,
		0.9835473299026489
	],
	"24. nose": [
		0.4881693422794342,
		0.32880720496177673,
		-0.06992604583501816,
		0.9999780058860779
	],
	"25. left_eye": [
		0.4946018159389496,
		0.3152117133140564,
		-0.06084176152944565,
		0.9999263882637024
	],
	"26. right_eye": [
		0.48445144295692444,
		0.31880003213882446,
		-0.04772759601473808,
		0.9999039769172668
	],
	"27. left_ear": [
		0.504191517829895,
		0.3156346082687378,
		-0.00745535409078002,
		0.9999068975448608
	],
	"28. right_ear": [
		0.48342055082321167,
		0.3215121924877167,
		0.053609997034072876,
		0.9998478889465332
	],
	"time stamp": 29.969946478656652
}