{
	"1. left_hip": [
		0.49845433235168457,
		0.561883270740509,
		-0.06981248408555984,
		0.9996674060821533
	],
	"2. left_knee": [
		0.4584040641784668,
		0.6752104163169861,
		-0.20651443302631378,
		0.9802959561347961
	],
	"3. left_ankle": [
		0.490265429019928,
		0.8176257610321045,
		-0.12840983271598816,
		0.9764724373817444
	],
	"6. right_hip": [
		0.4713777005672455,
		0.5593376755714417,
		0.06992530822753906,
		0.9995149970054626
	],
	"7. right_knee": [
		0.4663526117801666,
		0.6928961277008057,
		0.023361319676041603,
		0.8447597026824951
	],
	"8. right_ankle": [
		0.4877961575984955,
		0.8213900327682495,
		0.07260827720165253,
		0.8771392107009888
	],
	"14. left_shoulder": [
		0.5155929327011108,
		0.37413495779037476,
		-0.04003768414258957,
		0.999846875667572
	],
	"15. left_elbow": [
		0.5017221570014954,
		0.2839442789554596,
		-0.10666035115718842,
		0.9947303533554077
	],
	"16. left_wrist": [
		0.4776746332645416,
		0.21053150296211243,
		-0.07494252175092697,
		0.9832825660705566
	],
	"19. right_shoulder": [
		0.4748080372810364,
		0.37922731041908264,
		0.1277393251657486,
		0.9992866516113281
	],
	"20. right_elbow": [
		0.4636765420436859,
		0.2991854250431061,
		0.1381273865699768,
		0.9611415863037109
	],
	"21. right_wrist": [
		0.4665466845035553,
		0.22624865174293518,
		0.10551799833774567,
		0.9642162322998047
	],
	"24. nose": [
		0.48667997121810913,
		0.3306519687175751,
		-0.061358608305454254,
		0.9999570250511169
	],
	"25. left_eye": [
		0.49231547117233276,
		0.3177657723426819,
		-0.049789804965257645,
		0.9999201893806458
	],
	"26. right_eye": [
		0.48307594656944275,
		0.3215697407722473,
		-0.037606868892908096,
		0.9998629093170166
	],
	"27. left_ear": [
		0.5014302730560303,
		0.31997108459472656,
		0.0049616689793765545,
		0.9999215006828308
	],
	"28. right_ear": [
		0.48257890343666077,
		0.3263256847858429,
		0.06284107267856598,
		0.9998289346694946
	],
	"time stamp": 29.969946478656652
}