{
	"1. left_hip": [
		0.4912187159061432,
		0.549135148525238,
		-0.08192609250545502,
		0.9997542500495911
	],
	"2. left_knee": [
		0.4662109911441803,
		0.7034298181533813,
		-0.1267440915107727,
		0.9791409969329834
	],
	"3. left_ankle": [
		0.49028080701828003,
		0.8673964738845825,
		-0.12587660551071167,
		0.9755762815475464
	],
	"6. right_hip": [
		0.47708335518836975,
		0.5533197522163391,
		0.08198122680187225,
		0.9995908737182617
	],
	"7. right_knee": [
		0.4683772623538971,
		0.7048394083976746,
		0.054645098745822906,
		0.7571688294410706
	],
	"8. right_ankle": [
		0.48574596643447876,
		0.8534712791442871,
		0.057133037596940994,
		0.8402801752090454
	],
	"14. left_shoulder": [
		0.5092213153839111,
		0.3675532042980194,
		-5.044511635787785e-05,
		0.9998624324798584
	],
	"15. left_elbow": [
		0.5111724138259888,
		0.2801000475883484,
		0.011527873575687408,
		0.9957965612411499
	],
	"16. left_wrist": [
		0.49505719542503357,
		0.20991858839988708,
		0.1325637549161911,
		0.9793547987937927
	],
	"19. right_shoulder": [
		0.4780815541744232,
		0.37605687975883484,
		0.17539921402931213,
		0.9990817904472351
	],
	"20. right_elbow": [
		0.46953725814819336,
		0.2932647168636322,
		0.24654123187065125,
		0.9054808020591736
	],
	"21. right_wrist": [
		0.4800318777561188,
		0.23106224834918976,
		0.2837652266025543,
		0.8856415748596191
	],
	"24. nose": [
		0.4832420349121094,
		0.32708096504211426,
		-0.04769446328282356,
		0.9999663829803467
	],
	"25. left_eye": [
		0.48864731192588806,
		0.3125893473625183,
		-0.03616578131914139,
		0.9999427795410156
	],
	"26. right_eye": [
		0.4792206883430481,
		0.3157975673675537,
		-0.022208018228411674,
		0.9998985528945923
	],
	"27. left_ear": [
		0.4985726475715637,
		0.3128250539302826,
		0.023349804803729057,
		0.999946117401123
	],
	"28. right_ear": [
		0.47855144739151,
		0.31738317012786865,
		0.08994778990745544,
		0.999879002571106
	],
	"time stamp": 29.969946478656652
}