{
	"1. left_hip": [
		0.4895312190055847,
		0.5496304035186768,
		-0.07586224377155304,
		0.99983149766922
	],
	"2. left_knee": [
		0.48381027579307556,
		0.7144038081169128,
		-0.1306343823671341,
		0.9821787476539612
	],
	"3. left_ankle": [
		0.4993252754211426,
		0.8738822340965271,
		-0.15915998816490173,
		0.9815323948860168
	],
	"6. right_hip": [
		0.47549548745155334,
		0.5542802810668945,
		0.07578583061695099,
		0.9996442794799805
	],
	"7. right_knee": [
		0.47579535841941833,
		0.7156037092208862,
		0.06996788829565048,
		0.6978665590286255
	],
	"8. right_ankle": [
		0.4925607144832611,
		0.8547781109809875,
		0.08731193095445633,
		0.8380693197250366
	],
	"14. left_shoulder": [
		0.5080440640449524,
		0.36893796920776367,
		0.012378781102597713,
		0.9998819828033447
	],
	"15. left_elbow": [
		0.5235479474067688,
		0.2802465558052063,
		0.039834730327129364,
		0.9958177208900452
	],
	"16. left_wrist": [
		0.5045465230941772,
		0.24278870224952698,
		0.184084951877594,
		0.9482030868530273
	],
	"19. right_shoulder": [
		0.4770958423614502,
		0.37683242559432983,
		0.15062543749809265,
		0.9982337951660156
	],
	"20. right_elbow": [
		0.46956825256347656,
		0.3036441206932068,
		0.2297421246767044,
		0.792128324508667
	],
	"21. right_wrist": [
		0.4887630343437195,
		0.26219165325164795,
		0.25844696164131165,
		0.6791712641716003
	],
	"24. nose": [
		0.4793391227722168,
		0.32510775327682495,
		-0.08773580938577652,
		0.9999788403511047
	],
	"25. left_eye": [
		0.4861370921134949,
		0.31100234389305115,
		-0.07285476475954056,
		0.999965250492096
	],
	"26. right_eye": [
		0.4765796661376953,
		0.3131803274154663,
		-0.06091725826263428,
		0.9999382495880127
	],
	"27. left_ear": [
		0.49675965309143066,
		0.3124391734600067,
		0.0031904689967632294,
		0.999967634677887
	],
	"28. right_ear": [
		0.47699302434921265,
		0.31555303931236267,
		0.06134633347392082,
		0.9999260306358337
	],
	"time stamp": 29.969946478656652
}