{
	"1. left_hip": [
		0.49021339416503906,
		0.5523725152015686,
		-0.06580674648284912,
		0.9998204112052917
	],
	"2. left_knee": [
		0.49460306763648987,
		0.7204354405403137,
		-0.12084180116653442,
		0.9825568199157715
	],
	"3. left_ankle": [
		0.5024372339248657,
		0.8798506259918213,
		-0.14717720448970795,
		0.9833406805992126
	],
	"6. right_hip": [
		0.47405800223350525,
		0.5573647618293762,
		0.065616674721241,
		0.9995468854904175
	],
	"7. right_knee": [
		0.47783613204956055,
		0.7204310894012451,
		0.07696155458688736,
		0.6863417029380798
	],
	"8. right_ankle": [
		0.4945308566093445,
		0.8571999669075012,
		0.11651937663555145,
		0.8422431945800781
	],
	"14. left_shoulder": [
		0.5076655745506287,
		0.37975141406059265,
		-0.0014185479376465082,
		0.9997823238372803
	],
	"15. left_elbow": [
		0.5298765897750854,
		0.2863323986530304,
		0.04797173663973808,
		0.9933114647865295
	],
	"16. left_wrist": [
		0.5122042894363403,
		0.28658777475357056,
		0.21387997269630432,
		0.856050968170166
	],
	"19. right_shoulder": [
		0.47484222054481506,
		0.37820783257484436,
		0.10641402006149292,
		0.9968805313110352
	],
	"20. right_elbow": [
		0.46685418486595154,
		0.3207453787326813,
		0.18342874944210052,
		0.746469259262085
	],
	"21. right_wrist": [
		0.4911894202232361,
		0.29031720757484436,
		0.23799264430999756,
		0.5747811198234558
	],
	"24. nose": [
		0.47922855615615845,
		0.32487156987190247,
		-0.09659145772457123,
		0.9999707341194153
	],
	"25. left_eye": [
		0.48653000593185425,
		0.3114171028137207,
		-0.0845353752374649,
		0.9999600052833557
	],
	"26. right_eye": [
		0.4768832325935364,
		0.31226494908332825,
		-0.07354147732257843,
		0.9999327659606934
	],
	"27. left_ear": [
		0.4971630573272705,
		0.31672415137290955,
		-0.01900468021631241,
		0.9999664425849915
	],
	"28. right_ear": [
		0.48022618889808655,
		0.314853698015213,
		0.034433312714099884,
		0.9999189972877502
	],
	"time stamp": 29.969946478656652
}