{
	"1. left_hip": [
		0.5035523176193237,
		0.5717464089393616,
		-0.052998434752225876,
		0.9997409582138062
	],
	"2. left_knee": [
		0.5065479278564453,
		0.7343156337738037,
		-0.07551416754722595,
		0.9844428300857544
	],
	"3. left_ankle": [
		0.5052362680435181,
		0.883526623249054,
		-0.04762357845902443,
		0.9858843684196472
	],
	"6. right_hip": [
		0.47208371758461,
		0.5786598324775696,
		0.05294046550989151,
		0.9993696808815002
	],
	"7. right_knee": [
		0.47852975130081177,
		0.7339951395988464,
		0.14666542410850525,
		0.6964937448501587
	],
	"8. right_ankle": [
		0.4965350031852722,
		0.8600581884384155,
		0.2860705554485321,
		0.8528305888175964
	],
	"14. left_shoulder": [
		0.5094489455223083,
		0.3800855278968811,
		-0.0524439699947834,
		0.9993488788604736
	],
	"15. left_elbow": [
		0.5314022898674011,
		0.2797015607357025,
		-0.027135085314512253,
		0.9853697419166565
	],
	"16. left_wrist": [
		0.5119746923446655,
		0.2892072796821594,
		0.1102195605635643,
		0.5446568727493286
	],
	"19. right_shoulder": [
		0.46183696389198303,
		0.3753434121608734,
		0.040476374328136444,
		0.995639979839325
	],
	"20. right_elbow": [
		0.4382481575012207,
		0.28980332612991333,
		0.10995405912399292,
		0.7548433542251587
	],
	"21. right_wrist": [
		0.47075310349464417,
		0.2929016649723053,
		0.19457761943340302,
		0.3713906407356262
	],
	"24. nose": [
		0.4786101281642914,
		0.3139879107475281,
		-0.1500466763973236,
		0.9999250173568726
	],
	"25. left_eye": [
		0.48700958490371704,
		0.30236488580703735,
		-0.13780488073825836,
		0.9999035596847534
	],
	"26. right_eye": [
		0.47627419233322144,
		0.30211082100868225,
		-0.1310872882604599,
		0.999862790107727
	],
	"27. left_ear": [
		0.4979567527770996,
		0.3109184801578522,
		-0.06570664793252945,
		0.9999356269836426
	],
	"28. right_ear": [
		0.4766062796115875,
		0.30877044796943665,
		-0.032423071563243866,
		0.9998911619186401
	],
	"time stamp": 29.969946478656652
}