{
	"1. left_hip": [
		0.4983600080013275,
		0.5727761387825012,
		-0.07774640619754791,
		0.9994414448738098
	],
	"2. left_knee": [
		0.4711647033691406,
		0.711726725101471,
		-0.10863436758518219,
		0.9795596599578857
	],
	"3. left_ankle": [
		0.4914601445198059,
		0.8595089316368103,
		-0.05059412121772766,
		0.9829010367393494
	],
	"6. right_hip": [
		0.4766852855682373,
		0.5786858201026917,
		0.07780514657497406,
		0.9991703033447266
	],
	"7. right_knee": [
		0.4770992398262024,
		0.7202818989753723,
		0.06937878578901291,
		0.7233304381370544
	],
	"8. right_ankle": [
		0.4930638372898102,
		0.8583359718322754,
		0.1239059716463089,
		0.8689011931419373
	],
	"14. left_shoulder": [
		0.508833646774292,
		0.3782995343208313,
		-0.11848673969507217,
		0.998845100402832
	],
	"15. left_elbow": [
		0.48689451813697815,
		0.4615056812763214,
		-0.2304115742444992,
		0.971545398235321
	],
	"16. left_wrist": [
		0.4774165749549866,
		0.3779725432395935,
		-0.29724910855293274,
		0.653658926486969
	],
	"19. right_shoulder": [
		0.4762801229953766,
		0.38510411977767944,
		0.09076951444149017,
		0.9963200688362122
	],
	"20. right_elbow": [
		0.4614598751068115,
		0.45716920495033264,
		0.025946537032723427,
		0.6183774471282959
	],
	"21. right_wrist": [
		0.4651761054992676,
		0.4432249665260315,
		-0.15658923983573914,
		0.38653725385665894
	],
	"24. nose": [
		0.47701001167297363,
		0.30894818902015686,
		-0.12526646256446838,
		0.9996201395988464
	],
	"25. left_eye": [
		0.4865126609802246,
		0.29588648676872253,
		-0.12745359539985657,
		0.9996686577796936
	],
	"26. right_eye": [
		0.4778664708137512,
		0.2954495847225189,
		-0.10887517780065536,
		0.9994165897369385
	],
	"27. left_ear": [
		0.49771031737327576,
		0.3073617219924927,
		-0.09016330540180206,
		0.9997468590736389
	],
	"28. right_ear": [
		0.48386916518211365,
		0.30507180094718933,
		-0.011583958752453327,
		0.9992991089820862
	],
	"time stamp": 29.969946478656652
}