{
	"1. left_hip": [
		0.49102187156677246,
		0.5571459531784058,
		-0.08814340084791183,
		0.9995617866516113
	],
	"2. left_knee": [
		0.48237696290016174,
		0.713397741317749,
		-0.10708671808242798,
		0.9837308526039124
	],
	"3. left_ankle": [
		0.5023596286773682,
		0.8691871762275696,
		-0.10294769704341888,
		0.9850257635116577
	],
	"6. right_hip": [
		0.48546066880226135,
		0.5562764406204224,
		0.0881747454404831,
		0.9992906451225281
	],
	"7. right_knee": [
		0.48054179549217224,
		0.7116339206695557,
		0.10216555744409561,
		0.5343098044395447
	],
	"8. right_ankle": [
		0.4938279986381531,
		0.8498976826667786,
		0.12311146408319473,
		0.7765101790428162
	],
	"14. left_shoulder": [
		0.4987975060939789,
		0.37440311908721924,
		-0.11318767070770264,
		0.9995623826980591
	],
	"15. left_elbow": [
		0.5021087527275085,
		0.4738057553768158,
		-0.1346210241317749,
		0.9741994738578796
	],
	"16. left_wrist": [
		0.4716961979866028,
		0.44947463274002075,
		-0.09190632402896881,
		0.8425443768501282
	],
	"19. right_shoulder": [
		0.48510533571243286,
		0.37517255544662476,
		0.14780355989933014,
		0.9985119700431824
	],
	"20. right_elbow": [
		0.47723084688186646,
		0.46310165524482727,
		0.10431914031505585,
		0.2066573053598404
	],
	"21. right_wrist": [
		0.4732573628425598,
		0.4347127377986908,
		-0.03404194861650467,
		0.2176000475883484
	],
	"24. nose": [
		0.47753244638442993,
		0.2922133207321167,
		-0.005316953174769878,
		0.9998635649681091
	],
	"25. left_eye": [
		0.48670220375061035,
		0.28385892510414124,
		-0.020545801147818565,
		0.9998891353607178
	],
	"26. right_eye": [
		0.4830867648124695,
		0.2815530598163605,
		0.006991105619817972,
		0.9998063445091248
	],
	"27. left_ear": [
		0.4964396357536316,
		0.2985192835330963,
		-0.051686644554138184,
		0.9999173283576965
	],
	"28. right_ear": [
		0.4907681941986084,
		0.2930947244167328,
		0.06961648166179657,
		0.9997512698173523
	],
	"time stamp": 29.969946478656652
}