{
	"1. left_hip": [
		0.49314039945602417,
		0.5707283020019531,
		-0.09214414656162262,
		0.9992935061454773
	],
	"2. left_knee": [
		0.48203301429748535,
		0.7263783812522888,
		-0.09895659983158112,
		0.9767236709594727
	],
	"3. left_ankle": [
		0.5054937601089478,
		0.8814052939414978,
		-0.07372967153787613,
		0.9828808307647705
	],
	"6. right_hip": [
		0.4885234832763672,
		0.5668102502822876,
		0.0921873152256012,
		0.9982522130012512
	],
	"7. right_knee": [
		0.48279252648353577,
		0.7197373509407043,
		0.09965337812900543,
		0.489507794380188
	],
	"8. right_ankle": [
		0.49914178252220154,
		0.8568962216377258,
		0.1345660537481308,
		0.7140449285507202
	],
	"14. left_shoulder": [
		0.5024142265319824,
		0.3708806335926056,
		-0.1323196440935135,
		0.9997090101242065
	],
	"15. left_elbow": [
		0.52239990234375,
		0.46938464045524597,
		-0.2137228548526764,
		0.9774085879325867
	],
	"16. left_wrist": [
		0.4928660988807678,
		0.4749087393283844,
		-0.26152247190475464,
		0.86692875623703
	],
	"19. right_shoulder": [
		0.4880276620388031,
		0.37449976801872253,
		0.1357385218143463,
		0.9985158443450928
	],
	"20. right_elbow": [
		0.4766051769256592,
		0.4480467438697815,
		0.13355988264083862,
		0.1412164717912674
	],
	"21. right_wrist": [
		0.46734127402305603,
		0.4485813081264496,
		0.013865689747035503,
		0.15621143579483032
	],
	"24. nose": [
		0.47423315048217773,
		0.29681724309921265,
		-0.04661133140325546,
		0.9997726678848267
	],
	"25. left_eye": [
		0.48229116201400757,
		0.2844652533531189,
		-0.0611976683139801,
		0.9998443126678467
	],
	"26. right_eye": [
		0.4778287410736084,
		0.28334468603134155,
		-0.03357874974608421,
		0.9997245073318481
	],
	"27. left_ear": [
		0.49603623151779175,
		0.2966073751449585,
		-0.08289928734302521,
		0.9998981356620789
	],
	"28. right_ear": [
		0.4885860085487366,
		0.2931043207645416,
		0.04003544896841049,
		0.999617338180542
	],
	"time stamp": 29.969946478656652
}