{
	"1. left_hip": [
		0.4952208995819092,
		0.5845795273780823,
		-0.09265200793743134,
		0.9993286728858948
	],
	"2. left_knee": [
		0.4730631709098816,
		0.7358887791633606,
		-0.10188722610473633,
		0.9760226607322693
	],
	"3. left_ankle": [
		0.505008339881897,
		0.8829869627952576,
		-0.07459937781095505,
		0.9821859002113342
	],
	"6. right_hip": [
		0.4884869456291199,
		0.5815534591674805,
		0.09272381663322449,
		0.9983682632446289
	],
	"7. right_knee": [
		0.48212772607803345,
		0.730338454246521,
		0.09581895172595978,
		0.4915374517440796
	],
	"8. right_ankle": [
		0.49991661310195923,
		0.8641887903213501,
		0.13649126887321472,
		0.7036406397819519
	],
	"14. left_shoulder": [
		0.5070516467094421,
		0.366141140460968,
		-0.1303289830684662,
		0.999756932258606
	],
	"15. left_elbow": [
		0.5360933542251587,
		0.4374037981033325,
		-0.23914925754070282,
		0.9802219867706299
	],
	"16. left_wrist": [
		0.5209690928459167,
		0.4795762896537781,
		-0.3537233769893646,
		0.8803510665893555
	],
	"19. right_shoulder": [
		0.48629817366600037,
		0.3786127269268036,
		0.1285066455602646,
		0.9986977577209473
	],
	"20. right_elbow": [
		0.46775078773498535,
		0.45772144198417664,
		0.13724541664123535,
		0.157066211104393
	],
	"21. right_wrist": [
		0.45292267203330994,
		0.45008692145347595,
		0.010613440535962582,
		0.23030626773834229
	],
	"24. nose": [
		0.47300592064857483,
		0.30045345425605774,
		-0.08663398772478104,
		0.9997907876968384
	],
	"25. left_eye": [
		0.48132580518722534,
		0.2865198254585266,
		-0.09505194425582886,
		0.9998590350151062
	],
	"26. right_eye": [
		0.47345009446144104,
		0.28893008828163147,
		-0.07153979688882828,
		0.9997529983520508
	],
	"27. left_ear": [
		0.4959953725337982,
		0.29655665159225464,
		-0.08641556650400162,
		0.9999078512191772
	],
	"28. right_ear": [
		0.47996336221694946,
		0.29545387625694275,
		0.01927623525261879,
		0.9996597766876221
	],
	"time stamp": 29.969946478656652
}