{
	"1. left_hip": [
		0.4997134208679199,
		0.5723668932914734,
		-0.09804941713809967,
		0.9993650317192078
	],
	"2. left_knee": [
		0.48243626952171326,
		0.7369605302810669,
		-0.09809629619121552,
		0.9722858667373657
	],
	"3. left_ankle": [
		0.5076690316200256,
		0.8836127519607544,
		-0.05043336749076843,
		0.9849984645843506
	],
	"6. right_hip": [
		0.48772144317626953,
		0.5712791681289673,
		0.09796297550201416,
		0.998140275478363
	],
	"7. right_knee": [
		0.4637259840965271,
		0.7181040644645691,
		0.06824816763401031,
		0.6188021898269653
	],
	"8. right_ankle": [
		0.528067946434021,
		0.7556177973747253,
		0.22075366973876953,
		0.718087375164032
	],
	"14. left_shoulder": [
		0.4997483789920807,
		0.3567826449871063,
		-0.16986709833145142,
		0.99989253282547
	],
	"15. left_elbow": [
		0.5137017369270325,
		0.3938206434249878,
		-0.38977521657943726,
		0.9863863587379456
	],
	"16. left_wrist": [
		0.5163487195968628,
		0.38561004400253296,
		-0.5864657163619995,
		0.9318457245826721
	],
	"19. right_shoulder": [
		0.4836885333061218,
		0.3569552004337311,
		0.14759661257266998,
		0.9983667135238647
	],
	"20. right_elbow": [
		0.48462921380996704,
		0.3665224611759186,
		0.31522470712661743,
		0.13330130279064178
	],
	"21. right_wrist": [
		0.48759961128234863,
		0.3491634726524353,
		0.4744979739189148,
		0.2964768409729004
	],
	"24. nose": [
		0.47748303413391113,
		0.28105628490448,
		-0.05320645123720169,
		0.9998666048049927
	],
	"25. left_eye": [
		0.48626288771629333,
		0.27392590045928955,
		-0.0637579932808876,
		0.9999217987060547
	],
	"26. right_eye": [
		0.4824783205986023,
		0.2713038921356201,
		-0.03751631826162338,
		0.9998346567153931
	],
	"27. left_ear": [
		0.49828094244003296,
		0.2876727879047394,
		-0.08099384605884552,
		0.9999386668205261
	],
	"28. right_ear": [
		0.4907491207122803,
		0.2827477753162384,
		0.04480280727148056,
		0.99979567527771
	],
	"time stamp": 29.969946478656652
}