{
	"1. left_hip": [
		0.49867478013038635,
		0.5680214762687683,
		-0.09431559592485428,
		0.9995516538619995
	],
	"2. left_knee": [
		0.48630291223526,
		0.7309104204177856,
		-0.09896469116210938,
		0.9769167900085449
	],
	"3. left_ankle": [
		0.508428692817688,
		0.8842604160308838,
		-0.04447455704212189,
		0.9894831776618958
	],
	"6. right_hip": [
		0.4864709973335266,
		0.5678408145904541,
		0.09432704746723175,
		0.9985259771347046
	],
	"7. right_knee": [
		0.4415878653526306,
		0.6994180679321289,
		0.05346911400556564,
		0.7292883396148682
	],
	"8. right_ankle": [
		0.5193802118301392,
		0.7161407470703125,
		0.23891332745552063,
		0.7628764510154724
	],
	"14. left_shoulder": [
		0.49066776037216187,
		0.3574075996875763,
		-0.17691293358802795,
		0.9999094605445862
	],
	"15. left_elbow": [
		0.5019389390945435,
		0.3697645962238312,
		-0.3790056109428406,
		0.9788890480995178
	],
	"16. left_wrist": [
		0.4926372170448303,
		0.33141329884529114,
		-0.5460538864135742,
		0.9344278573989868
	],
	"19. right_shoulder": [
		0.4878416657447815,
		0.35918474197387695,
		0.11874592304229736,
		0.9976593852043152
	],
	"20. right_elbow": [
		0.4909670948982239,
		0.38090798258781433,
		0.29902589321136475,
		0.09983143210411072
	],
	"21. right_wrist": [
		0.4897679388523102,
		0.36411866545677185,
		0.42112812399864197,
		0.23497772216796875
	],
	"24. nose": [
		0.47268614172935486,
		0.277496874332428,
		-0.03568020462989807,
		0.9998494982719421
	],
	"25. left_eye": [
		0.4808446764945984,
		0.2723389267921448,
		-0.05444066599011421,
		0.9999296069145203
	],
	"26. right_eye": [
		0.4799129366874695,
		0.26968666911125183,
		-0.02339119277894497,
		0.9998173117637634
	],
	"27. left_ear": [
		0.4915396273136139,
		0.2881007790565491,
		-0.10459011793136597,
		0.9999315142631531
	],
	"28. right_ear": [
		0.48908838629722595,
		0.28315719962120056,
		0.04070200398564339,
		0.999835193157196
	],
	"time stamp": 29.969946478656652
}