{
	"1. left_hip": [
		0.4834027886390686,
		0.5527259707450867,
		-0.08569426089525223,
		0.9996424317359924
	],
	"2. left_knee": [
		0.492110013961792,
		0.7259314060211182,
		-0.13153216242790222,
		0.9812949299812317
	],
	"3. left_ankle": [
		0.5086396336555481,
		0.8829883337020874,
		-0.12285886704921722,
		0.992974042892456
	],
	"6. right_hip": [
		0.4670734405517578,
		0.5546141862869263,
		0.0856233611702919,
		0.9986007213592529
	],
	"7. right_knee": [
		0.4209977686405182,
		0.680095374584198,
		0.060633547604084015,
		0.8259016275405884
	],
	"8. right_ankle": [
		0.46146664023399353,
		0.8006962537765503,
		0.15794844925403595,
		0.7907946109771729
	],
	"14. left_shoulder": [
		0.47188901901245117,
		0.3378539979457855,
		-0.1434980034828186,
		0.9998413324356079
	],
	"15. left_elbow": [
		0.45268145203590393,
		0.3556714355945587,
		-0.24713198840618134,
		0.9350187182426453
	],
	"16. left_wrist": [
		0.43489179015159607,
		0.3328606188297272,
		-0.251689612865448,
		0.7822893857955933
	],
	"19. right_shoulder": [
		0.4662559926509857,
		0.34410950541496277,
		0.1251642405986786,
		0.9980788230895996
	],
	"20. right_elbow": [
		0.4658408761024475,
		0.44071969389915466,
		0.169441357254982,
		0.06492775678634644
	],
	"21. right_wrist": [
		0.4586806297302246,
		0.5228272080421448,
		0.13196763396263123,
		0.1393059343099594
	],
	"24. nose": [
		0.4528736472129822,
		0.27665582299232483,
		-0.01968013122677803,
		0.9995481967926025
	],
	"25. left_eye": [
		0.46121945977211,
		0.2676102817058563,
		-0.034894488751888275,
		0.999645471572876
	],
	"26. right_eye": [
		0.45938605070114136,
		0.26764190196990967,
		-0.0071342503651976585,
		0.9994357824325562
	],
	"27. left_ear": [
		0.47176188230514526,
		0.2750709354877472,
		-0.06936270743608475,
		0.9995680451393127
	],
	"28. right_ear": [
		0.4680655002593994,
		0.2734442949295044,
		0.05670428276062012,
		0.9996170997619629
	],
	"time stamp": 29.969946478656652
}