{
	"1. left_hip": [
		0.48309120535850525,
		0.5536733269691467,
		-0.08577405661344528,
		0.9996525049209595
	],
	"2. left_knee": [
		0.4926897883415222,
		0.7260933518409729,
		-0.13222047686576843,
		0.9821043610572815
	],
	"3. left_ankle": [
		0.5086292028427124,
		0.8830834031105042,
		-0.10668524354696274,
		0.9930917620658875
	],
	"6. right_hip": [
		0.4673821032047272,
		0.5546276569366455,
		0.08572625368833542,
		0.9986966848373413
	],
	"7. right_knee": [
		0.42065301537513733,
		0.6810664534568787,
		0.05116160586476326,
		0.8372616767883301
	],
	"8. right_ankle": [
		0.45980435609817505,
		0.806422770023346,
		0.14462120831012726,
		0.8045040965080261
	],
	"14. left_shoulder": [
		0.4723130762577057,
		0.3366973102092743,
		-0.14866504073143005,
		0.9998204708099365
	],
	"15. left_elbow": [
		0.4533933997154236,
		0.3690522611141205,
		-0.2765924632549286,
		0.9360745549201965
	],
	"16. left_wrist": [
		0.43663135170936584,
		0.33486559987068176,
		-0.3348309397697449,
		0.7778559923171997
	],
	"19. right_shoulder": [
		0.4661128520965576,
		0.34209561347961426,
		0.12522825598716736,
		0.9981597065925598
	],
	"20. right_elbow": [
		0.4600941240787506,
		0.4430404305458069,
		0.16361349821090698,
		0.0610920786857605
	],
	"21. right_wrist": [
		0.4527742266654968,
		0.5226684808731079,
		0.11954446882009506,
		0.1289999634027481
	],
	"24. nose": [
		0.4529992938041687,
		0.27322474122047424,
		-0.02990906499326229,
		0.9995192885398865
	],
	"25. left_eye": [
		0.46163249015808105,
		0.2647222876548767,
		-0.04472983255982399,
		0.9995911717414856
	],
	"26. right_eye": [
		0.4599292278289795,
		0.26331156492233276,
		-0.01667613908648491,
		0.9993974566459656
	],
	"27. left_ear": [
		0.4716586470603943,
		0.27443113923072815,
		-0.0749177560210228,
		0.9994964599609375
	],
	"28. right_ear": [
		0.4680802822113037,
		0.2718123197555542,
		0.05158854275941849,
		0.9995821714401245
	],
	"time stamp": 29.969946478656652
}