{
	"1. left_hip": [
		0.41938352584838867,
		0.5798903107643127,
		-0.09583257138729095,
		0.9996373057365417
	],
	"2. left_knee": [
		0.3654859662055969,
		0.7021200060844421,
		-0.13249526917934418,
		0.9845377802848816
	],
	"3. left_ankle": [
		0.4220031201839447,
		0.7981298565864563,
		-0.0585997998714447,
		0.9886619448661804
	],
	"6. right_hip": [
		0.42334073781967163,
		0.5830987095832825,
		0.09591977298259735,
		0.9993266463279724
	],
	"7. right_knee": [
		0.40816259384155273,
		0.7213078737258911,
		0.11884285509586334,
		0.6683570146560669
	],
	"8. right_ankle": [
		0.41887935996055603,
		0.8573639988899231,
		0.15632417798042297,
		0.8297305107116699
	],
	"14. left_shoulder": [
		0.4242746829986572,
		0.3792136311531067,
		-0.1572568714618683,
		0.9998329877853394
	],
	"15. left_elbow": [
		0.41921085119247437,
		0.48659053444862366,
		-0.19701267778873444,
		0.9622608423233032
	],
	"16. left_wrist": [
		0.40650177001953125,
		0.5665913224220276,
		-0.1845782995223999,
		0.8039644360542297
	],
	"19. right_shoulder": [
		0.42799872159957886,
		0.38481247425079346,
		0.12064401805400848,
		0.9990081191062927
	],
	"20. right_elbow": [
		0.42111629247665405,
		0.48878616094589233,
		0.167258158326149,
		0.04736145958304405
	],
	"21. right_wrist": [
		0.4079783856868744,
		0.5549411177635193,
		0.10739459842443466,
		0.08345486968755722
	],
	"24. nose": [
		0.4038159251213074,
		0.31590259075164795,
		-0.10246936231851578,
		0.9996600151062012
	],
	"25. left_eye": [
		0.41135692596435547,
		0.30403947830200195,
		-0.10774431377649307,
		0.999613344669342
	],
	"26. right_eye": [
		0.4045986533164978,
		0.30432572960853577,
		-0.08626728504896164,
		0.9994845390319824
	],
	"27. left_ear": [
		0.42272719740867615,
		0.3115931749343872,
		-0.09839685261249542,
		0.9996113181114197
	],
	"28. right_ear": [
		0.41073161363601685,
		0.3098534345626831,
		0.0006972611299715936,
		0.9993076324462891
	],
	"time stamp": 29.969946478656652
}