{
	"1. left_hip": [
		0.40180206298828125,
		0.5793939232826233,
		-0.08238790929317474,
		0.9996058344841003
	],
	"2. left_knee": [
		0.3508153259754181,
		0.6709433794021606,
		-0.06520940363407135,
		0.9873541593551636
	],
	"3. left_ankle": [
		0.38047075271606445,
		0.7991957068443298,
		0.027396533638238907,
		0.9896976351737976
	],
	"6. right_hip": [
		0.41468945145606995,
		0.5811569690704346,
		0.08240807801485062,
		0.9994039535522461
	],
	"7. right_knee": [
		0.4091361463069916,
		0.7207707762718201,
		0.11393312364816666,
		0.7007489800453186
	],
	"8. right_ankle": [
		0.4244024157524109,
		0.8591951131820679,
		0.17645171284675598,
		0.8572728633880615
	],
	"14. left_shoulder": [
		0.4099145829677582,
		0.3756978213787079,
		-0.15289275348186493,
		0.9998437166213989
	],
	"15. left_elbow": [
		0.4103361964225769,
		0.4817485511302948,
		-0.17640720307826996,
		0.9671797156333923
	],
	"16. left_wrist": [
		0.38717472553253174,
		0.5693540573120117,
		-0.1747952401638031,
		0.8270214796066284
	],
	"19. right_shoulder": [
		0.4147796034812927,
		0.38060566782951355,
		0.09281669557094574,
		0.9991534352302551
	],
	"20. right_elbow": [
		0.4015754759311676,
		0.48288485407829285,
		0.15230508148670197,
		0.04712981358170509
	],
	"21. right_wrist": [
		0.37941625714302063,
		0.5465795397758484,
		0.09684167802333832,
		0.10619524866342545
	],
	"24. nose": [
		0.39205092191696167,
		0.3088427782058716,
		-0.1436581164598465,
		0.9997034668922424
	],
	"25. left_eye": [
		0.40007203817367554,
		0.2980622947216034,
		-0.14263159036636353,
		0.9996582269668579
	],
	"26. right_eye": [
		0.3932332694530487,
		0.29707401990890503,
		-0.12516802549362183,
		0.9995460510253906
	],
	"27. left_ear": [
		0.4122655987739563,
		0.3066723048686981,
		-0.10738261044025421,
		0.9996638894081116
	],
	"28. right_ear": [
		0.4007527828216553,
		0.30277732014656067,
		-0.029838407412171364,
		0.9994072914123535
	],
	"time stamp": 29.969946478656652
}