{
	"1. left_hip": [
		0.3525458872318268,
		0.5789584517478943,
		-0.07257925719022751,
		0.9994457960128784
	],
	"2. left_knee": [
		0.31989386677742004,
		0.7051483392715454,
		-0.07100512832403183,
		0.9847847819328308
	],
	"3. left_ankle": [
		0.319009929895401,
		0.8408542275428772,
		-0.05318058654665947,
		0.9915151596069336
	],
	"6. right_hip": [
		0.3672564625740051,
		0.5726718902587891,
		0.07257887721061707,
		0.9993938207626343
	],
	"7. right_knee": [
		0.37652653455734253,
		0.7127737402915955,
		0.039059992879629135,
		0.7749805450439453
	],
	"8. right_ankle": [
		0.41676121950149536,
		0.8490843176841736,
		0.02889295481145382,
		0.9059576988220215
	],
	"14. left_shoulder": [
		0.35927116870880127,
		0.39140692353248596,
		-0.11372804641723633,
		0.9999346137046814
	],
	"15. left_elbow": [
		0.36809635162353516,
		0.4926038384437561,
		-0.1418091207742691,
		0.9835406541824341
	],
	"16. left_wrist": [
		0.3857644200325012,
		0.5710663795471191,
		-0.13654258847236633,
		0.9227856993675232
	],
	"19. right_shoulder": [
		0.36788132786750793,
		0.3894433379173279,
		0.12830831110477448,
		0.9995876550674438
	],
	"20. right_elbow": [
		0.3402852714061737,
		0.4684981107711792,
		0.17986704409122467,
		0.16610006988048553
	],
	"21. right_wrist": [
		0.3043808043003082,
		0.4640306830406189,
		0.1519475281238556,
		0.440605491399765
	],
	"24. nose": [
		0.3406166732311249,
		0.32982873916625977,
		-0.017144713550806046,
		0.9998700022697449
	],
	"25. left_eye": [
		0.34589725732803345,
		0.31704047322273254,
		-0.030928749591112137,
		0.9998499155044556
	],
	"26. right_eye": [
		0.3437477648258209,
		0.3163338899612427,
		-0.006640683859586716,
		0.9997852444648743
	],
	"27. left_ear": [
		0.35778334736824036,
		0.32003921270370483,
		-0.06144539639353752,
		0.9998568892478943
	],
	"28. right_ear": [
		0.3552078902721405,
		0.3200792670249939,
		0.04545960947871208,
		0.9997252225875854
	],
	"time stamp": 29.969946478656652
}