{
	"1. left_hip": [
		0.34282639622688293,
		0.5783741474151611,
		-0.07391451299190521,
		0.9994383454322815
	],
	"2. left_knee": [
		0.31813305616378784,
		0.7058621048927307,
		-0.06800045073032379,
		0.9840444326400757
	],
	"3. left_ankle": [
		0.3193715810775757,
		0.8419771194458008,
		-0.029388204216957092,
		0.9919447898864746
	],
	"6. right_hip": [
		0.358414888381958,
		0.5725806355476379,
		0.07387596368789673,
		0.999372124671936
	],
	"7. right_knee": [
		0.35788893699645996,
		0.7127668857574463,
		0.04620964080095291,
		0.7832388281822205
	],
	"8. right_ankle": [
		0.4112032353878021,
		0.830348551273346,
		0.050655193626880646,
		0.9101589918136597
	],
	"14. left_shoulder": [
		0.35275620222091675,
		0.3902558982372284,
		-0.12751972675323486,
		0.9999403953552246
	],
	"15. left_elbow": [
		0.36913424730300903,
		0.49936747550964355,
		-0.16907933354377747,
		0.9839185476303101
	],
	"16. left_wrist": [
		0.37155449390411377,
		0.5741081833839417,
		-0.16571620106697083,
		0.9277918934822083
	],
	"19. right_shoulder": [
		0.36377161741256714,
		0.38780584931373596,
		0.12727639079093933,
		0.9996138215065002
	],
	"20. right_elbow": [
		0.33794671297073364,
		0.46859538555145264,
		0.17920759320259094,
		0.1706991344690323
	],
	"21. right_wrist": [
		0.29988718032836914,
		0.4690665006637573,
		0.15635636448860168,
		0.45433616638183594
	],
	"24. nose": [
		0.33473387360572815,
		0.3285325765609741,
		-0.031110087409615517,
		0.9998787641525269
	],
	"25. left_eye": [
		0.34010523557662964,
		0.31545254588127136,
		-0.045239198952913284,
		0.9998615384101868
	],
	"26. right_eye": [
		0.3375023603439331,
		0.31489312648773193,
		-0.020199693739414215,
		0.9997965097427368
	],
	"27. left_ear": [
		0.3523651659488678,
		0.31833451986312866,
		-0.07278810441493988,
		0.9998689293861389
	],
	"28. right_ear": [
		0.34902191162109375,
		0.31859761476516724,
		0.03607888147234917,
		0.9997433423995972
	],
	"time stamp": 29.969946478656652
}