{
	"1. left_hip": [
		0.32937854528427124,
		0.5780404806137085,
		-0.08347129821777344,
		0.9994545578956604
	],
	"2. left_knee": [
		0.3156769871711731,
		0.712384819984436,
		-0.09103552252054214,
		0.9832786917686462
	],
	"3. left_ankle": [
		0.35938146710395813,
		0.8287919759750366,
		-0.0637044757604599,
		0.993010401725769
	],
	"6. right_hip": [
		0.3400396704673767,
		0.569520890712738,
		0.08340951055288315,
		0.9992749691009521
	],
	"7. right_knee": [
		0.3214901387691498,
		0.7009051442146301,
		0.09469617903232574,
		0.787574827671051
	],
	"8. right_ankle": [
		0.32393133640289307,
		0.8101688623428345,
		0.12414590269327164,
		0.9164115786552429
	],
	"14. left_shoulder": [
		0.34051844477653503,
		0.3924059271812439,
		-0.14514854550361633,
		0.9999402761459351
	],
	"15. left_elbow": [
		0.3286643624305725,
		0.4911344349384308,
		-0.1755213886499405,
		0.9793803691864014
	],
	"16. left_wrist": [
		0.2972722053527832,
		0.515510618686676,
		-0.1281781792640686,
		0.9120153188705444
	],
	"19. right_shoulder": [
		0.3569972515106201,
		0.3863818347454071,
		0.1088152527809143,
		0.999667763710022
	],
	"20. right_elbow": [
		0.3384241461753845,
		0.4599789083003998,
		0.16988016664981842,
		0.17436939477920532
	],
	"21. right_wrist": [
		0.2953774034976959,
		0.4837483763694763,
		0.17327329516410828,
		0.4429406523704529
	],
	"24. nose": [
		0.32340583205223083,
		0.32548877596855164,
		-0.007816280238330364,
		0.9998618960380554
	],
	"25. left_eye": [
		0.3286289870738983,
		0.31298547983169556,
		-0.02663314901292324,
		0.9998445510864258
	],
	"26. right_eye": [
		0.32691770792007446,
		0.31209060549736023,
		-0.0006018244312144816,
		0.9997691512107849
	],
	"27. left_ear": [
		0.3406957983970642,
		0.3169595003128052,
		-0.084348164498806,
		0.9998639822006226
	],
	"28. right_ear": [
		0.339157372713089,
		0.3162190318107605,
		0.037615612149238586,
		0.999727189540863
	],
	"time stamp": 29.969946478656652
}