{
	"1. left_hip": [
		0.3194090723991394,
		0.5783865451812744,
		-0.08429870009422302,
		0.9993684887886047
	],
	"2. left_knee": [
		0.30403974652290344,
		0.7110689878463745,
		-0.06548090279102325,
		0.9670999646186829
	],
	"3. left_ankle": [
		0.31909963488578796,
		0.8425875902175903,
		-0.021831007674336433,
		0.9900193810462952
	],
	"6. right_hip": [
		0.32149189710617065,
		0.5720857381820679,
		0.08418969810009003,
		0.9984794855117798
	],
	"7. right_knee": [
		0.3032255172729492,
		0.6958608627319336,
		0.1189679354429245,
		0.7285513877868652
	],
	"8. right_ankle": [
		0.34352797269821167,
		0.7816881537437439,
		0.18461641669273376,
		0.8704054355621338
	],
	"14. left_shoulder": [
		0.33487337827682495,
		0.39144980907440186,
		-0.16585296392440796,
		0.9999416470527649
	],
	"15. left_elbow": [
		0.31228524446487427,
		0.47988250851631165,
		-0.19179445505142212,
		0.9758789539337158
	],
	"16. left_wrist": [
		0.29493236541748047,
		0.5192500352859497,
		-0.14194032549858093,
		0.8964259624481201
	],
	"19. right_shoulder": [
		0.3401959538459778,
		0.3904820382595062,
		0.09978274255990982,
		0.9995645880699158
	],
	"20. right_elbow": [
		0.32250750064849854,
		0.46272215247154236,
		0.1310615837574005,
		0.1625605672597885
	],
	"21. right_wrist": [
		0.3029952645301819,
		0.5205962061882019,
		0.08449873328208923,
		0.3805934190750122
	],
	"24. nose": [
		0.31216514110565186,
		0.3254552483558655,
		-0.059576958417892456,
		0.999757707118988
	],
	"25. left_eye": [
		0.3190087676048279,
		0.31345927715301514,
		-0.07408250868320465,
		0.9997945427894592
	],
	"26. right_eye": [
		0.3149208426475525,
		0.3130709230899811,
		-0.04736216738820076,
		0.9996472001075745
	],
	"27. left_ear": [
		0.3325696587562561,
		0.3173050880432129,
		-0.10401147603988647,
		0.99982088804245
	],
	"28. right_ear": [
		0.3273918032646179,
		0.3170771598815918,
		0.015141566284000874,
		0.9995480179786682
	],
	"time stamp": 29.969946478656652
}