{
	"1. left_hip": [
		0.316912978887558,
		0.5821128487586975,
		-0.08451630175113678,
		0.9993623495101929
	],
	"2. left_knee": [
		0.3043645918369293,
		0.7170824408531189,
		-0.061247557401657104,
		0.9638615250587463
	],
	"3. left_ankle": [
		0.31801003217697144,
		0.8439025282859802,
		0.0013101014774292707,
		0.9887769222259521
	],
	"6. right_hip": [
		0.31302642822265625,
		0.5768665671348572,
		0.08443362265825272,
		0.9980599880218506
	],
	"7. right_knee": [
		0.2886599898338318,
		0.6891822218894958,
		0.13824746012687683,
		0.7023285627365112
	],
	"8. right_ankle": [
		0.3270031213760376,
		0.780117392539978,
		0.2357826679944992,
		0.8351243734359741
	],
	"14. left_shoulder": [
		0.3323332667350769,
		0.39159634709358215,
		-0.20937220752239227,
		0.9999447464942932
	],
	"15. left_elbow": [
		0.3243722915649414,
		0.49548688530921936,
		-0.23678258061408997,
		0.9770532250404358
	],
	"16. left_wrist": [
		0.3124151825904846,
		0.5743398070335388,
		-0.20208796858787537,
		0.9002294540405273
	],
	"19. right_shoulder": [
		0.32905104756355286,
		0.3908672630786896,
		0.05534175783395767,
		0.9994038939476013
	],
	"20. right_elbow": [
		0.31766268610954285,
		0.4844038188457489,
		0.08813843876123428,
		0.1507912427186966
	],
	"21. right_wrist": [
		0.30830615758895874,
		0.5587943196296692,
		0.041685838252305984,
		0.35012492537498474
	],
	"24. nose": [
		0.30688756704330444,
		0.3252405524253845,
		-0.1259324848651886,
		0.9997076392173767
	],
	"25. left_eye": [
		0.3136460781097412,
		0.3131660521030426,
		-0.1380883753299713,
		0.9997719526290894
	],
	"26. right_eye": [
		0.3093178868293762,
		0.31284099817276,
		-0.11267544329166412,
		0.9995782375335693
	],
	"27. left_ear": [
		0.3271552324295044,
		0.3171793520450592,
		-0.1565638780593872,
		0.9998140335083008
	],
	"28. right_ear": [
		0.32100939750671387,
		0.31680580973625183,
		-0.042554207146167755,
		0.9994242191314697
	],
	"time stamp": 29.969946478656652
}