{
	"1. left_hip": [
		0.31742221117019653,
		0.5819710493087769,
		-0.08581171929836273,
		0.9993622303009033
	],
	"2. left_knee": [
		0.3035939037799835,
		0.7172502279281616,
		-0.0639646127820015,
		0.9616910815238953
	],
	"3. left_ankle": [
		0.3177219331264496,
		0.8444816470146179,
		-0.006831753998994827,
		0.9883748888969421
	],
	"6. right_hip": [
		0.3121449649333954,
		0.5763789415359497,
		0.08575225621461868,
		0.9978216290473938
	],
	"7. right_knee": [
		0.2883599102497101,
		0.6858358383178711,
		0.1374996155500412,
		0.681898832321167
	],
	"8. right_ankle": [
		0.3260613679885864,
		0.7920106053352356,
		0.23520004749298096,
		0.8091100454330444
	],
	"14. left_shoulder": [
		0.3330528736114502,
		0.39127859473228455,
		-0.20393629372119904,
		0.999947726726532
	],
	"15. left_elbow": [
		0.3245578408241272,
		0.4941137135028839,
		-0.23118257522583008,
		0.9772806763648987
	],
	"16. left_wrist": [
		0.3152102530002594,
		0.5764124989509583,
		-0.19916057586669922,
		0.8985096216201782
	],
	"19. right_shoulder": [
		0.32755035161972046,
		0.39055335521698,
		0.06186266988515854,
		0.9993041157722473
	],
	"20. right_elbow": [
		0.31829115748405457,
		0.4880823493003845,
		0.09286027401685715,
		0.13924956321716309
	],
	"21. right_wrist": [
		0.30938470363616943,
		0.5587954521179199,
		0.04573787748813629,
		0.31987300515174866
	],
	"24. nose": [
		0.30582544207572937,
		0.32503390312194824,
		-0.09751196950674057,
		0.9996276497840881
	],
	"25. left_eye": [
		0.3119558095932007,
		0.313056617975235,
		-0.11296673864126205,
		0.9997357726097107
	],
	"26. right_eye": [
		0.30869796872138977,
		0.3127298653125763,
		-0.08598984777927399,
		0.999473512172699
	],
	"27. left_ear": [
		0.3250640034675598,
		0.31678301095962524,
		-0.14770331978797913,
		0.9997984170913696
	],
	"28. right_ear": [
		0.31989315152168274,
		0.3165934383869171,
		-0.025866085663437843,
		0.9992989897727966
	],
	"time stamp": 29.969946478656652
}