{
	"1. left_hip": [
		0.30476704239845276,
		0.5635288953781128,
		-0.07837308943271637,
		0.9993523955345154
	],
	"2. left_knee": [
		0.2910618185997009,
		0.7029569149017334,
		-0.04775260016322136,
		0.9687470197677612
	],
	"3. left_ankle": [
		0.31244975328445435,
		0.8411222696304321,
		0.027205239981412888,
		0.9905358552932739
	],
	"6. right_hip": [
		0.28774452209472656,
		0.5590635538101196,
		0.07831283658742905,
		0.9977660775184631
	],
	"7. right_knee": [
		0.27007347345352173,
		0.6873117089271545,
		0.11848088353872299,
		0.7150499224662781
	],
	"8. right_ankle": [
		0.273853063583374,
		0.8034803867340088,
		0.20341262221336365,
		0.8198401927947998
	],
	"14. left_shoulder": [
		0.31985336542129517,
		0.3797280192375183,
		-0.21904273331165314,
		0.9999577403068542
	],
	"15. left_elbow": [
		0.31990915536880493,
		0.4875224232673645,
		-0.2618526816368103,
		0.9797842502593994
	],
	"16. left_wrist": [
		0.31497496366500854,
		0.5739372968673706,
		-0.2277051955461502,
		0.9080502390861511
	],
	"19. right_shoulder": [
		0.3058461844921112,
		0.37749162316322327,
		0.0343441367149353,
		0.9990270733833313
	],
	"20. right_elbow": [
		0.30423685908317566,
		0.48113805055618286,
		0.07442403584718704,
		0.10398254543542862
	],
	"21. right_wrist": [
		0.3012707233428955,
		0.5480675101280212,
		0.03360356017947197,
		0.23411276936531067
	],
	"24. nose": [
		0.28815436363220215,
		0.31292515993118286,
		-0.13005651533603668,
		0.9994834661483765
	],
	"25. left_eye": [
		0.29466238617897034,
		0.2997598350048065,
		-0.14517782628536224,
		0.999617338180542
	],
	"26. right_eye": [
		0.2907716929912567,
		0.3000624477863312,
		-0.12001681327819824,
		0.9991493225097656
	],
	"27. left_ear": [
		0.3075743019580841,
		0.3041421175003052,
		-0.1724768579006195,
		0.9997584223747253
	],
	"28. right_ear": [
		0.30169063806533813,
		0.30335673689842224,
		-0.058662571012973785,
		0.9987786412239075
	],
	"time stamp": 29.969946478656652
}