{
	"1. left_hip": [
		0.30412057042121887,
		0.5644775629043579,
		-0.06906116753816605,
		0.999235987663269
	],
	"2. left_knee": [
		0.28307676315307617,
		0.7038257122039795,
		-0.07221369445323944,
		0.97461998462677
	],
	"3. left_ankle": [
		0.30766841769218445,
		0.8347758054733276,
		0.01288334745913744,
		0.9915885925292969
	],
	"6. right_hip": [
		0.27854081988334656,
		0.5584496855735779,
		0.0690823346376419,
		0.9976249933242798
	],
	"7. right_knee": [
		0.2653399109840393,
		0.6958696842193604,
		0.06976102292537689,
		0.7655080556869507
	],
	"8. right_ankle": [
		0.2670241594314575,
		0.8153608441352844,
		0.14722523093223572,
		0.8551367521286011
	],
	"14. left_shoulder": [
		0.32282310724258423,
		0.38577571511268616,
		-0.1414460688829422,
		0.9999613761901855
	],
	"15. left_elbow": [
		0.31817322969436646,
		0.4851488471031189,
		-0.14206279814243317,
		0.9830337762832642
	],
	"16. left_wrist": [
		0.315218448638916,
		0.5651416182518005,
		-0.12650763988494873,
		0.9144545793533325
	],
	"19. right_shoulder": [
		0.28743264079093933,
		0.38039711117744446,
		0.06426172703504562,
		0.9987852573394775
	],
	"20. right_elbow": [
		0.2825714647769928,
		0.476374089717865,
		0.0869046226143837,
		0.08777043223381042
	],
	"21. right_wrist": [
		0.27473437786102295,
		0.501889705657959,
		-0.01906554400920868,
		0.19545622169971466
	],
	"24. nose": [
		0.28213798999786377,
		0.3137810528278351,
		-0.13181844353675842,
		0.9995141625404358
	],
	"25. left_eye": [
		0.2892509400844574,
		0.3016102612018585,
		-0.13780823349952698,
		0.9996363520622253
	],
	"26. right_eye": [
		0.2833217978477478,
		0.30229637026786804,
		-0.11780104786157608,
		0.9991461038589478
	],
	"27. left_ear": [
		0.30183497071266174,
		0.3072613477706909,
		-0.12655535340309143,
		0.9997891783714294
	],
	"28. right_ear": [
		0.29165977239608765,
		0.30694466829299927,
		-0.040504343807697296,
		0.9986150860786438
	],
	"time stamp": 29.969946478656652
}