{
	"1. left_hip": [
		0.2988126277923584,
		0.5648232102394104,
		-0.054815538227558136,
		0.9993093609809875
	],
	"2. left_knee": [
		0.27733972668647766,
		0.7001968622207642,
		-0.05123744159936905,
		0.9808131456375122
	],
	"3. left_ankle": [
		0.29837292432785034,
		0.8263474106788635,
		0.02757246233522892,
		0.9927119612693787
	],
	"6. right_hip": [
		0.26672348380088806,
		0.5624665021896362,
		0.05483713746070862,
		0.9980576634407043
	],
	"7. right_knee": [
		0.2582959532737732,
		0.6982142329216003,
		0.07991619408130646,
		0.8193793892860413
	],
	"8. right_ankle": [
		0.2675718665122986,
		0.8176202774047852,
		0.17316582798957825,
		0.8991304039955139
	],
	"14. left_shoulder": [
		0.31914129853248596,
		0.4041688144207001,
		-0.13696449995040894,
		0.9999638199806213
	],
	"15. left_elbow": [
		0.32413187623023987,
		0.49593332409858704,
		-0.11625289916992188,
		0.9869009852409363
	],
	"16. left_wrist": [
		0.32929012179374695,
		0.5764240026473999,
		-0.12551473081111908,
		0.907880961894989
	],
	"19. right_shoulder": [
		0.26581722497940063,
		0.39648205041885376,
		0.0032945903949439526,
		0.998885452747345
	],
	"20. right_elbow": [
		0.26221147179603577,
		0.49104171991348267,
		0.05317961052060127,
		0.09571777284145355
	],
	"21. right_wrist": [
		0.2589518427848816,
		0.5546639561653137,
		-0.015957338735461235,
		0.16866903007030487
	],
	"24. nose": [
		0.2775268256664276,
		0.3210057020187378,
		-0.1891097128391266,
		0.9996643662452698
	],
	"25. left_eye": [
		0.28467199206352234,
		0.31071391701698303,
		-0.18995335698127747,
		0.9997263550758362
	],
	"26. right_eye": [
		0.27621471881866455,
		0.3118491768836975,
		-0.1760159432888031,
		0.9993585348129272
	],
	"27. left_ear": [
		0.29711923003196716,
		0.3170474171638489,
		-0.1501213163137436,
		0.9998444318771362
	],
	"28. right_ear": [
		0.27947646379470825,
		0.31881770491600037,
		-0.09277763962745667,
		0.9988114237785339
	],
	"time stamp": 29.969946478656652
}