{
	"1. left_hip": [
		0.30003947019577026,
		0.5617485642433167,
		-0.04996885731816292,
		0.9992544054985046
	],
	"2. left_knee": [
		0.278639018535614,
		0.6931031346321106,
		-0.04205866530537605,
		0.9816973805427551
	],
	"3. left_ankle": [
		0.29871660470962524,
		0.8191620707511902,
		0.0406617633998394,
		0.9926689267158508
	],
	"6. right_hip": [
		0.26719722151756287,
		0.5621774196624756,
		0.049961209297180176,
		0.998074471950531
	],
	"7. right_knee": [
		0.25996583700180054,
		0.6950206756591797,
		0.06652870774269104,
		0.8275551199913025
	],
	"8. right_ankle": [
		0.26836517453193665,
		0.81758713722229,
		0.1502257138490677,
		0.9052143692970276
	],
	"14. left_shoulder": [
		0.3198496699333191,
		0.3999725878238678,
		-0.1348203420639038,
		0.9999645352363586
	],
	"15. left_elbow": [
		0.3266623914241791,
		0.48921412229537964,
		-0.11795101314783096,
		0.9877051115036011
	],
	"16. left_wrist": [
		0.3294062316417694,
		0.5687248706817627,
		-0.14019110798835754,
		0.9109745621681213
	],
	"19. right_shoulder": [
		0.26136499643325806,
		0.39980438351631165,
		-0.015701405704021454,
		0.9989504814147949
	],
	"20. right_elbow": [
		0.25345703959465027,
		0.4911012053489685,
		0.03218448907136917,
		0.12532414495944977
	],
	"21. right_wrist": [
		0.24894599616527557,
		0.5567883849143982,
		-0.026624780148267746,
		0.18796169757843018
	],
	"24. nose": [
		0.27819523215293884,
		0.319597065448761,
		-0.19903287291526794,
		0.9996895790100098
	],
	"25. left_eye": [
		0.2850571572780609,
		0.30989041924476624,
		-0.1958310902118683,
		0.9997392296791077
	],
	"26. right_eye": [
		0.27587631344795227,
		0.3116929233074188,
		-0.18617692589759827,
		0.9993957877159119
	],
	"27. left_ear": [
		0.29733380675315857,
		0.31691819429397583,
		-0.15028154850006104,
		0.999849796295166
	],
	"28. right_ear": [
		0.27731701731681824,
		0.3189273774623871,
		-0.10362917184829712,
		0.9988566040992737
	],
	"time stamp": 29.969946478656652
}