{
	"1. left_hip": [
		0.30438560247421265,
		0.5566475987434387,
		-0.0400395393371582,
		0.9991536140441895
	],
	"2. left_knee": [
		0.2854934334754944,
		0.6800272464752197,
		-0.04510871693491936,
		0.9847081899642944
	],
	"3. left_ankle": [
		0.3067832589149475,
		0.7852405309677124,
		0.10915093123912811,
		0.9916195869445801
	],
	"6. right_hip": [
		0.2694724500179291,
		0.561939537525177,
		0.04004446789622307,
		0.9985119700431824
	],
	"7. right_knee": [
		0.26284652948379517,
		0.6904171705245972,
		0.026630813255906105,
		0.8541858792304993
	],
	"8. right_ankle": [
		0.26898783445358276,
		0.8174809217453003,
		0.1089678406715393,
		0.927980899810791
	],
	"14. left_shoulder": [
		0.3202815651893616,
		0.39630943536758423,
		-0.13115441799163818,
		0.9999213814735413
	],
	"15. left_elbow": [
		0.3317067325115204,
		0.4773564636707306,
		-0.11527456343173981,
		0.9869316220283508
	],
	"16. left_wrist": [
		0.32829177379608154,
		0.547594428062439,
		-0.17183643579483032,
		0.866951048374176
	],
	"19. right_shoulder": [
		0.25815361738204956,
		0.408657044172287,
		-0.05625844746828079,
		0.9991992712020874
	],
	"20. right_elbow": [
		0.24488778412342072,
		0.4919224977493286,
		-0.014718960039317608,
		0.3097074031829834
	],
	"21. right_wrist": [
		0.23977728188037872,
		0.5600578188896179,
		-0.07099595665931702,
		0.3127894103527069
	],
	"24. nose": [
		0.27911216020584106,
		0.31821170449256897,
		-0.23097483813762665,
		0.9997546076774597
	],
	"25. left_eye": [
		0.2857005000114441,
		0.3095405399799347,
		-0.222760871052742,
		0.9997270703315735
	],
	"26. right_eye": [
		0.2760944664478302,
		0.3112019896507263,
		-0.21803101897239685,
		0.9994863271713257
	],
	"27. left_ear": [
		0.2959801256656647,
		0.31717392802238464,
		-0.15775322914123535,
		0.9998102188110352
	],
	"28. right_ear": [
		0.274971067905426,
		0.32053452730178833,
		-0.13506583869457245,
		0.9989547729492188
	],
	"time stamp": 29.969946478656652
}