{
	"1. left_hip": [
		0.3079600930213928,
		0.5559817552566528,
		-0.029413944110274315,
		0.9991548657417297
	],
	"2. left_knee": [
		0.3018321394920349,
		0.6822884678840637,
		-0.013969535939395428,
		0.9866158962249756
	],
	"3. left_ankle": [
		0.3295345604419708,
		0.7828036546707153,
		0.13808400928974152,
		0.991532564163208
	],
	"6. right_hip": [
		0.27116042375564575,
		0.5607008337974548,
		0.02938830852508545,
		0.9987561106681824
	],
	"7. right_knee": [
		0.27044644951820374,
		0.6936496496200562,
		0.0311795175075531,
		0.8791565299034119
	],
	"8. right_ankle": [
		0.26935914158821106,
		0.81925368309021,
		0.11013269424438477,
		0.9401348829269409
	],
	"14. left_shoulder": [
		0.320428729057312,
		0.3918231427669525,
		-0.08457610756158829,
		0.9999110698699951
	],
	"15. left_elbow": [
		0.3335610628128052,
		0.46993184089660645,
		-0.07878196984529495,
		0.9861233830451965
	],
	"16. left_wrist": [
		0.33295804262161255,
		0.5350709557533264,
		-0.1675136834383011,
		0.8688108921051025
	],
	"19. right_shoulder": [
		0.26078206300735474,
		0.40548965334892273,
		-0.03387340530753136,
		0.9993362426757812
	],
	"20. right_elbow": [
		0.24828699231147766,
		0.4824463725090027,
		0.00041317055001854897,
		0.42261239886283875
	],
	"21. right_wrist": [
		0.24406540393829346,
		0.5454357862472534,
		-0.06828605383634567,
		0.4216316342353821
	],
	"24. nose": [
		0.281410813331604,
		0.3144882023334503,
		-0.20373162627220154,
		0.9997944831848145
	],
	"25. left_eye": [
		0.2889721989631653,
		0.3071083426475525,
		-0.18666766583919525,
		0.9997523427009583
	],
	"26. right_eye": [
		0.2770574688911438,
		0.3072011172771454,
		-0.18991532921791077,
		0.9995623826980591
	],
	"27. left_ear": [
		0.2966924011707306,
		0.316588819026947,
		-0.11774424463510513,
		0.9998136758804321
	],
	"28. right_ear": [
		0.27647072076797485,
		0.3184486925601959,
		-0.10709162056446075,
		0.9991007447242737
	],
	"time stamp": 29.969946478656652
}