{
	"1. left_hip": [
		0.32075923681259155,
		0.5618084669113159,
		-0.03220820426940918,
		0.9989486932754517
	],
	"2. left_knee": [
		0.33040809631347656,
		0.7020187973976135,
		-0.02794286608695984,
		0.9909899830818176
	],
	"3. left_ankle": [
		0.3538932204246521,
		0.813047468662262,
		0.04686947911977768,
		0.993058443069458
	],
	"6. right_hip": [
		0.2902016043663025,
		0.5617503523826599,
		0.032210275530815125,
		0.9990202784538269
	],
	"7. right_knee": [
		0.2804957330226898,
		0.6982498168945312,
		0.023972738534212112,
		0.9297087788581848
	],
	"8. right_ankle": [
		0.26850762963294983,
		0.8196384906768799,
		0.09647738933563232,
		0.9651744961738586
	],
	"14. left_shoulder": [
		0.32881489396095276,
		0.39739999175071716,
		-0.04281909763813019,
		0.999801516532898
	],
	"15. left_elbow": [
		0.3375902473926544,
		0.47962790727615356,
		-0.040819667279720306,
		0.9691861271858215
	],
	"16. left_wrist": [
		0.33990368247032166,
		0.5456390380859375,
		-0.09585338830947876,
		0.8098757266998291
	],
	"19. right_shoulder": [
		0.2707430422306061,
		0.4021322429180145,
		0.0236683189868927,
		0.9994782209396362
	],
	"20. right_elbow": [
		0.2662237286567688,
		0.4798935651779175,
		-0.036370329558849335,
		0.5724321007728577
	],
	"21. right_wrist": [
		0.25731173157691956,
		0.4809666574001312,
		-0.219490647315979,
		0.6375526189804077
	],
	"24. nose": [
		0.295148104429245,
		0.32542869448661804,
		-0.14232096076011658,
		0.9998747706413269
	],
	"25. left_eye": [
		0.3010534346103668,
		0.31680259108543396,
		-0.13159587979316711,
		0.9998275637626648
	],
	"26. right_eye": [
		0.2907392680644989,
		0.3170141577720642,
		-0.1282036304473877,
		0.9997344017028809
	],
	"27. left_ear": [
		0.30877047777175903,
		0.32525545358657837,
		-0.06328605115413666,
		0.9998593926429749
	],
	"28. right_ear": [
		0.2870050370693207,
		0.3256557881832123,
		-0.04864756017923355,
		0.9994444847106934
	],
	"time stamp": 29.969946478656652
}