{
	"1. left_hip": [
		0.3240583539009094,
		0.5631746053695679,
		-0.030452493578195572,
		0.9990156292915344
	],
	"2. left_knee": [
		0.3322180211544037,
		0.7025072574615479,
		-0.026792913675308228,
		0.9916351437568665
	],
	"3. left_ankle": [
		0.3538195490837097,
		0.8130519390106201,
		0.05300403758883476,
		0.993457555770874
	],
	"6. right_hip": [
		0.29244571924209595,
		0.562048077583313,
		0.030432939529418945,
		0.9990803003311157
	],
	"7. right_knee": [
		0.28081709146499634,
		0.698377788066864,
		0.022715942934155464,
		0.9361611604690552
	],
	"8. right_ankle": [
		0.2684801518917084,
		0.8196059465408325,
		0.09731952846050262,
		0.9683031439781189
	],
	"14. left_shoulder": [
		0.33217233419418335,
		0.3971410095691681,
		-0.027157079428434372,
		0.999817430973053
	],
	"15. left_elbow": [
		0.34222981333732605,
		0.48112931847572327,
		-0.03443363681435585,
		0.9714451432228088
	],
	"16. left_wrist": [
		0.35098713636398315,
		0.5512272715568542,
		-0.09578897058963776,
		0.8273077607154846
	],
	"19. right_shoulder": [
		0.27300792932510376,
		0.40465182065963745,
		0.043673016130924225,
		0.999496340751648
	],
	"20. right_elbow": [
		0.27001890540122986,
		0.4920467436313629,
		-0.024423886090517044,
		0.5992470383644104
	],
	"21. right_wrist": [
		0.25676098465919495,
		0.46915820240974426,
		-0.20696315169334412,
		0.6715284585952759
	],
	"24. nose": [
		0.2974054217338562,
		0.32552438974380493,
		-0.11481231451034546,
		0.9998867511749268
	],
	"25. left_eye": [
		0.30340108275413513,
		0.3165499269962311,
		-0.10320359468460083,
		0.9998436570167542
	],
	"26. right_eye": [
		0.29268091917037964,
		0.3171711266040802,
		-0.0998024269938469,
		0.9997595548629761
	],
	"27. left_ear": [
		0.3107888102531433,
		0.3246079087257385,
		-0.03846696391701698,
		0.9998722076416016
	],
	"28. right_ear": [
		0.28873541951179504,
		0.32557228207588196,
		-0.023275913670659065,
		0.9994939565658569
	],
	"time stamp": 29.969946478656652
}