{
	"1. left_hip": [
		0.32795968651771545,
		0.5715113282203674,
		-0.0362178198993206,
		0.9994165301322937
	],
	"2. left_knee": [
		0.3329375088214874,
		0.7042160034179688,
		-0.044346414506435394,
		0.9945215582847595
	],
	"3. left_ankle": [
		0.3537852168083191,
		0.8111765384674072,
		0.07368440926074982,
		0.9953894019126892
	],
	"6. right_hip": [
		0.29543983936309814,
		0.5671762824058533,
		0.036142464727163315,
		0.9994527101516724
	],
	"7. right_knee": [
		0.2624017000198364,
		0.6787577867507935,
		-0.019978435710072517,
		0.9638432860374451
	],
	"8. right_ankle": [
		0.27062517404556274,
		0.7950427532196045,
		0.09344542771577835,
		0.9811751842498779
	],
	"14. left_shoulder": [
		0.34587758779525757,
		0.39470240473747253,
		-0.04983099550008774,
		0.9998998045921326
	],
	"15. left_elbow": [
		0.3755967617034912,
		0.4563309848308563,
		-0.15984907746315002,
		0.9837514758110046
	],
	"16. left_wrist": [
		0.3934856951236725,
		0.406547874212265,
		-0.3226400315761566,
		0.9066136479377747
	],
	"19. right_shoulder": [
		0.2872582972049713,
		0.40935951471328735,
		0.01881793700158596,
		0.9997057318687439
	],
	"20. right_elbow": [
		0.27592068910598755,
		0.48958224058151245,
		-0.021749373525381088,
		0.7615518569946289
	],
	"21. right_wrist": [
		0.25287365913391113,
		0.5099325180053711,
		-0.18851961195468903,
		0.8220044374465942
	],
	"24. nose": [
		0.30464300513267517,
		0.33131569623947144,
		-0.1584966778755188,
		0.999939501285553
	],
	"25. left_eye": [
		0.31035465002059937,
		0.3202907145023346,
		-0.1479894071817398,
		0.9999159574508667
	],
	"26. right_eye": [
		0.29916656017303467,
		0.32385948300361633,
		-0.14163212478160858,
		0.9998709559440613
	],
	"27. left_ear": [
		0.3180862069129944,
		0.3259712755680084,
		-0.07895739376544952,
		0.9999311566352844
	],
	"28. right_ear": [
		0.2977450489997864,
		0.3322080671787262,
		-0.04754415154457092,
		0.9997268915176392
	],
	"time stamp": 29.969946478656652
}