{
	"1. left_hip": [
		0.3272016644477844,
		0.5740317106246948,
		-0.040252476930618286,
		0.9995163083076477
	],
	"2. left_knee": [
		0.3319433033466339,
		0.7049798965454102,
		-0.056945253163576126,
		0.995180606842041
	],
	"3. left_ankle": [
		0.35336723923683167,
		0.8122747540473938,
		0.05086062103509903,
		0.9959692358970642
	],
	"6. right_hip": [
		0.2945210337638855,
		0.5714656114578247,
		0.04020027816295624,
		0.999543309211731
	],
	"7. right_knee": [
		0.25283482670783997,
		0.6785555481910706,
		-0.011710219085216522,
		0.9700820446014404
	],
	"8. right_ankle": [
		0.25998151302337646,
		0.7939748167991638,
		0.09791914373636246,
		0.9839698672294617
	],
	"14. left_shoulder": [
		0.34399208426475525,
		0.40267062187194824,
		-0.07175292074680328,
		0.9999182224273682
	],
	"15. left_elbow": [
		0.37490326166152954,
		0.45543792843818665,
		-0.17064633965492249,
		0.9867062568664551
	],
	"16. left_wrist": [
		0.3903234899044037,
		0.4004897177219391,
		-0.3183303475379944,
		0.923941969871521
	],
	"19. right_shoulder": [
		0.28575754165649414,
		0.4085018038749695,
		0.011722223833203316,
		0.9997552633285522
	],
	"20. right_elbow": [
		0.27207884192466736,
		0.49019670486450195,
		0.025582697242498398,
		0.7962875366210938
	],
	"21. right_wrist": [
		0.2525474727153778,
		0.5509236454963684,
		-0.05817387253046036,
		0.8509206175804138
	],
	"24. nose": [
		0.3040863871574402,
		0.33253350853919983,
		-0.16497769951820374,
		0.9999508857727051
	],
	"25. left_eye": [
		0.30976417660713196,
		0.3216845393180847,
		-0.15544715523719788,
		0.9999314546585083
	],
	"26. right_eye": [
		0.29943519830703735,
		0.3260452449321747,
		-0.14859341084957123,
		0.9998946189880371
	],
	"27. left_ear": [
		0.3184940218925476,
		0.32757696509361267,
		-0.0934918150305748,
		0.999943733215332
	],
	"28. right_ear": [
		0.29809489846229553,
		0.33500775694847107,
		-0.0588395781815052,
		0.9997778534889221
	],
	"time stamp": 29.969946478656652
}