{
	"1. left_hip": [
		0.31394362449645996,
		0.5780772566795349,
		-0.05146048590540886,
		0.9996920228004456
	],
	"2. left_knee": [
		0.33237123489379883,
		0.7022651433944702,
		-0.08866730332374573,
		0.9966447353363037
	],
	"3. left_ankle": [
		0.3533349335193634,
		0.810063362121582,
		0.018118087202310562,
		0.9971766471862793
	],
	"6. right_hip": [
		0.2818868160247803,
		0.5852745175361633,
		0.051484692841768265,
		0.9997035264968872
	],
	"7. right_knee": [
		0.23950155079364777,
		0.6813031435012817,
		-0.016218703240156174,
		0.9813855290412903
	],
	"8. right_ankle": [
		0.24327830970287323,
		0.8063214421272278,
		0.11448568105697632,
		0.9892629384994507
	],
	"14. left_shoulder": [
		0.3042391538619995,
		0.4090319871902466,
		-0.12740874290466309,
		0.9999580979347229
	],
	"15. left_elbow": [
		0.33892491459846497,
		0.4741707742214203,
		-0.12576043605804443,
		0.993270993232727
	],
	"16. left_wrist": [
		0.36904245615005493,
		0.527610182762146,
		-0.19759249687194824,
		0.9609544277191162
	],
	"19. right_shoulder": [
		0.2517472207546234,
		0.4297783374786377,
		0.0055809104815125465,
		0.9998328685760498
	],
	"20. right_elbow": [
		0.2510715425014496,
		0.5222241878509521,
		0.05822832137346268,
		0.8020731806755066
	],
	"21. right_wrist": [
		0.2484399378299713,
		0.5991036295890808,
		-0.020009396597743034,
		0.8615841865539551
	],
	"24. nose": [
		0.2650303244590759,
		0.3432634472846985,
		-0.20134148001670837,
		0.9999744296073914
	],
	"25. left_eye": [
		0.2712360620498657,
		0.33262163400650024,
		-0.19174303114414215,
		0.9999608397483826
	],
	"26. right_eye": [
		0.2617947459220886,
		0.3357236385345459,
		-0.1834702342748642,
		0.9999414086341858
	],
	"27. left_ear": [
		0.28168660402297974,
		0.3389400541782379,
		-0.13119477033615112,
		0.9999671578407288
	],
	"28. right_ear": [
		0.2618473470211029,
		0.3441345989704132,
		-0.09198613464832306,
		0.9998735189437866
	],
	"time stamp": 29.969946478656652
}