{
	"1. left_hip": [
		0.3095991611480713,
		0.5818759202957153,
		-0.05371633172035217,
		0.999778687953949
	],
	"2. left_knee": [
		0.334900438785553,
		0.7003151774406433,
		-0.11746195703744888,
		0.9971634149551392
	],
	"3. left_ankle": [
		0.3536367118358612,
		0.8068509697914124,
		-0.032559581100940704,
		0.9975802898406982
	],
	"6. right_hip": [
		0.2780224084854126,
		0.5942264795303345,
		0.05374752730131149,
		0.9997506141662598
	],
	"7. right_knee": [
		0.23495244979858398,
		0.682271420955658,
		-0.01862933486700058,
		0.9829668402671814
	],
	"8. right_ankle": [
		0.2408934384584427,
		0.8050242066383362,
		0.11026320606470108,
		0.9888656735420227
	],
	"14. left_shoulder": [
		0.2878831923007965,
		0.4218066334724426,
		-0.11436860263347626,
		0.9999744296073914
	],
	"15. left_elbow": [
		0.334155410528183,
		0.44113853573799133,
		-0.12389923632144928,
		0.9957315325737
	],
	"16. left_wrist": [
		0.36858317255973816,
		0.45860010385513306,
		-0.21023523807525635,
		0.9747335314750671
	],
	"19. right_shoulder": [
		0.23274561762809753,
		0.4497658312320709,
		0.0245549064129591,
		0.9998781085014343
	],
	"20. right_elbow": [
		0.23879945278167725,
		0.5371216535568237,
		0.07396967709064484,
		0.7994779348373413
	],
	"21. right_wrist": [
		0.24265114963054657,
		0.6095060706138611,
		0.006527542136609554,
		0.8649002313613892
	],
	"24. nose": [
		0.24826502799987793,
		0.36226966977119446,
		-0.19676867127418518,
		0.9999843239784241
	],
	"25. left_eye": [
		0.25548917055130005,
		0.3523755669593811,
		-0.18326391279697418,
		0.9999745488166809
	],
	"26. right_eye": [
		0.24450382590293884,
		0.3532281517982483,
		-0.1723128706216812,
		0.9999635815620422
	],
	"27. left_ear": [
		0.2630508542060852,
		0.36006292700767517,
		-0.11597113311290741,
		0.9999779462814331
	],
	"28. right_ear": [
		0.2424469292163849,
		0.36080819368362427,
		-0.07084234803915024,
		0.9999208450317383
	],
	"time stamp": 29.969946478656652
}