{
	"1. left_hip": [
		0.3066061735153198,
		0.5822547674179077,
		-0.05644727870821953,
		0.9998394250869751
	],
	"2. left_knee": [
		0.33530735969543457,
		0.6994652152061462,
		-0.11952199786901474,
		0.9971553683280945
	],
	"3. left_ankle": [
		0.3535447120666504,
		0.8073731064796448,
		-0.04614098370075226,
		0.9977640509605408
	],
	"6. right_hip": [
		0.276541531085968,
		0.594822883605957,
		0.05645046755671501,
		0.9997544884681702
	],
	"7. right_knee": [
		0.23085501790046692,
		0.6790177822113037,
		-0.016012484207749367,
		0.979913055896759
	],
	"8. right_ankle": [
		0.24039998650550842,
		0.8042104840278625,
		0.09931610524654388,
		0.9855028390884399
	],
	"14. left_shoulder": [
		0.28605225682258606,
		0.41710981726646423,
		-0.10602398961782455,
		0.9999809265136719
	],
	"15. left_elbow": [
		0.3272996246814728,
		0.3805083930492401,
		-0.15696842968463898,
		0.9975281357765198
	],
	"16. left_wrist": [
		0.3587539792060852,
		0.3488314747810364,
		-0.2501181960105896,
		0.9835202693939209
	],
	"19. right_shoulder": [
		0.23009391129016876,
		0.4496879577636719,
		0.006032743491232395,
		0.9998530149459839
	],
	"20. right_elbow": [
		0.23367249965667725,
		0.5403431057929993,
		0.04436660557985306,
		0.8502587080001831
	],
	"21. right_wrist": [
		0.2384810745716095,
		0.6098492741584778,
		-0.025825297459959984,
		0.8908835649490356
	],
	"24. nose": [
		0.25104326009750366,
		0.3651880621910095,
		-0.19479629397392273,
		0.9999898672103882
	],
	"25. left_eye": [
		0.25700950622558594,
		0.35679134726524353,
		-0.18162348866462708,
		0.9999719858169556
	],
	"26. right_eye": [
		0.24697180092334747,
		0.35471266508102417,
		-0.1749391108751297,
		0.999973714351654
	],
	"27. left_ear": [
		0.2635003924369812,
		0.3629571199417114,
		-0.11347238719463348,
		0.9999592304229736
	],
	"28. right_ear": [
		0.2425491064786911,
		0.3612407147884369,
		-0.07970604300498962,
		0.999944806098938
	],
	"time stamp": 29.969946478656652
}