{
	"1. left_hip": [
		0.30659979581832886,
		0.5821080207824707,
		-0.05541340261697769,
		0.9998800158500671
	],
	"2. left_knee": [
		0.3352374732494354,
		0.6989436149597168,
		-0.1203443631529808,
		0.9969096779823303
	],
	"3. left_ankle": [
		0.35394635796546936,
		0.807459831237793,
		-0.054693419486284256,
		0.9974656701087952
	],
	"6. right_hip": [
		0.2757119834423065,
		0.5966060161590576,
		0.05540664121508598,
		0.9997785687446594
	],
	"7. right_knee": [
		0.2299557477235794,
		0.6792042851448059,
		-0.017924074083566666,
		0.976368248462677
	],
	"8. right_ankle": [
		0.24046465754508972,
		0.8033577799797058,
		0.09332159161567688,
		0.9810341000556946
	],
	"14. left_shoulder": [
		0.28683122992515564,
		0.4117848575115204,
		-0.0934196263551712,
		0.9999809861183167
	],
	"15. left_elbow": [
		0.31764841079711914,
		0.3595452308654785,
		-0.16687056422233582,
		0.9983410835266113
	],
	"16. left_wrist": [
		0.34607627987861633,
		0.327629029750824,
		-0.277198851108551,
		0.9876039028167725
	],
	"19. right_shoulder": [
		0.22968575358390808,
		0.4571196138858795,
		0.009369639679789543,
		0.9997910857200623
	],
	"20. right_elbow": [
		0.2339051216840744,
		0.546789288520813,
		0.043197665363550186,
		0.8734013438224792
	],
	"21. right_wrist": [
		0.2385842502117157,
		0.613541841506958,
		-0.02186743915081024,
		0.8982996940612793
	],
	"24. nose": [
		0.25029200315475464,
		0.3680973947048187,
		-0.17389161884784698,
		0.9999902248382568
	],
	"25. left_eye": [
		0.2570415735244751,
		0.36145704984664917,
		-0.1615053415298462,
		0.9999597668647766
	],
	"26. right_eye": [
		0.24659888446331024,
		0.3586481213569641,
		-0.15600422024726868,
		0.9999711513519287
	],
	"27. left_ear": [
		0.26448482275009155,
		0.3687950074672699,
		-0.09564585238695145,
		0.9999290704727173
	],
	"28. right_ear": [
		0.24330520629882812,
		0.3645194470882416,
		-0.06836415827274323,
		0.9999458193778992
	],
	"time stamp": 29.969946478656652
}