{
	"1. left_hip": [
		0.3065284490585327,
		0.5820470452308655,
		-0.0555320680141449,
		0.9998943209648132
	],
	"2. left_knee": [
		0.33520323038101196,
		0.6990912556648254,
		-0.1216677874326706,
		0.9969368577003479
	],
	"3. left_ankle": [
		0.3541407585144043,
		0.8074725866317749,
		-0.05736682564020157,
		0.9973205924034119
	],
	"6. right_hip": [
		0.27534714341163635,
		0.5968022346496582,
		0.055538028478622437,
		0.9997917413711548
	],
	"7. right_knee": [
		0.2295643836259842,
		0.6792944073677063,
		-0.013773384504020214,
		0.9758809208869934
	],
	"8. right_ankle": [
		0.24040400981903076,
		0.8030462265014648,
		0.0949181392788887,
		0.979751706123352
	],
	"14. left_shoulder": [
		0.285535603761673,
		0.4111560881137848,
		-0.08796124905347824,
		0.9999807476997375
	],
	"15. left_elbow": [
		0.3143061101436615,
		0.3583386242389679,
		-0.17089134454727173,
		0.9985327124595642
	],
	"16. left_wrist": [
		0.3424246907234192,
		0.32327261567115784,
		-0.2936488687992096,
		0.9888596534729004
	],
	"19. right_shoulder": [
		0.22908464074134827,
		0.4566597044467926,
		0.02412218227982521,
		0.9997802972793579
	],
	"20. right_elbow": [
		0.2335623800754547,
		0.5457329750061035,
		0.0547572486102581,
		0.8847081065177917
	],
	"21. right_wrist": [
		0.2383643388748169,
		0.6130584478378296,
		-0.011809215880930424,
		0.9060832858085632
	],
	"24. nose": [
		0.24943101406097412,
		0.36821505427360535,
		-0.15879373252391815,
		0.9999908208847046
	],
	"25. left_eye": [
		0.2566026449203491,
		0.3614349365234375,
		-0.14706669747829437,
		0.9999599456787109
	],
	"26. right_eye": [
		0.24628600478172302,
		0.3585200011730194,
		-0.14051994681358337,
		0.9999721646308899
	],
	"27. left_ear": [
		0.2646234631538391,
		0.3691196143627167,
		-0.08454476296901703,
		0.9999274611473083
	],
	"28. right_ear": [
		0.24349038302898407,
		0.364685595035553,
		-0.05282071232795715,
		0.9999493360519409
	],
	"time stamp": 29.969946478656652
}