{
	"1. left_hip": [
		0.3064735531806946,
		0.5820255875587463,
		-0.05551809072494507,
		0.9999006390571594
	],
	"2. left_knee": [
		0.3351665735244751,
		0.699103593826294,
		-0.12116887420415878,
		0.9969704151153564
	],
	"3. left_ankle": [
		0.3542557656764984,
		0.80741947889328,
		-0.056250669062137604,
		0.9972462058067322
	],
	"6. right_hip": [
		0.27517884969711304,
		0.5968621969223022,
		0.05552482604980469,
		0.9997974634170532
	],
	"7. right_knee": [
		0.22935433685779572,
		0.6793255805969238,
		-0.010267685167491436,
		0.9759320020675659
	],
	"8. right_ankle": [
		0.24037890136241913,
		0.8029539585113525,
		0.10181449353694916,
		0.9793977737426758
	],
	"14. left_shoulder": [
		0.284530907869339,
		0.4097617566585541,
		-0.08352937549352646,
		0.9999797344207764
	],
	"15. left_elbow": [
		0.31244757771492004,
		0.3535340130329132,
		-0.1700662076473236,
		0.99857497215271
	],
	"16. left_wrist": [
		0.33929768204689026,
		0.3138138949871063,
		-0.29490941762924194,
		0.9890539646148682
	],
	"19. right_shoulder": [
		0.22899770736694336,
		0.4575788378715515,
		0.026973456144332886,
		0.9997699856758118
	],
	"20. right_elbow": [
		0.2336374819278717,
		0.5460139513015747,
		0.056615300476551056,
		0.8885260820388794
	],
	"21. right_wrist": [
		0.2381635159254074,
		0.6136142611503601,
		-0.010341083630919456,
		0.9089807271957397
	],
	"24. nose": [
		0.24936401844024658,
		0.36846923828125,
		-0.15572711825370789,
		0.9999911189079285
	],
	"25. left_eye": [
		0.25662761926651,
		0.36183997988700867,
		-0.1436271220445633,
		0.9999602437019348
	],
	"26. right_eye": [
		0.24623867869377136,
		0.3583618700504303,
		-0.137809619307518,
		0.999972939491272
	],
	"27. left_ear": [
		0.26460275053977966,
		0.36948472261428833,
		-0.07916732132434845,
		0.9999265074729919
	],
	"28. right_ear": [
		0.24354293942451477,
		0.36454373598098755,
		-0.05084032937884331,
		0.9999514222145081
	],
	"time stamp": 29.969946478656652
}