{
	"1. left_hip": [
		0.30633023381233215,
		0.5814217925071716,
		-0.05255231261253357,
		0.9999143481254578
	],
	"2. left_knee": [
		0.334855854511261,
		0.6982214450836182,
		-0.11965249478816986,
		0.9971893429756165
	],
	"3. left_ankle": [
		0.35445865988731384,
		0.8066281080245972,
		-0.046366892755031586,
		0.9968865513801575
	],
	"6. right_hip": [
		0.27491408586502075,
		0.596850574016571,
		0.052545081824064255,
		0.9998108148574829
	],
	"7. right_knee": [
		0.22877025604248047,
		0.6793491840362549,
		-0.014960546977818012,
		0.9767301082611084
	],
	"8. right_ankle": [
		0.24019956588745117,
		0.8028330206871033,
		0.09551559388637543,
		0.9783720970153809
	],
	"14. left_shoulder": [
		0.2831175923347473,
		0.4077262580394745,
		-0.07164378464221954,
		0.9999663829803467
	],
	"15. left_elbow": [
		0.3056773841381073,
		0.3386240303516388,
		-0.14360041916370392,
		0.9985367059707642
	],
	"16. left_wrist": [
		0.32441210746765137,
		0.2813381850719452,
		-0.25115829706192017,
		0.9885225892066956
	],
	"19. right_shoulder": [
		0.22846464812755585,
		0.4567919969558716,
		0.02281954512000084,
		0.9997413754463196
	],
	"20. right_elbow": [
		0.23349729180335999,
		0.5454965233802795,
		0.05080951377749443,
		0.9032264947891235
	],
	"21. right_wrist": [
		0.23748274147510529,
		0.6136821508407593,
		-0.022534169256687164,
		0.9190557599067688
	],
	"24. nose": [
		0.25293034315109253,
		0.36820530891418457,
		-0.15806210041046143,
		0.9999919533729553
	],
	"25. left_eye": [
		0.25926464796066284,
		0.36141395568847656,
		-0.1447061002254486,
		0.9999598264694214
	],
	"26. right_eye": [
		0.24817463755607605,
		0.3579338788986206,
		-0.1403547078371048,
		0.9999765157699585
	],
	"27. left_ear": [
		0.2650521397590637,
		0.3688103258609772,
		-0.07356204092502594,
		0.9999186396598816
	],
	"28. right_ear": [
		0.24450066685676575,
		0.3637177050113678,
		-0.05173341557383537,
		0.9999615550041199
	],
	"time stamp": 29.969946478656652
}