{
	"1. left_hip": [
		0.3058488667011261,
		0.5798705220222473,
		-0.04998377338051796,
		0.9999123811721802
	],
	"2. left_knee": [
		0.33390364050865173,
		0.6979970932006836,
		-0.09519197046756744,
		0.9967373609542847
	],
	"3. left_ankle": [
		0.35408681631088257,
		0.8069817423820496,
		-0.011503717862069607,
		0.9956127405166626
	],
	"6. right_hip": [
		0.27413803339004517,
		0.5952965021133423,
		0.04997451603412628,
		0.9998239874839783
	],
	"7. right_knee": [
		0.22760140895843506,
		0.6794672012329102,
		-0.02594698965549469,
		0.9777750372886658
	],
	"8. right_ankle": [
		0.24085888266563416,
		0.8034247756004333,
		0.08182470500469208,
		0.9763363599777222
	],
	"14. left_shoulder": [
		0.2818324863910675,
		0.40770503878593445,
		-0.06782002002000809,
		0.9999182224273682
	],
	"15. left_elbow": [
		0.2935018837451935,
		0.3198113441467285,
		-0.137773334980011,
		0.9984936118125916
	],
	"16. left_wrist": [
		0.30543798208236694,
		0.24437211453914642,
		-0.22576189041137695,
		0.9898371696472168
	],
	"19. right_shoulder": [
		0.22924351692199707,
		0.453125,
		0.023089466616511345,
		0.9996945261955261
	],
	"20. right_elbow": [
		0.23302944004535675,
		0.5433293581008911,
		0.05895276740193367,
		0.897610604763031
	],
	"21. right_wrist": [
		0.23624320328235626,
		0.6106734871864319,
		-0.012229451909661293,
		0.9147417545318604
	],
	"24. nose": [
		0.2559259831905365,
		0.3674308657646179,
		-0.14989741146564484,
		0.999987006187439
	],
	"25. left_eye": [
		0.26256874203681946,
		0.3600987195968628,
		-0.13667459785938263,
		0.9999275803565979
	],
	"26. right_eye": [
		0.2531792223453522,
		0.35704681277275085,
		-0.1328957974910736,
		0.9999712705612183
	],
	"27. left_ear": [
		0.26725441217422485,
		0.3672809600830078,
		-0.06629099696874619,
		0.9998286962509155
	],
	"28. right_ear": [
		0.2509245276451111,
		0.36291882395744324,
		-0.05629178136587143,
		0.9999644756317139
	],
	"time stamp": 29.969946478656652
}