{
	"1. left_hip": [
		0.30495166778564453,
		0.579427182674408,
		-0.04825013130903244,
		0.9999004006385803
	],
	"2. left_knee": [
		0.3333013653755188,
		0.6985158324241638,
		-0.08655336499214172,
		0.9961313605308533
	],
	"3. left_ankle": [
		0.3540385365486145,
		0.8075238466262817,
		0.008757663890719414,
		0.9945017695426941
	],
	"6. right_hip": [
		0.2732563614845276,
		0.5943300724029541,
		0.04817252233624458,
		0.999824583530426
	],
	"7. right_knee": [
		0.22649219632148743,
		0.680687665939331,
		-0.02660301886498928,
		0.9777868390083313
	],
	"8. right_ankle": [
		0.24086466431617737,
		0.8034206032752991,
		0.08628416806459427,
		0.9753548502922058
	],
	"14. left_shoulder": [
		0.28319501876831055,
		0.4078325927257538,
		-0.06897090375423431,
		0.9998692274093628
	],
	"15. left_elbow": [
		0.2920289933681488,
		0.31937119364738464,
		-0.12244027853012085,
		0.9985523819923401
	],
	"16. left_wrist": [
		0.29663288593292236,
		0.23809067904949188,
		-0.18700435757637024,
		0.9905028343200684
	],
	"19. right_shoulder": [
		0.23177215456962585,
		0.44361597299575806,
		0.01943100057542324,
		0.9996411204338074
	],
	"20. right_elbow": [
		0.23211534321308136,
		0.5317163467407227,
		0.054551977664232254,
		0.8736085295677185
	],
	"21. right_wrist": [
		0.23549167811870575,
		0.600576639175415,
		-0.01666235364973545,
		0.8897337317466736
	],
	"24. nose": [
		0.25856417417526245,
		0.3660723865032196,
		-0.14720968902111053,
		0.9999678730964661
	],
	"25. left_eye": [
		0.2652323544025421,
		0.3579775094985962,
		-0.13434246182441711,
		0.9998303651809692
	],
	"26. right_eye": [
		0.25663262605667114,
		0.3557623028755188,
		-0.13170626759529114,
		0.9999472498893738
	],
	"27. left_ear": [
		0.26982349157333374,
		0.36462274193763733,
		-0.06546498090028763,
		0.9996310472488403
	],
	"28. right_ear": [
		0.2548946738243103,
		0.36157867312431335,
		-0.05697018653154373,
		0.999943733215332
	],
	"time stamp": 29.969946478656652
}