{
	"1. left_hip": [
		0.3044862151145935,
		0.5793207287788391,
		-0.04295028746128082,
		0.9998837113380432
	],
	"2. left_knee": [
		0.3330477476119995,
		0.6985353231430054,
		-0.07982971519231796,
		0.9954992532730103
	],
	"3. left_ankle": [
		0.3541416525840759,
		0.8077932596206665,
		0.01415950059890747,
		0.9930615425109863
	],
	"6. right_hip": [
		0.2725153863430023,
		0.593565046787262,
		0.042914919555187225,
		0.9998267292976379
	],
	"7. right_knee": [
		0.22562476992607117,
		0.6814272403717041,
		-0.05019577220082283,
		0.9781674742698669
	],
	"8. right_ankle": [
		0.24085822701454163,
		0.8034266233444214,
		0.053286679089069366,
		0.9752583503723145
	],
	"14. left_shoulder": [
		0.285521000623703,
		0.4083937406539917,
		-0.06566967070102692,
		0.99977046251297
	],
	"15. left_elbow": [
		0.29271239042282104,
		0.32090580463409424,
		-0.12263037264347076,
		0.9983808398246765
	],
	"16. left_wrist": [
		0.29391714930534363,
		0.24535831809043884,
		-0.21738767623901367,
		0.9902200102806091
	],
	"19. right_shoulder": [
		0.23454973101615906,
		0.4363648295402527,
		0.01772012561559677,
		0.9996429681777954
	],
	"20. right_elbow": [
		0.23153845965862274,
		0.5163578987121582,
		0.036467861384153366,
		0.8718964457511902
	],
	"21. right_wrist": [
		0.23569688200950623,
		0.5768309831619263,
		-0.05108823627233505,
		0.886164128780365
	],
	"24. nose": [
		0.2603277564048767,
		0.3671942353248596,
		-0.148215651512146,
		0.9999483227729797
	],
	"25. left_eye": [
		0.26744627952575684,
		0.3583327829837799,
		-0.13544632494449615,
		0.999728262424469
	],
	"26. right_eye": [
		0.2584654688835144,
		0.3567158579826355,
		-0.13181954622268677,
		0.9999227523803711
	],
	"27. left_ear": [
		0.27303341031074524,
		0.36457040905952454,
		-0.06444241851568222,
		0.9994063973426819
	],
	"28. right_ear": [
		0.2574930787086487,
		0.361624538898468,
		-0.05700165033340454,
		0.9999262094497681
	],
	"time stamp": 29.969946478656652
}