{
	"1. left_hip": [
		0.30395522713661194,
		0.5793190598487854,
		-0.03852229565382004,
		0.9998472929000854
	],
	"2. left_knee": [
		0.33247682452201843,
		0.6985578536987305,
		-0.07233012467622757,
		0.9948854446411133
	],
	"3. left_ankle": [
		0.35412895679473877,
		0.8070770502090454,
		0.018707402050495148,
		0.9912189245223999
	],
	"6. right_hip": [
		0.2722184956073761,
		0.5931466221809387,
		0.03852994740009308,
		0.9998186826705933
	],
	"7. right_knee": [
		0.2249239981174469,
		0.6821999549865723,
		-0.05241810157895088,
		0.9786856174468994
	],
	"8. right_ankle": [
		0.2408452033996582,
		0.8031443953514099,
		0.053890328854322433,
		0.9750824570655823
	],
	"14. left_shoulder": [
		0.28645628690719604,
		0.4092578887939453,
		-0.04737440496683121,
		0.9995856285095215
	],
	"15. left_elbow": [
		0.2931424081325531,
		0.32272055745124817,
		-0.11519454419612885,
		0.9978616237640381
	],
	"16. left_wrist": [
		0.293014794588089,
		0.24642308056354523,
		-0.21557049453258514,
		0.988609254360199
	],
	"19. right_shoulder": [
		0.23529231548309326,
		0.4333369731903076,
		0.01823815330862999,
		0.999636173248291
	],
	"20. right_elbow": [
		0.231014683842659,
		0.5142471790313721,
		0.034569151699543,
		0.8729497790336609
	],
	"21. right_wrist": [
		0.23575124144554138,
		0.5734341740608215,
		-0.05232589319348335,
		0.8832976222038269
	],
	"24. nose": [
		0.2631681561470032,
		0.3702264428138733,
		-0.14188989996910095,
		0.9999226331710815
	],
	"25. left_eye": [
		0.2708035111427307,
		0.36095258593559265,
		-0.1274595707654953,
		0.999596357345581
	],
	"26. right_eye": [
		0.2606007158756256,
		0.3581882417201996,
		-0.1273648589849472,
		0.9998936653137207
	],
	"27. left_ear": [
		0.2751691937446594,
		0.3651309013366699,
		-0.049022041261196136,
		0.9990891218185425
	],
	"28. right_ear": [
		0.25861281156539917,
		0.3616301715373993,
		-0.05270039290189743,
		0.9999065399169922
	],
	"time stamp": 29.969946478656652
}