{
	"1. left_hip": [
		0.30446627736091614,
		0.5792571306228638,
		-0.029328754171729088,
		0.9997915625572205
	],
	"2. left_knee": [
		0.3319634199142456,
		0.7011195421218872,
		-0.0926118940114975,
		0.9944072365760803
	],
	"3. left_ankle": [
		0.3530196249485016,
		0.8070870041847229,
		0.0023540458641946316,
		0.987435519695282
	],
	"6. right_hip": [
		0.2725602686405182,
		0.5921499133110046,
		0.02941223606467247,
		0.9998117685317993
	],
	"7. right_knee": [
		0.22539016604423523,
		0.685802161693573,
		-0.06291760504245758,
		0.9821283221244812
	],
	"8. right_ankle": [
		0.24079032242298126,
		0.8039313554763794,
		0.035491134971380234,
		0.9775701761245728
	],
	"14. left_shoulder": [
		0.2963128387928009,
		0.4139964282512665,
		0.004723778925836086,
		0.9991788864135742
	],
	"15. left_elbow": [
		0.3221593201160431,
		0.39700618386268616,
		-0.13173888623714447,
		0.993739664554596
	],
	"16. left_wrist": [
		0.32029062509536743,
		0.33663517236709595,
		-0.2788349688053131,
		0.9801639318466187
	],
	"19. right_shoulder": [
		0.24261172115802765,
		0.42266184091567993,
		-0.010526114143431187,
		0.9996197819709778
	],
	"20. right_elbow": [
		0.23066604137420654,
		0.47767987847328186,
		-0.13849101960659027,
		0.9039425253868103
	],
	"21. right_wrist": [
		0.25498658418655396,
		0.42721450328826904,
		-0.2871970534324646,
		0.9071129560470581
	],
	"24. nose": [
		0.27633246779441833,
		0.37305349111557007,
		-0.13086844980716705,
		0.9999308586120605
	],
	"25. left_eye": [
		0.28170639276504517,
		0.3637361228466034,
		-0.11175034940242767,
		0.9996788501739502
	],
	"26. right_eye": [
		0.2716497778892517,
		0.3606599271297455,
		-0.11968563497066498,
		0.9999154806137085
	],
	"27. left_ear": [
		0.2847980856895447,
		0.36649221181869507,
		-0.017550425603985786,
		0.999326765537262
	],
	"28. right_ear": [
		0.2672281265258789,
		0.3616507649421692,
		-0.04681268706917763,
		0.9999303221702576
	],
	"time stamp": 29.969946478656652
}