{
	"1. left_hip": [
		0.3067297637462616,
		0.5751797556877136,
		-0.029128175228834152,
		0.9997721314430237
	],
	"2. left_knee": [
		0.3318173885345459,
		0.7010021805763245,
		-0.09811960160732269,
		0.9949406385421753
	],
	"3. left_ankle": [
		0.35244494676589966,
		0.8075757622718811,
		-0.0024818212259560823,
		0.9888477325439453
	],
	"6. right_hip": [
		0.2740759551525116,
		0.5840535759925842,
		0.0290664192289114,
		0.9997912645339966
	],
	"7. right_knee": [
		0.23465590178966522,
		0.690305233001709,
		-0.012336062267422676,
		0.9846987724304199
	],
	"8. right_ankle": [
		0.23791249096393585,
		0.803227424621582,
		0.12185534089803696,
		0.9798871874809265
	],
	"14. left_shoulder": [
		0.3052206337451935,
		0.4150985777378082,
		-0.07669959217309952,
		0.9992485642433167
	],
	"15. left_elbow": [
		0.3210624158382416,
		0.45790553092956543,
		-0.19199296832084656,
		0.9929795861244202
	],
	"16. left_wrist": [
		0.3227226138114929,
		0.3878081440925598,
		-0.3326035141944885,
		0.9796907901763916
	],
	"19. right_shoulder": [
		0.2482716143131256,
		0.4135092496871948,
		-0.036943551152944565,
		0.999614953994751
	],
	"20. right_elbow": [
		0.21310356259346008,
		0.4409891664981842,
		-0.13923460245132446,
		0.9283994436264038
	],
	"21. right_wrist": [
		0.22312358021736145,
		0.38465771079063416,
		-0.266216903924942,
		0.9292773008346558
	],
	"24. nose": [
		0.2775375545024872,
		0.35903090238571167,
		-0.19496458768844604,
		0.9999428987503052
	],
	"25. left_eye": [
		0.28444206714630127,
		0.3493633270263672,
		-0.18086613714694977,
		0.9997513890266418
	],
	"26. right_eye": [
		0.27403682470321655,
		0.3486796021461487,
		-0.17981448769569397,
		0.9999292492866516
	],
	"27. left_ear": [
		0.2914958596229553,
		0.3549378216266632,
		-0.1006150022149086,
		0.9994896650314331
	],
	"28. right_ear": [
		0.2715088725090027,
		0.35343578457832336,
		-0.0955558568239212,
		0.9999423623085022
	],
	"time stamp": 29.969946478656652
}