{
	"1. left_hip": [
		0.3090301752090454,
		0.5714272856712341,
		-0.010050504468381405,
		0.9997135996818542
	],
	"2. left_knee": [
		0.32918649911880493,
		0.7012112140655518,
		-0.010141664184629917,
		0.9953917860984802
	],
	"3. left_ankle": [
		0.35257279872894287,
		0.8095859885215759,
		0.1080397516489029,
		0.9908571839332581
	],
	"6. right_hip": [
		0.27446773648262024,
		0.5722498893737793,
		0.009945631958544254,
		0.9996631145477295
	],
	"7. right_knee": [
		0.25725263357162476,
		0.7049037218093872,
		-0.0023198381531983614,
		0.9870967268943787
	],
	"8. right_ankle": [
		0.22249162197113037,
		0.7972835898399353,
		0.12207821756601334,
		0.9823818206787109
	],
	"14. left_shoulder": [
		0.3156992495059967,
		0.41331765055656433,
		-0.05106179043650627,
		0.9993296265602112
	],
	"15. left_elbow": [
		0.3165132403373718,
		0.4785778820514679,
		-0.14709065854549408,
		0.9867702722549438
	],
	"16. left_wrist": [
		0.28820595145225525,
		0.41512930393218994,
		-0.2768958806991577,
		0.978217601776123
	],
	"19. right_shoulder": [
		0.2555573880672455,
		0.4028817415237427,
		-0.008069119416177273,
		0.9994905591011047
	],
	"20. right_elbow": [
		0.2094072848558426,
		0.40373241901397705,
		-0.0014052274636924267,
		0.9431695342063904
	],
	"21. right_wrist": [
		0.17534539103507996,
		0.37311822175979614,
		-0.06973953545093536,
		0.935308039188385
	],
	"24. nose": [
		0.28577643632888794,
		0.35159793496131897,
		-0.15956570208072662,
		0.9999326467514038
	],
	"25. left_eye": [
		0.2919185757637024,
		0.3396986722946167,
		-0.14467303454875946,
		0.9997665882110596
	],
	"26. right_eye": [
		0.28149718046188354,
		0.3397359549999237,
		-0.14454486966133118,
		0.9998688697814941
	],
	"27. left_ear": [
		0.2990843653678894,
		0.34587135910987854,
		-0.06647151708602905,
		0.9994996190071106
	],
	"28. right_ear": [
		0.27720415592193604,
		0.34493696689605713,
		-0.06589662283658981,
		0.9998260140419006
	],
	"time stamp": 29.969946478656652
}