{
	"1. left_hip": [
		0.30734723806381226,
		0.5755894780158997,
		-0.04618906229734421,
		0.9995980262756348
	],
	"2. left_knee": [
		0.3303643465042114,
		0.6997948884963989,
		-0.10983164608478546,
		0.9961501359939575
	],
	"3. left_ankle": [
		0.3528943955898285,
		0.8114164471626282,
		-0.013127895072102547,
		0.9942196607589722
	],
	"6. right_hip": [
		0.2768510580062866,
		0.5800886154174805,
		0.04610546678304672,
		0.9994454383850098
	],
	"7. right_knee": [
		0.2280539721250534,
		0.6838914155960083,
		-0.01680733449757099,
		0.9892170429229736
	],
	"8. right_ankle": [
		0.24161498248577118,
		0.8028894066810608,
		0.08578694611787796,
		0.9869229793548584
	],
	"14. left_shoulder": [
		0.31810957193374634,
		0.41692695021629333,
		-0.06567076593637466,
		0.9996334314346313
	],
	"15. left_elbow": [
		0.3539196848869324,
		0.4480839967727661,
		-0.1527528315782547,
		0.9892590045928955
	],
	"16. left_wrist": [
		0.38672342896461487,
		0.4309506416320801,
		-0.28344598412513733,
		0.9787241816520691
	],
	"19. right_shoulder": [
		0.259949654340744,
		0.40861138701438904,
		0.009885421954095364,
		0.9995477199554443
	],
	"20. right_elbow": [
		0.21709463000297546,
		0.46064525842666626,
		-0.0709734782576561,
		0.9701898694038391
	],
	"21. right_wrist": [
		0.23571917414665222,
		0.41925668716430664,
		-0.24329395592212677,
		0.9574125409126282
	],
	"24. nose": [
		0.28451648354530334,
		0.3537845015525818,
		-0.18062782287597656,
		0.999935507774353
	],
	"25. left_eye": [
		0.2920382022857666,
		0.3435748517513275,
		-0.16839298605918884,
		0.9998341798782349
	],
	"26. right_eye": [
		0.2814841866493225,
		0.3417937457561493,
		-0.16153551638126373,
		0.9998393654823303
	],
	"27. left_ear": [
		0.2988755702972412,
		0.350615918636322,
		-0.09587718546390533,
		0.9996797442436218
	],
	"28. right_ear": [
		0.2785608172416687,
		0.3461763858795166,
		-0.06577251851558685,
		0.9997271299362183
	],
	"time stamp": 29.969946478656652
}