{
	"1. left_hip": [
		0.31171244382858276,
		0.5700132846832275,
		-0.04557974264025688,
		0.9995731711387634
	],
	"2. left_knee": [
		0.333561509847641,
		0.6957199573516846,
		-0.07685201615095139,
		0.9939248561859131
	],
	"3. left_ankle": [
		0.354023277759552,
		0.810606837272644,
		0.0022003636695444584,
		0.9911162257194519
	],
	"6. right_hip": [
		0.2803208529949188,
		0.5719592571258545,
		0.04567822068929672,
		0.9996263384819031
	],
	"7. right_knee": [
		0.2461528480052948,
		0.6869907975196838,
		-0.0031700998079031706,
		0.9920402765274048
	],
	"8. right_ankle": [
		0.24912047386169434,
		0.809200644493103,
		0.08357115089893341,
		0.9889345169067383
	],
	"14. left_shoulder": [
		0.31686869263648987,
		0.38775917887687683,
		-0.06503076106309891,
		0.9995562434196472
	],
	"15. left_elbow": [
		0.3371925354003906,
		0.3164454698562622,
		-0.1469886153936386,
		0.997122585773468
	],
	"16. left_wrist": [
		0.34929248690605164,
		0.24557620286941528,
		-0.2259400635957718,
		0.9876837730407715
	],
	"19. right_shoulder": [
		0.2697772979736328,
		0.3888531029224396,
		0.03223416954278946,
		0.998471736907959
	],
	"20. right_elbow": [
		0.25207871198654175,
		0.31488752365112305,
		0.018466362729668617,
		0.982003390789032
	],
	"21. right_wrist": [
		0.2486240565776825,
		0.23391464352607727,
		-0.04325094074010849,
		0.979876697063446
	],
	"24. nose": [
		0.28539472818374634,
		0.34798479080200195,
		-0.13964535295963287,
		0.9999383091926575
	],
	"25. left_eye": [
		0.29217034578323364,
		0.3373965620994568,
		-0.12584176659584045,
		0.9998562932014465
	],
	"26. right_eye": [
		0.2815268337726593,
		0.3376826047897339,
		-0.11765237152576447,
		0.9997895956039429
	],
	"27. left_ear": [
		0.2997162342071533,
		0.34171921014785767,
		-0.05826704576611519,
		0.9998711347579956
	],
	"28. right_ear": [
		0.2802848219871521,
		0.3393423855304718,
		-0.01684662699699402,
		0.9997761845588684
	],
	"time stamp": 29.969946478656652
}