{
	"1. left_hip": [
		0.31295686960220337,
		0.568360447883606,
		-0.046219903975725174,
		0.9995639324188232
	],
	"2. left_knee": [
		0.3340774178504944,
		0.6952974796295166,
		-0.07620389759540558,
		0.993894100189209
	],
	"3. left_ankle": [
		0.35416460037231445,
		0.810816764831543,
		0.0023021295201033354,
		0.9910373091697693
	],
	"6. right_hip": [
		0.28161370754241943,
		0.5703741908073425,
		0.04631078615784645,
		0.9996145963668823
	],
	"7. right_knee": [
		0.25041690468788147,
		0.6869516372680664,
		0.007323248777538538,
		0.9919757843017578
	],
	"8. right_ankle": [
		0.2495763748884201,
		0.8101282119750977,
		0.08818943798542023,
		0.9889934062957764
	],
	"14. left_shoulder": [
		0.3184972405433655,
		0.3864445686340332,
		-0.08685629069805145,
		0.999522864818573
	],
	"15. left_elbow": [
		0.33749890327453613,
		0.31245818734169006,
		-0.16966766119003296,
		0.9971961379051208
	],
	"16. left_wrist": [
		0.3481525182723999,
		0.24159224331378937,
		-0.24832391738891602,
		0.9879875779151917
	],
	"19. right_shoulder": [
		0.2711203694343567,
		0.38725993037223816,
		0.020891739055514336,
		0.998428463935852
	],
	"20. right_elbow": [
		0.25288501381874084,
		0.3130899965763092,
		0.01306868065148592,
		0.9822056889533997
	],
	"21. right_wrist": [
		0.24791312217712402,
		0.23254118859767914,
		-0.048077888786792755,
		0.9809737801551819
	],
	"24. nose": [
		0.287333607673645,
		0.3459690809249878,
		-0.15558381378650665,
		0.9999306797981262
	],
	"25. left_eye": [
		0.29375866055488586,
		0.3357415795326233,
		-0.14296522736549377,
		0.9998435974121094
	],
	"26. right_eye": [
		0.2834327518939972,
		0.3361610770225525,
		-0.13418640196323395,
		0.9997701048851013
	],
	"27. left_ear": [
		0.30131077766418457,
		0.3404349088668823,
		-0.07865208387374878,
		0.9998582601547241
	],
	"28. right_ear": [
		0.282348096370697,
		0.3386401832103729,
		-0.03458549827337265,
		0.9997469782829285
	],
	"time stamp": 29.969946478656652
}