{
	"1. left_hip": [
		0.3149626553058624,
		0.5659438967704773,
		-0.04673454165458679,
		0.9995629787445068
	],
	"2. left_knee": [
		0.334720253944397,
		0.6945701241493225,
		-0.07308057695627213,
		0.993877649307251
	],
	"3. left_ankle": [
		0.3544394075870514,
		0.8113278746604919,
		0.0063112168572843075,
		0.9909789562225342
	],
	"6. right_hip": [
		0.28323549032211304,
		0.5676117539405823,
		0.04682735353708267,
		0.9996073246002197
	],
	"7. right_knee": [
		0.2547418177127838,
		0.6869701147079468,
		0.012045360170304775,
		0.9919210076332092
	],
	"8. right_ankle": [
		0.2505430579185486,
		0.810139536857605,
		0.0926879420876503,
		0.9891072511672974
	],
	"14. left_shoulder": [
		0.3206488788127899,
		0.38388583064079285,
		-0.0788121297955513,
		0.9995076656341553
	],
	"15. left_elbow": [
		0.3377172350883484,
		0.30919280648231506,
		-0.16036640107631683,
		0.9972788691520691
	],
	"16. left_wrist": [
		0.3464570939540863,
		0.237296462059021,
		-0.24001221358776093,
		0.9884136319160461
	],
	"19. right_shoulder": [
		0.27259504795074463,
		0.38450881838798523,
		0.030601903796195984,
		0.9984145760536194
	],
	"20. right_elbow": [
		0.2537066340446472,
		0.3085901737213135,
		0.023468509316444397,
		0.9824247360229492
	],
	"21. right_wrist": [
		0.2472873479127884,
		0.22997069358825684,
		-0.040700070559978485,
		0.9819703698158264
	],
	"24. nose": [
		0.2893003225326538,
		0.3421328067779541,
		-0.14532308280467987,
		0.9999256730079651
	],
	"25. left_eye": [
		0.29583048820495605,
		0.3323477804660797,
		-0.13247933983802795,
		0.999834418296814
	],
	"26. right_eye": [
		0.28560394048690796,
		0.3322437107563019,
		-0.12366724014282227,
		0.9997565150260925
	],
	"27. left_ear": [
		0.30347269773483276,
		0.3377268612384796,
		-0.07007323205471039,
		0.9998478889465332
	],
	"28. right_ear": [
		0.2848129868507385,
		0.33560219407081604,
		-0.02591964229941368,
		0.999724805355072
	],
	"time stamp": 29.969946478656652
}