{
	"1. left_hip": [
		0.3177631199359894,
		0.5639082789421082,
		-0.04662906751036644,
		0.9995598196983337
	],
	"2. left_knee": [
		0.3358030915260315,
		0.6940930485725403,
		-0.06562766432762146,
		0.9937129616737366
	],
	"3. left_ankle": [
		0.3550432324409485,
		0.8112798929214478,
		0.01831965148448944,
		0.9905240535736084
	],
	"6. right_hip": [
		0.2855166792869568,
		0.5646154284477234,
		0.04671982303261757,
		0.9995945692062378
	],
	"7. right_knee": [
		0.26091188192367554,
		0.6883760094642639,
		0.019905058667063713,
		0.9914098978042603
	],
	"8. right_ankle": [
		0.2531523108482361,
		0.8106580376625061,
		0.10073443502187729,
		0.9893191456794739
	],
	"14. left_shoulder": [
		0.32510966062545776,
		0.38175439834594727,
		-0.05253015086054802,
		0.999446451663971
	],
	"15. left_elbow": [
		0.33790987730026245,
		0.30140888690948486,
		-0.14116542041301727,
		0.997204065322876
	],
	"16. left_wrist": [
		0.34454283118247986,
		0.22957898676395416,
		-0.22515013813972473,
		0.9884471893310547
	],
	"19. right_shoulder": [
		0.27762553095817566,
		0.3836560547351837,
		0.05473598837852478,
		0.9983735680580139
	],
	"20. right_elbow": [
		0.2576460838317871,
		0.3112616240978241,
		0.04930049926042557,
		0.9819186925888062
	],
	"21. right_wrist": [
		0.24598626792430878,
		0.23502571880817413,
		-0.013694478198885918,
		0.982935905456543
	],
	"24. nose": [
		0.2965657711029053,
		0.3399806022644043,
		-0.11546877771615982,
		0.9999184012413025
	],
	"25. left_eye": [
		0.30254867672920227,
		0.33028101921081543,
		-0.10184349864721298,
		0.9998189210891724
	],
	"26. right_eye": [
		0.2915066182613373,
		0.3301248550415039,
		-0.09433017671108246,
		0.999740719795227
	],
	"27. left_ear": [
		0.3097172975540161,
		0.33522093296051025,
		-0.036757972091436386,
		0.999830961227417
	],
	"28. right_ear": [
		0.2897341847419739,
		0.33377212285995483,
		0.0005436699138954282,
		0.9997003674507141
	],
	"time stamp": 29.969946478656652
}