{
	"1. left_hip": [
		0.32238486409187317,
		0.5627090930938721,
		-0.016867877915501595,
		0.9994313716888428
	],
	"2. left_knee": [
		0.3382306694984436,
		0.6945087909698486,
		-0.0009185259114019573,
		0.9931029677391052
	],
	"3. left_ankle": [
		0.35593095421791077,
		0.8113260865211487,
		0.1148584708571434,
		0.989492654800415
	],
	"6. right_hip": [
		0.28752467036247253,
		0.5625942945480347,
		0.016876617446541786,
		0.9994387030601501
	],
	"7. right_knee": [
		0.27047115564346313,
		0.6950151920318604,
		0.024325603619217873,
		0.9917131066322327
	],
	"8. right_ankle": [
		0.25594645738601685,
		0.8132913112640381,
		0.12845715880393982,
		0.9908570647239685
	],
	"14. left_shoulder": [
		0.33744847774505615,
		0.37965452671051025,
		-0.02377769723534584,
		0.9989190697669983
	],
	"15. left_elbow": [
		0.3447480797767639,
		0.30137497186660767,
		-0.10056433826684952,
		0.9952263832092285
	],
	"16. left_wrist": [
		0.33389928936958313,
		0.23172050714492798,
		-0.18431012332439423,
		0.9854328632354736
	],
	"19. right_shoulder": [
		0.2802623212337494,
		0.37865087389945984,
		0.020260410383343697,
		0.9982308149337769
	],
	"20. right_elbow": [
		0.24902601540088654,
		0.31441327929496765,
		-0.006914760917425156,
		0.9866352677345276
	],
	"21. right_wrist": [
		0.23027054965496063,
		0.25400397181510925,
		-0.069840207695961,
		0.9855071306228638
	],
	"24. nose": [
		0.30880507826805115,
		0.3237544894218445,
		-0.11649336665868759,
		0.9998924732208252
	],
	"25. left_eye": [
		0.3142082989215851,
		0.3176710605621338,
		-0.09915997087955475,
		0.9997607469558716
	],
	"26. right_eye": [
		0.30456069111824036,
		0.3167506158351898,
		-0.09808839857578278,
		0.9996997714042664
	],
	"27. left_ear": [
		0.3200722932815552,
		0.32661619782447815,
		-0.021621502935886383,
		0.9997108578681946
	],
	"28. right_ear": [
		0.2995101809501648,
		0.32330429553985596,
		-0.014737442135810852,
		0.9996033310890198
	],
	"time stamp": 29.969946478656652
}