{
	"1. left_hip": [
		0.31537607312202454,
		0.5849863886833191,
		0.011219151318073273,
		0.9989875555038452
	],
	"2. left_knee": [
		0.352173775434494,
		0.6877722144126892,
		-0.09220908582210541,
		0.990874171257019
	],
	"3. left_ankle": [
		0.33724313974380493,
		0.8096050024032593,
		0.008877024985849857,
		0.9895409345626831
	],
	"6. right_hip": [
		0.28174012899398804,
		0.5752613544464111,
		-0.011341172270476818,
		0.9992786645889282
	],
	"7. right_knee": [
		0.2664358913898468,
		0.6978706121444702,
		-0.039555326104164124,
		0.9936292767524719
	],
	"8. right_ankle": [
		0.25409358739852905,
		0.8116608262062073,
		0.06632561981678009,
		0.9917749762535095
	],
	"14. left_shoulder": [
		0.3471073508262634,
		0.4222920835018158,
		-0.029287416487932205,
		0.9936825633049011
	],
	"15. left_elbow": [
		0.357599139213562,
		0.47752684354782104,
		-0.14521321654319763,
		0.9343147277832031
	],
	"16. left_wrist": [
		0.32689592242240906,
		0.4870612323284149,
		-0.30908307433128357,
		0.8485856056213379
	],
	"19. right_shoulder": [
		0.28660809993743896,
		0.41026243567466736,
		-0.006443388760089874,
		0.9985545873641968
	],
	"20. right_elbow": [
		0.24279041588306427,
		0.41228023171424866,
		-0.07417473942041397,
		0.9893543720245361
	],
	"21. right_wrist": [
		0.206441730260849,
		0.41138750314712524,
		-0.2208244502544403,
		0.9763762354850769
	],
	"24. nose": [
		0.31381717324256897,
		0.3457832932472229,
		-0.14388732612133026,
		0.9995078444480896
	],
	"25. left_eye": [
		0.3193521797657013,
		0.33639612793922424,
		-0.13206280767917633,
		0.9989379048347473
	],
	"26. right_eye": [
		0.30866125226020813,
		0.3383890390396118,
		-0.1287226378917694,
		0.9990347027778625
	],
	"27. left_ear": [
		0.32538533210754395,
		0.344845175743103,
		-0.0578998439013958,
		0.9983150959014893
	],
	"28. right_ear": [
		0.30527985095977783,
		0.3471511900424957,
		-0.042565133422613144,
		0.9988080263137817
	],
	"time stamp": 29.969946478656652
}