{
	"1. left_hip": [
		0.34949854016304016,
		0.5490224361419678,
		-0.0026641585864126682,
		0.9993487000465393
	],
	"2. left_knee": [
		0.3463594317436218,
		0.6956972479820251,
		-0.008953386917710304,
		0.9910526871681213
	],
	"3. left_ankle": [
		0.33853453397750854,
		0.8098746538162231,
		0.11822500079870224,
		0.9917346835136414
	],
	"6. right_hip": [
		0.31483957171440125,
		0.5471057295799255,
		0.0025102230720221996,
		0.9994966983795166
	],
	"7. right_knee": [
		0.31170982122421265,
		0.6890250444412231,
		-0.0009531239047646523,
		0.9945361018180847
	],
	"8. right_ankle": [
		0.3002786338329315,
		0.7983545660972595,
		0.12296511977910995,
		0.9930719137191772
	],
	"14. left_shoulder": [
		0.36383959650993347,
		0.3787439167499542,
		-0.0023512926418334246,
		0.997003972530365
	],
	"15. left_elbow": [
		0.3702859580516815,
		0.4290657043457031,
		-0.10192464292049408,
		0.9655758738517761
	],
	"16. left_wrist": [
		0.31703731417655945,
		0.38892847299575806,
		-0.20772993564605713,
		0.9316858053207397
	],
	"19. right_shoulder": [
		0.30556100606918335,
		0.3849348723888397,
		0.032624151557683945,
		0.9993590712547302
	],
	"20. right_elbow": [
		0.2708526849746704,
		0.42801493406295776,
		-0.06408586353063583,
		0.9872023463249207
	],
	"21. right_wrist": [
		0.27608057856559753,
		0.3819418251514435,
		-0.20989277958869934,
		0.9802953600883484
	],
	"24. nose": [
		0.32983270287513733,
		0.310256689786911,
		-0.10265904664993286,
		0.999812662601471
	],
	"25. left_eye": [
		0.3372214138507843,
		0.3020314872264862,
		-0.08895730972290039,
		0.9995976686477661
	],
	"26. right_eye": [
		0.32509738206863403,
		0.30262693762779236,
		-0.08489839732646942,
		0.999639093875885
	],
	"27. left_ear": [
		0.34366825222969055,
		0.31044885516166687,
		-0.01573261246085167,
		0.9993058443069458
	],
	"28. right_ear": [
		0.321561723947525,
		0.31135094165802,
		0.001730613992549479,
		0.9995267391204834
	],
	"time stamp": 29.969946478656652
}