{
	"1. left_hip": [
		0.3505691587924957,
		0.5465731024742126,
		-0.0025675692595541477,
		0.9993849396705627
	],
	"2. left_knee": [
		0.3470746576786041,
		0.6957969665527344,
		-0.023092815652489662,
		0.990595281124115
	],
	"3. left_ankle": [
		0.3429567217826843,
		0.8090884685516357,
		0.11401309072971344,
		0.9902710914611816
	],
	"6. right_hip": [
		0.31581947207450867,
		0.5443369150161743,
		0.0024229350965470076,
		0.9994968771934509
	],
	"7. right_knee": [
		0.31936419010162354,
		0.6884459853172302,
		-0.003705819370225072,
		0.9937615394592285
	],
	"8. right_ankle": [
		0.31083667278289795,
		0.7989359498023987,
		0.109379842877388,
		0.9916053414344788
	],
	"14. left_shoulder": [
		0.3636004328727722,
		0.3759606182575226,
		0.005918470211327076,
		0.9972618818283081
	],
	"15. left_elbow": [
		0.34767264127731323,
		0.41515693068504333,
		-0.09216773509979248,
		0.9669950604438782
	],
	"16. left_wrist": [
		0.29989469051361084,
		0.3943865895271301,
		-0.16565391421318054,
		0.9367462992668152
	],
	"19. right_shoulder": [
		0.31022101640701294,
		0.38566839694976807,
		0.06493844836950302,
		0.999305784702301
	],
	"20. right_elbow": [
		0.2863498330116272,
		0.4324225187301636,
		-0.052929989993572235,
		0.9808019995689392
	],
	"21. right_wrist": [
		0.2929788827896118,
		0.3842433989048004,
		-0.18523752689361572,
		0.976203978061676
	],
	"24. nose": [
		0.3314442038536072,
		0.30768638849258423,
		-0.05127668380737305,
		0.9998152256011963
	],
	"25. left_eye": [
		0.3389415740966797,
		0.29915374517440796,
		-0.03923400491476059,
		0.9996072053909302
	],
	"26. right_eye": [
		0.32684117555618286,
		0.30048632621765137,
		-0.03473687916994095,
		0.9996476173400879
	],
	"27. left_ear": [
		0.34619370102882385,
		0.30794939398765564,
		0.022175852209329605,
		0.9993413686752319
	],
	"28. right_ear": [
		0.32384422421455383,
		0.3093397915363312,
		0.042564984411001205,
		0.9995081424713135
	],
	"time stamp": 29.969946478656652
}