{
	"1. left_hip": [
		0.35382336378097534,
		0.5524232387542725,
		-0.013158893212676048,
		0.9994649887084961
	],
	"2. left_knee": [
		0.34998640418052673,
		0.6984723806381226,
		-0.03174791857600212,
		0.9880648851394653
	],
	"3. left_ankle": [
		0.34903213381767273,
		0.8112292885780334,
		0.11004799604415894,
		0.9851943850517273
	],
	"6. right_hip": [
		0.32031023502349854,
		0.5523194074630737,
		0.013162026181817055,
		0.9994035363197327
	],
	"7. right_knee": [
		0.32528942823410034,
		0.6948448419570923,
		0.008144164457917213,
		0.9880141615867615
	],
	"8. right_ankle": [
		0.33111143112182617,
		0.8112891912460327,
		0.13631591200828552,
		0.9819678664207458
	],
	"14. left_shoulder": [
		0.36785027384757996,
		0.3808732330799103,
		0.030571624636650085,
		0.9981398582458496
	],
	"15. left_elbow": [
		0.3895835280418396,
		0.42788559198379517,
		-0.06515754759311676,
		0.943244218826294
	],
	"16. left_wrist": [
		0.3482567369937897,
		0.4069584310054779,
		-0.1571199744939804,
		0.9149119257926941
	],
	"19. right_shoulder": [
		0.3135780692100525,
		0.38459956645965576,
		0.05973579362034798,
		0.9989827275276184
	],
	"20. right_elbow": [
		0.30028778314590454,
		0.4597715735435486,
		-0.025960009545087814,
		0.9472651481628418
	],
	"21. right_wrist": [
		0.3377000093460083,
		0.41240209341049194,
		-0.13347896933555603,
		0.9468035697937012
	],
	"24. nose": [
		0.3363901972770691,
		0.32015135884284973,
		-0.07032192498445511,
		0.999685525894165
	],
	"25. left_eye": [
		0.3432954251766205,
		0.31040969491004944,
		-0.05730658769607544,
		0.9993910789489746
	],
	"26. right_eye": [
		0.33170047402381897,
		0.31128284335136414,
		-0.053938329219818115,
		0.9994658827781677
	],
	"27. left_ear": [
		0.34988224506378174,
		0.31782791018486023,
		0.01583898440003395,
		0.9991354942321777
	],
	"28. right_ear": [
		0.32866591215133667,
		0.31719258427619934,
		0.03024173714220524,
		0.9991069436073303
	],
	"time stamp": 29.969946478656652
}