{
	"1. left_hip": [
		0.35411256551742554,
		0.5627317428588867,
		-0.029060032218694687,
		0.9993404150009155
	],
	"2. left_knee": [
		0.3462408483028412,
		0.7048248648643494,
		-0.03385637700557709,
		0.9891489148139954
	],
	"3. left_ankle": [
		0.350473016500473,
		0.8169033527374268,
		0.0734737366437912,
		0.9857138991355896
	],
	"6. right_hip": [
		0.32233938574790955,
		0.5654250383377075,
		0.029062291607260704,
		0.9992165565490723
	],
	"7. right_knee": [
		0.32398921251296997,
		0.7025330662727356,
		0.04643135517835617,
		0.9825924634933472
	],
	"8. right_ankle": [
		0.33423134684562683,
		0.8133061528205872,
		0.16035299003124237,
		0.9793633222579956
	],
	"14. left_shoulder": [
		0.3674411475658417,
		0.3990940451622009,
		0.0037202369421720505,
		0.9985471963882446
	],
	"15. left_elbow": [
		0.38053837418556213,
		0.4676826000213623,
		-0.09410866349935532,
		0.9517152905464172
	],
	"16. left_wrist": [
		0.3518255352973938,
		0.4051068127155304,
		-0.19393810629844666,
		0.905836284160614
	],
	"19. right_shoulder": [
		0.30831530690193176,
		0.3861671984195709,
		0.05571207404136658,
		0.9990761280059814
	],
	"20. right_elbow": [
		0.3050835430622101,
		0.4709218740463257,
		-0.03495078906416893,
		0.9415634274482727
	],
	"21. right_wrist": [
		0.3319454789161682,
		0.4069044888019562,
		-0.16809622943401337,
		0.9488129019737244
	],
	"24. nose": [
		0.33611586689949036,
		0.33104297518730164,
		-0.09060491621494293,
		0.9997251629829407
	],
	"25. left_eye": [
		0.34313276410102844,
		0.3201943635940552,
		-0.07812262326478958,
		0.9994642734527588
	],
	"26. right_eye": [
		0.33232206106185913,
		0.32062917947769165,
		-0.07407809793949127,
		0.9995342493057251
	],
	"27. left_ear": [
		0.3494226038455963,
		0.3286885619163513,
		-0.006595240440219641,
		0.9993083477020264
	],
	"28. right_ear": [
		0.32892560958862305,
		0.3267681896686554,
		0.012886489741504192,
		0.9992340207099915
	],
	"time stamp": 29.969946478656652
}