{
	"1. left_hip": [
		0.3527062237262726,
		0.5708916783332825,
		-0.006556743290275335,
		0.9993847012519836
	],
	"2. left_knee": [
		0.3520919680595398,
		0.7081466317176819,
		-0.03540271520614624,
		0.9872747659683228
	],
	"3. left_ankle": [
		0.35239461064338684,
		0.8182459473609924,
		0.08651172369718552,
		0.9849197268486023
	],
	"6. right_hip": [
		0.31990551948547363,
		0.5711532831192017,
		0.006452697329223156,
		0.9993029832839966
	],
	"7. right_knee": [
		0.32929861545562744,
		0.7087850570678711,
		-0.02073134109377861,
		0.9844706654548645
	],
	"8. right_ankle": [
		0.32567188143730164,
		0.8163905739784241,
		0.09322316199541092,
		0.9772737622261047
	],
	"14. left_shoulder": [
		0.36745840311050415,
		0.40117090940475464,
		-0.016190119087696075,
		0.999215841293335
	],
	"15. left_elbow": [
		0.3574056327342987,
		0.46299973130226135,
		-0.12335143238306046,
		0.9567112922668457
	],
	"16. left_wrist": [
		0.34941238164901733,
		0.38168835639953613,
		-0.26030319929122925,
		0.9321411848068237
	],
	"19. right_shoulder": [
		0.31256794929504395,
		0.39460501074790955,
		0.05366158485412598,
		0.9994859099388123
	],
	"20. right_elbow": [
		0.28861385583877563,
		0.47711652517318726,
		0.0830078199505806,
		0.9483837485313416
	],
	"21. right_wrist": [
		0.27571287751197815,
		0.5494786500930786,
		0.03914927691221237,
		0.9340983629226685
	],
	"24. nose": [
		0.3323687016963959,
		0.35101118683815,
		-0.07252401113510132,
		0.9998144507408142
	],
	"25. left_eye": [
		0.3365839719772339,
		0.3366186022758484,
		-0.06823679804801941,
		0.9996294379234314
	],
	"26. right_eye": [
		0.3278411030769348,
		0.34453514218330383,
		-0.0608244352042675,
		0.9996241331100464
	],
	"27. left_ear": [
		0.3448432981967926,
		0.3360711634159088,
		-0.03166841343045235,
		0.9994831681251526
	],
	"28. right_ear": [
		0.32748815417289734,
		0.34805506467819214,
		0.011858507990837097,
		0.9994885325431824
	],
	"time stamp": 29.969946478656652
}