{
	"1. left_hip": [
		0.35205692052841187,
		0.5732682347297668,
		-0.003817466553300619,
		0.9994055032730103
	],
	"2. left_knee": [
		0.35259750485420227,
		0.7103495597839355,
		-0.03460939973592758,
		0.9862695932388306
	],
	"3. left_ankle": [
		0.3522782325744629,
		0.8189850449562073,
		0.0876590758562088,
		0.9839450120925903
	],
	"6. right_hip": [
		0.3190593123435974,
		0.5730004906654358,
		0.003670098725706339,
		0.9993317127227783
	],
	"7. right_knee": [
		0.3296879231929779,
		0.7102484703063965,
		-0.02211444452404976,
		0.9848644733428955
	],
	"8. right_ankle": [
		0.3251131474971771,
		0.8181132078170776,
		0.09219759702682495,
		0.9759729504585266
	],
	"14. left_shoulder": [
		0.36775678396224976,
		0.4020400643348694,
		-0.019653888419270515,
		0.9992831349372864
	],
	"15. left_elbow": [
		0.35899439454078674,
		0.4595825970172882,
		-0.1306842416524887,
		0.9576501250267029
	],
	"16. left_wrist": [
		0.3487134873867035,
		0.38288500905036926,
		-0.27507084608078003,
		0.9368868470191956
	],
	"19. right_shoulder": [
		0.31352895498275757,
		0.39863282442092896,
		0.04481148347258568,
		0.9995322227478027
	],
	"20. right_elbow": [
		0.2889311611652374,
		0.47986724972724915,
		0.07197139412164688,
		0.9500805735588074
	],
	"21. right_wrist": [
		0.27470865845680237,
		0.5503756403923035,
		0.02594080939888954,
		0.9353373050689697
	],
	"24. nose": [
		0.3324432075023651,
		0.3503973186016083,
		-0.07723064720630646,
		0.9998214244842529
	],
	"25. left_eye": [
		0.33649659156799316,
		0.3370296359062195,
		-0.07102493941783905,
		0.9996384382247925
	],
	"26. right_eye": [
		0.3276367783546448,
		0.34554192423820496,
		-0.0650157630443573,
		0.9996153116226196
	],
	"27. left_ear": [
		0.344075471162796,
		0.3378402888774872,
		-0.03427240252494812,
		0.9994698166847229
	],
	"28. right_ear": [
		0.32729142904281616,
		0.35050198435783386,
		0.006872382014989853,
		0.9995035529136658
	],
	"time stamp": 29.969946478656652
}