{
	"1. left_hip": [
		0.3466981053352356,
		0.5737342834472656,
		-0.001233890070579946,
		0.9994266629219055
	],
	"2. left_knee": [
		0.35273778438568115,
		0.7102764844894409,
		-0.04009242728352547,
		0.9822704792022705
	],
	"3. left_ankle": [
		0.35218924283981323,
		0.8202416300773621,
		0.06847091764211655,
		0.9798853397369385
	],
	"6. right_hip": [
		0.31534525752067566,
		0.5724694132804871,
		0.0011238434817641973,
		0.999329686164856
	],
	"7. right_knee": [
		0.32954567670822144,
		0.7095064520835876,
		-0.021775132045149803,
		0.9843667149543762
	],
	"8. right_ankle": [
		0.32449352741241455,
		0.8187116980552673,
		0.08100754022598267,
		0.9712941646575928
	],
	"14. left_shoulder": [
		0.36716994643211365,
		0.40162667632102966,
		-0.027761822566390038,
		0.9993913173675537
	],
	"15. left_elbow": [
		0.3642522692680359,
		0.43522125482559204,
		-0.14055854082107544,
		0.9591078758239746
	],
	"16. left_wrist": [
		0.3480498790740967,
		0.38070791959762573,
		-0.28238534927368164,
		0.9411740899085999
	],
	"19. right_shoulder": [
		0.312836229801178,
		0.41032955050468445,
		0.030076179653406143,
		0.9995976090431213
	],
	"20. right_elbow": [
		0.291927307844162,
		0.4963107109069824,
		0.05451156944036484,
		0.9483398199081421
	],
	"21. right_wrist": [
		0.2822941839694977,
		0.5710935592651367,
		0.010001476854085922,
		0.9305739402770996
	],
	"24. nose": [
		0.3311794698238373,
		0.3513249158859253,
		-0.09252962470054626,
		0.9998064041137695
	],
	"25. left_eye": [
		0.3344796299934387,
		0.33862242102622986,
		-0.08841444551944733,
		0.9995779991149902
	],
	"26. right_eye": [
		0.3263097107410431,
		0.3478497266769409,
		-0.08128789067268372,
		0.9994915127754211
	],
	"27. left_ear": [
		0.3410254716873169,
		0.3419707715511322,
		-0.04463103786110878,
		0.9992702007293701
	],
	"28. right_ear": [
		0.32594284415245056,
		0.3548697233200073,
		-0.010715830139815807,
		0.9994147419929504
	],
	"time stamp": 29.969946478656652
}