{
	"1. left_hip": [
		0.33268555998802185,
		0.5596885085105896,
		-0.009702378883957863,
		0.9984690546989441
	],
	"2. left_knee": [
		0.3332827389240265,
		0.7067904472351074,
		-0.0434788279235363,
		0.9457661509513855
	],
	"3. left_ankle": [
		0.33950626850128174,
		0.8205088376998901,
		0.056754060089588165,
		0.9663829207420349
	],
	"6. right_hip": [
		0.3184659481048584,
		0.5637582540512085,
		0.009689259342849255,
		0.9979031682014465
	],
	"7. right_knee": [
		0.32608336210250854,
		0.7051511406898499,
		-0.012975196354091167,
		0.9672538638114929
	],
	"8. right_ankle": [
		0.327627956867218,
		0.8208791017532349,
		0.08608831465244293,
		0.9601536989212036
	],
	"14. left_shoulder": [
		0.34402042627334595,
		0.3913251757621765,
		-0.00458403630182147,
		0.9989833831787109
	],
	"15. left_elbow": [
		0.37305739521980286,
		0.40587127208709717,
		-0.1120339184999466,
		0.7776365280151367
	],
	"16. left_wrist": [
		0.3916337490081787,
		0.40243518352508545,
		-0.2418173998594284,
		0.6844131946563721
	],
	"19. right_shoulder": [
		0.3098301589488983,
		0.4113262891769409,
		0.027060505002737045,
		0.9988505244255066
	],
	"20. right_elbow": [
		0.32486027479171753,
		0.49522218108177185,
		0.02923227846622467,
		0.8073992133140564
	],
	"21. right_wrist": [
		0.3144287168979645,
		0.5662956833839417,
		-0.023073963820934296,
		0.6638883352279663
	],
	"24. nose": [
		0.3280107378959656,
		0.33647873997688293,
		-0.10010136663913727,
		0.9957490563392639
	],
	"25. left_eye": [
		0.32850903272628784,
		0.3310900330543518,
		-0.09056369960308075,
		0.9950796961784363
	],
	"26. right_eye": [
		0.324694961309433,
		0.3338666558265686,
		-0.0875917598605156,
		0.9951375126838684
	],
	"27. left_ear": [
		0.3308561444282532,
		0.3391895592212677,
		-0.02735593542456627,
		0.9948526620864868
	],
	"28. right_ear": [
		0.32158979773521423,
		0.34434136748313904,
		-0.01727147400379181,
		0.9960214495658875
	],
	"time stamp": 29.969946478656652
}