{
	"1. left_hip": [
		0.3454447388648987,
		0.5572729706764221,
		-0.03237522393465042,
		0.9988378286361694
	],
	"2. left_knee": [
		0.3355776071548462,
		0.7036654353141785,
		-0.0666530579328537,
		0.9502453804016113
	],
	"3. left_ankle": [
		0.3441837430000305,
		0.8180055618286133,
		0.04989203065633774,
		0.9652730822563171
	],
	"6. right_hip": [
		0.31603437662124634,
		0.5609435439109802,
		0.0323125384747982,
		0.998279333114624
	],
	"7. right_knee": [
		0.3210425078868866,
		0.7015899419784546,
		0.015281845815479755,
		0.9646679162979126
	],
	"8. right_ankle": [
		0.32529813051223755,
		0.8168419003486633,
		0.11444346606731415,
		0.9582451581954956
	],
	"14. left_shoulder": [
		0.3549099564552307,
		0.3706447184085846,
		-0.029885733500123024,
		0.998913586139679
	],
	"15. left_elbow": [
		0.3599986433982849,
		0.37374353408813477,
		-0.1333729773759842,
		0.7999963760375977
	],
	"16. left_wrist": [
		0.3267585039138794,
		0.392407089471817,
		-0.24502019584178925,
		0.6218852400779724
	],
	"19. right_shoulder": [
		0.3123481571674347,
		0.3931853771209717,
		0.08567673712968826,
		0.9976029396057129
	],
	"20. right_elbow": [
		0.3043310046195984,
		0.47950124740600586,
		0.1083018034696579,
		0.7281132936477661
	],
	"21. right_wrist": [
		0.2951905131340027,
		0.5427910089492798,
		0.042148031294345856,
		0.5592580437660217
	],
	"24. nose": [
		0.32784491777420044,
		0.3329164683818817,
		-0.08048778027296066,
		0.9964751601219177
	],
	"25. left_eye": [
		0.33126527070999146,
		0.3238165080547333,
		-0.07359422743320465,
		0.9960417151451111
	],
	"26. right_eye": [
		0.32365745306015015,
		0.32725149393081665,
		-0.06497999280691147,
		0.9952470064163208
	],
	"27. left_ear": [
		0.338932067155838,
		0.32966500520706177,
		-0.021273387596011162,
		0.9961278438568115
	],
	"28. right_ear": [
		0.3204406201839447,
		0.3357297480106354,
		0.016673987731337547,
		0.9959495663642883
	],
	"time stamp": 29.969946478656652
}