{
	"1. left_hip": [
		0.3470115065574646,
		0.561485767364502,
		-0.03502421826124191,
		0.9990246295928955
	],
	"2. left_knee": [
		0.3378339409828186,
		0.7059369683265686,
		-0.07049702107906342,
		0.9577017426490784
	],
	"3. left_ankle": [
		0.346074640750885,
		0.8192650675773621,
		0.03030811809003353,
		0.9701136350631714
	],
	"6. right_hip": [
		0.31712859869003296,
		0.5651549696922302,
		0.03489377722144127,
		0.9985297322273254
	],
	"7. right_knee": [
		0.31748101115226746,
		0.7018617391586304,
		0.024104896932840347,
		0.9669713973999023
	],
	"8. right_ankle": [
		0.32500308752059937,
		0.815742552280426,
		0.11367104202508926,
		0.9621822834014893
	],
	"14. left_shoulder": [
		0.35433071851730347,
		0.37665045261383057,
		-0.022865189239382744,
		0.9990648031234741
	],
	"15. left_elbow": [
		0.357928991317749,
		0.3586633801460266,
		-0.1260501742362976,
		0.8169531226158142
	],
	"16. left_wrist": [
		0.32999202609062195,
		0.3737492561340332,
		-0.2089100182056427,
		0.6236913800239563
	],
	"19. right_shoulder": [
		0.31421762704849243,
		0.40648388862609863,
		0.08071058988571167,
		0.9979904294013977
	],
	"20. right_elbow": [
		0.3004809021949768,
		0.479714035987854,
		0.05931100249290466,
		0.7492811679840088
	],
	"21. right_wrist": [
		0.29286259412765503,
		0.5199297666549683,
		-0.03314559906721115,
		0.6215106248855591
	],
	"24. nose": [
		0.3278942108154297,
		0.3333694636821747,
		-0.076411172747612,
		0.997124433517456
	],
	"25. left_eye": [
		0.3332992196083069,
		0.323456734418869,
		-0.06800802052021027,
		0.9967467188835144
	],
	"26. right_eye": [
		0.32378843426704407,
		0.32633107900619507,
		-0.05945577472448349,
		0.9961035847663879
	],
	"27. left_ear": [
		0.34108322858810425,
		0.32959437370300293,
		-0.01433331798762083,
		0.9967935085296631
	],
	"28. right_ear": [
		0.32061293721199036,
		0.3340601623058319,
		0.02586527168750763,
		0.9966729283332825
	],
	"time stamp": 29.969946478656652
}