{
	"1. left_hip": [
		0.3476884961128235,
		0.5720358490943909,
		-0.04637240618467331,
		0.9990460276603699
	],
	"2. left_knee": [
		0.3374350666999817,
		0.710409939289093,
		-0.0718902051448822,
		0.9634453654289246
	],
	"3. left_ankle": [
		0.3459526300430298,
		0.8203054070472717,
		0.04503847658634186,
		0.9729728698730469
	],
	"6. right_hip": [
		0.3197939097881317,
		0.5722879767417908,
		0.0463688001036644,
		0.9985761642456055
	],
	"7. right_knee": [
		0.31838104128837585,
		0.7056401968002319,
		0.037320010364055634,
		0.9610308408737183
	],
	"8. right_ankle": [
		0.32600194215774536,
		0.8156832456588745,
		0.14243581891059875,
		0.9619792699813843
	],
	"14. left_shoulder": [
		0.3526700735092163,
		0.39159777760505676,
		-0.05785803124308586,
		0.9992058277130127
	],
	"15. left_elbow": [
		0.34072595834732056,
		0.47707346081733704,
		-0.0676814466714859,
		0.8321892023086548
	],
	"16. left_wrist": [
		0.32256537675857544,
		0.5428993105888367,
		-0.09190963208675385,
		0.642585039138794
	],
	"19. right_shoulder": [
		0.31497278809547424,
		0.40885215997695923,
		0.08196201175451279,
		0.9982248544692993
	],
	"20. right_elbow": [
		0.2995552718639374,
		0.4757286012172699,
		0.05692344158887863,
		0.7214797139167786
	],
	"21. right_wrist": [
		0.29578807950019836,
		0.5029910802841187,
		-0.07139105349779129,
		0.6411479711532593
	],
	"24. nose": [
		0.328136682510376,
		0.3402157425880432,
		-0.1075921505689621,
		0.9976122379302979
	],
	"25. left_eye": [
		0.3355851173400879,
		0.33116331696510315,
		-0.1006816178560257,
		0.9972383975982666
	],
	"26. right_eye": [
		0.3243313729763031,
		0.33027082681655884,
		-0.09280753880739212,
		0.9966915249824524
	],
	"27. left_ear": [
		0.34211307764053345,
		0.3376750946044922,
		-0.043707866221666336,
		0.9972864985466003
	],
	"28. right_ear": [
		0.32136160135269165,
		0.335549533367157,
		-0.00955136213451624,
		0.9970296621322632
	],
	"time stamp": 29.969946478656652
}