{
	"1. left_hip": [
		0.34841662645339966,
		0.5787687301635742,
		-0.03929918259382248,
		0.9990791082382202
	],
	"2. left_knee": [
		0.3374321460723877,
		0.7126495242118835,
		-0.06617476046085358,
		0.9657372236251831
	],
	"3. left_ankle": [
		0.3460480570793152,
		0.821089506149292,
		0.07694994658231735,
		0.9740745425224304
	],
	"6. right_hip": [
		0.321378618478775,
		0.5780242681503296,
		0.03927742689847946,
		0.9986385107040405
	],
	"7. right_knee": [
		0.3183346390724182,
		0.7082394361495972,
		0.027555564418435097,
		0.9580241441726685
	],
	"8. right_ankle": [
		0.3262534737586975,
		0.8159535527229309,
		0.14507409930229187,
		0.96259605884552
	],
	"14. left_shoulder": [
		0.3523947596549988,
		0.4025881886482239,
		-0.049741338938474655,
		0.9992647767066956
	],
	"15. left_elbow": [
		0.34080296754837036,
		0.5003718137741089,
		-0.035057418048381805,
		0.8300698399543762
	],
	"16. left_wrist": [
		0.3430963158607483,
		0.5693427324295044,
		-0.07297904789447784,
		0.6365760564804077
	],
	"19. right_shoulder": [
		0.3146091103553772,
		0.4083769917488098,
		0.040373194962739944,
		0.9983496069908142
	],
	"20. right_elbow": [
		0.29938915371894836,
		0.4753870368003845,
		0.002628318266943097,
		0.7075461745262146
	],
	"21. right_wrist": [
		0.29796844720840454,
		0.49796807765960693,
		-0.14811018109321594,
		0.6457831859588623
	],
	"24. nose": [
		0.3282906115055084,
		0.34428977966308594,
		-0.14534978568553925,
		0.9978452324867249
	],
	"25. left_eye": [
		0.336143434047699,
		0.3351193964481354,
		-0.13584503531455994,
		0.9975013732910156
	],
	"26. right_eye": [
		0.3246861696243286,
		0.3337498903274536,
		-0.13087241351604462,
		0.9970066547393799
	],
	"27. left_ear": [
		0.3426485061645508,
		0.3417837619781494,
		-0.065240278840065,
		0.9975433945655823
	],
	"28. right_ear": [
		0.3217065930366516,
		0.33852845430374146,
		-0.04492633789777756,
		0.9972997307777405
	],
	"time stamp": 29.969946478656652
}