{
	"1. left_hip": [
		0.3490387797355652,
		0.5775946974754333,
		-0.036546096205711365,
		0.9991455674171448
	],
	"2. left_knee": [
		0.33743131160736084,
		0.7129098773002625,
		-0.05472986772656441,
		0.9685255885124207
	],
	"3. left_ankle": [
		0.34614312648773193,
		0.8212695717811584,
		0.08863627165555954,
		0.975838840007782
	],
	"6. right_hip": [
		0.3219680190086365,
		0.5774990320205688,
		0.03653637319803238,
		0.9987013339996338
	],
	"7. right_knee": [
		0.3182426989078522,
		0.7086438536643982,
		0.03247916325926781,
		0.9572197794914246
	],
	"8. right_ankle": [
		0.3263024687767029,
		0.8157433271408081,
		0.15161417424678802,
		0.9643152356147766
	],
	"14. left_shoulder": [
		0.3531956672668457,
		0.40794774889945984,
		-0.05068186670541763,
		0.9993367791175842
	],
	"15. left_elbow": [
		0.35240986943244934,
		0.5019208192825317,
		-0.04309368506073952,
		0.8456329703330994
	],
	"16. left_wrist": [
		0.3656935393810272,
		0.5741860866546631,
		-0.0903526097536087,
		0.6702238917350769
	],
	"19. right_shoulder": [
		0.3119142949581146,
		0.4080565571784973,
		0.03521957993507385,
		0.9984163045883179
	],
	"20. right_elbow": [
		0.30003511905670166,
		0.4787616431713104,
		-0.02266799844801426,
		0.6809523701667786
	],
	"21. right_wrist": [
		0.30784106254577637,
		0.488858163356781,
		-0.1957176774740219,
		0.6467698812484741
	],
	"24. nose": [
		0.32928523421287537,
		0.3469926118850708,
		-0.15448255836963654,
		0.9980589151382446
	],
	"25. left_eye": [
		0.3367941975593567,
		0.33732250332832336,
		-0.14385220408439636,
		0.9977483153343201
	],
	"26. right_eye": [
		0.32560068368911743,
		0.33636605739593506,
		-0.14004406332969666,
		0.997299313545227
	],
	"27. left_ear": [
		0.3429778218269348,
		0.3444347679615021,
		-0.06759456545114517,
		0.9977867603302002
	],
	"28. right_ear": [
		0.32220369577407837,
		0.34207960963249207,
		-0.05343912914395332,
		0.9975517392158508
	],
	"time stamp": 29.969946478656652
}