{
	"1. left_hip": [
		0.3516238331794739,
		0.576314389705658,
		-0.025170868262648582,
		0.9992585778236389
	],
	"2. left_knee": [
		0.338315486907959,
		0.7126569151878357,
		-0.041595835238695145,
		0.9732602834701538
	],
	"3. left_ankle": [
		0.34627556800842285,
		0.8220951557159424,
		0.08647707104682922,
		0.9787612557411194
	],
	"6. right_hip": [
		0.322656512260437,
		0.5768688917160034,
		0.025166619569063187,
		0.9988348484039307
	],
	"7. right_knee": [
		0.3185082674026489,
		0.7086682915687561,
		0.01706966944038868,
		0.9573469161987305
	],
	"8. right_ankle": [
		0.3262818455696106,
		0.8156266212463379,
		0.13312116265296936,
		0.967376708984375
	],
	"14. left_shoulder": [
		0.35354405641555786,
		0.41177982091903687,
		-0.005615707021206617,
		0.9994590282440186
	],
	"15. left_elbow": [
		0.3638116121292114,
		0.4931655824184418,
		0.010555148124694824,
		0.8712132573127747
	],
	"16. left_wrist": [
		0.3837908208370209,
		0.5667250752449036,
		-0.046438444405794144,
		0.7273194789886475
	],
	"19. right_shoulder": [
		0.3074636161327362,
		0.4077712893486023,
		0.02301417663693428,
		0.9985941052436829
	],
	"20. right_elbow": [
		0.2937053442001343,
		0.47700488567352295,
		-0.06085716933012009,
		0.6842432022094727
	],
	"21. right_wrist": [
		0.31745144724845886,
		0.4709143340587616,
		-0.22702758014202118,
		0.6748807430267334
	],
	"24. nose": [
		0.32984083890914917,
		0.3493354916572571,
		-0.13236995041370392,
		0.998424768447876
	],
	"25. left_eye": [
		0.3374897837638855,
		0.33937039971351624,
		-0.11997522413730621,
		0.9981706738471985
	],
	"26. right_eye": [
		0.3265494704246521,
		0.3379151225090027,
		-0.11867199838161469,
		0.9978023171424866
	],
	"27. left_ear": [
		0.3436562716960907,
		0.3475090563297272,
		-0.054684609174728394,
		0.9982021450996399
	],
	"28. right_ear": [
		0.32334116101264954,
		0.3437941074371338,
		-0.037793900817632675,
		0.9979907870292664
	],
	"time stamp": 29.969946478656652
}