{
	"1. left_hip": [
		0.3182566165924072,
		0.5732604265213013,
		-0.027504336088895798,
		0.9994218349456787
	],
	"2. left_knee": [
		0.32285115122795105,
		0.7127645015716553,
		-0.01310748141258955,
		0.9757214188575745
	],
	"3. left_ankle": [
		0.3283398747444153,
		0.8199081420898438,
		0.010410549119114876,
		0.9791086912155151
	],
	"6. right_hip": [
		0.33758336305618286,
		0.5730908513069153,
		0.027421509847044945,
		0.9988021850585938
	],
	"7. right_knee": [
		0.3327595591545105,
		0.7110978960990906,
		0.034859079867601395,
		0.9668101072311401
	],
	"8. right_ankle": [
		0.34117740392684937,
		0.823276937007904,
		0.06074727699160576,
		0.9646349549293518
	],
	"14. left_shoulder": [
		0.33272066712379456,
		0.40239402651786804,
		-0.01918850652873516,
		0.999440610408783
	],
	"15. left_elbow": [
		0.3347908854484558,
		0.42536285519599915,
		-0.12347765266895294,
		0.8966479897499084
	],
	"16. left_wrist": [
		0.312517911195755,
		0.39710307121276855,
		-0.16748009622097015,
		0.7673498392105103
	],
	"19. right_shoulder": [
		0.3463214039802551,
		0.41780099272727966,
		0.10174421221017838,
		0.9970048666000366
	],
	"20. right_elbow": [
		0.3355647325515747,
		0.46084973216056824,
		0.09466515481472015,
		0.6981868743896484
	],
	"21. right_wrist": [
		0.31197816133499146,
		0.4095592498779297,
		0.05293171852827072,
		0.6298434138298035
	],
	"24. nose": [
		0.32488927245140076,
		0.3673977851867676,
		0.05251388996839523,
		0.9985106587409973
	],
	"25. left_eye": [
		0.3263486623764038,
		0.3557353615760803,
		0.038847871124744415,
		0.9983463287353516
	],
	"26. right_eye": [
		0.32575148344039917,
		0.3568322956562042,
		0.052860140800476074,
		0.9971552491188049
	],
	"27. left_ear": [
		0.3311482071876526,
		0.35772356390953064,
		0.012468173168599606,
		0.9988757967948914
	],
	"28. right_ear": [
		0.3278080224990845,
		0.3602336049079895,
		0.07312369346618652,
		0.9974161386489868
	],
	"time stamp": 29.969946478656652
}