{
	"1. left_hip": [
		0.31346893310546875,
		0.5731648206710815,
		-0.024177469313144684,
		0.9993953704833984
	],
	"2. left_knee": [
		0.31796932220458984,
		0.7124165892601013,
		-0.010951397009193897,
		0.977794885635376
	],
	"3. left_ankle": [
		0.3250667154788971,
		0.8210560083389282,
		-0.02051701210439205,
		0.9805986285209656
	],
	"6. right_hip": [
		0.3435038626194,
		0.5730154514312744,
		0.02404484525322914,
		0.9988219141960144
	],
	"7. right_knee": [
		0.3368600308895111,
		0.7124320864677429,
		0.03373507782816887,
		0.9697012901306152
	],
	"8. right_ankle": [
		0.34434837102890015,
		0.826265811920166,
		0.028819113969802856,
		0.9671889543533325
	],
	"14. left_shoulder": [
		0.3182017207145691,
		0.40469661355018616,
		0.027375826612114906,
		0.9994184970855713
	],
	"15. left_elbow": [
		0.3128437399864197,
		0.4567817747592926,
		-0.05786065012216568,
		0.8709719181060791
	],
	"16. left_wrist": [
		0.3102148175239563,
		0.43194398283958435,
		-0.13909746706485748,
		0.7339798212051392
	],
	"19. right_shoulder": [
		0.35605284571647644,
		0.4152072072029114,
		0.10364949703216553,
		0.9972673058509827
	],
	"20. right_elbow": [
		0.3368578255176544,
		0.4171374440193176,
		0.0604342445731163,
		0.661985456943512
	],
	"21. right_wrist": [
		0.295822411775589,
		0.40589383244514465,
		-0.0022335913963615894,
		0.5968902111053467
	],
	"24. nose": [
		0.32387858629226685,
		0.36846861243247986,
		0.18534956872463226,
		0.9986137747764587
	],
	"25. left_eye": [
		0.3243575096130371,
		0.3572816252708435,
		0.16224689781665802,
		0.9984712600708008
	],
	"26. right_eye": [
		0.3261076807975769,
		0.3573836386203766,
		0.1692010462284088,
		0.9973975419998169
	],
	"27. left_ear": [
		0.3267023265361786,
		0.3591931164264679,
		0.08915115892887115,
		0.9989500641822815
	],
	"28. right_ear": [
		0.33196407556533813,
		0.3598180413246155,
		0.12025590240955353,
		0.997645914554596
	],
	"time stamp": 29.969946478656652
}