{
	"1. left_hip": [
		0.3342295289039612,
		0.574315071105957,
		-0.02946566976606846,
		0.9994387626647949
	],
	"2. left_knee": [
		0.3273888826370239,
		0.7141929864883423,
		-0.03805869445204735,
		0.9793142676353455
	],
	"3. left_ankle": [
		0.3359159529209137,
		0.8205013871192932,
		0.08546438813209534,
		0.981429934501648
	],
	"6. right_hip": [
		0.3184509873390198,
		0.5729442834854126,
		0.029335688799619675,
		0.9989073872566223
	],
	"7. right_knee": [
		0.3218926787376404,
		0.7121016383171082,
		0.0386190190911293,
		0.9709362983703613
	],
	"8. right_ankle": [
		0.33049091696739197,
		0.8221138119697571,
		0.15332016348838806,
		0.9680148363113403
	],
	"14. left_shoulder": [
		0.3464055061340332,
		0.40479129552841187,
		-0.04020412638783455,
		0.9994685053825378
	],
	"15. left_elbow": [
		0.31727880239486694,
		0.4210067391395569,
		-0.0967680960893631,
		0.8823407292366028
	],
	"16. left_wrist": [
		0.2856605648994446,
		0.4096743166446686,
		-0.10913962125778198,
		0.7570974230766296
	],
	"19. right_shoulder": [
		0.32942691445350647,
		0.41829490661621094,
		0.09037407487630844,
		0.9974218010902405
	],
	"20. right_elbow": [
		0.3076167106628418,
		0.4622619152069092,
		0.0074332095682621,
		0.6553356647491455
	],
	"21. right_wrist": [
		0.3009145259857178,
		0.410549134016037,
		-0.11547745764255524,
		0.6180102825164795
	],
	"24. nose": [
		0.32139837741851807,
		0.3673349916934967,
		0.0007231131312437356,
		0.9987310171127319
	],
	"25. left_eye": [
		0.32537269592285156,
		0.3560020327568054,
		-0.006494843866676092,
		0.9985986351966858
	],
	"26. right_eye": [
		0.32143932580947876,
		0.3569695055484772,
		0.024507902562618256,
		0.997607946395874
	],
	"27. left_ear": [
		0.33005186915397644,
		0.3583555817604065,
		-0.008809851482510567,
		0.9990402460098267
	],
	"28. right_ear": [
		0.32558852434158325,
		0.3601464033126831,
		0.06239350512623787,
		0.9978035688400269
	],
	"time stamp": 29.969946478656652
}