{
	"1. left_hip": [
		0.3420357406139374,
		0.5739637613296509,
		-0.0356406606733799,
		0.9994893074035645
	],
	"2. left_knee": [
		0.3323913812637329,
		0.713672399520874,
		-0.04684754088521004,
		0.9814218878746033
	],
	"3. left_ankle": [
		0.34226053953170776,
		0.8195202350616455,
		0.09127119183540344,
		0.9823537468910217
	],
	"6. right_hip": [
		0.31422582268714905,
		0.5724912881851196,
		0.03549809008836746,
		0.9990373849868774
	],
	"7. right_knee": [
		0.31683605909347534,
		0.7119038105010986,
		0.046935681253671646,
		0.971642792224884
	],
	"8. right_ankle": [
		0.3256050944328308,
		0.8189432621002197,
		0.16368719935417175,
		0.9688228368759155
	],
	"14. left_shoulder": [
		0.3559766709804535,
		0.4041851758956909,
		-0.06057850643992424,
		0.9995397329330444
	],
	"15. left_elbow": [
		0.31440871953964233,
		0.4077172875404358,
		-0.12356486171483994,
		0.9009958505630493
	],
	"16. left_wrist": [
		0.2859545052051544,
		0.3893251121044159,
		-0.11874685436487198,
		0.7958171963691711
	],
	"19. right_shoulder": [
		0.32085561752319336,
		0.41818228363990784,
		0.09080485999584198,
		0.9977696537971497
	],
	"20. right_elbow": [
		0.29322558641433716,
		0.4606132507324219,
		0.01334536075592041,
		0.6553785800933838
	],
	"21. right_wrist": [
		0.29101014137268066,
		0.40253737568855286,
		-0.1441776156425476,
		0.6685267090797424
	],
	"24. nose": [
		0.3209720253944397,
		0.36657145619392395,
		-0.03900587558746338,
		0.9989398121833801
	],
	"25. left_eye": [
		0.32643765211105347,
		0.3557194471359253,
		-0.043467648327350616,
		0.9988237619400024
	],
	"26. right_eye": [
		0.320640504360199,
		0.3557737469673157,
		-0.02605917491018772,
		0.9979958534240723
	],
	"27. left_ear": [
		0.3356190621852875,
		0.3580467998981476,
		-0.034170038998126984,
		0.9991957545280457
	],
	"28. right_ear": [
		0.3240678608417511,
		0.35903406143188477,
		0.04492594301700592,
		0.9981101751327515
	],
	"time stamp": 29.969946478656652
}