{
	"1. left_hip": [
		0.34315839409828186,
		0.5612369775772095,
		-0.05597712844610214,
		0.9995277523994446
	],
	"2. left_knee": [
		0.3303549289703369,
		0.7015025019645691,
		-0.059414803981781006,
		0.9830000400543213
	],
	"3. left_ankle": [
		0.34745267033576965,
		0.8123405575752258,
		0.033973291516304016,
		0.9827616214752197
	],
	"6. right_hip": [
		0.31517407298088074,
		0.566131591796875,
		0.05581328272819519,
		0.9993338584899902
	],
	"7. right_knee": [
		0.31470364332199097,
		0.7003896236419678,
		0.06855933368206024,
		0.9434563517570496
	],
	"8. right_ankle": [
		0.3247896134853363,
		0.8121708631515503,
		0.1558648943901062,
		0.9555668830871582
	],
	"14. left_shoulder": [
		0.3467438220977783,
		0.3877769112586975,
		-0.09990079700946808,
		0.9995720386505127
	],
	"15. left_elbow": [
		0.2962602972984314,
		0.38415035605430603,
		-0.15548159182071686,
		0.9443883299827576
	],
	"16. left_wrist": [
		0.2909659743309021,
		0.33210164308547974,
		-0.11303757131099701,
		0.8717514276504517
	],
	"19. right_shoulder": [
		0.31235066056251526,
		0.3948153555393219,
		0.07887329906225204,
		0.9982326626777649
	],
	"20. right_elbow": [
		0.2855266332626343,
		0.3798108696937561,
		-0.007598033640533686,
		0.7078781127929688
	],
	"21. right_wrist": [
		0.2938142418861389,
		0.32508978247642517,
		-0.11915764957666397,
		0.6982412934303284
	],
	"24. nose": [
		0.3231009840965271,
		0.33659079670906067,
		-0.09084606170654297,
		0.9994470477104187
	],
	"25. left_eye": [
		0.3318398594856262,
		0.32799863815307617,
		-0.08620338886976242,
		0.9993909001350403
	],
	"26. right_eye": [
		0.3212416172027588,
		0.3268609642982483,
		-0.07361192256212234,
		0.9989516139030457
	],
	"27. left_ear": [
		0.34082579612731934,
		0.3363751173019409,
		-0.04883148521184921,
		0.9995861649513245
	],
	"28. right_ear": [
		0.32246965169906616,
		0.3309556841850281,
		0.0087920892983675,
		0.9989727139472961
	],
	"time stamp": 29.969946478656652
}