{
	"1. left_hip": [
		0.3398459553718567,
		0.5693264007568359,
		-0.06370948255062103,
		0.999322235584259
	],
	"2. left_knee": [
		0.3274365961551666,
		0.7095676064491272,
		-0.06164751574397087,
		0.9720726609230042
	],
	"3. left_ankle": [
		0.3464175760746002,
		0.8183794617652893,
		-0.013908353634178638,
		0.9793524742126465
	],
	"6. right_hip": [
		0.3187880218029022,
		0.5754072070121765,
		0.06368742883205414,
		0.9991590976715088
	],
	"7. right_knee": [
		0.31414616107940674,
		0.7098663449287415,
		0.07027062028646469,
		0.8824272155761719
	],
	"8. right_ankle": [
		0.33343666791915894,
		0.8135156631469727,
		0.11455132067203522,
		0.9209323525428772
	],
	"14. left_shoulder": [
		0.34595027565956116,
		0.4025348126888275,
		-0.09411389380693436,
		0.9992725253105164
	],
	"15. left_elbow": [
		0.301378458738327,
		0.39011716842651367,
		-0.15970641374588013,
		0.9554533362388611
	],
	"16. left_wrist": [
		0.3110327124595642,
		0.3375127911567688,
		-0.16993266344070435,
		0.8546015024185181
	],
	"19. right_shoulder": [
		0.3175778388977051,
		0.4065361022949219,
		0.08188395202159882,
		0.9977120161056519
	],
	"20. right_elbow": [
		0.2968032658100128,
		0.3956149220466614,
		0.16409282386302948,
		0.6851602792739868
	],
	"21. right_wrist": [
		0.3075464963912964,
		0.3421837389469147,
		0.23643116652965546,
		0.6180445551872253
	],
	"24. nose": [
		0.3225618302822113,
		0.35296720266342163,
		-0.06376359611749649,
		0.9995460510253906
	],
	"25. left_eye": [
		0.3282003104686737,
		0.34524258971214294,
		-0.06846463680267334,
		0.9995529651641846
	],
	"26. right_eye": [
		0.3214159905910492,
		0.3465976417064667,
		-0.05421733856201172,
		0.9991816282272339
	],
	"27. left_ear": [
		0.3368806540966034,
		0.34864646196365356,
		-0.05663428455591202,
		0.9996576309204102
	],
	"28. right_ear": [
		0.32406824827194214,
		0.3514946699142456,
		0.002157923299819231,
		0.9991981387138367
	],
	"time stamp": 29.969946478656652
}