{
	"1. left_hip": [
		0.3360232710838318,
		0.5693158507347107,
		-0.06358851492404938,
		0.9993011355400085
	],
	"2. left_knee": [
		0.32574281096458435,
		0.7104098200798035,
		-0.06121181696653366,
		0.9721060991287231
	],
	"3. left_ankle": [
		0.3452696204185486,
		0.8186419010162354,
		-0.03795187547802925,
		0.9796021580696106
	],
	"6. right_hip": [
		0.32002514600753784,
		0.5753059983253479,
		0.06357158720493317,
		0.9991306066513062
	],
	"7. right_knee": [
		0.3142922818660736,
		0.7105016708374023,
		0.06810346990823746,
		0.8689659833908081
	],
	"8. right_ankle": [
		0.3341469466686249,
		0.8137062191963196,
		0.0917283147573471,
		0.9110279083251953
	],
	"14. left_shoulder": [
		0.34453245997428894,
		0.4022420644760132,
		-0.07913494855165482,
		0.9992859959602356
	],
	"15. left_elbow": [
		0.3138805031776428,
		0.38880425691604614,
		-0.14587394893169403,
		0.9569113850593567
	],
	"16. left_wrist": [
		0.31955400109291077,
		0.3343043029308319,
		-0.15273675322532654,
		0.853191614151001
	],
	"19. right_shoulder": [
		0.3179876208305359,
		0.4072129428386688,
		0.08929441124200821,
		0.9976293444633484
	],
	"20. right_elbow": [
		0.3029835522174835,
		0.3876693844795227,
		0.15820138156414032,
		0.6563255786895752
	],
	"21. right_wrist": [
		0.3216792345046997,
		0.33933278918266296,
		0.2066333293914795,
		0.5871111154556274
	],
	"24. nose": [
		0.3208863437175751,
		0.3604811429977417,
		-0.035728130489587784,
		0.9994943737983704
	],
	"25. left_eye": [
		0.32376885414123535,
		0.35193777084350586,
		-0.04275886341929436,
		0.9995359182357788
	],
	"26. right_eye": [
		0.3203798532485962,
		0.35487061738967896,
		-0.027923163026571274,
		0.9990947246551514
	],
	"27. left_ear": [
		0.33092790842056274,
		0.3546554446220398,
		-0.04514864832162857,
		0.9996412396430969
	],
	"28. right_ear": [
		0.32397767901420593,
		0.35884544253349304,
		0.023473011329770088,
		0.9991626739501953
	],
	"time stamp": 29.969946478656652
}