{
	"1. left_hip": [
		0.3364933133125305,
		0.5695021152496338,
		-0.06263608485460281,
		0.9993140697479248
	],
	"2. left_knee": [
		0.3273584246635437,
		0.7106685638427734,
		-0.04967415705323219,
		0.9725437760353088
	],
	"3. left_ankle": [
		0.3460904657840729,
		0.8190538287162781,
		-0.022072944790124893,
		0.9802760481834412
	],
	"6. right_hip": [
		0.31871089339256287,
		0.5752056837081909,
		0.06254933774471283,
		0.9991660118103027
	],
	"7. right_knee": [
		0.31055304408073425,
		0.7104632258415222,
		0.07287200540304184,
		0.8682012557983398
	],
	"8. right_ankle": [
		0.3327375054359436,
		0.81312495470047,
		0.12379422038793564,
		0.9093837141990662
	],
	"14. left_shoulder": [
		0.3384564518928528,
		0.4014976918697357,
		-0.09107889235019684,
		0.9993171095848083
	],
	"15. left_elbow": [
		0.3111136257648468,
		0.35804829001426697,
		-0.15463903546333313,
		0.9583454132080078
	],
	"16. left_wrist": [
		0.3217092752456665,
		0.3214487135410309,
		-0.1516249179840088,
		0.8525564074516296
	],
	"19. right_shoulder": [
		0.3176441192626953,
		0.4051038920879364,
		0.08793122321367264,
		0.997753381729126
	],
	"20. right_elbow": [
		0.30077406764030457,
		0.34936100244522095,
		0.16746048629283905,
		0.6350919604301453
	],
	"21. right_wrist": [
		0.3225198984146118,
		0.3214380741119385,
		0.22773683071136475,
		0.5617161393165588
	],
	"24. nose": [
		0.30739453434944153,
		0.370233952999115,
		-0.020430756732821465,
		0.9994280338287354
	],
	"25. left_eye": [
		0.31174275279045105,
		0.35692650079727173,
		-0.034297745674848557,
		0.9994775056838989
	],
	"26. right_eye": [
		0.3089490532875061,
		0.35836076736450195,
		-0.01480070035904646,
		0.9989345073699951
	],
	"27. left_ear": [
		0.32112497091293335,
		0.35668736696243286,
		-0.05602080747485161,
		0.9995794296264648
	],
	"28. right_ear": [
		0.3164219260215759,
		0.3592829704284668,
		0.02970394864678383,
		0.9991322755813599
	],
	"time stamp": 29.969946478656652
}