{
	"1. left_hip": [
		0.33680152893066406,
		0.5695589184761047,
		-0.06250489503145218,
		0.9993441104888916
	],
	"2. left_knee": [
		0.32887810468673706,
		0.7108391523361206,
		-0.049394410103559494,
		0.9734760522842407
	],
	"3. left_ankle": [
		0.3466340899467468,
		0.8193003535270691,
		-0.012693298980593681,
		0.9811511039733887
	],
	"6. right_hip": [
		0.3175315856933594,
		0.5751035213470459,
		0.06238599494099617,
		0.9992106556892395
	],
	"7. right_knee": [
		0.3088672459125519,
		0.7103732824325562,
		0.07360510528087616,
		0.8712331652641296
	],
	"8. right_ankle": [
		0.3314173221588135,
		0.81233811378479,
		0.14179947972297668,
		0.9095115661621094
	],
	"14. left_shoulder": [
		0.33734408020973206,
		0.4009707272052765,
		-0.09609462320804596,
		0.9993595480918884
	],
	"15. left_elbow": [
		0.3087955713272095,
		0.35387176275253296,
		-0.1656518578529358,
		0.9601929783821106
	],
	"16. left_wrist": [
		0.3217921853065491,
		0.31917664408683777,
		-0.16963091492652893,
		0.8575866222381592
	],
	"19. right_shoulder": [
		0.3173338770866394,
		0.402895987033844,
		0.0875125452876091,
		0.9978640079498291
	],
	"20. right_elbow": [
		0.2998082935810089,
		0.3434124290943146,
		0.16629600524902344,
		0.6143553256988525
	],
	"21. right_wrist": [
		0.32321324944496155,
		0.31760308146476746,
		0.2237442433834076,
		0.5423771142959595
	],
	"24. nose": [
		0.3043271601200104,
		0.37200117111206055,
		-0.01748616434633732,
		0.9993946552276611
	],
	"25. left_eye": [
		0.30904796719551086,
		0.35789844393730164,
		-0.03206475079059601,
		0.9994556307792664
	],
	"26. right_eye": [
		0.30631330609321594,
		0.3589111864566803,
		-0.01198005024343729,
		0.998842716217041
	],
	"27. left_ear": [
		0.3188967704772949,
		0.35708609223365784,
		-0.05871418118476868,
		0.9995501637458801
	],
	"28. right_ear": [
		0.3141288161277771,
		0.3590601086616516,
		0.0317024402320385,
		0.9991260170936584
	],
	"time stamp": 29.969946478656652
}