{
	"1. left_hip": [
		0.33295565843582153,
		0.5628625750541687,
		-0.04360317438840866,
		0.9993818998336792
	],
	"2. left_knee": [
		0.3333786129951477,
		0.7062492966651917,
		-0.04500529170036316,
		0.9746866226196289
	],
	"3. left_ankle": [
		0.34819716215133667,
		0.8193672299385071,
		0.05989127233624458,
		0.9819875359535217
	],
	"6. right_hip": [
		0.30565303564071655,
		0.5649921894073486,
		0.0434885248541832,
		0.9992468953132629
	],
	"7. right_knee": [
		0.2943936586380005,
		0.7027541995048523,
		0.03742722421884537,
		0.8970066905021667
	],
	"8. right_ankle": [
		0.31604254245758057,
		0.8062611818313599,
		0.15194270014762878,
		0.9244164824485779
	],
	"14. left_shoulder": [
		0.34191980957984924,
		0.39361873269081116,
		-0.04880264401435852,
		0.9994025230407715
	],
	"15. left_elbow": [
		0.33937883377075195,
		0.31064167618751526,
		-0.08295415341854095,
		0.967948317527771
	],
	"16. left_wrist": [
		0.32474085688591003,
		0.2662663459777832,
		-0.031733788549900055,
		0.8651837110519409
	],
	"19. right_shoulder": [
		0.3031008243560791,
		0.391287624835968,
		0.07761738449335098,
		0.9979915022850037
	],
	"20. right_elbow": [
		0.2879716753959656,
		0.31280577182769775,
		0.10350946336984634,
		0.6757850646972656
	],
	"21. right_wrist": [
		0.31493860483169556,
		0.2626003623008728,
		0.105115607380867,
		0.5806572437286377
	],
	"24. nose": [
		0.3082438111305237,
		0.33965811133384705,
		-0.07397517561912537,
		0.9994562268257141
	],
	"25. left_eye": [
		0.31336164474487305,
		0.3275097906589508,
		-0.06870026886463165,
		0.9994843006134033
	],
	"26. right_eye": [
		0.30962085723876953,
		0.33016809821128845,
		-0.056122712790966034,
		0.9988542795181274
	],
	"27. left_ear": [
		0.32418292760849,
		0.33339908719062805,
		-0.03707132115960121,
		0.9995554685592651
	],
	"28. right_ear": [
		0.31263765692710876,
		0.3361305892467499,
		0.02695005014538765,
		0.999176025390625
	],
	"time stamp": 29.969946478656652
}