{
	"1. left_hip": [
		0.3136841356754303,
		0.5551109910011292,
		-0.04607057943940163,
		0.9994212985038757
	],
	"2. left_knee": [
		0.3240804076194763,
		0.6925368905067444,
		-0.054937779903411865,
		0.9845916628837585
	],
	"3. left_ankle": [
		0.34747856855392456,
		0.8140654563903809,
		0.025256674736738205,
		0.9876276254653931
	],
	"6. right_hip": [
		0.2820010185241699,
		0.5552754998207092,
		0.04607165604829788,
		0.9993242025375366
	],
	"7. right_knee": [
		0.26409533619880676,
		0.6906412243843079,
		0.050276171416044235,
		0.9463852047920227
	],
	"8. right_ankle": [
		0.2690809369087219,
		0.8123584985733032,
		0.11952020227909088,
		0.9598344564437866
	],
	"14. left_shoulder": [
		0.3352363407611847,
		0.37776657938957214,
		-0.057521235197782516,
		0.9995332360267639
	],
	"15. left_elbow": [
		0.36481553316116333,
		0.32318785786628723,
		-0.17098791897296906,
		0.9838694930076599
	],
	"16. left_wrist": [
		0.3523969054222107,
		0.2605362832546234,
		-0.23572058975696564,
		0.9232664108276367
	],
	"19. right_shoulder": [
		0.2828661799430847,
		0.3764348030090332,
		0.07822905480861664,
		0.9982616901397705
	],
	"20. right_elbow": [
		0.2625206410884857,
		0.3149932026863098,
		0.12938031554222107,
		0.8226655721664429
	],
	"21. right_wrist": [
		0.2669774889945984,
		0.25243547558784485,
		0.14014115929603577,
		0.7515788674354553
	],
	"24. nose": [
		0.30028992891311646,
		0.32609328627586365,
		-0.10726983845233917,
		0.9997050762176514
	],
	"25. left_eye": [
		0.30669742822647095,
		0.31559523940086365,
		-0.09960512071847916,
		0.9996935725212097
	],
	"26. right_eye": [
		0.29560694098472595,
		0.31916746497154236,
		-0.08633929491043091,
		0.9993392825126648
	],
	"27. left_ear": [
		0.31853997707366943,
		0.32003581523895264,
		-0.052035849541425705,
		0.9997572898864746
	],
	"28. right_ear": [
		0.29475095868110657,
		0.32435429096221924,
		0.011167814023792744,
		0.9995105266571045
	],
	"time stamp": 29.969946478656652
}