{
	"1. left_hip": [
		0.28785958886146545,
		0.5632716417312622,
		-0.05818825960159302,
		0.9995546340942383
	],
	"2. left_knee": [
		0.27663466334342957,
		0.7051374912261963,
		-0.12777818739414215,
		0.9875690937042236
	],
	"3. left_ankle": [
		0.32852745056152344,
		0.8077071905136108,
		-0.08487911522388458,
		0.9898502826690674
	],
	"6. right_hip": [
		0.2644074857234955,
		0.5635966658592224,
		0.05815935134887695,
		0.9995313882827759
	],
	"7. right_knee": [
		0.2534739375114441,
		0.6951899528503418,
		0.032410625368356705,
		0.9268935918807983
	],
	"8. right_ankle": [
		0.26767784357070923,
		0.8195024132728577,
		0.09541866183280945,
		0.9638774991035461
	],
	"14. left_shoulder": [
		0.31096047163009644,
		0.40006837248802185,
		-0.04327678307890892,
		0.9996653199195862
	],
	"15. left_elbow": [
		0.3492419719696045,
		0.4258173704147339,
		-0.14932027459144592,
		0.9902785420417786
	],
	"16. left_wrist": [
		0.3553556799888611,
		0.3446550667285919,
		-0.22734150290489197,
		0.9534180760383606
	],
	"19. right_shoulder": [
		0.26608896255493164,
		0.39443689584732056,
		0.10761227458715439,
		0.9987199902534485
	],
	"20. right_elbow": [
		0.24802497029304504,
		0.39372432231903076,
		0.19464239478111267,
		0.8719967007637024
	],
	"21. right_wrist": [
		0.2489408701658249,
		0.3311012387275696,
		0.25172263383865356,
		0.8452596068382263
	],
	"24. nose": [
		0.28481245040893555,
		0.3322036862373352,
		-0.06483782082796097,
		0.9998168349266052
	],
	"25. left_eye": [
		0.291767418384552,
		0.32345646619796753,
		-0.059415239840745926,
		0.9998074769973755
	],
	"26. right_eye": [
		0.2810467779636383,
		0.3254902958869934,
		-0.046026382595300674,
		0.999589741230011
	],
	"27. left_ear": [
		0.3016124963760376,
		0.33201345801353455,
		-0.025080999359488487,
		0.9998457431793213
	],
	"28. right_ear": [
		0.27797046303749084,
		0.334259033203125,
		0.0367431640625,
		0.9996967315673828
	],
	"time stamp": 29.969946478656652
}