{
	"1. left_hip": [
		0.28142476081848145,
		0.5636175870895386,
		-0.06229562684893608,
		0.9995868802070618
	],
	"2. left_knee": [
		0.2602992653846741,
		0.7048081755638123,
		-0.10934378206729889,
		0.9849740266799927
	],
	"3. left_ankle": [
		0.31619495153427124,
		0.7965619564056396,
		-0.09141166508197784,
		0.9879504442214966
	],
	"6. right_hip": [
		0.2653420567512512,
		0.5635872483253479,
		0.06227881833910942,
		0.9995623230934143
	],
	"7. right_knee": [
		0.2568422257900238,
		0.6977691054344177,
		0.06053804233670235,
		0.8889310359954834
	],
	"8. right_ankle": [
		0.27030831575393677,
		0.8192738890647888,
		0.09562154114246368,
		0.945594847202301
	],
	"14. left_shoulder": [
		0.30550795793533325,
		0.40034085512161255,
		-0.05138106271624565,
		0.9996960759162903
	],
	"15. left_elbow": [
		0.34088149666786194,
		0.44198939204216003,
		-0.1699502021074295,
		0.9911763668060303
	],
	"16. left_wrist": [
		0.35127508640289307,
		0.3648376166820526,
		-0.251598596572876,
		0.9578743577003479
	],
	"19. right_shoulder": [
		0.26553934812545776,
		0.3951054513454437,
		0.1055075153708458,
		0.9988223314285278
	],
	"20. right_elbow": [
		0.2510761618614197,
		0.443226158618927,
		0.10745396465063095,
		0.8758991360664368
	],
	"21. right_wrist": [
		0.2520182132720947,
		0.35488325357437134,
		0.06340233981609344,
		0.8587186932563782
	],
	"24. nose": [
		0.28140488266944885,
		0.33138221502304077,
		-0.07433784008026123,
		0.9998342394828796
	],
	"25. left_eye": [
		0.28847137093544006,
		0.32326075434684753,
		-0.07014276087284088,
		0.9998255372047424
	],
	"26. right_eye": [
		0.27814486622810364,
		0.32458117604255676,
		-0.05632950738072395,
		0.9996274709701538
	],
	"27. left_ear": [
		0.29748666286468506,
		0.33208540081977844,
		-0.037609778344631195,
		0.9998599290847778
	],
	"28. right_ear": [
		0.2748124897480011,
		0.33392125368118286,
		0.03163651376962662,
		0.9997221827507019
	],
	"time stamp": 29.969946478656652
}