{
	"1. left_hip": [
		0.27664685249328613,
		0.5650420784950256,
		-0.07142843306064606,
		0.9996214509010315
	],
	"2. left_knee": [
		0.24789254367351532,
		0.6962306499481201,
		-0.11377932131290436,
		0.9807837009429932
	],
	"3. left_ankle": [
		0.2962258458137512,
		0.7915587425231934,
		-0.09369833767414093,
		0.9869418740272522
	],
	"6. right_hip": [
		0.2681193947792053,
		0.5677762627601624,
		0.07145804166793823,
		0.9995962977409363
	],
	"7. right_knee": [
		0.25735777616500854,
		0.6966632604598999,
		0.07764382660388947,
		0.8399812579154968
	],
	"8. right_ankle": [
		0.27154281735420227,
		0.8178417682647705,
		0.12091881036758423,
		0.9268469214439392
	],
	"14. left_shoulder": [
		0.29531949758529663,
		0.39941829442977905,
		-0.0921735018491745,
		0.999724805355072
	],
	"15. left_elbow": [
		0.3234221041202545,
		0.45454469323158264,
		-0.23727329075336456,
		0.9919522404670715
	],
	"16. left_wrist": [
		0.33994168043136597,
		0.39312782883644104,
		-0.3627868890762329,
		0.9617677330970764
	],
	"19. right_shoulder": [
		0.2682526111602783,
		0.39702293276786804,
		0.08879118412733078,
		0.9988506436347961
	],
	"20. right_elbow": [
		0.2576952576637268,
		0.44592487812042236,
		0.15772119164466858,
		0.8211678266525269
	],
	"21. right_wrist": [
		0.2549741268157959,
		0.36846232414245605,
		0.18982474505901337,
		0.8541991710662842
	],
	"24. nose": [
		0.27372002601623535,
		0.32769468426704407,
		-0.11335339397192001,
		0.999849796295166
	],
	"25. left_eye": [
		0.2812289595603943,
		0.3203046917915344,
		-0.11077757179737091,
		0.9998422265052795
	],
	"26. right_eye": [
		0.27340447902679443,
		0.3191978931427002,
		-0.09577245265245438,
		0.9996615648269653
	],
	"27. left_ear": [
		0.29025134444236755,
		0.33152300119400024,
		-0.07549859583377838,
		0.9998728632926941
	],
	"28. right_ear": [
		0.2727545201778412,
		0.32902097702026367,
		-0.007207597605884075,
		0.9997450709342957
	],
	"time stamp": 29.969946478656652
}