{
	"1. left_hip": [
		0.23364105820655823,
		0.5570172071456909,
		-0.018859021365642548,
		0.99956876039505
	],
	"2. left_knee": [
		0.21932382881641388,
		0.6852917671203613,
		-0.0027903271839022636,
		0.9867289662361145
	],
	"3. left_ankle": [
		0.20339727401733398,
		0.8074114322662354,
		0.020506758242845535,
		0.9881208539009094
	],
	"6. right_hip": [
		0.26639777421951294,
		0.563529908657074,
		0.018588688224554062,
		0.9994366765022278
	],
	"7. right_knee": [
		0.25709253549575806,
		0.6935927867889404,
		0.042089082300662994,
		0.844282865524292
	],
	"8. right_ankle": [
		0.2652725279331207,
		0.8181704878807068,
		0.059299349784851074,
		0.9207967519760132
	],
	"14. left_shoulder": [
		0.2319817990064621,
		0.395230770111084,
		-0.013164415955543518,
		0.9998792409896851
	],
	"15. left_elbow": [
		0.20130717754364014,
		0.4723759889602661,
		-0.03485559672117233,
		0.9893615245819092
	],
	"16. left_wrist": [
		0.16561667621135712,
		0.5053285360336304,
		-0.024085434153676033,
		0.9605882167816162
	],
	"19. right_shoulder": [
		0.2848464846611023,
		0.4017673432826996,
		0.059364914894104004,
		0.9993877410888672
	],
	"20. right_elbow": [
		0.3056477904319763,
		0.4810655415058136,
		0.08748464286327362,
		0.5760408639907837
	],
	"21. right_wrist": [
		0.3299714922904968,
		0.49069687724113464,
		0.1349409967660904,
		0.5214800238609314
	],
	"24. nose": [
		0.2447451800107956,
		0.3419518768787384,
		0.14596585929393768,
		0.999909520149231
	],
	"25. left_eye": [
		0.24336722493171692,
		0.33248940110206604,
		0.12260941416025162,
		0.9999107718467712
	],
	"26. right_eye": [
		0.2497415840625763,
		0.33230510354042053,
		0.12935703992843628,
		0.9998225569725037
	],
	"27. left_ear": [
		0.2432197630405426,
		0.335935115814209,
		0.040691398084163666,
		0.9999226331710815
	],
	"28. right_ear": [
		0.2573462724685669,
		0.335232138633728,
		0.07152474671602249,
		0.9998430609703064
	],
	"time stamp": 29.969946478656652
}