{
	"1. left_hip": [
		0.22934763133525848,
		0.5636236667633057,
		-0.009881632402539253,
		0.9995385408401489
	],
	"2. left_knee": [
		0.21854250133037567,
		0.6910309791564941,
		0.0008814676548354328,
		0.9878031611442566
	],
	"3. left_ankle": [
		0.20474407076835632,
		0.8114656209945679,
		0.02843381091952324,
		0.9886616468429565
	],
	"6. right_hip": [
		0.2635532021522522,
		0.571357250213623,
		0.00966206006705761,
		0.9993881583213806
	],
	"7. right_knee": [
		0.2544858157634735,
		0.6975135207176208,
		0.03619789332151413,
		0.8593461513519287
	],
	"8. right_ankle": [
		0.2631424367427826,
		0.8203244805335999,
		0.06394994258880615,
		0.9276210069656372
	],
	"14. left_shoulder": [
		0.22858107089996338,
		0.4040443003177643,
		0.005895232316106558,
		0.9998838901519775
	],
	"15. left_elbow": [
		0.19366489350795746,
		0.47270897030830383,
		-0.013777682557702065,
		0.9903547763824463
	],
	"16. left_wrist": [
		0.15791329741477966,
		0.5126738548278809,
		-0.0022360009606927633,
		0.9636822938919067
	],
	"19. right_shoulder": [
		0.28493058681488037,
		0.4121435284614563,
		0.03767337650060654,
		0.9994189739227295
	],
	"20. right_elbow": [
		0.3052999675273895,
		0.4900411367416382,
		0.013507038354873657,
		0.618021547794342
	],
	"21. right_wrist": [
		0.3325614929199219,
		0.5146786570549011,
		-0.005495091900229454,
		0.5588930249214172
	],
	"24. nose": [
		0.24498161673545837,
		0.3516625165939331,
		0.1504487693309784,
		0.9999147653579712
	],
	"25. left_eye": [
		0.2468748837709427,
		0.34234267473220825,
		0.12980042397975922,
		0.9999165534973145
	],
	"26. right_eye": [
		0.25184351205825806,
		0.3414701223373413,
		0.13236626982688904,
		0.9998371005058289
	],
	"27. left_ear": [
		0.24539883434772491,
		0.34448379278182983,
		0.0544067807495594,
		0.9999275803565979
	],
	"28. right_ear": [
		0.2587551474571228,
		0.343842476606369,
		0.06566028296947479,
		0.9998541474342346
	],
	"time stamp": 29.969946478656652
}