{
	"1. left_hip": [
		0.23019905388355255,
		0.5632921457290649,
		0.07251433283090591,
		0.9995385408401489
	],
	"2. left_knee": [
		0.22566023468971252,
		0.6919311881065369,
		0.05533360317349434,
		0.922041654586792
	],
	"3. left_ankle": [
		0.212092787027359,
		0.8066864013671875,
		0.06597694754600525,
		0.9386206269264221
	],
	"6. right_hip": [
		0.24646024405956268,
		0.5620781779289246,
		-0.07263026386499405,
		0.999244213104248
	],
	"7. right_knee": [
		0.26827359199523926,
		0.6741823554039001,
		-0.06241678446531296,
		0.940934419631958
	],
	"8. right_ankle": [
		0.23287074267864227,
		0.7888014316558838,
		-0.010937632992863655,
		0.9566078782081604
	],
	"14. left_shoulder": [
		0.24073120951652527,
		0.39629054069519043,
		0.11563605070114136,
		0.9995294809341431
	],
	"15. left_elbow": [
		0.23399539291858673,
		0.47876667976379395,
		0.1427384316921234,
		0.6764107346534729
	],
	"16. left_wrist": [
		0.23249737918376923,
		0.5341205596923828,
		0.109677255153656,
		0.558621346950531
	],
	"19. right_shoulder": [
		0.25317442417144775,
		0.3935447633266449,
		-0.12145499140024185,
		0.9997262358665466
	],
	"20. right_elbow": [
		0.23989565670490265,
		0.47976014018058777,
		-0.1453997939825058,
		0.8554079532623291
	],
	"21. right_wrist": [
		0.23349693417549133,
		0.5415094494819641,
		-0.12083269655704498,
		0.758343517780304
	],
	"24. nose": [
		0.26953375339508057,
		0.33776548504829407,
		-0.050716597586870193,
		0.9998494386672974
	],
	"25. left_eye": [
		0.2654271423816681,
		0.3274618089199066,
		-0.03672229126095772,
		0.9998075366020203
	],
	"26. right_eye": [
		0.26394110918045044,
		0.32874825596809387,
		-0.05753689259290695,
		0.9998416900634766
	],
	"27. left_ear": [
		0.25661414861679077,
		0.3335171937942505,
		0.028314972296357155,
		0.9997072219848633
	],
	"28. right_ear": [
		0.2546764016151428,
		0.3362913727760315,
		-0.06558849662542343,
		0.9998708963394165
	],
	"time stamp": 29.969946478656652
}