{
	"1. left_hip": [
		0.24759355187416077,
		0.5592710971832275,
		0.06406249850988388,
		0.9995126724243164
	],
	"2. left_knee": [
		0.23301303386688232,
		0.6889336705207825,
		0.058411598205566406,
		0.8550872206687927
	],
	"3. left_ankle": [
		0.20557908713817596,
		0.8000236749649048,
		0.09704136848449707,
		0.9145413041114807
	],
	"6. right_hip": [
		0.24700184166431427,
		0.5579513311386108,
		-0.06413818150758743,
		0.9993190765380859
	],
	"7. right_knee": [
		0.26543867588043213,
		0.6748297214508057,
		-0.05562509968876839,
		0.9548485279083252
	],
	"8. right_ankle": [
		0.2656954228878021,
		0.7927747368812561,
		-0.019007284194231033,
		0.9604485034942627
	],
	"14. left_shoulder": [
		0.2622069716453552,
		0.4010949730873108,
		0.0761219784617424,
		0.999552845954895
	],
	"15. left_elbow": [
		0.26772722601890564,
		0.4826813042163849,
		0.11344655603170395,
		0.48384329676628113
	],
	"16. left_wrist": [
		0.28529056906700134,
		0.5499968528747559,
		0.050038158893585205,
		0.45586958527565
	],
	"19. right_shoulder": [
		0.2439459264278412,
		0.3925366997718811,
		-0.10468719899654388,
		0.9998120069503784
	],
	"20. right_elbow": [
		0.22564736008644104,
		0.47564828395843506,
		-0.1389952003955841,
		0.8991660475730896
	],
	"21. right_wrist": [
		0.20678231120109558,
		0.5480021834373474,
		-0.18955865502357483,
		0.8285669088363647
	],
	"24. nose": [
		0.26817983388900757,
		0.33421483635902405,
		-0.10790743678808212,
		0.9998987317085266
	],
	"25. left_eye": [
		0.26684215664863586,
		0.3251160979270935,
		-0.09262487292289734,
		0.9998670816421509
	],
	"26. right_eye": [
		0.2611308693885803,
		0.3258146047592163,
		-0.10695379972457886,
		0.9998932480812073
	],
	"27. left_ear": [
		0.2629440724849701,
		0.33205267786979675,
		-0.016264431178569794,
		0.9997887015342712
	],
	"28. right_ear": [
		0.24973492324352264,
		0.33543309569358826,
		-0.07983164489269257,
		0.9999125003814697
	],
	"time stamp": 29.969946478656652
}