{
	"1. left_hip": [
		0.2629593312740326,
		0.5634856224060059,
		0.06014658883213997,
		0.9994930624961853
	],
	"2. left_knee": [
		0.24784252047538757,
		0.6865161061286926,
		0.0786883607506752,
		0.7786005139350891
	],
	"3. left_ankle": [
		0.20725774765014648,
		0.7806384563446045,
		0.1353747546672821,
		0.9130577445030212
	],
	"6. right_hip": [
		0.25356706976890564,
		0.5607548356056213,
		-0.060239750891923904,
		0.9994215965270996
	],
	"7. right_knee": [
		0.2657122015953064,
		0.6873824596405029,
		-0.06726820766925812,
		0.9579749703407288
	],
	"8. right_ankle": [
		0.26359623670578003,
		0.7995015382766724,
		-0.01895863749086857,
		0.9647975564002991
	],
	"14. left_shoulder": [
		0.2771608233451843,
		0.41407573223114014,
		0.048341281712055206,
		0.9996577501296997
	],
	"15. left_elbow": [
		0.2870119512081146,
		0.491885244846344,
		0.0856199711561203,
		0.5247189402580261
	],
	"16. left_wrist": [
		0.30465415120124817,
		0.5623056888580322,
		0.01395010482519865,
		0.5624058246612549
	],
	"19. right_shoulder": [
		0.2427670955657959,
		0.40280821919441223,
		-0.10421238094568253,
		0.9998590350151062
	],
	"20. right_elbow": [
		0.2247008979320526,
		0.48243841528892517,
		-0.13389652967453003,
		0.921259343624115
	],
	"21. right_wrist": [
		0.21011200547218323,
		0.5544801950454712,
		-0.2006896436214447,
		0.8648043274879456
	],
	"24. nose": [
		0.2677413523197174,
		0.33733952045440674,
		-0.15393924713134766,
		0.9999258518218994
	],
	"25. left_eye": [
		0.2685174345970154,
		0.33150017261505127,
		-0.13715992867946625,
		0.9999018907546997
	],
	"26. right_eye": [
		0.25962013006210327,
		0.3321623206138611,
		-0.14810144901275635,
		0.9999215602874756
	],
	"27. left_ear": [
		0.26966729760169983,
		0.33894556760787964,
		-0.04865924268960953,
		0.9998420476913452
	],
	"28. right_ear": [
		0.25010913610458374,
		0.3420795798301697,
		-0.09736248105764389,
		0.9999353885650635
	],
	"time stamp": 29.969946478656652
}