{
	"1. left_hip": [
		0.2933712601661682,
		0.5510736703872681,
		0.025786299258470535,
		0.9993047714233398
	],
	"2. left_knee": [
		0.30248308181762695,
		0.6711175441741943,
		0.03355102613568306,
		0.8131512999534607
	],
	"3. left_ankle": [
		0.28208020329475403,
		0.7497326135635376,
		0.18897661566734314,
		0.8700364232063293
	],
	"6. right_hip": [
		0.2646389603614807,
		0.5552376508712769,
		-0.02579580806195736,
		0.9996104836463928
	],
	"7. right_knee": [
		0.2749824523925781,
		0.6793117523193359,
		-0.0830608606338501,
		0.9709177613258362
	],
	"8. right_ankle": [
		0.2710112929344177,
		0.7893311977386475,
		-0.03432412073016167,
		0.9770565032958984
	],
	"14. left_shoulder": [
		0.30268335342407227,
		0.3956940472126007,
		-0.038232799619436264,
		0.9998181462287903
	],
	"15. left_elbow": [
		0.30501002073287964,
		0.4681568145751953,
		-0.0435880571603775,
		0.7580553889274597
	],
	"16. left_wrist": [
		0.28041350841522217,
		0.5156541466712952,
		-0.15978345274925232,
		0.7848931550979614
	],
	"19. right_shoulder": [
		0.24451184272766113,
		0.40239426493644714,
		-0.05720679834485054,
		0.9999199509620667
	],
	"20. right_elbow": [
		0.2396564930677414,
		0.4815185070037842,
		-0.031856294721364975,
		0.9540762305259705
	],
	"21. right_wrist": [
		0.2510327100753784,
		0.5363798141479492,
		-0.10415284335613251,
		0.9131792187690735
	],
	"24. nose": [
		0.2770788073539734,
		0.3364194631576538,
		-0.1925290822982788,
		0.9999468922615051
	],
	"25. left_eye": [
		0.2819395363330841,
		0.3274827003479004,
		-0.17766648530960083,
		0.9999135732650757
	],
	"26. right_eye": [
		0.27122926712036133,
		0.32713377475738525,
		-0.18111863732337952,
		0.9999245405197144
	],
	"27. left_ear": [
		0.285604864358902,
		0.332902729511261,
		-0.0909920483827591,
		0.9998228549957275
	],
	"28. right_ear": [
		0.26498663425445557,
		0.33408138155937195,
		-0.10512940585613251,
		0.9998916387557983
	],
	"time stamp": 29.969946478656652
}