{
	"1. left_hip": [
		0.2979537844657898,
		0.5337309837341309,
		0.0008867717115208507,
		0.9988707900047302
	],
	"2. left_knee": [
		0.29712074995040894,
		0.663175642490387,
		-0.011565528810024261,
		0.8645266890525818
	],
	"3. left_ankle": [
		0.29095906019210815,
		0.7701548337936401,
		0.08462972939014435,
		0.8986104130744934
	],
	"6. right_hip": [
		0.266997754573822,
		0.5373167991638184,
		-0.0008189919171854854,
		0.9992587566375732
	],
	"7. right_knee": [
		0.26995155215263367,
		0.6653891801834106,
		-0.01160165760666132,
		0.9744446277618408
	],
	"8. right_ankle": [
		0.275410532951355,
		0.7811257839202881,
		0.08173282444477081,
		0.9781947135925293
	],
	"14. left_shoulder": [
		0.3076539933681488,
		0.3745681047439575,
		-0.043428171426057816,
		0.9997832775115967
	],
	"15. left_elbow": [
		0.30747395753860474,
		0.44723910093307495,
		-0.0466948039829731,
		0.8273383975028992
	],
	"16. left_wrist": [
		0.27382034063339233,
		0.49102652072906494,
		-0.14329811930656433,
		0.8364931344985962
	],
	"19. right_shoulder": [
		0.2496749460697174,
		0.37919268012046814,
		-0.021454382687807083,
		0.9997164607048035
	],
	"20. right_elbow": [
		0.2419550120830536,
		0.4488264322280884,
		0.005532058887183666,
		0.9370118975639343
	],
	"21. right_wrist": [
		0.25576043128967285,
		0.48382365703582764,
		-0.06547173112630844,
		0.8475728631019592
	],
	"24. nose": [
		0.2801659107208252,
		0.31812238693237305,
		-0.19967292249202728,
		0.9998770952224731
	],
	"25. left_eye": [
		0.2857077121734619,
		0.3096538782119751,
		-0.18151938915252686,
		0.9997417330741882
	],
	"26. right_eye": [
		0.275227427482605,
		0.3090055286884308,
		-0.18326471745967865,
		0.9996970295906067
	],
	"27. left_ear": [
		0.290875643491745,
		0.3161814510822296,
		-0.10227888822555542,
		0.9994763731956482
	],
	"28. right_ear": [
		0.2698769271373749,
		0.3156701922416687,
		-0.09109266102313995,
		0.9994074702262878
	],
	"time stamp": 29.969946478656652
}