{
	"1. left_hip": [
		0.30550748109817505,
		0.554279088973999,
		-0.010091252624988556,
		0.9988491535186768
	],
	"2. left_knee": [
		0.2995927333831787,
		0.6823433637619019,
		-0.026840616017580032,
		0.9380447864532471
	],
	"3. left_ankle": [
		0.2970260977745056,
		0.7876302003860474,
		0.07348708808422089,
		0.9518032073974609
	],
	"6. right_hip": [
		0.275584876537323,
		0.55494225025177,
		0.010129944421350956,
		0.9988876581192017
	],
	"7. right_knee": [
		0.2717899680137634,
		0.6814970374107361,
		0.0004918623017147183,
		0.9834584593772888
	],
	"8. right_ankle": [
		0.2725086808204651,
		0.7862095236778259,
		0.092324398458004,
		0.9832537770271301
	],
	"14. left_shoulder": [
		0.31260818243026733,
		0.4031277000904083,
		-0.003472334938123822,
		0.9996925592422485
	],
	"15. left_elbow": [
		0.31531447172164917,
		0.4800111651420593,
		-0.04113277420401573,
		0.8985914587974548
	],
	"16. left_wrist": [
		0.2735089063644409,
		0.4876270592212677,
		-0.09499479830265045,
		0.8587310910224915
	],
	"19. right_shoulder": [
		0.2630367875099182,
		0.40380847454071045,
		0.033778056502342224,
		0.9992813467979431
	],
	"20. right_elbow": [
		0.2569105625152588,
		0.46519196033477783,
		-0.037181660532951355,
		0.9034581184387207
	],
	"21. right_wrist": [
		0.27063506841659546,
		0.42369693517684937,
		-0.17866899073123932,
		0.8345046639442444
	],
	"24. nose": [
		0.28327980637550354,
		0.35378631949424744,
		-0.09879319369792938,
		0.9992777109146118
	],
	"25. left_eye": [
		0.2898109555244446,
		0.34565597772598267,
		-0.08911595493555069,
		0.9984107613563538
	],
	"26. right_eye": [
		0.28189581632614136,
		0.34266766905784607,
		-0.08693821728229523,
		0.9983090758323669
	],
	"27. left_ear": [
		0.2969144582748413,
		0.34900790452957153,
		-0.02366502210497856,
		0.9983096122741699
	],
	"28. right_ear": [
		0.2809298634529114,
		0.34424689412117004,
		-0.013662554323673248,
		0.9966119527816772
	],
	"time stamp": 29.969946478656652
}