{
	"1. left_hip": [
		0.3289431631565094,
		0.5862531065940857,
		0.015057681128382683,
		0.999135434627533
	],
	"2. left_knee": [
		0.3591272830963135,
		0.6753377914428711,
		-0.04120747745037079,
		0.9756739735603333
	],
	"3. left_ankle": [
		0.37111908197402954,
		0.78676438331604,
		0.050337594002485275,
		0.9803948998451233
	],
	"6. right_hip": [
		0.2979131042957306,
		0.5755815505981445,
		-0.015118299052119255,
		0.999329149723053
	],
	"7. right_knee": [
		0.28025978803634644,
		0.6863272786140442,
		-0.027260011062026024,
		0.9930613040924072
	],
	"8. right_ankle": [
		0.26986634731292725,
		0.7875025272369385,
		0.08902464807033539,
		0.9919688105583191
	],
	"14. left_shoulder": [
		0.3709576725959778,
		0.4447329640388489,
		-0.08492688834667206,
		0.999092698097229
	],
	"15. left_elbow": [
		0.40364566445350647,
		0.4937455356121063,
		-0.14274370670318604,
		0.8432568907737732
	],
	"16. left_wrist": [
		0.4315406382083893,
		0.521307647228241,
		-0.2823326289653778,
		0.8106237053871155
	],
	"19. right_shoulder": [
		0.3140985369682312,
		0.4387347400188446,
		-0.09005913883447647,
		0.9996961951255798
	],
	"20. right_elbow": [
		0.29002875089645386,
		0.5025109052658081,
		-0.13781186938285828,
		0.9528204798698425
	],
	"21. right_wrist": [
		0.30249398946762085,
		0.5446198582649231,
		-0.2608245611190796,
		0.9280269742012024
	],
	"24. nose": [
		0.32941779494285583,
		0.377500057220459,
		-0.19696882367134094,
		0.9993788599967957
	],
	"25. left_eye": [
		0.3357740640640259,
		0.3665773570537567,
		-0.19424381852149963,
		0.9984652996063232
	],
	"26. right_eye": [
		0.32856959104537964,
		0.36859703063964844,
		-0.18613716959953308,
		0.9986334443092346
	],
	"27. left_ear": [
		0.34556013345718384,
		0.3712240755558014,
		-0.1504116952419281,
		0.9980672597885132
	],
	"28. right_ear": [
		0.3320959210395813,
		0.37482935190200806,
		-0.1106916293501854,
		0.99783855676651
	],
	"time stamp": 29.969946478656652
}