{
	"1. left_hip": [
		0.39290109276771545,
		0.5452626943588257,
		0.010460423305630684,
		0.9994776844978333
	],
	"2. left_knee": [
		0.39046570658683777,
		0.6732028722763062,
		-0.005963821895420551,
		0.9832266569137573
	],
	"3. left_ankle": [
		0.38513270020484924,
		0.7849947810173035,
		0.05741586536169052,
		0.986758828163147
	],
	"6. right_hip": [
		0.36132577061653137,
		0.5417574644088745,
		-0.010480577126145363,
		0.9995442032814026
	],
	"7. right_knee": [
		0.35652321577072144,
		0.6697681546211243,
		-0.018872801214456558,
		0.9950881004333496
	],
	"8. right_ankle": [
		0.3467255234718323,
		0.7787841558456421,
		0.03707342594861984,
		0.9934959411621094
	],
	"14. left_shoulder": [
		0.4101746082305908,
		0.3994671404361725,
		-0.03447292372584343,
		0.99956214427948
	],
	"15. left_elbow": [
		0.44888052344322205,
		0.39551782608032227,
		-0.07043860852718353,
		0.9347547292709351
	],
	"16. left_wrist": [
		0.47967529296875,
		0.38256993889808655,
		-0.1747930943965912,
		0.9148992896080017
	],
	"19. right_shoulder": [
		0.3526090979576111,
		0.4043440520763397,
		-0.08384248614311218,
		0.9998553395271301
	],
	"20. right_elbow": [
		0.3393722176551819,
		0.47742921113967896,
		-0.13004648685455322,
		0.9775523543357849
	],
	"21. right_wrist": [
		0.36116427183151245,
		0.5193870067596436,
		-0.2268180400133133,
		0.9638792872428894
	],
	"24. nose": [
		0.37796416878700256,
		0.3415881097316742,
		-0.20364639163017273,
		0.9997581839561462
	],
	"25. left_eye": [
		0.38452228903770447,
		0.3315087556838989,
		-0.19555804133415222,
		0.9994006752967834
	],
	"26. right_eye": [
		0.3729354739189148,
		0.33227309584617615,
		-0.1929788738489151,
		0.9994672536849976
	],
	"27. left_ear": [
		0.39164990186691284,
		0.3397945761680603,
		-0.10704708099365234,
		0.9992401599884033
	],
	"28. right_ear": [
		0.36960268020629883,
		0.34119775891304016,
		-0.11627320200204849,
		0.9991602301597595
	],
	"time stamp": 29.969946478656652
}