{
	"1. left_hip": [
		0.4500432014465332,
		0.5804197192192078,
		0.07080025970935822,
		0.9995798468589783
	],
	"2. left_knee": [
		0.46388381719589233,
		0.6776193976402283,
		0.0685395672917366,
		0.9677019119262695
	],
	"3. left_ankle": [
		0.4532850384712219,
		0.793903112411499,
		0.1279776394367218,
		0.9850518107414246
	],
	"6. right_hip": [
		0.43620651960372925,
		0.5763667821884155,
		-0.07094564288854599,
		0.9994325637817383
	],
	"7. right_knee": [
		0.42234116792678833,
		0.6930729150772095,
		-0.06916625797748566,
		0.9942765831947327
	],
	"8. right_ankle": [
		0.3729742467403412,
		0.7654588222503662,
		-0.0010210952023044229,
		0.9947338700294495
	],
	"14. left_shoulder": [
		0.4532952308654785,
		0.41450995206832886,
		0.0957193672657013,
		0.9992491006851196
	],
	"15. left_elbow": [
		0.46621736884117126,
		0.42507994174957275,
		0.15037044882774353,
		0.7868879437446594
	],
	"16. left_wrist": [
		0.46123844385147095,
		0.37736016511917114,
		0.18349295854568481,
		0.7872297167778015
	],
	"19. right_shoulder": [
		0.439805269241333,
		0.4240667521953583,
		-0.13448765873908997,
		0.9998121857643127
	],
	"20. right_elbow": [
		0.446423202753067,
		0.5093519687652588,
		-0.13224036991596222,
		0.9623215794563293
	],
	"21. right_wrist": [
		0.4621366858482361,
		0.5361758470535278,
		-0.05843823030591011,
		0.8632044792175293
	],
	"24. nose": [
		0.4665983319282532,
		0.3620811104774475,
		-0.07587985694408417,
		0.9999117255210876
	],
	"25. left_eye": [
		0.4634668827056885,
		0.35258573293685913,
		-0.06284002214670181,
		0.9997777342796326
	],
	"26. right_eye": [
		0.4588664472103119,
		0.3547082543373108,
		-0.08476251363754272,
		0.9998211860656738
	],
	"27. left_ear": [
		0.4553655683994293,
		0.3586549460887909,
		0.006880238652229309,
		0.999650239944458
	],
	"28. right_ear": [
		0.4483380913734436,
		0.36270642280578613,
		-0.08901719748973846,
		0.9997313022613525
	],
	"time stamp": 29.969946478656652
}