{
	"1. left_hip": [
		0.4519181251525879,
		0.5744680762290955,
		0.07105682045221329,
		0.9993342757225037
	],
	"2. left_knee": [
		0.4571487307548523,
		0.6805725693702698,
		0.06576988846063614,
		0.9226322770118713
	],
	"3. left_ankle": [
		0.4520246386528015,
		0.7932494878768921,
		0.12010078132152557,
		0.9677112698554993
	],
	"6. right_hip": [
		0.4476330876350403,
		0.5730693340301514,
		-0.07102621346712112,
		0.9990493059158325
	],
	"7. right_knee": [
		0.4498063623905182,
		0.6877394914627075,
		-0.07261423021554947,
		0.9923319816589355
	],
	"8. right_ankle": [
		0.39110639691352844,
		0.7523069381713867,
		-0.008830980397760868,
		0.9931458830833435
	],
	"14. left_shoulder": [
		0.45449694991111755,
		0.4137282371520996,
		0.0824156403541565,
		0.9989300966262817
	],
	"15. left_elbow": [
		0.45742616057395935,
		0.4789257347583771,
		0.11118215322494507,
		0.7093675136566162
	],
	"16. left_wrist": [
		0.455556720495224,
		0.5335878729820251,
		0.07610078901052475,
		0.7097458243370056
	],
	"19. right_shoulder": [
		0.45476436614990234,
		0.4163428544998169,
		-0.1495572328567505,
		0.9998011589050293
	],
	"20. right_elbow": [
		0.44964104890823364,
		0.5039327144622803,
		-0.1683841198682785,
		0.956492006778717
	],
	"21. right_wrist": [
		0.46192073822021484,
		0.5651450753211975,
		-0.09917796403169632,
		0.8383166193962097
	],
	"24. nose": [
		0.48046526312828064,
		0.36246922612190247,
		-0.05542990565299988,
		0.99899822473526
	],
	"25. left_eye": [
		0.4772208631038666,
		0.3519580662250519,
		-0.04602349177002907,
		0.9978637099266052
	],
	"26. right_eye": [
		0.4748096466064453,
		0.3539942502975464,
		-0.07004205882549286,
		0.9988466501235962
	],
	"27. left_ear": [
		0.4672881066799164,
		0.35759955644607544,
		0.003709417302161455,
		0.9950286746025085
	],
	"28. right_ear": [
		0.4639452397823334,
		0.35706377029418945,
		-0.10087674856185913,
		0.9990819692611694
	],
	"time stamp": 29.969946478656652
}