{
	"1. left_hip": [
		0.4729064404964447,
		0.5592902898788452,
		0.048448674380779266,
		0.9993010759353638
	],
	"2. left_knee": [
		0.45686593651771545,
		0.6866564750671387,
		0.035385534167289734,
		0.8574507832527161
	],
	"3. left_ankle": [
		0.4500112533569336,
		0.7988699078559875,
		0.035752639174461365,
		0.9314504861831665
	],
	"6. right_hip": [
		0.4998062551021576,
		0.5651812553405762,
		-0.04864805191755295,
		0.9989075660705566
	],
	"7. right_knee": [
		0.5398234128952026,
		0.6699960231781006,
		-0.006557508371770382,
		0.9871187210083008
	],
	"8. right_ankle": [
		0.549088716506958,
		0.7933944463729858,
		0.01244389172643423,
		0.9885096549987793
	],
	"14. left_shoulder": [
		0.48489314317703247,
		0.39924290776252747,
		0.10329557955265045,
		0.9979031682014465
	],
	"15. left_elbow": [
		0.44619232416152954,
		0.4047601819038391,
		0.15418997406959534,
		0.6045321822166443
	],
	"16. left_wrist": [
		0.4419398307800293,
		0.3914688229560852,
		0.23533645272254944,
		0.4042524993419647
	],
	"19. right_shoulder": [
		0.53194659948349,
		0.43149334192276,
		0.0015763848787173629,
		0.9995032548904419
	],
	"20. right_elbow": [
		0.5257712006568909,
		0.5062037110328674,
		-0.07955259084701538,
		0.8573802709579468
	],
	"21. right_wrist": [
		0.5127002000808716,
		0.5547806620597839,
		-0.15085172653198242,
		0.6855795979499817
	],
	"24. nose": [
		0.533211350440979,
		0.37691980600357056,
		0.1703457236289978,
		0.9989901185035706
	],
	"25. left_eye": [
		0.531479001045227,
		0.36460864543914795,
		0.15981200337409973,
		0.9982814788818359
	],
	"26. right_eye": [
		0.5333424806594849,
		0.36668258905410767,
		0.1495756208896637,
		0.9990717768669128
	],
	"27. left_ear": [
		0.5236811637878418,
		0.36356934905052185,
		0.11995186656713486,
		0.9973811507225037
	],
	"28. right_ear": [
		0.5281268358230591,
		0.36782124638557434,
		0.07225573062896729,
		0.9991921782493591
	],
	"time stamp": 29.969946478656652
}