{
	"1. left_hip": [
		0.49178338050842285,
		0.5674828290939331,
		0.03555784374475479,
		0.999463677406311
	],
	"2. left_knee": [
		0.468082994222641,
		0.6852139830589294,
		0.020645538344979286,
		0.8958370685577393
	],
	"3. left_ankle": [
		0.45242443680763245,
		0.7963222861289978,
		0.010101663880050182,
		0.9490905404090881
	],
	"6. right_hip": [
		0.5225237607955933,
		0.5770083069801331,
		-0.03585688769817352,
		0.9991635680198669
	],
	"7. right_knee": [
		0.5558129549026489,
		0.677669882774353,
		-0.006363326217979193,
		0.9905562996864319
	],
	"8. right_ankle": [
		0.5555729269981384,
		0.7962881326675415,
		0.013488960452377796,
		0.9913008809089661
	],
	"14. left_shoulder": [
		0.4990326762199402,
		0.414045125246048,
		0.07705510407686234,
		0.9982817769050598
	],
	"15. left_elbow": [
		0.4617747664451599,
		0.4042871296405792,
		0.04006103798747063,
		0.7074856758117676
	],
	"16. left_wrist": [
		0.4433562159538269,
		0.3710014224052429,
		0.027057945728302002,
		0.5547255277633667
	],
	"19. right_shoulder": [
		0.5547956228256226,
		0.4330761432647705,
		0.046989038586616516,
		0.999567985534668
	],
	"20. right_elbow": [
		0.5506872534751892,
		0.515767514705658,
		0.06532780826091766,
		0.8462209105491638
	],
	"21. right_wrist": [
		0.5390012264251709,
		0.5458325147628784,
		0.13019093871116638,
		0.5734154582023621
	],
	"24. nose": [
		0.5335243940353394,
		0.3815936744213104,
		0.200544074177742,
		0.9989499449729919
	],
	"25. left_eye": [
		0.530301034450531,
		0.3709005117416382,
		0.1806626319885254,
		0.9985144138336182
	],
	"26. right_eye": [
		0.5368475317955017,
		0.3740648031234741,
		0.18189652264118195,
		0.9990986585617065
	],
	"27. left_ear": [
		0.5263005495071411,
		0.3721234202384949,
		0.10693632066249847,
		0.9978083372116089
	],
	"28. right_ear": [
		0.5377307534217834,
		0.3775753378868103,
		0.11173610389232635,
		0.9992128014564514
	],
	"time stamp": 29.969946478656652
}