{
	"1. left_hip": [
		0.5424211025238037,
		0.5438771843910217,
		0.04703032225370407,
		0.9993785619735718
	],
	"2. left_knee": [
		0.5497215986251831,
		0.6667196750640869,
		0.00626758998259902,
		0.9135430455207825
	],
	"3. left_ankle": [
		0.5326792001724243,
		0.7850173711776733,
		0.0162450410425663,
		0.9582348465919495
	],
	"6. right_hip": [
		0.5371835231781006,
		0.5401373505592346,
		-0.0471898689866066,
		0.9992701411247253
	],
	"7. right_knee": [
		0.5364590287208557,
		0.6633614301681519,
		-0.07703413814306259,
		0.9925557971000671
	],
	"8. right_ankle": [
		0.5505701303482056,
		0.7845366597175598,
		-0.05933858081698418,
		0.9921756982803345
	],
	"14. left_shoulder": [
		0.5706838965415955,
		0.39142298698425293,
		0.037023864686489105,
		0.9984617829322815
	],
	"15. left_elbow": [
		0.5777590870857239,
		0.4632419943809509,
		0.05186997726559639,
		0.7337436676025391
	],
	"16. left_wrist": [
		0.5727527737617493,
		0.506514310836792,
		-0.016679147258400917,
		0.598376452922821
	],
	"19. right_shoulder": [
		0.5454637408256531,
		0.37827983498573303,
		-0.07432065904140472,
		0.9997109770774841
	],
	"20. right_elbow": [
		0.5017178654670715,
		0.3503572642803192,
		-0.11151845753192902,
		0.8863420486450195
	],
	"21. right_wrist": [
		0.4673559069633484,
		0.3115864396095276,
		-0.1606331765651703,
		0.6941404938697815
	],
	"24. nose": [
		0.56944739818573,
		0.35207077860832214,
		-0.0908222645521164,
		0.9989740252494812
	],
	"25. left_eye": [
		0.568818211555481,
		0.3411017954349518,
		-0.08207394927740097,
		0.9986990690231323
	],
	"26. right_eye": [
		0.5657157301902771,
		0.34010687470436096,
		-0.0929778665304184,
		0.9991333484649658
	],
	"27. left_ear": [
		0.5656814575195312,
		0.3419273793697357,
		-0.02294948138296604,
		0.9983119964599609
	],
	"28. right_ear": [
		0.5594528317451477,
		0.34092509746551514,
		-0.07186391204595566,
		0.9992913007736206
	],
	"time stamp": 29.969946478656652
}