{
	"1. left_hip": [
		0.5406458973884583,
		0.544564425945282,
		0.06524448096752167,
		0.9993948340415955
	],
	"2. left_knee": [
		0.536063551902771,
		0.6740304231643677,
		0.03954678028821945,
		0.915139377117157
	],
	"3. left_ankle": [
		0.5194895267486572,
		0.7865317463874817,
		0.03780491650104523,
		0.951793909072876
	],
	"6. right_hip": [
		0.5628085136413574,
		0.5445300340652466,
		-0.06556583195924759,
		0.999320387840271
	],
	"7. right_knee": [
		0.5996694564819336,
		0.6558128595352173,
		-0.06609102338552475,
		0.9932034611701965
	],
	"8. right_ankle": [
		0.5850164294242859,
		0.7815762758255005,
		-0.04300544783473015,
		0.9907232522964478
	],
	"14. left_shoulder": [
		0.5470227599143982,
		0.3801219165325165,
		0.08112387359142303,
		0.9986883401870728
	],
	"15. left_elbow": [
		0.5179694890975952,
		0.3515714406967163,
		0.10669927299022675,
		0.7870145440101624
	],
	"16. left_wrist": [
		0.49823617935180664,
		0.2867283821105957,
		0.12726730108261108,
		0.6709927916526794
	],
	"19. right_shoulder": [
		0.5795732736587524,
		0.3891647458076477,
		-0.05281423404812813,
		0.9997743964195251
	],
	"20. right_elbow": [
		0.574241042137146,
		0.4609628915786743,
		-0.02710915170609951,
		0.9032087326049805
	],
	"21. right_wrist": [
		0.565423309803009,
		0.4509752094745636,
		0.07024818658828735,
		0.7115292549133301
	],
	"24. nose": [
		0.5847616195678711,
		0.3550454378128052,
		0.07446528226137161,
		0.9991560578346252
	],
	"25. left_eye": [
		0.5812689065933228,
		0.342938095331192,
		0.069478839635849,
		0.9989005327224731
	],
	"26. right_eye": [
		0.5841058492660522,
		0.34315750002861023,
		0.05699871852993965,
		0.9993104934692383
	],
	"27. left_ear": [
		0.5754555463790894,
		0.34142401814460754,
		0.06062183901667595,
		0.9985981583595276
	],
	"28. right_ear": [
		0.5798085927963257,
		0.3444831669330597,
		0.012749522924423218,
		0.9994420409202576
	],
	"time stamp": 29.969946478656652
}