{
	"1. left_hip": [
		0.5707711577415466,
		0.5490118861198425,
		0.055102430284023285,
		0.9994927048683167
	],
	"2. left_knee": [
		0.5404781103134155,
		0.6784073114395142,
		0.03392017260193825,
		0.9297658801078796
	],
	"3. left_ankle": [
		0.5507203340530396,
		0.7908610105514526,
		0.03518136590719223,
		0.9600676894187927
	],
	"6. right_hip": [
		0.5701688528060913,
		0.5498982071876526,
		-0.05524706840515137,
		0.9994444251060486
	],
	"7. right_knee": [
		0.6130172610282898,
		0.6612719893455505,
		-0.07760466635227203,
		0.9944304823875427
	],
	"8. right_ankle": [
		0.6134517192840576,
		0.7919160723686218,
		-0.06015193462371826,
		0.992110550403595
	],
	"14. left_shoulder": [
		0.6056568026542664,
		0.4064100384712219,
		0.05860272794961929,
		0.9989423751831055
	],
	"15. left_elbow": [
		0.6232883930206299,
		0.4678795337677002,
		0.027156388387084007,
		0.8292126655578613
	],
	"16. left_wrist": [
		0.6067625284194946,
		0.5116005539894104,
		-0.10189536958932877,
		0.7399206757545471
	],
	"19. right_shoulder": [
		0.5736936926841736,
		0.39139288663864136,
		-0.03688029199838638,
		0.9998147487640381
	],
	"20. right_elbow": [
		0.5353268384933472,
		0.351837158203125,
		-0.08617989718914032,
		0.9031640291213989
	],
	"21. right_wrist": [
		0.5095881223678589,
		0.29075974225997925,
		-0.13301661610603333,
		0.7426531910896301
	],
	"24. nose": [
		0.6037262678146362,
		0.3543388247489929,
		-0.06550326198339462,
		0.9993301033973694
	],
	"25. left_eye": [
		0.6026797890663147,
		0.3426741361618042,
		-0.05294444039463997,
		0.9991320371627808
	],
	"26. right_eye": [
		0.5995551943778992,
		0.34299421310424805,
		-0.06305555254220963,
		0.9994561076164246
	],
	"27. left_ear": [
		0.5984476208686829,
		0.3414362668991089,
		0.012416692450642586,
		0.998900294303894
	],
	"28. right_ear": [
		0.5907889604568481,
		0.3445362448692322,
		-0.030805662274360657,
		0.999552845954895
	],
	"time stamp": 29.969946478656652
}