{
	"1. left_hip": [
		0.5803854465484619,
		0.5644463896751404,
		0.04419667273759842,
		0.9996081590652466
	],
	"2. left_knee": [
		0.557994544506073,
		0.6812382936477661,
		0.037519801408052444,
		0.9484849572181702
	],
	"3. left_ankle": [
		0.5271351933479309,
		0.786970853805542,
		0.030591556802392006,
		0.9693779945373535
	],
	"6. right_hip": [
		0.6058533191680908,
		0.571647584438324,
		-0.044622767716646194,
		0.9995606541633606
	],
	"7. right_knee": [
		0.631287693977356,
		0.6794758439064026,
		-0.024314213544130325,
		0.9954027533531189
	],
	"8. right_ankle": [
		0.6265109777450562,
		0.8033890724182129,
		-0.012715302407741547,
		0.993137538433075
	],
	"14. left_shoulder": [
		0.5777040719985962,
		0.409151166677475,
		0.10838720947504044,
		0.9992129802703857
	],
	"15. left_elbow": [
		0.5433643460273743,
		0.38532987236976624,
		0.11765934526920319,
		0.8866478800773621
	],
	"16. left_wrist": [
		0.5356289744377136,
		0.33181026577949524,
		0.17066742479801178,
		0.8227162957191467
	],
	"19. right_shoulder": [
		0.6337651014328003,
		0.40771183371543884,
		0.03815025836229324,
		0.9998360276222229
	],
	"20. right_elbow": [
		0.6495252847671509,
		0.473852276802063,
		0.0844389796257019,
		0.9157851934432983
	],
	"21. right_wrist": [
		0.6426416635513306,
		0.4765777587890625,
		0.2155575454235077,
		0.6153383851051331
	],
	"24. nose": [
		0.6131933331489563,
		0.35439127683639526,
		0.21697454154491425,
		0.999497652053833
	],
	"25. left_eye": [
		0.6077255606651306,
		0.3424825072288513,
		0.19931818544864655,
		0.9993475079536438
	],
	"26. right_eye": [
		0.6156853437423706,
		0.34451234340667725,
		0.19604524970054626,
		0.9995802640914917
	],
	"27. left_ear": [
		0.6014548540115356,
		0.3474794626235962,
		0.13181427121162415,
		0.9991557598114014
	],
	"28. right_ear": [
		0.616745114326477,
		0.35038819909095764,
		0.11645271629095078,
		0.9996532201766968
	],
	"time stamp": 29.969946478656652
}