{
	"1. left_hip": [
		0.5941177606582642,
		0.5655320286750793,
		0.061970584094524384,
		0.9996247887611389
	],
	"2. left_knee": [
		0.5737600922584534,
		0.6848325133323669,
		0.059573303908109665,
		0.9508205056190491
	],
	"3. left_ankle": [
		0.5345901250839233,
		0.7788848280906677,
		0.06845293939113617,
		0.9701253771781921
	],
	"6. right_hip": [
		0.6122516393661499,
		0.5701716542243958,
		-0.06220521405339241,
		0.9995801448822021
	],
	"7. right_knee": [
		0.6381592154502869,
		0.6803721189498901,
		-0.041226111352443695,
		0.9952148199081421
	],
	"8. right_ankle": [
		0.6267558336257935,
		0.8028233051300049,
		-0.03361303359270096,
		0.9932944178581238
	],
	"14. left_shoulder": [
		0.5909703969955444,
		0.41126543283462524,
		0.09746630489826202,
		0.9992619752883911
	],
	"15. left_elbow": [
		0.5592164397239685,
		0.414858341217041,
		0.16328510642051697,
		0.89545077085495
	],
	"16. left_wrist": [
		0.5599803924560547,
		0.3666277229785919,
		0.2628343105316162,
		0.8127188086509705
	],
	"19. right_shoulder": [
		0.6313968300819397,
		0.40731456875801086,
		-0.06257561594247818,
		0.9998396635055542
	],
	"20. right_elbow": [
		0.6503504514694214,
		0.4693288207054138,
		-0.04520107060670853,
		0.9192985892295837
	],
	"21. right_wrist": [
		0.6512795686721802,
		0.4681713581085205,
		0.09182944148778915,
		0.5937697291374207
	],
	"24. nose": [
		0.6314579248428345,
		0.35610225796699524,
		0.06442198157310486,
		0.9995466470718384
	],
	"25. left_eye": [
		0.6263166666030884,
		0.3442140221595764,
		0.06271068751811981,
		0.99941086769104
	],
	"26. right_eye": [
		0.6271599531173706,
		0.34567728638648987,
		0.0477096252143383,
		0.9996212720870972
	],
	"27. left_ear": [
		0.6162005066871643,
		0.3516715168952942,
		0.06612342596054077,
		0.9992374777793884
	],
	"28. right_ear": [
		0.6193364858627319,
		0.35397282242774963,
		-0.0007823115447536111,
		0.9996864795684814
	],
	"time stamp": 29.969946478656652
}