{
	"1. left_hip": [
		0.6098868250846863,
		0.5662108063697815,
		0.06476695835590363,
		0.9995682835578918
	],
	"2. left_knee": [
		0.5994818210601807,
		0.688750147819519,
		0.06500445306301117,
		0.9212235808372498
	],
	"3. left_ankle": [
		0.5477555990219116,
		0.7659463882446289,
		0.07580770552158356,
		0.963050901889801
	],
	"6. right_hip": [
		0.6151696443557739,
		0.5687280297279358,
		-0.06481315940618515,
		0.9995244741439819
	],
	"7. right_knee": [
		0.6427918672561646,
		0.6855307817459106,
		-0.056374628096818924,
		0.9930250644683838
	],
	"8. right_ankle": [
		0.6276043057441711,
		0.8023836612701416,
		-0.03468707203865051,
		0.9925137758255005
	],
	"14. left_shoulder": [
		0.623160719871521,
		0.4117436408996582,
		0.09559489041566849,
		0.999278724193573
	],
	"15. left_elbow": [
		0.646884560585022,
		0.45478275418281555,
		0.021108612418174744,
		0.8356941938400269
	],
	"16. left_wrist": [
		0.6338703036308289,
		0.41647496819496155,
		-0.10660143196582794,
		0.7533615827560425
	],
	"19. right_shoulder": [
		0.6197432279586792,
		0.4088135063648224,
		-0.0884540006518364,
		0.9998254179954529
	],
	"20. right_elbow": [
		0.625928521156311,
		0.4673851728439331,
		-0.09075804799795151,
		0.9131414890289307
	],
	"21. right_wrist": [
		0.6221200227737427,
		0.41014137864112854,
		0.00014698093582410365,
		0.5823983550071716
	],
	"24. nose": [
		0.638728141784668,
		0.3567335903644562,
		-0.022128254175186157,
		0.99958735704422
	],
	"25. left_eye": [
		0.6350156664848328,
		0.34463462233543396,
		-0.01432711910456419,
		0.9994608759880066
	],
	"26. right_eye": [
		0.6325549483299255,
		0.3457697629928589,
		-0.03441402688622475,
		0.9996522665023804
	],
	"27. left_ear": [
		0.6259585618972778,
		0.3514178395271301,
		0.03245788812637329,
		0.9993014931678772
	],
	"28. right_ear": [
		0.6211325526237488,
		0.35371142625808716,
		-0.055517442524433136,
		0.9997116327285767
	],
	"time stamp": 29.969946478656652
}