{
	"1. left_hip": [
		0.616016149520874,
		0.5685468316078186,
		0.07100509852170944,
		0.9994813203811646
	],
	"2. left_knee": [
		0.6220722794532776,
		0.6911133527755737,
		0.06291855871677399,
		0.8656476140022278
	],
	"3. left_ankle": [
		0.5641949772834778,
		0.749989926815033,
		0.10878109931945801,
		0.9440810084342957
	],
	"6. right_hip": [
		0.6215905547142029,
		0.5720919966697693,
		-0.0711003988981247,
		0.9993811845779419
	],
	"7. right_knee": [
		0.6468309760093689,
		0.6936748027801514,
		-0.06874460726976395,
		0.9822791218757629
	],
	"8. right_ankle": [
		0.6265454292297363,
		0.8028094172477722,
		-0.01798044703900814,
		0.9905940890312195
	],
	"14. left_shoulder": [
		0.6242235898971558,
		0.41050398349761963,
		0.10168888419866562,
		0.9992987513542175
	],
	"15. left_elbow": [
		0.659626841545105,
		0.45142507553100586,
		0.035027749836444855,
		0.7015189528465271
	],
	"16. left_wrist": [
		0.6517572402954102,
		0.4274342358112335,
		-0.10025175660848618,
		0.6240332722663879
	],
	"19. right_shoulder": [
		0.6255850195884705,
		0.4130153954029083,
		-0.10517974197864532,
		0.9997732639312744
	],
	"20. right_elbow": [
		0.6564897298812866,
		0.46338021755218506,
		-0.07538478821516037,
		0.8954770565032959
	],
	"21. right_wrist": [
		0.6526526212692261,
		0.4141984283924103,
		0.07529285550117493,
		0.525120198726654
	],
	"24. nose": [
		0.6431235074996948,
		0.35590285062789917,
		-0.033714793622493744,
		0.999647855758667
	],
	"25. left_eye": [
		0.6394560933113098,
		0.34445369243621826,
		-0.0240009892731905,
		0.999538779258728
	],
	"26. right_eye": [
		0.63604736328125,
		0.34500062465667725,
		-0.04587768763303757,
		0.9996982216835022
	],
	"27. left_ear": [
		0.6308041214942932,
		0.35104772448539734,
		0.03255458548665047,
		0.9994004964828491
	],
	"28. right_ear": [
		0.6252690553665161,
		0.3531501293182373,
		-0.06289806216955185,
		0.9997507333755493
	],
	"time stamp": 29.969946478656652
}