{
	"1. left_hip": [
		0.6476367712020874,
		0.574766993522644,
		0.07378509640693665,
		0.9974847435951233
	],
	"2. left_knee": [
		0.6753417253494263,
		0.6878473162651062,
		0.06725168973207474,
		0.7545426487922668
	],
	"3. left_ankle": [
		0.630341649055481,
		0.7657264471054077,
		0.12183946371078491,
		0.8338478207588196
	],
	"6. right_hip": [
		0.6383470892906189,
		0.5771942734718323,
		-0.07391022890806198,
		0.997530460357666
	],
	"7. right_knee": [
		0.6648673415184021,
		0.6965071558952332,
		-0.0890611857175827,
		0.9684101343154907
	],
	"8. right_ankle": [
		0.6282941699028015,
		0.7987242937088013,
		-0.05426522344350815,
		0.9843900799751282
	],
	"14. left_shoulder": [
		0.6470947861671448,
		0.4229082465171814,
		0.09634216129779816,
		0.9991407990455627
	],
	"15. left_elbow": [
		0.6813030242919922,
		0.45309188961982727,
		0.12147780507802963,
		0.5414128303527832
	],
	"16. left_wrist": [
		0.7174836993217468,
		0.4597282111644745,
		0.04704984277486801,
		0.5714060068130493
	],
	"19. right_shoulder": [
		0.6358492970466614,
		0.42121627926826477,
		-0.13415983319282532,
		0.999748945236206
	],
	"20. right_elbow": [
		0.6793588995933533,
		0.4350132942199707,
		-0.20941761136054993,
		0.9294998049736023
	],
	"21. right_wrist": [
		0.7194532155990601,
		0.447372168302536,
		-0.23365969955921173,
		0.6809510588645935
	],
	"24. nose": [
		0.653296172618866,
		0.365138977766037,
		-0.08987195789813995,
		0.9997482895851135
	],
	"25. left_eye": [
		0.651445746421814,
		0.3552270531654358,
		-0.07326923310756683,
		0.9996189475059509
	],
	"26. right_eye": [
		0.6457722187042236,
		0.3557482063770294,
		-0.09268245846033096,
		0.9997811317443848
	],
	"27. left_ear": [
		0.6442347764968872,
		0.3591393232345581,
		0.0057720523327589035,
		0.9994413256645203
	],
	"28. right_ear": [
		0.6358247399330139,
		0.361966997385025,
		-0.07901129126548767,
		0.9998036623001099
	],
	"time stamp": 29.969946478656652
}