{
	"1. left_hip": [
		0.7069829106330872,
		0.5953601002693176,
		0.06597001105546951,
		0.9987447261810303
	],
	"2. left_knee": [
		0.750383734703064,
		0.6763677000999451,
		0.0002314035373274237,
		0.8698388934135437
	],
	"3. left_ankle": [
		0.7573848366737366,
		0.7970442175865173,
		0.017951861023902893,
		0.914359986782074
	],
	"6. right_hip": [
		0.6902890801429749,
		0.5938633680343628,
		-0.06598411500453949,
		0.9985454678535461
	],
	"7. right_knee": [
		0.6746465563774109,
		0.7190571427345276,
		-0.04911969229578972,
		0.983078122138977
	],
	"8. right_ankle": [
		0.6294072270393372,
		0.7950820922851562,
		0.006056401412934065,
		0.9916907548904419
	],
	"14. left_shoulder": [
		0.7279505729675293,
		0.43396419286727905,
		0.08898776769638062,
		0.9992038607597351
	],
	"15. left_elbow": [
		0.7245815992355347,
		0.4697750210762024,
		0.2475772351026535,
		0.4633447229862213
	],
	"16. left_wrist": [
		0.7367697954177856,
		0.4800715148448944,
		0.3962401747703552,
		0.5929813385009766
	],
	"19. right_shoulder": [
		0.7150755524635315,
		0.42525604367256165,
		-0.15102745592594147,
		0.9998212456703186
	],
	"20. right_elbow": [
		0.715445876121521,
		0.467878133058548,
		-0.29717931151390076,
		0.959438681602478
	],
	"21. right_wrist": [
		0.7311549186706543,
		0.47730764746665955,
		-0.41507381200790405,
		0.8328849077224731
	],
	"24. nose": [
		0.7488519549369812,
		0.4001122713088989,
		-0.09871435910463333,
		0.9998982548713684
	],
	"25. left_eye": [
		0.7488666772842407,
		0.3910239040851593,
		-0.08551452308893204,
		0.9998394846916199
	],
	"26. right_eye": [
		0.7445464134216309,
		0.3877011239528656,
		-0.10619976371526718,
		0.999909520149231
	],
	"27. left_ear": [
		0.742707371711731,
		0.3905913531780243,
		-0.011805923655629158,
		0.9997543692588806
	],
	"28. right_ear": [
		0.7331701517105103,
		0.38681861758232117,
		-0.10554854571819305,
		0.9999146461486816
	],
	"time stamp": 29.969946478656652
}