{
	"1. left_hip": [
		0.7104788422584534,
		0.605437159538269,
		0.0666600912809372,
		0.9989311695098877
	],
	"2. left_knee": [
		0.7543595433235168,
		0.6767194271087646,
		0.008301792666316032,
		0.8927298784255981
	],
	"3. left_ankle": [
		0.7585077285766602,
		0.797934889793396,
		0.03001798689365387,
		0.9292736053466797
	],
	"6. right_hip": [
		0.6959176659584045,
		0.6034917235374451,
		-0.06673891097307205,
		0.9987496733665466
	],
	"7. right_knee": [
		0.6801034212112427,
		0.724733829498291,
		-0.04310458526015282,
		0.9848210215568542
	],
	"8. right_ankle": [
		0.6305223107337952,
		0.7945445775985718,
		0.020977318286895752,
		0.9926217198371887
	],
	"14. left_shoulder": [
		0.7332231998443604,
		0.4435145854949951,
		0.08780602365732193,
		0.9988037347793579
	],
	"15. left_elbow": [
		0.7255045175552368,
		0.4747775197029114,
		0.25595712661743164,
		0.39201852679252625
	],
	"16. left_wrist": [
		0.7391318082809448,
		0.483350932598114,
		0.41460806131362915,
		0.5369139909744263
	],
	"19. right_shoulder": [
		0.7199680805206299,
		0.4365464448928833,
		-0.15354584157466888,
		0.9998182058334351
	],
	"20. right_elbow": [
		0.713240385055542,
		0.4707256257534027,
		-0.3066447675228119,
		0.9602023363113403
	],
	"21. right_wrist": [
		0.732583224773407,
		0.49128562211990356,
		-0.4288354814052582,
		0.8552989363670349
	],
	"24. nose": [
		0.7565810084342957,
		0.413748174905777,
		-0.0883319228887558,
		0.9999153017997742
	],
	"25. left_eye": [
		0.7564480900764465,
		0.4044983386993408,
		-0.07637535035610199,
		0.9998635649681091
	],
	"26. right_eye": [
		0.7528238892555237,
		0.4012385904788971,
		-0.09763836115598679,
		0.9999248385429382
	],
	"27. left_ear": [
		0.7484051585197449,
		0.40218862891197205,
		-0.007965377531945705,
		0.9997943639755249
	],
	"28. right_ear": [
		0.7419242262840271,
		0.39905911684036255,
		-0.10576175153255463,
		0.9999278783798218
	],
	"time stamp": 29.969946478656652
}