{
	"1. left_hip": [
		0.712628185749054,
		0.6113693118095398,
		0.06827806681394577,
		0.9990180134773254
	],
	"2. left_knee": [
		0.7583158016204834,
		0.6768163442611694,
		0.014262068085372448,
		0.902397096157074
	],
	"3. left_ankle": [
		0.7579137682914734,
		0.7985239028930664,
		0.04174559935927391,
		0.935623288154602
	],
	"6. right_hip": [
		0.7000008225440979,
		0.6096449494361877,
		-0.06835125386714935,
		0.9988447427749634
	],
	"7. right_knee": [
		0.682607114315033,
		0.7289028763771057,
		-0.04314824193716049,
		0.9853664040565491
	],
	"8. right_ankle": [
		0.6307980418205261,
		0.7945837378501892,
		0.015935176983475685,
		0.9929998517036438
	],
	"14. left_shoulder": [
		0.734293520450592,
		0.45109429955482483,
		0.10005831718444824,
		0.9986554980278015
	],
	"15. left_elbow": [
		0.7223048210144043,
		0.47827640175819397,
		0.2757800817489624,
		0.3619556427001953
	],
	"16. left_wrist": [
		0.7378873825073242,
		0.48374155163764954,
		0.4430209994316101,
		0.5100533962249756
	],
	"19. right_shoulder": [
		0.725713849067688,
		0.442093163728714,
		-0.14616349339485168,
		0.9998158812522888
	],
	"20. right_elbow": [
		0.7109018564224243,
		0.47748517990112305,
		-0.2972564697265625,
		0.9548029899597168
	],
	"21. right_wrist": [
		0.7320295572280884,
		0.4938587546348572,
		-0.4260905385017395,
		0.8594602346420288
	],
	"24. nose": [
		0.7625711560249329,
		0.4184090197086334,
		-0.052321016788482666,
		0.9999221563339233
	],
	"25. left_eye": [
		0.7611756324768066,
		0.40801048278808594,
		-0.04305806756019592,
		0.9998742341995239
	],
	"26. right_eye": [
		0.7579220533370972,
		0.40540486574172974,
		-0.06699283421039581,
		0.9999312162399292
	],
	"27. left_ear": [
		0.7523453831672668,
		0.4053809642791748,
		0.011265827342867851,
		0.9998124837875366
	],
	"28. right_ear": [
		0.7463391423225403,
		0.4026942253112793,
		-0.09777955710887909,
		0.999933660030365
	],
	"time stamp": 29.969946478656652
}