{
	"1. left_hip": [
		0.7179896831512451,
		0.6138812303543091,
		0.0683833509683609,
		0.9990967512130737
	],
	"2. left_knee": [
		0.7620071172714233,
		0.6779817342758179,
		0.017839597538113594,
		0.911273181438446
	],
	"3. left_ankle": [
		0.7580474019050598,
		0.7980407476425171,
		0.0446401908993721,
		0.941423237323761
	],
	"6. right_hip": [
		0.703217625617981,
		0.614957869052887,
		-0.0684579610824585,
		0.9989249110221863
	],
	"7. right_knee": [
		0.6845029592514038,
		0.7311044335365295,
		-0.04838220402598381,
		0.9858431816101074
	],
	"8. right_ankle": [
		0.6306517124176025,
		0.794653594493866,
		0.004571245051920414,
		0.9934241771697998
	],
	"14. left_shoulder": [
		0.7385303378105164,
		0.4520443379878998,
		0.09598322212696075,
		0.998293399810791
	],
	"15. left_elbow": [
		0.7306557893753052,
		0.4767903685569763,
		0.26280754804611206,
		0.3322327136993408
	],
	"16. left_wrist": [
		0.7417307496070862,
		0.4819069802761078,
		0.4287765622138977,
		0.4782297611236572
	],
	"19. right_shoulder": [
		0.7321200370788574,
		0.44722428917884827,
		-0.1482275426387787,
		0.9997652173042297
	],
	"20. right_elbow": [
		0.7222098708152771,
		0.47552070021629333,
		-0.32115301489830017,
		0.9471665024757385
	],
	"21. right_wrist": [
		0.7367569208145142,
		0.4843343496322632,
		-0.46811944246292114,
		0.8627739548683167
	],
	"24. nose": [
		0.765464186668396,
		0.4183071553707123,
		-0.059544969350099564,
		0.9999248385429382
	],
	"25. left_eye": [
		0.7634094953536987,
		0.4068699777126312,
		-0.04981541261076927,
		0.9998778104782104
	],
	"26. right_eye": [
		0.7602677941322327,
		0.406380295753479,
		-0.07225080579519272,
		0.999934732913971
	],
	"27. left_ear": [
		0.7553260922431946,
		0.40601611137390137,
		0.009732352569699287,
		0.9998254776000977
	],
	"28. right_ear": [
		0.7489231824874878,
		0.40676629543304443,
		-0.09861250221729279,
		0.9999358057975769
	],
	"time stamp": 29.969946478656652
}