{
	"1. left_hip": [
		0.7166623473167419,
		0.60507732629776,
		0.07041186094284058,
		0.9992677569389343
	],
	"2. left_knee": [
		0.7573352456092834,
		0.6803526282310486,
		0.04431379586458206,
		0.9427541494369507
	],
	"3. left_ankle": [
		0.7588005065917969,
		0.7972691059112549,
		0.07279421389102936,
		0.965664267539978
	],
	"6. right_hip": [
		0.7039875984191895,
		0.6038010716438293,
		-0.07048353552818298,
		0.9990816712379456
	],
	"7. right_knee": [
		0.6769933104515076,
		0.7197442650794983,
		-0.07731533795595169,
		0.9886630773544312
	],
	"8. right_ankle": [
		0.6300166249275208,
		0.795377790927887,
		-0.050675880163908005,
		0.9950520992279053
	],
	"14. left_shoulder": [
		0.7309772372245789,
		0.4466439485549927,
		0.11289083957672119,
		0.9940996766090393
	],
	"15. left_elbow": [
		0.7267831563949585,
		0.4991650879383087,
		0.23508545756340027,
		0.18568070232868195
	],
	"16. left_wrist": [
		0.7241128087043762,
		0.5005342364311218,
		0.31662517786026,
		0.2595992684364319
	],
	"19. right_shoulder": [
		0.7185074090957642,
		0.445124089717865,
		-0.1204495057463646,
		0.9991716742515564
	],
	"20. right_elbow": [
		0.7214893102645874,
		0.5034970045089722,
		-0.19190281629562378,
		0.8672277927398682
	],
	"21. right_wrist": [
		0.7223814725875854,
		0.4602593183517456,
		-0.20565259456634521,
		0.7929773330688477
	],
	"24. nose": [
		0.7365459203720093,
		0.3822145164012909,
		-0.029674598947167397,
		0.9999233484268188
	],
	"25. left_eye": [
		0.7316468954086304,
		0.3747442066669464,
		-0.01868683658540249,
		0.9998680949211121
	],
	"26. right_eye": [
		0.7303275465965271,
		0.37608686089515686,
		-0.039761900901794434,
		0.9999361038208008
	],
	"27. left_ear": [
		0.7266432642936707,
		0.38408538699150085,
		0.03323207050561905,
		0.9998340010643005
	],
	"28. right_ear": [
		0.7234891057014465,
		0.38743749260902405,
		-0.06132261082530022,
		0.99991774559021
	],
	"time stamp": 29.969946478656652
}