{
	"1. left_hip": [
		0.6995545029640198,
		0.5916052460670471,
		0.06498707085847855,
		0.9992764592170715
	],
	"2. left_knee": [
		0.7401787042617798,
		0.6810110211372375,
		0.054555319249629974,
		0.9461065530776978
	],
	"3. left_ankle": [
		0.7568735480308533,
		0.7966774702072144,
		0.11985871940851212,
		0.9737048745155334
	],
	"6. right_hip": [
		0.6811989545822144,
		0.5910149812698364,
		-0.06507004797458649,
		0.9990185499191284
	],
	"7. right_knee": [
		0.6659308671951294,
		0.7089006900787354,
		-0.06112121790647507,
		0.9908154606819153
	],
	"8. right_ankle": [
		0.6282346248626709,
		0.7996333837509155,
		0.014758209697902203,
		0.9958734512329102
	],
	"14. left_shoulder": [
		0.6947171092033386,
		0.43460410833358765,
		0.058669257909059525,
		0.9955065846443176
	],
	"15. left_elbow": [
		0.7265740633010864,
		0.47406134009361267,
		0.10761944204568863,
		0.18861894309520721
	],
	"16. left_wrist": [
		0.7638445496559143,
		0.48373085260391235,
		0.08188514411449432,
		0.29130974411964417
	],
	"19. right_shoulder": [
		0.68256676197052,
		0.4314965605735779,
		-0.1740552932024002,
		0.9993759989738464
	],
	"20. right_elbow": [
		0.730712354183197,
		0.46113765239715576,
		-0.2155507504940033,
		0.903547465801239
	],
	"21. right_wrist": [
		0.7736743688583374,
		0.46307018399238586,
		-0.20496809482574463,
		0.8488696217536926
	],
	"24. nose": [
		0.6999613046646118,
		0.37721502780914307,
		-0.1613551378250122,
		0.9999446868896484
	],
	"25. left_eye": [
		0.6983621120452881,
		0.36733192205429077,
		-0.14245465397834778,
		0.9999046325683594
	],
	"26. right_eye": [
		0.6926493048667908,
		0.367289274930954,
		-0.16114868223667145,
		0.9999527335166931
	],
	"27. left_ear": [
		0.6921579837799072,
		0.3711244463920593,
		-0.05124707147479057,
		0.9998537302017212
	],
	"28. right_ear": [
		0.6818942427635193,
		0.3732883930206299,
		-0.1352524757385254,
		0.9999409914016724
	],
	"time stamp": 29.969946478656652
}