{
	"1. left_hip": [
		0.6943325400352478,
		0.5926455855369568,
		0.06544901430606842,
		0.9993047714233398
	],
	"2. left_knee": [
		0.7382911443710327,
		0.6807857751846313,
		0.056001562625169754,
		0.9497810006141663
	],
	"3. left_ankle": [
		0.756393313407898,
		0.7966406941413879,
		0.11019988358020782,
		0.9772782325744629
	],
	"6. right_hip": [
		0.6754759550094604,
		0.5920723676681519,
		-0.06562204658985138,
		0.9989545345306396
	],
	"7. right_knee": [
		0.6671953201293945,
		0.7112811803817749,
		-0.06066596508026123,
		0.9918649792671204
	],
	"8. right_ankle": [
		0.6277331113815308,
		0.8010675311088562,
		0.01916724629700184,
		0.9963634610176086
	],
	"14. left_shoulder": [
		0.6899862289428711,
		0.43473953008651733,
		0.051209378987550735,
		0.996218740940094
	],
	"15. left_elbow": [
		0.7223450541496277,
		0.4730987548828125,
		0.09294723719358444,
		0.21035626530647278
	],
	"16. left_wrist": [
		0.7682174444198608,
		0.48643413186073303,
		0.051673077046871185,
		0.3412955701351166
	],
	"19. right_shoulder": [
		0.6753872632980347,
		0.4317892789840698,
		-0.1925697773694992,
		0.9994547367095947
	],
	"20. right_elbow": [
		0.7258938550949097,
		0.4560748338699341,
		-0.25991612672805786,
		0.9214209318161011
	],
	"21. right_wrist": [
		0.7671681642532349,
		0.46920230984687805,
		-0.2739858627319336,
		0.8764540553092957
	],
	"24. nose": [
		0.6937202215194702,
		0.37893247604370117,
		-0.1718163937330246,
		0.9999536871910095
	],
	"25. left_eye": [
		0.6922954320907593,
		0.3693256676197052,
		-0.153587207198143,
		0.9999181032180786
	],
	"26. right_eye": [
		0.6866492033004761,
		0.369160920381546,
		-0.17356537282466888,
		0.9999598860740662
	],
	"27. left_ear": [
		0.6865842938423157,
		0.37296247482299805,
		-0.060991037636995316,
		0.9998595714569092
	],
	"28. right_ear": [
		0.6762398481369019,
		0.37546294927597046,
		-0.1516050398349762,
		0.9999498724937439
	],
	"time stamp": 29.969946478656652
}