{
	"1. left_hip": [
		0.6864714622497559,
		0.5963677167892456,
		0.06696569919586182,
		0.9993663430213928
	],
	"2. left_knee": [
		0.7322382926940918,
		0.6842089295387268,
		0.058424193412065506,
		0.9484920501708984
	],
	"3. left_ankle": [
		0.756019115447998,
		0.7967548966407776,
		0.13092182576656342,
		0.9804530739784241
	],
	"6. right_hip": [
		0.672174870967865,
		0.5984109044075012,
		-0.06718169152736664,
		0.9988641738891602
	],
	"7. right_knee": [
		0.6677290201187134,
		0.7206896543502808,
		-0.052913881838321686,
		0.9928270578384399
	],
	"8. right_ankle": [
		0.627268373966217,
		0.8022904992103577,
		0.04393336549401283,
		0.9967527389526367
	],
	"14. left_shoulder": [
		0.679017186164856,
		0.44606730341911316,
		0.07673871517181396,
		0.9973552823066711
	],
	"15. left_elbow": [
		0.7165828347206116,
		0.47828009724617004,
		0.13085006177425385,
		0.29043808579444885
	],
	"16. left_wrist": [
		0.757876992225647,
		0.49508318305015564,
		0.0929446667432785,
		0.4671252965927124
	],
	"19. right_shoulder": [
		0.664509654045105,
		0.43488553166389465,
		-0.17027601599693298,
		0.9996119141578674
	],
	"20. right_elbow": [
		0.7128508687019348,
		0.4632517099380493,
		-0.2332189381122589,
		0.9478582739830017
	],
	"21. right_wrist": [
		0.757534921169281,
		0.48456263542175293,
		-0.24607260525226593,
		0.9178524613380432
	],
	"24. nose": [
		0.6877211928367615,
		0.39605802297592163,
		-0.11778271198272705,
		0.9999644160270691
	],
	"25. left_eye": [
		0.68742835521698,
		0.38550618290901184,
		-0.10052154958248138,
		0.9999176263809204
	],
	"26. right_eye": [
		0.6821691393852234,
		0.38252347707748413,
		-0.12462500482797623,
		0.9999649524688721
	],
	"27. left_ear": [
		0.679862916469574,
		0.38602370023727417,
		-0.020420871675014496,
		0.9997764825820923
	],
	"28. right_ear": [
		0.6703646183013916,
		0.3802962899208069,
		-0.12705835700035095,
		0.9999545216560364
	],
	"time stamp": 29.969946478656652
}