{
	"1. left_hip": [
		0.6870644092559814,
		0.5948969125747681,
		0.06690748035907745,
		0.9994218945503235
	],
	"2. left_knee": [
		0.7306892275810242,
		0.6843408942222595,
		0.05505095794796944,
		0.9436925053596497
	],
	"3. left_ankle": [
		0.7556151151657104,
		0.7970653176307678,
		0.12047858536243439,
		0.9800812005996704
	],
	"6. right_hip": [
		0.6713122129440308,
		0.5963913798332214,
		-0.06709311902523041,
		0.9988717436790466
	],
	"7. right_knee": [
		0.6660656332969666,
		0.7203137874603271,
		-0.05661691352725029,
		0.9926480054855347
	],
	"8. right_ankle": [
		0.6272125840187073,
		0.8023229241371155,
		0.025324266403913498,
		0.9965982437133789
	],
	"14. left_shoulder": [
		0.6811827421188354,
		0.44541221857070923,
		0.08401145040988922,
		0.9978339672088623
	],
	"15. left_elbow": [
		0.717618465423584,
		0.4846155047416687,
		0.13657957315444946,
		0.3620395362377167
	],
	"16. left_wrist": [
		0.758339524269104,
		0.49979090690612793,
		0.10129414498806,
		0.5492640733718872
	],
	"19. right_shoulder": [
		0.6604702472686768,
		0.4298567473888397,
		-0.15854091942310333,
		0.9996775388717651
	],
	"20. right_elbow": [
		0.7074451446533203,
		0.474473774433136,
		-0.224069744348526,
		0.9573842883110046
	],
	"21. right_wrist": [
		0.7523853778839111,
		0.48564115166664124,
		-0.24873535335063934,
		0.9329952001571655
	],
	"24. nose": [
		0.6900350451469421,
		0.3954135775566101,
		-0.0742378681898117,
		0.9999655485153198
	],
	"25. left_eye": [
		0.6904757618904114,
		0.38581687211990356,
		-0.0607488751411438,
		0.9999057650566101
	],
	"26. right_eye": [
		0.6852169632911682,
		0.38228484988212585,
		-0.08454366773366928,
		0.9999608993530273
	],
	"27. left_ear": [
		0.6834989786148071,
		0.3870953321456909,
		0.005380976479500532,
		0.9997191429138184
	],
	"28. right_ear": [
		0.6745580434799194,
		0.3797417879104614,
		-0.10442916303873062,
		0.9999480843544006
	],
	"time stamp": 29.969946478656652
}