{
	"1. left_hip": [
		0.7641480565071106,
		0.5459782481193542,
		0.007575470954179764,
		0.9993776082992554
	],
	"2. left_knee": [
		0.7677333950996399,
		0.6727998852729797,
		-0.004820680245757103,
		0.9613885283470154
	],
	"3. left_ankle": [
		0.7672954201698303,
		0.7840350866317749,
		0.10477042198181152,
		0.980773389339447
	],
	"6. right_hip": [
		0.7323678731918335,
		0.5432321429252625,
		-0.0075639463029801846,
		0.9994338154792786
	],
	"7. right_knee": [
		0.7457267642021179,
		0.6723548173904419,
		-0.007877138443291187,
		0.9902823567390442
	],
	"8. right_ankle": [
		0.7493478059768677,
		0.7860656976699829,
		0.10097897052764893,
		0.9875491261482239
	],
	"14. left_shoulder": [
		0.776344895362854,
		0.3895912170410156,
		-0.011128823272883892,
		0.9994325637817383
	],
	"15. left_elbow": [
		0.7683858871459961,
		0.42497262358665466,
		-0.04341622442007065,
		0.7305915951728821
	],
	"16. left_wrist": [
		0.7452085614204407,
		0.4007149934768677,
		-0.14738062024116516,
		0.7290108799934387
	],
	"19. right_shoulder": [
		0.7269492149353027,
		0.39203280210494995,
		-0.01129865925759077,
		0.9998927712440491
	],
	"20. right_elbow": [
		0.7170854806900024,
		0.48500365018844604,
		0.04310046136379242,
		0.9260346293449402
	],
	"21. right_wrist": [
		0.7109693288803101,
		0.5434860587120056,
		0.049255527555942535,
		0.8004527688026428
	],
	"24. nose": [
		0.7561682462692261,
		0.3431037366390228,
		-0.1632031351327896,
		0.9999552965164185
	],
	"25. left_eye": [
		0.7595394253730774,
		0.33156949281692505,
		-0.15025000274181366,
		0.9999068975448608
	],
	"26. right_eye": [
		0.7488111853599548,
		0.33388039469718933,
		-0.15286920964717865,
		0.9998912215232849
	],
	"27. left_ear": [
		0.762096107006073,
		0.3364950716495514,
		-0.05962057784199715,
		0.9998077154159546
	],
	"28. right_ear": [
		0.740655779838562,
		0.34100043773651123,
		-0.05834607407450676,
		0.999885618686676
	],
	"time stamp": 29.969946478656652
}