{
	"1. left_hip": [
		0.7653165459632874,
		0.5495220422744751,
		-0.0006172678549773991,
		0.9994012117385864
	],
	"2. left_knee": [
		0.7688598036766052,
		0.6818825006484985,
		-0.02968795970082283,
		0.9689047336578369
	],
	"3. left_ankle": [
		0.768618106842041,
		0.7866462469100952,
		0.0655323937535286,
		0.9792823195457458
	],
	"6. right_hip": [
		0.7335562109947205,
		0.5570564866065979,
		0.0006033883546479046,
		0.9992582201957703
	],
	"7. right_knee": [
		0.7418172955513,
		0.6812562942504883,
		-0.014296231791377068,
		0.9862257242202759
	],
	"8. right_ankle": [
		0.7472312450408936,
		0.7878007888793945,
		0.08315006643533707,
		0.9789581298828125
	],
	"14. left_shoulder": [
		0.7721037864685059,
		0.39521726965904236,
		0.0019161757081747055,
		0.9991817474365234
	],
	"15. left_elbow": [
		0.7629464268684387,
		0.4013068377971649,
		-0.16078974306583405,
		0.75947105884552
	],
	"16. left_wrist": [
		0.744478702545166,
		0.37650296092033386,
		-0.30036911368370056,
		0.6861839294433594
	],
	"19. right_shoulder": [
		0.7250334024429321,
		0.39547601342201233,
		0.0032050334848463535,
		0.9971821904182434
	],
	"20. right_elbow": [
		0.7279600501060486,
		0.3904615640640259,
		-0.17210395634174347,
		0.8477068543434143
	],
	"21. right_wrist": [
		0.7348496317863464,
		0.34964972734451294,
		-0.3221953809261322,
		0.6549859046936035
	],
	"24. nose": [
		0.7486008405685425,
		0.3534427583217621,
		-0.07638898491859436,
		0.9994400143623352
	],
	"25. left_eye": [
		0.7539199590682983,
		0.34248387813568115,
		-0.06510194391012192,
		0.9993636012077332
	],
	"26. right_eye": [
		0.7438851594924927,
		0.34311819076538086,
		-0.06601328402757645,
		0.998638391494751
	],
	"27. left_ear": [
		0.7581189274787903,
		0.34525421261787415,
		0.006695862859487534,
		0.9994292855262756
	],
	"28. right_ear": [
		0.7380392551422119,
		0.3450796604156494,
		0.003568547312170267,
		0.9985462427139282
	],
	"time stamp": 29.969946478656652
}