{
	"1. left_hip": [
		0.7639487981796265,
		0.551346480846405,
		-0.013505970127880573,
		0.999477744102478
	],
	"2. left_knee": [
		0.7663875818252563,
		0.6824619174003601,
		-0.05885794013738632,
		0.9733060002326965
	],
	"3. left_ankle": [
		0.7690944671630859,
		0.7908334732055664,
		0.04366423189640045,
		0.9812874794006348
	],
	"6. right_hip": [
		0.7313538789749146,
		0.5558474659919739,
		0.013609272427856922,
		0.9992828369140625
	],
	"7. right_knee": [
		0.7254196405410767,
		0.6789021492004395,
		-0.01605851761996746,
		0.9870616793632507
	],
	"8. right_ankle": [
		0.7267104387283325,
		0.77909255027771,
		0.0799180194735527,
		0.9800857901573181
	],
	"14. left_shoulder": [
		0.7710051536560059,
		0.3945179879665375,
		0.019641945138573647,
		0.9992328882217407
	],
	"15. left_elbow": [
		0.7586363554000854,
		0.4028450548648834,
		-0.06538307666778564,
		0.787899374961853
	],
	"16. left_wrist": [
		0.7390495538711548,
		0.3760623037815094,
		-0.08365853875875473,
		0.7136934399604797
	],
	"19. right_shoulder": [
		0.7272330522537231,
		0.3955960273742676,
		0.1088380366563797,
		0.9959649443626404
	],
	"20. right_elbow": [
		0.7262818217277527,
		0.4092153310775757,
		0.1660453826189041,
		0.7540379762649536
	],
	"21. right_wrist": [
		0.7319908142089844,
		0.3964328467845917,
		0.22044284641742706,
		0.5770956873893738
	],
	"24. nose": [
		0.7411403059959412,
		0.3551085889339447,
		-0.006525096949189901,
		0.999357283115387
	],
	"25. left_eye": [
		0.7467693090438843,
		0.3447413444519043,
		-0.002475778805091977,
		0.9993381500244141
	],
	"26. right_eye": [
		0.7388484477996826,
		0.34622451663017273,
		0.006696633994579315,
		0.9984313249588013
	],
	"27. left_ear": [
		0.7538560628890991,
		0.34611570835113525,
		0.03442896530032158,
		0.9994474649429321
	],
	"28. right_ear": [
		0.7383122444152832,
		0.3464359641075134,
		0.07555810362100601,
		0.9982149600982666
	],
	"time stamp": 29.969946478656652
}