{
	"1. left_hip": [
		0.7588099241256714,
		0.5577343106269836,
		-0.01979886367917061,
		0.9995968341827393
	],
	"2. left_knee": [
		0.7639201283454895,
		0.6842474341392517,
		-0.044446222484111786,
		0.9788804054260254
	],
	"3. left_ankle": [
		0.7684934735298157,
		0.7934051752090454,
		0.05242694541811943,
		0.9846078157424927
	],
	"6. right_hip": [
		0.7261913418769836,
		0.555185079574585,
		0.019830480217933655,
		0.9994218349456787
	],
	"7. right_knee": [
		0.7075527310371399,
		0.6741188168525696,
		0.008254014886915684,
		0.9895431995391846
	],
	"8. right_ankle": [
		0.693473756313324,
		0.7790184020996094,
		0.09620565921068192,
		0.9839985966682434
	],
	"14. left_shoulder": [
		0.7646921277046204,
		0.39470091462135315,
		-0.020318496972322464,
		0.9994150400161743
	],
	"15. left_elbow": [
		0.7333730459213257,
		0.3744007647037506,
		-0.1378258615732193,
		0.8387791514396667
	],
	"16. left_wrist": [
		0.7049621343612671,
		0.37455087900161743,
		-0.19024179875850677,
		0.7737457156181335
	],
	"19. right_shoulder": [
		0.7267640829086304,
		0.3985050618648529,
		0.08506019413471222,
		0.99627685546875
	],
	"20. right_elbow": [
		0.728578507900238,
		0.46639594435691833,
		0.06966577470302582,
		0.6295419335365295
	],
	"21. right_wrist": [
		0.7244127988815308,
		0.5136095881462097,
		-0.01359836757183075,
		0.4865095615386963
	],
	"24. nose": [
		0.7363978624343872,
		0.35460880398750305,
		-0.05567901208996773,
		0.999478280544281
	],
	"25. left_eye": [
		0.7431939244270325,
		0.34516316652297974,
		-0.04902138188481331,
		0.9994735717773438
	],
	"26. right_eye": [
		0.7354236245155334,
		0.34648826718330383,
		-0.03261808678507805,
		0.998696506023407
	],
	"27. left_ear": [
		0.7505952715873718,
		0.34704816341400146,
		0.0022082189098000526,
		0.9995681643486023
	],
	"28. right_ear": [
		0.7368663549423218,
		0.34695151448249817,
		0.039892248809337616,
		0.9985527396202087
	],
	"time stamp": 29.969946478656652
}