{
	"1. left_hip": [
		0.7532662153244019,
		0.5680050253868103,
		-0.02515432797372341,
		0.9996680021286011
	],
	"2. left_knee": [
		0.7627086043357849,
		0.6885941028594971,
		-0.0407361164689064,
		0.9820548892021179
	],
	"3. left_ankle": [
		0.767898440361023,
		0.7937611937522888,
		0.0810336247086525,
		0.9863349795341492
	],
	"6. right_hip": [
		0.7212660312652588,
		0.5633150935173035,
		0.025105800479650497,
		0.9995231032371521
	],
	"7. right_knee": [
		0.692966878414154,
		0.6760313510894775,
		0.010712875984609127,
		0.9910449385643005
	],
	"8. right_ankle": [
		0.6690966486930847,
		0.78215092420578,
		0.11481456458568573,
		0.9864269495010376
	],
	"14. left_shoulder": [
		0.7579373121261597,
		0.39904993772506714,
		-0.11074198782444,
		0.9994920492172241
	],
	"15. left_elbow": [
		0.7288230657577515,
		0.36810043454170227,
		-0.27556055784225464,
		0.8687918782234192
	],
	"16. left_wrist": [
		0.6955631971359253,
		0.33209601044654846,
		-0.37888795137405396,
		0.8145903944969177
	],
	"19. right_shoulder": [
		0.7239646911621094,
		0.41113200783729553,
		0.007781929336488247,
		0.9968950152397156
	],
	"20. right_elbow": [
		0.7227910757064819,
		0.4684746265411377,
		-0.05289628356695175,
		0.5934719443321228
	],
	"21. right_wrist": [
		0.7163635492324829,
		0.5128243565559387,
		-0.17998796701431274,
		0.46652448177337646
	],
	"24. nose": [
		0.7377536296844482,
		0.353662371635437,
		-0.15757375955581665,
		0.9995718002319336
	],
	"25. left_eye": [
		0.7435615658760071,
		0.346345454454422,
		-0.1471833884716034,
		0.9995667338371277
	],
	"26. right_eye": [
		0.7354236841201782,
		0.34710776805877686,
		-0.1396360844373703,
		0.9989330768585205
	],
	"27. left_ear": [
		0.7486853003501892,
		0.3525983691215515,
		-0.0833098441362381,
		0.9996458292007446
	],
	"28. right_ear": [
		0.7349318861961365,
		0.3507705330848694,
		-0.04752132296562195,
		0.9988136887550354
	],
	"time stamp": 29.969946478656652
}