{
	"1. left_hip": [
		0.752477765083313,
		0.5688654184341431,
		-0.02238697186112404,
		0.9996984004974365
	],
	"2. left_knee": [
		0.762050449848175,
		0.6894692182540894,
		-0.0341678112745285,
		0.9835349917411804
	],
	"3. left_ankle": [
		0.767809271812439,
		0.7943288087844849,
		0.08298931270837784,
		0.9872338175773621
	],
	"6. right_hip": [
		0.7206822633743286,
		0.5643994212150574,
		0.022347934544086456,
		0.999567449092865
	],
	"7. right_knee": [
		0.6924089193344116,
		0.6770312190055847,
		0.011497332714498043,
		0.9917133450508118
	],
	"8. right_ankle": [
		0.6685305833816528,
		0.7830942869186401,
		0.11447519063949585,
		0.9875410199165344
	],
	"14. left_shoulder": [
		0.7581061124801636,
		0.400549054145813,
		-0.09203724563121796,
		0.9995241165161133
	],
	"15. left_elbow": [
		0.730786919593811,
		0.37016117572784424,
		-0.2561064064502716,
		0.8814663290977478
	],
	"16. left_wrist": [
		0.6969587802886963,
		0.32832881808280945,
		-0.362440288066864,
		0.8318740725517273
	],
	"19. right_shoulder": [
		0.7222576141357422,
		0.41273176670074463,
		0.01056318636983633,
		0.997180700302124
	],
	"20. right_elbow": [
		0.7179814577102661,
		0.4635736644268036,
		-0.07407666742801666,
		0.5890423059463501
	],
	"21. right_wrist": [
		0.712040901184082,
		0.509826123714447,
		-0.2188216745853424,
		0.4691767394542694
	],
	"24. nose": [
		0.7384487390518188,
		0.35365691781044006,
		-0.14200064539909363,
		0.9996122121810913
	],
	"25. left_eye": [
		0.74403315782547,
		0.34633001685142517,
		-0.13096340000629425,
		0.9996064901351929
	],
	"26. right_eye": [
		0.7357206344604492,
		0.34716376662254333,
		-0.12472615391016006,
		0.9990357756614685
	],
	"27. left_ear": [
		0.7485218644142151,
		0.3531017005443573,
		-0.06567364931106567,
		0.999678909778595
	],
	"28. right_ear": [
		0.7341508269309998,
		0.35166385769844055,
		-0.036082640290260315,
		0.9989279508590698
	],
	"time stamp": 29.969946478656652
}