{
	"1. left_hip": [
		0.739949107170105,
		0.594018280506134,
		-0.03796728700399399,
		0.9997312426567078
	],
	"2. left_knee": [
		0.7568413019180298,
		0.7018274664878845,
		-0.025365445762872696,
		0.9856858253479004
	],
	"3. left_ankle": [
		0.7526904344558716,
		0.796647310256958,
		0.10394731909036636,
		0.9890698790550232
	],
	"6. right_hip": [
		0.7146713733673096,
		0.5953095555305481,
		0.03797784075140953,
		0.9996417760848999
	],
	"7. right_knee": [
		0.676689088344574,
		0.6861025094985962,
		0.012323183938860893,
		0.9920744299888611
	],
	"8. right_ankle": [
		0.6638630628585815,
		0.7924972772598267,
		0.10423441231250763,
		0.9898045063018799
	],
	"14. left_shoulder": [
		0.7445772886276245,
		0.43056467175483704,
		-0.1438734531402588,
		0.9991390109062195
	],
	"15. left_elbow": [
		0.7338223457336426,
		0.37047579884529114,
		-0.2994994819164276,
		0.9083340167999268
	],
	"16. left_wrist": [
		0.7436803579330444,
		0.30538105964660645,
		-0.43112754821777344,
		0.8676102757453918
	],
	"19. right_shoulder": [
		0.7099674940109253,
		0.4450273811817169,
		0.018893849104642868,
		0.9973649382591248
	],
	"20. right_elbow": [
		0.7109449505805969,
		0.5114141702651978,
		0.06536106020212173,
		0.5067290663719177
	],
	"21. right_wrist": [
		0.7098978161811829,
		0.5611125230789185,
		0.045985858887434006,
		0.4313899576663971
	],
	"24. nose": [
		0.7221812009811401,
		0.3847613036632538,
		-0.1429901123046875,
		0.9995498657226562
	],
	"25. left_eye": [
		0.7283604145050049,
		0.3771166503429413,
		-0.14486129581928253,
		0.9994120001792908
	],
	"26. right_eye": [
		0.7246453762054443,
		0.37558916211128235,
		-0.12948381900787354,
		0.998965322971344
	],
	"27. left_ear": [
		0.7345439791679382,
		0.38356608152389526,
		-0.11744719743728638,
		0.9994028210639954
	],
	"28. right_ear": [
		0.7277888655662537,
		0.379285603761673,
		-0.05192773789167404,
		0.9988840818405151
	],
	"time stamp": 29.969946478656652
}