{
	"1. left_hip": [
		0.7347341775894165,
		0.6189606785774231,
		-0.0043405028991401196,
		0.9997772574424744
	],
	"2. left_knee": [
		0.7621804475784302,
		0.7062181830406189,
		-0.1386752873659134,
		0.9928290247917175
	],
	"3. left_ankle": [
		0.7640972137451172,
		0.7985809445381165,
		-0.022160643711686134,
		0.9911537766456604
	],
	"6. right_hip": [
		0.7001861333847046,
		0.622098445892334,
		0.004292315803468227,
		0.999768853187561
	],
	"7. right_knee": [
		0.6669919490814209,
		0.6996892094612122,
		-0.09189186990261078,
		0.9958772659301758
	],
	"8. right_ankle": [
		0.6598697304725647,
		0.7982737421989441,
		0.04494520276784897,
		0.9943379759788513
	],
	"14. left_shoulder": [
		0.7427982091903687,
		0.4705568552017212,
		-0.05425643175840378,
		0.9988483786582947
	],
	"15. left_elbow": [
		0.7691380381584167,
		0.41692182421684265,
		-0.08089874684810638,
		0.966270923614502
	],
	"16. left_wrist": [
		0.7900283336639404,
		0.3648965060710907,
		-0.15269352495670319,
		0.9421451687812805
	],
	"19. right_shoulder": [
		0.6867156028747559,
		0.4820152819156647,
		-0.044075869023799896,
		0.9984970688819885
	],
	"20. right_elbow": [
		0.6745758056640625,
		0.5565240383148193,
		-0.03984425216913223,
		0.7806712985038757
	],
	"21. right_wrist": [
		0.6704033017158508,
		0.6182510256767273,
		-0.09937266260385513,
		0.6628817915916443
	],
	"24. nose": [
		0.7211865186691284,
		0.42162421345710754,
		-0.1716805100440979,
		0.9997056722640991
	],
	"25. left_eye": [
		0.7261279225349426,
		0.41428348422050476,
		-0.1560078263282776,
		0.9990615248680115
	],
	"26. right_eye": [
		0.7162257432937622,
		0.4137180745601654,
		-0.15793633460998535,
		0.999264657497406
	],
	"27. left_ear": [
		0.7291125655174255,
		0.4206414818763733,
		-0.07955808937549591,
		0.9977046251296997
	],
	"28. right_ear": [
		0.7101622223854065,
		0.4192441701889038,
		-0.08857937157154083,
		0.9989708662033081
	],
	"time stamp": 29.969946478656652
}