{
	"1. left_hip": [
		0.7349251508712769,
		0.6198963522911072,
		-0.005068222992122173,
		0.9998085498809814
	],
	"2. left_knee": [
		0.762917160987854,
		0.706829309463501,
		-0.1323692500591278,
		0.9938145279884338
	],
	"3. left_ankle": [
		0.7640637159347534,
		0.7982847690582275,
		-0.013122111558914185,
		0.9922301769256592
	],
	"6. right_hip": [
		0.7007406949996948,
		0.6222273707389832,
		0.0050180526450276375,
		0.9998038411140442
	],
	"7. right_knee": [
		0.6676894426345825,
		0.7010800242424011,
		-0.09214478731155396,
		0.9964512586593628
	],
	"8. right_ankle": [
		0.6602267026901245,
		0.7981933355331421,
		0.03673029690980911,
		0.9950998425483704
	],
	"14. left_shoulder": [
		0.7429648637771606,
		0.47332149744033813,
		-0.07176442444324493,
		0.9989864230155945
	],
	"15. left_elbow": [
		0.7677831649780273,
		0.4263423979282379,
		-0.1346098780632019,
		0.9714874625205994
	],
	"16. left_wrist": [
		0.7866488695144653,
		0.3686703145503998,
		-0.24577811360359192,
		0.9494333863258362
	],
	"19. right_shoulder": [
		0.686888575553894,
		0.48285555839538574,
		-0.04305029660463333,
		0.9987554550170898
	],
	"20. right_elbow": [
		0.6756682991981506,
		0.5572202205657959,
		-0.008819583803415298,
		0.8151178956031799
	],
	"21. right_wrist": [
		0.6708860397338867,
		0.6175314784049988,
		-0.03162781149148941,
		0.707012951374054
	],
	"24. nose": [
		0.719620406627655,
		0.4213417172431946,
		-0.17760738730430603,
		0.9997594356536865
	],
	"25. left_eye": [
		0.7246396541595459,
		0.413852721452713,
		-0.16328857839107513,
		0.9992283582687378
	],
	"26. right_eye": [
		0.7150277495384216,
		0.4125590920448303,
		-0.16344472765922546,
		0.9993992447853088
	],
	"27. left_ear": [
		0.7284417152404785,
		0.42160966992378235,
		-0.09135904908180237,
		0.9981127381324768
	],
	"28. right_ear": [
		0.7090974450111389,
		0.41991323232650757,
		-0.09196787327528,
		0.9991616606712341
	],
	"time stamp": 29.969946478656652
}