{
	"1. left_hip": [
		0.7329217791557312,
		0.6193625330924988,
		-0.0041838353499770164,
		0.9998847246170044
	],
	"2. left_knee": [
		0.7630273103713989,
		0.7031026482582092,
		-0.12096625566482544,
		0.9959709048271179
	],
	"3. left_ankle": [
		0.7641435265541077,
		0.7969409227371216,
		-0.038309793919324875,
		0.9948541522026062
	],
	"6. right_hip": [
		0.7000662684440613,
		0.6212825179100037,
		0.0041071707382798195,
		0.9998778104782104
	],
	"7. right_knee": [
		0.6737378835678101,
		0.7099080681800842,
		-0.013792078010737896,
		0.9974901080131531
	],
	"8. right_ankle": [
		0.6606319546699524,
		0.7989491820335388,
		0.10812580585479736,
		0.9965096116065979
	],
	"14. left_shoulder": [
		0.7422667741775513,
		0.4749915599822998,
		-0.06693728268146515,
		0.9991813898086548
	],
	"15. left_elbow": [
		0.7615387439727783,
		0.4294048845767975,
		-0.1461191177368164,
		0.9826781153678894
	],
	"16. left_wrist": [
		0.7514882683753967,
		0.3745362460613251,
		-0.25030118227005005,
		0.9634775519371033
	],
	"19. right_shoulder": [
		0.6875954866409302,
		0.483793169260025,
		-0.03728066384792328,
		0.9992831945419312
	],
	"20. right_elbow": [
		0.6765126585960388,
		0.5566841959953308,
		-0.01584252528846264,
		0.8889169692993164
	],
	"21. right_wrist": [
		0.6717364192008972,
		0.6174370050430298,
		-0.05246470123529434,
		0.8048851490020752
	],
	"24. nose": [
		0.7125757336616516,
		0.4225432872772217,
		-0.16451841592788696,
		0.9998639225959778
	],
	"25. left_eye": [
		0.7182568311691284,
		0.41417545080184937,
		-0.15555688738822937,
		0.9995507001876831
	],
	"26. right_eye": [
		0.7095603346824646,
		0.4144737124443054,
		-0.1515360027551651,
		0.9996629953384399
	],
	"27. left_ear": [
		0.7240867018699646,
		0.4215432405471802,
		-0.09173578768968582,
		0.9988802671432495
	],
	"28. right_ear": [
		0.706841230392456,
		0.42236992716789246,
		-0.08329220116138458,
		0.999530553817749
	],
	"time stamp": 29.969946478656652
}