{
	"1. left_hip": [
		0.7271990180015564,
		0.6128578782081604,
		0.0052865338511765,
		0.9999194741249084
	],
	"2. left_knee": [
		0.7632023096084595,
		0.6988331079483032,
		-0.11260540783405304,
		0.9966618418693542
	],
	"3. left_ankle": [
		0.7640111446380615,
		0.7970296144485474,
		-0.006905736867338419,
		0.9955342411994934
	],
	"6. right_hip": [
		0.6952017545700073,
		0.6115107536315918,
		-0.00548496562987566,
		0.9999059438705444
	],
	"7. right_knee": [
		0.6754989624023438,
		0.7118874192237854,
		-0.015197040513157845,
		0.9976348280906677
	],
	"8. right_ankle": [
		0.6567336320877075,
		0.797238826751709,
		0.12815941870212555,
		0.9965329170227051
	],
	"14. left_shoulder": [
		0.7401381731033325,
		0.45995092391967773,
		-0.07712633162736893,
		0.9992935061454773
	],
	"15. left_elbow": [
		0.7544686794281006,
		0.3942016065120697,
		-0.1618107110261917,
		0.9876065254211426
	],
	"16. left_wrist": [
		0.7371999621391296,
		0.34078705310821533,
		-0.2764362096786499,
		0.9707025289535522
	],
	"19. right_shoulder": [
		0.688335657119751,
		0.4759669899940491,
		-0.06008080393075943,
		0.9994672536849976
	],
	"20. right_elbow": [
		0.6766507625579834,
		0.5491436719894409,
		-0.06118052452802658,
		0.9139670133590698
	],
	"21. right_wrist": [
		0.6704086661338806,
		0.6063048243522644,
		-0.12155492603778839,
		0.8378518223762512
	],
	"24. nose": [
		0.7099241018295288,
		0.4139813184738159,
		-0.1932065635919571,
		0.9999048113822937
	],
	"25. left_eye": [
		0.7153728604316711,
		0.403777539730072,
		-0.18060044944286346,
		0.9996824860572815
	],
	"26. right_eye": [
		0.7064410448074341,
		0.4082784354686737,
		-0.1805042326450348,
		0.9997664093971252
	],
	"27. left_ear": [
		0.7222582697868347,
		0.4091714322566986,
		-0.10692688077688217,
		0.9992121458053589
	],
	"28. right_ear": [
		0.7047280073165894,
		0.415762335062027,
		-0.10650118440389633,
		0.9996734857559204
	],
	"time stamp": 29.969946478656652
}