{
	"1. left_hip": [
		0.7159111499786377,
		0.5947809219360352,
		0.029146701097488403,
		0.999930202960968
	],
	"2. left_knee": [
		0.753010630607605,
		0.6847538948059082,
		-0.03148171678185463,
		0.9937860369682312
	],
	"3. left_ankle": [
		0.7627313733100891,
		0.7948076725006104,
		0.05692850425839424,
		0.9938439130783081
	],
	"6. right_hip": [
		0.6888197064399719,
		0.5900915265083313,
		-0.029427144676446915,
		0.9999002814292908
	],
	"7. right_knee": [
		0.6755465269088745,
		0.7047720551490784,
		-0.06390754878520966,
		0.9976633787155151
	],
	"8. right_ankle": [
		0.6428259015083313,
		0.7843772172927856,
		0.07813107967376709,
		0.9940494298934937
	],
	"14. left_shoulder": [
		0.7355303764343262,
		0.42622679471969604,
		-0.06928257644176483,
		0.9993707537651062
	],
	"15. left_elbow": [
		0.740075945854187,
		0.34658464789390564,
		-0.11835452169179916,
		0.9887808561325073
	],
	"16. left_wrist": [
		0.7359304428100586,
		0.27938157320022583,
		-0.2028094232082367,
		0.9765599370002747
	],
	"19. right_shoulder": [
		0.6913496851921082,
		0.4532606303691864,
		-0.09051816910505295,
		0.9995652437210083
	],
	"20. right_elbow": [
		0.679549515247345,
		0.5308218598365784,
		-0.08090171217918396,
		0.9137484431266785
	],
	"21. right_wrist": [
		0.6719933748245239,
		0.5878564715385437,
		-0.11619855463504791,
		0.8108505606651306
	],
	"24. nose": [
		0.7016305327415466,
		0.3946247100830078,
		-0.20837458968162537,
		0.9999086260795593
	],
	"25. left_eye": [
		0.7069824934005737,
		0.382565975189209,
		-0.19408509135246277,
		0.9996970891952515
	],
	"26. right_eye": [
		0.6998493671417236,
		0.38658908009529114,
		-0.19583414494991302,
		0.9997789263725281
	],
	"27. left_ear": [
		0.7164742350578308,
		0.38465720415115356,
		-0.11909788846969604,
		0.9991421103477478
	],
	"28. right_ear": [
		0.7018312811851501,
		0.3898858428001404,
		-0.12271660566329956,
		0.9996881484985352
	],
	"time stamp": 29.969946478656652
}