{
	"1. left_hip": [
		0.7160118818283081,
		0.5877670645713806,
		0.04077461361885071,
		0.9999160766601562
	],
	"2. left_knee": [
		0.7475075125694275,
		0.6843656897544861,
		0.0023665656335651875,
		0.9845983982086182
	],
	"3. left_ankle": [
		0.7610387802124023,
		0.7914049029350281,
		0.09129087626934052,
		0.9912185072898865
	],
	"6. right_hip": [
		0.6882333159446716,
		0.5813485980033875,
		-0.041048433631658554,
		0.9999115467071533
	],
	"7. right_knee": [
		0.6728821396827698,
		0.6889102458953857,
		-0.12080030143260956,
		0.9977887272834778
	],
	"8. right_ankle": [
		0.634219229221344,
		0.781128466129303,
		-0.05844838172197342,
		0.9950073957443237
	],
	"14. left_shoulder": [
		0.7307451367378235,
		0.4225594699382782,
		-0.013078960590064526,
		0.9994120597839355
	],
	"15. left_elbow": [
		0.7383610010147095,
		0.34610894322395325,
		-0.03235597908496857,
		0.9843752384185791
	],
	"16. left_wrist": [
		0.7404550909996033,
		0.28197452425956726,
		-0.10319602489471436,
		0.9804937243461609
	],
	"19. right_shoulder": [
		0.6905987858772278,
		0.4480835795402527,
		-0.09713506698608398,
		0.999701738357544
	],
	"20. right_elbow": [
		0.6776512861251831,
		0.5218594074249268,
		-0.11467461287975311,
		0.9331403970718384
	],
	"21. right_wrist": [
		0.6702702641487122,
		0.5813378691673279,
		-0.17981019616127014,
		0.8527438044548035
	],
	"24. nose": [
		0.6966220736503601,
		0.3927765190601349,
		-0.17727062106132507,
		0.9999239444732666
	],
	"25. left_eye": [
		0.7021396160125732,
		0.3788640797138214,
		-0.16343745589256287,
		0.9997220039367676
	],
	"26. right_eye": [
		0.6963229775428772,
		0.3823581635951996,
		-0.16832642257213593,
		0.9998312592506409
	],
	"27. left_ear": [
		0.7122831344604492,
		0.3802204132080078,
		-0.07911542803049088,
		0.9989873766899109
	],
	"28. right_ear": [
		0.6997986435890198,
		0.3861633241176605,
		-0.10035884380340576,
		0.9997617602348328
	],
	"time stamp": 29.969946478656652
}