{
	"1. left_hip": [
		0.7161538004875183,
		0.5896070003509521,
		0.02103530429303646,
		0.9999138712882996
	],
	"2. left_knee": [
		0.747641384601593,
		0.6893940567970276,
		-0.007549392990767956,
		0.9826846122741699
	],
	"3. left_ankle": [
		0.7609649896621704,
		0.792604386806488,
		0.117373026907444,
		0.9895336627960205
	],
	"6. right_hip": [
		0.6874136328697205,
		0.5847424864768982,
		-0.02123275399208069,
		0.9999130368232727
	],
	"7. right_knee": [
		0.6729627847671509,
		0.6906307935714722,
		-0.07219697535037994,
		0.9977391958236694
	],
	"8. right_ankle": [
		0.6363121271133423,
		0.7819306254386902,
		0.05486593395471573,
		0.9946915507316589
	],
	"14. left_shoulder": [
		0.7308170795440674,
		0.419111430644989,
		-0.07769934833049774,
		0.9994430541992188
	],
	"15. left_elbow": [
		0.742146909236908,
		0.348675012588501,
		-0.17168791592121124,
		0.9849629402160645
	],
	"16. left_wrist": [
		0.7398960590362549,
		0.28687357902526855,
		-0.2927396893501282,
		0.9821892380714417
	],
	"19. right_shoulder": [
		0.688826322555542,
		0.4488406777381897,
		-0.06836389005184174,
		0.9997380375862122
	],
	"20. right_elbow": [
		0.6792834997177124,
		0.5199422240257263,
		-0.0453861840069294,
		0.9314335584640503
	],
	"21. right_wrist": [
		0.67146235704422,
		0.582574188709259,
		-0.07864610850811005,
		0.8486703038215637
	],
	"24. nose": [
		0.6955127716064453,
		0.39254331588745117,
		-0.1893046647310257,
		0.999913215637207
	],
	"25. left_eye": [
		0.7009868025779724,
		0.37903928756713867,
		-0.18072183430194855,
		0.9996731877326965
	],
	"26. right_eye": [
		0.6949234008789062,
		0.3828181326389313,
		-0.1780892312526703,
		0.999786913394928
	],
	"27. left_ear": [
		0.7108033895492554,
		0.38109347224235535,
		-0.11236848682165146,
		0.9987541437149048
	],
	"28. right_ear": [
		0.6978720426559448,
		0.3871845304965973,
		-0.10323072969913483,
		0.999679446220398
	],
	"time stamp": 29.969946478656652
}