{
	"1. left_hip": [
		0.7298372387886047,
		0.5929815769195557,
		-0.044591840356588364,
		0.9998982548713684
	],
	"2. left_knee": [
		0.744433581829071,
		0.7029039859771729,
		-0.01250638347119093,
		0.9885722398757935
	],
	"3. left_ankle": [
		0.761560320854187,
		0.7950902581214905,
		0.12104854732751846,
		0.99095618724823
	],
	"6. right_hip": [
		0.7012811899185181,
		0.5964078307151794,
		0.044732823967933655,
		0.9999203681945801
	],
	"7. right_knee": [
		0.6613835096359253,
		0.6797611117362976,
		-0.04426438361406326,
		0.9979363679885864
	],
	"8. right_ankle": [
		0.6611403822898865,
		0.7962762713432312,
		0.026724684983491898,
		0.9958685040473938
	],
	"14. left_shoulder": [
		0.726307213306427,
		0.43662163615226746,
		-0.11934653669595718,
		0.999579131603241
	],
	"15. left_elbow": [
		0.7163495421409607,
		0.490926057100296,
		-0.2655330002307892,
		0.9889433979988098
	],
	"16. left_wrist": [
		0.7125834226608276,
		0.42086517810821533,
		-0.40609797835350037,
		0.984134316444397
	],
	"19. right_shoulder": [
		0.6927248239517212,
		0.43476006388664246,
		0.04269476234912872,
		0.9995101690292358
	],
	"20. right_elbow": [
		0.6967768669128418,
		0.49192652106285095,
		0.14007070660591125,
		0.6736539602279663
	],
	"21. right_wrist": [
		0.7049016952514648,
		0.5124940872192383,
		0.181455597281456,
		0.5706520080566406
	],
	"24. nose": [
		0.6956682205200195,
		0.38370445370674133,
		-0.14920863509178162,
		0.9998756647109985
	],
	"25. left_eye": [
		0.7007156014442444,
		0.3721998929977417,
		-0.14879366755485535,
		0.9996258020401001
	],
	"26. right_eye": [
		0.6947189569473267,
		0.37409940361976624,
		-0.13428165018558502,
		0.9996244311332703
	],
	"27. left_ear": [
		0.7097025513648987,
		0.37716513872146606,
		-0.11694810539484024,
		0.9989709258079529
	],
	"28. right_ear": [
		0.6954401731491089,
		0.37887489795684814,
		-0.046511486172676086,
		0.9994174838066101
	],
	"time stamp": 29.969946478656652
}