{
	"1. left_hip": [
		0.7159551978111267,
		0.5696282386779785,
		-0.05873657390475273,
		0.9998495578765869
	],
	"2. left_knee": [
		0.72705078125,
		0.6984944939613342,
		-0.08753599226474762,
		0.9911580085754395
	],
	"3. left_ankle": [
		0.7599481344223022,
		0.7788282036781311,
		0.03794320672750473,
		0.991719126701355
	],
	"6. right_hip": [
		0.6963979601860046,
		0.5710349678993225,
		0.05857478454709053,
		0.9999220371246338
	],
	"7. right_knee": [
		0.6658706665039062,
		0.6766895055770874,
		0.02988377772271633,
		0.9902675151824951
	],
	"8. right_ankle": [
		0.6615262031555176,
		0.7962295413017273,
		0.09924820810556412,
		0.9947456121444702
	],
	"14. left_shoulder": [
		0.7121167182922363,
		0.40977123379707336,
		-0.14070750772953033,
		0.9991077780723572
	],
	"15. left_elbow": [
		0.6609788537025452,
		0.41365715861320496,
		-0.16514742374420166,
		0.9832226037979126
	],
	"16. left_wrist": [
		0.6381994485855103,
		0.37036049365997314,
		-0.14716485142707825,
		0.9554766416549683
	],
	"19. right_shoulder": [
		0.6983984708786011,
		0.41145625710487366,
		0.07160930335521698,
		0.9987111687660217
	],
	"20. right_elbow": [
		0.6583317518234253,
		0.40854325890541077,
		0.09930995851755142,
		0.47642409801483154
	],
	"21. right_wrist": [
		0.6383212804794312,
		0.3663221001625061,
		-0.041888125240802765,
		0.4122120440006256
	],
	"24. nose": [
		0.6971210837364197,
		0.3531326353549957,
		-0.11745277792215347,
		0.999884307384491
	],
	"25. left_eye": [
		0.7050478458404541,
		0.34556862711906433,
		-0.11843737214803696,
		0.9997423887252808
	],
	"26. right_eye": [
		0.6981826424598694,
		0.34394752979278564,
		-0.08991779386997223,
		0.9997208714485168
	],
	"27. left_ear": [
		0.7128200531005859,
		0.3551397919654846,
		-0.0969596654176712,
		0.9993457198143005
	],
	"28. right_ear": [
		0.7027202844619751,
		0.34940478205680847,
		-0.022265052422881126,
		0.9995635151863098
	],
	"time stamp": 29.969946478656652
}