{
	"1. left_hip": [
		0.7194274663925171,
		0.5823627710342407,
		-0.0622822530567646,
		0.9998796582221985
	],
	"2. left_knee": [
		0.7180823087692261,
		0.70747971534729,
		-0.08075432479381561,
		0.993204653263092
	],
	"3. left_ankle": [
		0.7546274065971375,
		0.7775866389274597,
		0.05498287081718445,
		0.99322509765625
	],
	"6. right_hip": [
		0.7045029401779175,
		0.5802382230758667,
		0.062192074954509735,
		0.9999378323554993
	],
	"7. right_knee": [
		0.6678460836410522,
		0.672767698764801,
		-0.007249860558658838,
		0.9858186841011047
	],
	"8. right_ankle": [
		0.6601535081863403,
		0.796217679977417,
		0.045704811811447144,
		0.9942008256912231
	],
	"14. left_shoulder": [
		0.7133811712265015,
		0.417998343706131,
		-0.14547452330589294,
		0.9992560744285583
	],
	"15. left_elbow": [
		0.6691297292709351,
		0.4261729419231415,
		-0.19140248000621796,
		0.9892435073852539
	],
	"16. left_wrist": [
		0.634891152381897,
		0.39216259121894836,
		-0.1492670476436615,
		0.9653212428092957
	],
	"19. right_shoulder": [
		0.7044063806533813,
		0.42857179045677185,
		0.07519782334566116,
		0.9989868402481079
	],
	"20. right_elbow": [
		0.6931288838386536,
		0.4913522005081177,
		0.125824972987175,
		0.3492549955844879
	],
	"21. right_wrist": [
		0.6785210371017456,
		0.529436469078064,
		0.06850338727235794,
		0.3317086696624756
	],
	"24. nose": [
		0.6959123015403748,
		0.3726145923137665,
		-0.11382289975881577,
		0.9999110102653503
	],
	"25. left_eye": [
		0.7021214365959167,
		0.36196646094322205,
		-0.11863672733306885,
		0.9998069405555725
	],
	"26. right_eye": [
		0.6980985403060913,
		0.361805260181427,
		-0.09914945065975189,
		0.9997957944869995
	],
	"27. left_ear": [
		0.7119265794754028,
		0.3656085133552551,
		-0.11062411963939667,
		0.999570369720459
	],
	"28. right_ear": [
		0.7073274850845337,
		0.36420220136642456,
		-0.01956578716635704,
		0.9996504783630371
	],
	"time stamp": 29.969946478656652
}