{
	"1. left_hip": [
		0.7237464189529419,
		0.5891157388687134,
		-0.06245194002985954,
		0.9998942613601685
	],
	"2. left_knee": [
		0.7187021374702454,
		0.7081252336502075,
		-0.0879303514957428,
		0.9939110279083252
	],
	"3. left_ankle": [
		0.7541109323501587,
		0.7793944478034973,
		0.02612065151333809,
		0.9938039779663086
	],
	"6. right_hip": [
		0.7072948217391968,
		0.5886620283126831,
		0.062359750270843506,
		0.9999472498893738
	],
	"7. right_knee": [
		0.6677656173706055,
		0.670362114906311,
		-0.004158238880336285,
		0.9844864010810852
	],
	"8. right_ankle": [
		0.6592174768447876,
		0.7954603433609009,
		0.039044611155986786,
		0.9942051768302917
	],
	"14. left_shoulder": [
		0.7148796319961548,
		0.42460042238235474,
		-0.11333837360143661,
		0.9993754625320435
	],
	"15. left_elbow": [
		0.6718264818191528,
		0.44907933473587036,
		-0.1443353295326233,
		0.9909417629241943
	],
	"16. left_wrist": [
		0.6415715217590332,
		0.4077014625072479,
		-0.06078413128852844,
		0.9707023501396179
	],
	"19. right_shoulder": [
		0.7064090371131897,
		0.4406103491783142,
		0.1128130778670311,
		0.9991522431373596
	],
	"20. right_elbow": [
		0.6887644529342651,
		0.509397566318512,
		0.08670275658369064,
		0.31551897525787354
	],
	"21. right_wrist": [
		0.6734645366668701,
		0.5195343494415283,
		-0.045226916670799255,
		0.3395340144634247
	],
	"24. nose": [
		0.6906542181968689,
		0.3850868344306946,
		-0.04286489635705948,
		0.9999256730079651
	],
	"25. left_eye": [
		0.6952545046806335,
		0.37394312024116516,
		-0.05175040289759636,
		0.9998396635055542
	],
	"26. right_eye": [
		0.6919168829917908,
		0.375498503446579,
		-0.030240092426538467,
		0.9998311400413513
	],
	"27. left_ear": [
		0.7072054147720337,
		0.37467116117477417,
		-0.062287308275699615,
		0.9996467232704163
	],
	"28. right_ear": [
		0.7007679343223572,
		0.3755609393119812,
		0.03540206700563431,
		0.9997069835662842
	],
	"time stamp": 29.969946478656652
}