{
	"1. left_hip": [
		0.7268213629722595,
		0.5897457599639893,
		-0.06229116767644882,
		0.9999062418937683
	],
	"2. left_knee": [
		0.7207409739494324,
		0.7075228095054626,
		-0.08752410113811493,
		0.9948435425758362
	],
	"3. left_ankle": [
		0.7544857859611511,
		0.7847731709480286,
		-0.005932246800512075,
		0.9945226907730103
	],
	"6. right_hip": [
		0.7106993794441223,
		0.5900664329528809,
		0.062186211347579956,
		0.999954342842102
	],
	"7. right_knee": [
		0.6680893898010254,
		0.6647779941558838,
		0.0034032664261758327,
		0.983609676361084
	],
	"8. right_ankle": [
		0.6542907953262329,
		0.7857847213745117,
		0.0398743711411953,
		0.9943860173225403
	],
	"14. left_shoulder": [
		0.7142537832260132,
		0.4288552701473236,
		-0.10603310167789459,
		0.99948650598526
	],
	"15. left_elbow": [
		0.6767034530639648,
		0.4701535999774933,
		-0.13332809507846832,
		0.9918451309204102
	],
	"16. left_wrist": [
		0.6445618867874146,
		0.4561464190483093,
		-0.061309874057769775,
		0.9736624956130981
	],
	"19. right_shoulder": [
		0.7027264833450317,
		0.44493091106414795,
		0.10988478362560272,
		0.9992952346801758
	],
	"20. right_elbow": [
		0.680942714214325,
		0.5083046555519104,
		0.047844722867012024,
		0.31037378311157227
	],
	"21. right_wrist": [
		0.661422073841095,
		0.497313916683197,
		-0.11323897540569305,
		0.3759877681732178
	],
	"24. nose": [
		0.681586742401123,
		0.3932541012763977,
		-0.03413374722003937,
		0.9999386072158813
	],
	"25. left_eye": [
		0.6865503191947937,
		0.38189318776130676,
		-0.043747834861278534,
		0.999868631362915
	],
	"26. right_eye": [
		0.6820106506347656,
		0.38326868414878845,
		-0.022179225459694862,
		0.9998618960380554
	],
	"27. left_ear": [
		0.6965187191963196,
		0.38190358877182007,
		-0.05832776427268982,
		0.9997126460075378
	],
	"28. right_ear": [
		0.6898626089096069,
		0.38354068994522095,
		0.03956926241517067,
		0.9997583031654358
	],
	"time stamp": 29.969946478656652
}