{
	"1. left_hip": [
		0.724340558052063,
		0.571727991104126,
		-0.06599190086126328,
		0.999886691570282
	],
	"2. left_knee": [
		0.7314579486846924,
		0.6928552985191345,
		-0.07271189987659454,
		0.994891345500946
	],
	"3. left_ankle": [
		0.7573388814926147,
		0.7872457504272461,
		0.0034963800571858883,
		0.9950892329216003
	],
	"6. right_hip": [
		0.7094053626060486,
		0.5707149505615234,
		0.06596425175666809,
		0.999932587146759
	],
	"7. right_knee": [
		0.669309675693512,
		0.66090327501297,
		0.0317118763923645,
		0.9797934889793396
	],
	"8. right_ankle": [
		0.655322253704071,
		0.776215672492981,
		0.0701727420091629,
		0.9937423467636108
	],
	"14. left_shoulder": [
		0.696166455745697,
		0.42252156138420105,
		-0.15430931746959686,
		0.9996085166931152
	],
	"15. left_elbow": [
		0.6661905646324158,
		0.48760363459587097,
		-0.1548921912908554,
		0.9919121861457825
	],
	"16. left_wrist": [
		0.6328326463699341,
		0.5191435813903809,
		-0.06763610988855362,
		0.9691258668899536
	],
	"19. right_shoulder": [
		0.7052853107452393,
		0.41631901264190674,
		0.09274260699748993,
		0.9993330240249634
	],
	"20. right_elbow": [
		0.6952265501022339,
		0.48491033911705017,
		0.17999470233917236,
		0.2349025160074234
	],
	"21. right_wrist": [
		0.6714265942573547,
		0.5063361525535583,
		0.21240735054016113,
		0.2900030016899109
	],
	"24. nose": [
		0.6773119568824768,
		0.3689519762992859,
		-0.08212573826313019,
		0.9999169111251831
	],
	"25. left_eye": [
		0.6826186776161194,
		0.358830988407135,
		-0.09667088091373444,
		0.9998727440834045
	],
	"26. right_eye": [
		0.6788204908370972,
		0.35892078280448914,
		-0.07380881160497665,
		0.999858021736145
	],
	"27. left_ear": [
		0.6924871206283569,
		0.36300522089004517,
		-0.10878244787454605,
		0.9997725486755371
	],
	"28. right_ear": [
		0.6869890093803406,
		0.3625676929950714,
		-0.01321755163371563,
		0.9997379779815674
	],
	"time stamp": 29.969946478656652
}