{
	"1. left_hip": [
		0.7216348052024841,
		0.5575598478317261,
		-0.06498797237873077,
		0.9998676776885986
	],
	"2. left_knee": [
		0.7351519465446472,
		0.6808827519416809,
		-0.07089558988809586,
		0.9949750304222107
	],
	"3. left_ankle": [
		0.7576826810836792,
		0.7852019667625427,
		-0.009945576079189777,
		0.9954404234886169
	],
	"6. right_hip": [
		0.7034424543380737,
		0.5594863891601562,
		0.06493603438138962,
		0.9999088048934937
	],
	"7. right_knee": [
		0.6702011227607727,
		0.6590679287910461,
		0.07531644403934479,
		0.9779788255691528
	],
	"8. right_ankle": [
		0.6588349342346191,
		0.7744239568710327,
		0.1301502287387848,
		0.9935319423675537
	],
	"14. left_shoulder": [
		0.695500910282135,
		0.40102747082710266,
		-0.18161486089229584,
		0.999639093875885
	],
	"15. left_elbow": [
		0.6678246855735779,
		0.47674790024757385,
		-0.18887221813201904,
		0.9908348321914673
	],
	"16. left_wrist": [
		0.6461390256881714,
		0.5406743288040161,
		-0.1383894383907318,
		0.9571344256401062
	],
	"19. right_shoulder": [
		0.6985317468643188,
		0.4068194031715393,
		0.046855270862579346,
		0.9993724822998047
	],
	"20. right_elbow": [
		0.6803660988807678,
		0.4802825450897217,
		0.08798845112323761,
		0.2245369255542755
	],
	"21. right_wrist": [
		0.6612351536750793,
		0.5307047963142395,
		0.058037858456373215,
		0.27772611379623413
	],
	"24. nose": [
		0.6765170097351074,
		0.3498601019382477,
		-0.10495158284902573,
		0.9998480677604675
	],
	"25. left_eye": [
		0.6824063062667847,
		0.33856651186943054,
		-0.11875519901514053,
		0.9997888803482056
	],
	"26. right_eye": [
		0.6785549521446228,
		0.33914726972579956,
		-0.09753146022558212,
		0.9997726678848267
	],
	"27. left_ear": [
		0.6924708485603333,
		0.34314072132110596,
		-0.1390245407819748,
		0.9997344017028809
	],
	"28. right_ear": [
		0.6866946816444397,
		0.3431442379951477,
		-0.04410547763109207,
		0.9995726346969604
	],
	"time stamp": 29.969946478656652
}