{
	"1. left_hip": [
		0.7056288719177246,
		0.5475463271141052,
		-0.06628982722759247,
		0.9998207688331604
	],
	"2. left_knee": [
		0.7341044545173645,
		0.6623882055282593,
		-0.07218483090400696,
		0.9955319762229919
	],
	"3. left_ankle": [
		0.7687696218490601,
		0.7613153457641602,
		-0.028379982337355614,
		0.9961504340171814
	],
	"6. right_hip": [
		0.6919124722480774,
		0.5503876805305481,
		0.06629092991352081,
		0.9998331069946289
	],
	"7. right_knee": [
		0.6714642643928528,
		0.6597987413406372,
		0.07925193756818771,
		0.9724690914154053
	],
	"8. right_ankle": [
		0.670720636844635,
		0.7751185894012451,
		0.12712225317955017,
		0.9928966760635376
	],
	"14. left_shoulder": [
		0.6877954602241516,
		0.3951173424720764,
		-0.17265060544013977,
		0.9996923208236694
	],
	"15. left_elbow": [
		0.6944501399993896,
		0.4750574827194214,
		-0.18974679708480835,
		0.9874193668365479
	],
	"16. left_wrist": [
		0.6983650922775269,
		0.5483723282814026,
		-0.16310933232307434,
		0.9320024847984314
	],
	"19. right_shoulder": [
		0.6865639686584473,
		0.3939071595668793,
		0.05027187615633011,
		0.9993590712547302
	],
	"20. right_elbow": [
		0.685722291469574,
		0.4743368327617645,
		0.0800107792019844,
		0.19383971393108368
	],
	"21. right_wrist": [
		0.6874115467071533,
		0.531629204750061,
		0.04813884571194649,
		0.24141719937324524
	],
	"24. nose": [
		0.6748849153518677,
		0.32809513807296753,
		-0.08859936892986298,
		0.9997124075889587
	],
	"25. left_eye": [
		0.6814241409301758,
		0.32106760144233704,
		-0.10611109435558319,
		0.9996392726898193
	],
	"26. right_eye": [
		0.6790131330490112,
		0.31976988911628723,
		-0.0797729417681694,
		0.9995427131652832
	],
	"27. left_ear": [
		0.6897872686386108,
		0.33219510316848755,
		-0.13183046877384186,
		0.9996629357337952
	],
	"28. right_ear": [
		0.6858329772949219,
		0.32885628938674927,
		-0.028360310941934586,
		0.999119222164154
	],
	"time stamp": 29.969946478656652
}