{
	"1. left_hip": [
		0.6925469636917114,
		0.5540618300437927,
		-0.07572431117296219,
		0.9997683167457581
	],
	"2. left_knee": [
		0.7219442129135132,
		0.6668781638145447,
		-0.12313564866781235,
		0.9962761402130127
	],
	"3. left_ankle": [
		0.7785605192184448,
		0.721008837223053,
		-0.06067778915166855,
		0.9968534111976624
	],
	"6. right_hip": [
		0.6867369413375854,
		0.5560789108276367,
		0.07578688859939575,
		0.999782145023346
	],
	"7. right_knee": [
		0.6702200770378113,
		0.6687365174293518,
		0.07372263073921204,
		0.9536573886871338
	],
	"8. right_ankle": [
		0.6741488575935364,
		0.7828068137168884,
		0.1025906577706337,
		0.991071343421936
	],
	"14. left_shoulder": [
		0.6777792572975159,
		0.402816504240036,
		-0.13040097057819366,
		0.9997576475143433
	],
	"15. left_elbow": [
		0.6917747259140015,
		0.49233314394950867,
		-0.15566308796405792,
		0.981701135635376
	],
	"16. left_wrist": [
		0.7096742391586304,
		0.5488534569740295,
		-0.15057817101478577,
		0.9001962542533875
	],
	"19. right_shoulder": [
		0.686019778251648,
		0.4018717408180237,
		0.10699888318777084,
		0.9993826150894165
	],
	"20. right_elbow": [
		0.694402277469635,
		0.47577032446861267,
		0.151898592710495,
		0.1462523192167282
	],
	"21. right_wrist": [
		0.7079819440841675,
		0.5302760004997253,
		0.15091311931610107,
		0.18377044796943665
	],
	"24. nose": [
		0.6751663088798523,
		0.33615219593048096,
		-0.02397620677947998,
		0.9996241927146912
	],
	"25. left_eye": [
		0.6806007027626038,
		0.33159080147743225,
		-0.03911467641592026,
		0.9995567202568054
	],
	"26. right_eye": [
		0.6798839569091797,
		0.329277366399765,
		-0.0135089922696352,
		0.9993641972541809
	],
	"27. left_ear": [
		0.6846657991409302,
		0.33975666761398315,
		-0.0783746987581253,
		0.9996301531791687
	],
	"28. right_ear": [
		0.6848008632659912,
		0.33712661266326904,
		0.038236863911151886,
		0.9987792372703552
	],
	"time stamp": 29.969946478656652
}