{
	"1. left_hip": [
		0.6910101771354675,
		0.5913301110267639,
		-0.0759282261133194,
		0.9997811913490295
	],
	"2. left_knee": [
		0.6526997685432434,
		0.6846989989280701,
		-0.10663026571273804,
		0.9957314729690552
	],
	"3. left_ankle": [
		0.6792056560516357,
		0.7695854306221008,
		-0.0638870820403099,
		0.9963775277137756
	],
	"6. right_hip": [
		0.6911928057670593,
		0.5878183841705322,
		0.07606043666601181,
		0.9998052716255188
	],
	"7. right_knee": [
		0.6608186364173889,
		0.6807358860969543,
		0.058237336575984955,
		0.8794998526573181
	],
	"8. right_ankle": [
		0.6834103465080261,
		0.7773036360740662,
		0.09047769010066986,
		0.9649072885513306
	],
	"14. left_shoulder": [
		0.6611505150794983,
		0.43921780586242676,
		-0.14152616262435913,
		0.9998416304588318
	],
	"15. left_elbow": [
		0.6708642244338989,
		0.5087870359420776,
		-0.1666330248117447,
		0.9702610969543457
	],
	"16. left_wrist": [
		0.6759001612663269,
		0.5513985753059387,
		-0.11301521956920624,
		0.8337550163269043
	],
	"19. right_shoulder": [
		0.6672192811965942,
		0.44129982590675354,
		0.08551055938005447,
		0.9994843006134033
	],
	"20. right_elbow": [
		0.6753026247024536,
		0.5097288489341736,
		0.1276349425315857,
		0.07544668763875961
	],
	"21. right_wrist": [
		0.6797439455986023,
		0.5520474910736084,
		0.10167814791202545,
		0.09886444360017776
	],
	"24. nose": [
		0.6450214982032776,
		0.3876844644546509,
		-0.07591378688812256,
		0.9996824860572815
	],
	"25. left_eye": [
		0.6516553163528442,
		0.3792738914489746,
		-0.0857388824224472,
		0.9996536374092102
	],
	"26. right_eye": [
		0.6487917304039001,
		0.3792174756526947,
		-0.06310935318470001,
		0.9994959235191345
	],
	"27. left_ear": [
		0.660914421081543,
		0.38639217615127563,
		-0.10067164897918701,
		0.9997044801712036
	],
	"28. right_ear": [
		0.6571939587593079,
		0.3851667046546936,
		0.0012744723353534937,
		0.9991007447242737
	],
	"time stamp": 29.969946478656652
}