{
	"1. left_hip": [
		0.7031091451644897,
		0.6179839372634888,
		-0.07402504980564117,
		0.9995645880699158
	],
	"2. left_knee": [
		0.6545626521110535,
		0.687515914440155,
		-0.08003702759742737,
		0.9367848038673401
	],
	"3. left_ankle": [
		0.6779245138168335,
		0.7950602769851685,
		-0.012652991339564323,
		0.9729921221733093
	],
	"6. right_hip": [
		0.6947118043899536,
		0.610065221786499,
		0.07406562566757202,
		0.999243974685669
	],
	"7. right_knee": [
		0.651683509349823,
		0.677203893661499,
		0.0912543311715126,
		0.6744328737258911
	],
	"8. right_ankle": [
		0.6750975251197815,
		0.7806291580200195,
		0.16595831513404846,
		0.7509706020355225
	],
	"14. left_shoulder": [
		0.649885356426239,
		0.4989943206310272,
		-0.1555887907743454,
		0.999911367893219
	],
	"15. left_elbow": [
		0.6283949017524719,
		0.587967574596405,
		-0.1833885759115219,
		0.9735796451568604
	],
	"16. left_wrist": [
		0.6083537936210632,
		0.6501314640045166,
		-0.1538349688053131,
		0.8738433122634888
	],
	"19. right_shoulder": [
		0.6501882672309875,
		0.4969215393066406,
		0.08254899084568024,
		0.9994955658912659
	],
	"20. right_elbow": [
		0.6377236247062683,
		0.5799239873886108,
		0.09671096503734589,
		0.0812888965010643
	],
	"21. right_wrist": [
		0.6157001256942749,
		0.6369990706443787,
		0.04452855512499809,
		0.11349840462207794
	],
	"24. nose": [
		0.6158296465873718,
		0.49135661125183105,
		-0.1078609824180603,
		0.9996934533119202
	],
	"25. left_eye": [
		0.6139212846755981,
		0.4780890643596649,
		-0.10475192964076996,
		0.9997023344039917
	],
	"26. right_eye": [
		0.6114389300346375,
		0.4860418140888214,
		-0.08362623304128647,
		0.9995900392532349
	],
	"27. left_ear": [
		0.6224808692932129,
		0.4654831290245056,
		-0.1078626736998558,
		0.999743640422821
	],
	"28. right_ear": [
		0.6168690919876099,
		0.4763619601726532,
		-0.01607697270810604,
		0.999393880367279
	],
	"time stamp": 29.969946478656652
}