{
	"1. left_hip": [
		0.7078214883804321,
		0.61271071434021,
		-0.07127439230680466,
		0.9992257952690125
	],
	"2. left_knee": [
		0.6556260585784912,
		0.6855869889259338,
		-0.09010156989097595,
		0.9167487025260925
	],
	"3. left_ankle": [
		0.677284836769104,
		0.7954690456390381,
		-0.05886150151491165,
		0.9669912457466125
	],
	"6. right_hip": [
		0.6981393098831177,
		0.6077061295509338,
		0.07127190381288528,
		0.9983027577400208
	],
	"7. right_knee": [
		0.6522189974784851,
		0.6802898645401001,
		0.058445043861866,
		0.5422743558883667
	],
	"8. right_ankle": [
		0.6750030517578125,
		0.7851659059524536,
		0.11423367261886597,
		0.6377103328704834
	],
	"14. left_shoulder": [
		0.6498159170150757,
		0.49474045634269714,
		-0.11327743530273438,
		0.9999306201934814
	],
	"15. left_elbow": [
		0.6275516748428345,
		0.567651093006134,
		-0.15960948169231415,
		0.9781503677368164
	],
	"16. left_wrist": [
		0.5898513793945312,
		0.617560088634491,
		-0.15903763473033905,
		0.9116005897521973
	],
	"19. right_shoulder": [
		0.6442483067512512,
		0.5120604038238525,
		0.09907929599285126,
		0.9993109703063965
	],
	"20. right_elbow": [
		0.6232982873916626,
		0.5745477676391602,
		0.13029177486896515,
		0.13908642530441284
	],
	"21. right_wrist": [
		0.5929648280143738,
		0.6169590353965759,
		0.10185202211141586,
		0.208857923746109
	],
	"24. nose": [
		0.6191929578781128,
		0.5194194316864014,
		-0.013239413499832153,
		0.9992876052856445
	],
	"25. left_eye": [
		0.6147132515907288,
		0.5096385478973389,
		-0.025172408670186996,
		0.9993237853050232
	],
	"26. right_eye": [
		0.6148373484611511,
		0.5161604285240173,
		-0.004923621658235788,
		0.9990076422691345
	],
	"27. left_ear": [
		0.6186227798461914,
		0.49315914511680603,
		-0.055324405431747437,
		0.9990890622138977
	],
	"28. right_ear": [
		0.6176615953445435,
		0.5050796270370483,
		0.03569313511252403,
		0.9989352226257324
	],
	"time stamp": 29.969946478656652
}