{
	"1. left_hip": [
		0.7078380584716797,
		0.6122922301292419,
		-0.07028965651988983,
		0.9991081357002258
	],
	"2. left_knee": [
		0.6559983491897583,
		0.6853805780410767,
		-0.08353365957736969,
		0.9132764935493469
	],
	"3. left_ankle": [
		0.6771555542945862,
		0.7955670952796936,
		-0.048032332211732864,
		0.9652997851371765
	],
	"6. right_hip": [
		0.6979016065597534,
		0.607194185256958,
		0.07029132544994354,
		0.9980687499046326
	],
	"7. right_knee": [
		0.6523154377937317,
		0.6806623935699463,
		0.04956724867224693,
		0.5211084485054016
	],
	"8. right_ankle": [
		0.6748397946357727,
		0.7860270142555237,
		0.09785580635070801,
		0.6163559556007385
	],
	"14. left_shoulder": [
		0.6494625210762024,
		0.4967665374279022,
		-0.11443865299224854,
		0.9999324083328247
	],
	"15. left_elbow": [
		0.6230564713478088,
		0.5658233165740967,
		-0.1629503071308136,
		0.9795928001403809
	],
	"16. left_wrist": [
		0.5856088995933533,
		0.60440993309021,
		-0.16805912554264069,
		0.9196933507919312
	],
	"19. right_shoulder": [
		0.6410349011421204,
		0.5118144154548645,
		0.09419571608304977,
		0.9992056488990784
	],
	"20. right_elbow": [
		0.6137533187866211,
		0.57169508934021,
		0.1271001398563385,
		0.16497690975666046
	],
	"21. right_wrist": [
		0.5838495492935181,
		0.6040385961532593,
		0.09261501580476761,
		0.23831257224082947
	],
	"24. nose": [
		0.6194021105766296,
		0.521943986415863,
		-0.01737932302057743,
		0.9992640614509583
	],
	"25. left_eye": [
		0.6150110960006714,
		0.5131353139877319,
		-0.028118178248405457,
		0.9992831349372864
	],
	"26. right_eye": [
		0.6148686408996582,
		0.5172206163406372,
		-0.00828882772475481,
		0.9989254474639893
	],
	"27. left_ear": [
		0.6190093755722046,
		0.49715185165405273,
		-0.05569130927324295,
		0.9989569783210754
	],
	"28. right_ear": [
		0.6177815794944763,
		0.5060259699821472,
		0.03341454267501831,
		0.9988406300544739
	],
	"time stamp": 29.969946478656652
}