{
	"1. left_hip": [
		0.7074123620986938,
		0.6030682325363159,
		-0.06709162145853043,
		0.9989579319953918
	],
	"2. left_knee": [
		0.6596304774284363,
		0.685066282749176,
		-0.07761316001415253,
		0.9082052111625671
	],
	"3. left_ankle": [
		0.6775718331336975,
		0.7968090772628784,
		-0.04277782887220383,
		0.9624336361885071
	],
	"6. right_hip": [
		0.6955354809761047,
		0.6023167967796326,
		0.06710800528526306,
		0.9978103041648865
	],
	"7. right_knee": [
		0.652519702911377,
		0.6809186935424805,
		0.03891585022211075,
		0.5034884214401245
	],
	"8. right_ankle": [
		0.6744459867477417,
		0.7876313924789429,
		0.07689116150140762,
		0.5908521413803101
	],
	"14. left_shoulder": [
		0.6480109691619873,
		0.4929439127445221,
		-0.11671974509954453,
		0.9999207258224487
	],
	"15. left_elbow": [
		0.6180928945541382,
		0.5468889474868774,
		-0.1688353717327118,
		0.981669545173645
	],
	"16. left_wrist": [
		0.5796109437942505,
		0.5730794072151184,
		-0.17911297082901,
		0.9324545860290527
	],
	"19. right_shoulder": [
		0.6361838579177856,
		0.511002242565155,
		0.07535420358181,
		0.9988161325454712
	],
	"20. right_elbow": [
		0.6063632369041443,
		0.5663005113601685,
		0.0844307392835617,
		0.21064729988574982
	],
	"21. right_wrist": [
		0.575211763381958,
		0.5881420373916626,
		0.038915377110242844,
		0.2786144018173218
	],
	"24. nose": [
		0.6174572706222534,
		0.5153813362121582,
		-0.027276059612631798,
		0.9991122484207153
	],
	"25. left_eye": [
		0.6135075092315674,
		0.507042646408081,
		-0.03807847946882248,
		0.9990712404251099
	],
	"26. right_eye": [
		0.6132736206054688,
		0.512664258480072,
		-0.018789712339639664,
		0.9985126256942749
	],
	"27. left_ear": [
		0.6171059608459473,
		0.4920493960380554,
		-0.06377846002578735,
		0.9984147548675537
	],
	"28. right_ear": [
		0.6161930561065674,
		0.5041447281837463,
		0.024439437314867973,
		0.9983986616134644
	],
	"time stamp": 29.969946478656652
}