{
	"1. left_hip": [
		0.7074216604232788,
		0.600199818611145,
		-0.06615929305553436,
		0.9988864064216614
	],
	"2. left_knee": [
		0.6610223054885864,
		0.6849735975265503,
		-0.07441937178373337,
		0.9058538675308228
	],
	"3. left_ankle": [
		0.6774827241897583,
		0.7970574498176575,
		-0.04248388856649399,
		0.9605388045310974
	],
	"6. right_hip": [
		0.6945537328720093,
		0.6000939011573792,
		0.06618000566959381,
		0.9976720213890076
	],
	"7. right_knee": [
		0.6528096199035645,
		0.6809989213943481,
		0.04208922013640404,
		0.49797123670578003
	],
	"8. right_ankle": [
		0.6741886138916016,
		0.7877369523048401,
		0.0841972678899765,
		0.5794771909713745
	],
	"14. left_shoulder": [
		0.6474527716636658,
		0.4925888180732727,
		-0.11918165534734726,
		0.9999054670333862
	],
	"15. left_elbow": [
		0.6170865297317505,
		0.5435165762901306,
		-0.1732254922389984,
		0.9819521307945251
	],
	"16. left_wrist": [
		0.5782657861709595,
		0.5682042837142944,
		-0.18685594201087952,
		0.9372872710227966
	],
	"19. right_shoulder": [
		0.6351754069328308,
		0.5104742646217346,
		0.07182672619819641,
		0.9984912276268005
	],
	"20. right_elbow": [
		0.6065126657485962,
		0.5633624792098999,
		0.08262470364570618,
		0.21782375872135162
	],
	"21. right_wrist": [
		0.5760458707809448,
		0.589955747127533,
		0.03819549083709717,
		0.2809276580810547
	],
	"24. nose": [
		0.6174623370170593,
		0.5184472799301147,
		-0.028749406337738037,
		0.9988504648208618
	],
	"25. left_eye": [
		0.6132328510284424,
		0.5116661190986633,
		-0.03993726521730423,
		0.9987606406211853
	],
	"26. right_eye": [
		0.6132330298423767,
		0.5152165293693542,
		-0.020539868623018265,
		0.9979089498519897
	],
	"27. left_ear": [
		0.6168999075889587,
		0.4953998029232025,
		-0.06679736077785492,
		0.9976979494094849
	],
	"28. right_ear": [
		0.6162430047988892,
		0.5051158666610718,
		0.02166861481964588,
		0.9977792501449585
	],
	"time stamp": 29.969946478656652
}