{
	"1. left_hip": [
		0.705734372138977,
		0.5790852308273315,
		-0.0646853819489479,
		0.9990364909172058
	],
	"2. left_knee": [
		0.6682813763618469,
		0.6826831102371216,
		-0.0766928642988205,
		0.8819541335105896
	],
	"3. left_ankle": [
		0.677987813949585,
		0.7959160804748535,
		-0.05443040281534195,
		0.9515218734741211
	],
	"6. right_hip": [
		0.6895612478256226,
		0.5873826146125793,
		0.06468315422534943,
		0.9980950355529785
	],
	"7. right_knee": [
		0.6572396159172058,
		0.680060088634491,
		0.03648730367422104,
		0.5140029191970825
	],
	"8. right_ankle": [
		0.6736646890640259,
		0.7875813841819763,
		0.0658349022269249,
		0.5576184391975403
	],
	"14. left_shoulder": [
		0.6467819213867188,
		0.45456281304359436,
		-0.09991001337766647,
		0.9998691082000732
	],
	"15. left_elbow": [
		0.6141589879989624,
		0.488515168428421,
		-0.17934651672840118,
		0.9844850301742554
	],
	"16. left_wrist": [
		0.5758309960365295,
		0.5140656232833862,
		-0.18386051058769226,
		0.9495366215705872
	],
	"19. right_shoulder": [
		0.6333222985267639,
		0.5061992406845093,
		0.0889512225985527,
		0.9983053207397461
	],
	"20. right_elbow": [
		0.605632483959198,
		0.542274534702301,
		0.08772588521242142,
		0.33717969059944153
	],
	"21. right_wrist": [
		0.5759676694869995,
		0.5352145433425903,
		0.015357846394181252,
		0.3801991641521454
	],
	"24. nose": [
		0.6140539646148682,
		0.47926783561706543,
		-0.025435542687773705,
		0.9989802837371826
	],
	"25. left_eye": [
		0.6103411316871643,
		0.469027578830719,
		-0.03353692591190338,
		0.9989158511161804
	],
	"26. right_eye": [
		0.6099406480789185,
		0.47995519638061523,
		-0.015514403581619263,
		0.9981411099433899
	],
	"27. left_ear": [
		0.6154270768165588,
		0.4576006531715393,
		-0.04722006246447563,
		0.9980539083480835
	],
	"28. right_ear": [
		0.6132403612136841,
		0.47836533188819885,
		0.033844247460365295,
		0.9980815052986145
	],
	"time stamp": 29.969946478656652
}