{
	"1. left_hip": [
		0.7022987008094788,
		0.5671349763870239,
		-0.06382250040769577,
		0.9991627931594849
	],
	"2. left_knee": [
		0.6697500944137573,
		0.6779102683067322,
		-0.08830876648426056,
		0.8418934345245361
	],
	"3. left_ankle": [
		0.6782220005989075,
		0.7948371171951294,
		-0.06742053478956223,
		0.9391905069351196
	],
	"6. right_hip": [
		0.6847684383392334,
		0.5722829699516296,
		0.06380771100521088,
		0.9983579516410828
	],
	"7. right_knee": [
		0.6600784659385681,
		0.6751431226730347,
		0.03136725351214409,
		0.5105709433555603
	],
	"8. right_ankle": [
		0.6738988161087036,
		0.7860327959060669,
		0.064295694231987,
		0.526624321937561
	],
	"14. left_shoulder": [
		0.6459250450134277,
		0.43855708837509155,
		-0.10520891100168228,
		0.9996626377105713
	],
	"15. left_elbow": [
		0.6070336699485779,
		0.4697311818599701,
		-0.183273047208786,
		0.9845184087753296
	],
	"16. left_wrist": [
		0.5692898035049438,
		0.48700040578842163,
		-0.19492223858833313,
		0.9444206357002258
	],
	"19. right_shoulder": [
		0.6323492527008057,
		0.47964906692504883,
		0.08857777714729309,
		0.9977757334709167
	],
	"20. right_elbow": [
		0.6062305569648743,
		0.5135148763656616,
		0.0943824052810669,
		0.39205044507980347
	],
	"21. right_wrist": [
		0.571361243724823,
		0.5083024501800537,
		0.014988556504249573,
		0.42859241366386414
	],
	"24. nose": [
		0.6135953068733215,
		0.4506034553050995,
		-0.09140829741954803,
		0.999196469783783
	],
	"25. left_eye": [
		0.610355019569397,
		0.4378708302974701,
		-0.0895092636346817,
		0.9991316795349121
	],
	"26. right_eye": [
		0.6095374226570129,
		0.45151519775390625,
		-0.07451150566339493,
		0.9985765218734741
	],
	"27. left_ear": [
		0.6154955625534058,
		0.42663493752479553,
		-0.05838673189282417,
		0.9984585642814636
	],
	"28. right_ear": [
		0.6125901341438293,
		0.45102158188819885,
		0.0060705323703587055,
		0.9984933137893677
	],
	"time stamp": 29.969946478656652
}