{
	"1. left_hip": [
		0.6987792253494263,
		0.5603857040405273,
		-0.06703609973192215,
		0.9991850256919861
	],
	"2. left_knee": [
		0.6697362661361694,
		0.6769885420799255,
		-0.10746276378631592,
		0.8159537315368652
	],
	"3. left_ankle": [
		0.6780279278755188,
		0.7942418456077576,
		-0.10249592363834381,
		0.9300393462181091
	],
	"6. right_hip": [
		0.6813997030258179,
		0.5626776814460754,
		0.0670042335987091,
		0.9983782768249512
	],
	"7. right_knee": [
		0.6616595983505249,
		0.6743553280830383,
		0.01526967715471983,
		0.5078235268592834
	],
	"8. right_ankle": [
		0.6741656064987183,
		0.7859276533126831,
		0.03084005042910576,
		0.5097361207008362
	],
	"14. left_shoulder": [
		0.6473345160484314,
		0.4213029146194458,
		-0.10033544152975082,
		0.9992973804473877
	],
	"15. left_elbow": [
		0.6083806157112122,
		0.44675880670547485,
		-0.17256106436252594,
		0.9843783378601074
	],
	"16. left_wrist": [
		0.5701352953910828,
		0.4426509439945221,
		-0.21693989634513855,
		0.9466614723205566
	],
	"19. right_shoulder": [
		0.632685661315918,
		0.463998019695282,
		0.09108082950115204,
		0.996786892414093
	],
	"20. right_elbow": [
		0.6023576259613037,
		0.4795311391353607,
		0.13605168461799622,
		0.4312969744205475
	],
	"21. right_wrist": [
		0.5670932531356812,
		0.46517008543014526,
		0.08860515058040619,
		0.47768011689186096
	],
	"24. nose": [
		0.61423259973526,
		0.42508599162101746,
		-0.1019122451543808,
		0.9993236064910889
	],
	"25. left_eye": [
		0.6129566431045532,
		0.4096578061580658,
		-0.09695491194725037,
		0.9992650747299194
	],
	"26. right_eye": [
		0.6103084683418274,
		0.42410290241241455,
		-0.08259055763483047,
		0.9988209009170532
	],
	"27. left_ear": [
		0.6194630861282349,
		0.399603009223938,
		-0.06429944187402725,
		0.9986897110939026
	],
	"28. right_ear": [
		0.6137300133705139,
		0.42540761828422546,
		0.0029136440716683865,
		0.9987272024154663
	],
	"time stamp": 29.969946478656652
}