{
	"1. left_hip": [
		0.6759580373764038,
		0.5481916069984436,
		-0.07430344820022583,
		0.9993425607681274
	],
	"2. left_knee": [
		0.6698594093322754,
		0.6757384538650513,
		-0.087101511657238,
		0.8665738701820374
	],
	"3. left_ankle": [
		0.6800223588943481,
		0.7960112690925598,
		-0.0803765133023262,
		0.9265081882476807
	],
	"6. right_hip": [
		0.6639128923416138,
		0.5493174195289612,
		0.07435507327318192,
		0.9985280632972717
	],
	"7. right_knee": [
		0.6658364534378052,
		0.6714651584625244,
		0.07827693223953247,
		0.47972628474235535
	],
	"8. right_ankle": [
		0.67739337682724,
		0.7835229635238647,
		0.10010354220867157,
		0.4984918534755707
	],
	"14. left_shoulder": [
		0.6642328500747681,
		0.3840252459049225,
		-0.11242524534463882,
		0.9990967512130737
	],
	"15. left_elbow": [
		0.6268621683120728,
		0.33720606565475464,
		-0.19829557836055756,
		0.9919504523277283
	],
	"16. left_wrist": [
		0.6042414307594299,
		0.294563889503479,
		-0.2139756977558136,
		0.9679118394851685
	],
	"19. right_shoulder": [
		0.6418745517730713,
		0.39857640862464905,
		0.11382374912500381,
		0.9967948794364929
	],
	"20. right_elbow": [
		0.6214501261711121,
		0.37778523564338684,
		0.19174274802207947,
		0.5598454475402832
	],
	"21. right_wrist": [
		0.6049641370773315,
		0.3187175393104553,
		0.2019767016172409,
		0.6401804685592651
	],
	"24. nose": [
		0.63697749376297,
		0.34649020433425903,
		-0.03671646863222122,
		0.9995363354682922
	],
	"25. left_eye": [
		0.6418629884719849,
		0.33526524901390076,
		-0.043709881603717804,
		0.9995068311691284
	],
	"26. right_eye": [
		0.6368467211723328,
		0.33803409337997437,
		-0.024549776688218117,
		0.9993302822113037
	],
	"27. left_ear": [
		0.650943398475647,
		0.33845990896224976,
		-0.05380897969007492,
		0.9992475509643555
	],
	"28. right_ear": [
		0.6411494016647339,
		0.3426477909088135,
		0.03396684303879738,
		0.9992109537124634
	],
	"time stamp": 29.969946478656652
}