{
	"1. left_hip": [
		0.6709479093551636,
		0.5465789437294006,
		-0.06624934077262878,
		0.9993281364440918
	],
	"2. left_knee": [
		0.6716739535331726,
		0.6774107813835144,
		-0.06951886415481567,
		0.8886972665786743
	],
	"3. left_ankle": [
		0.6814524531364441,
		0.7955689430236816,
		-0.04901929572224617,
		0.9276840686798096
	],
	"6. right_hip": [
		0.6535602807998657,
		0.5510609745979309,
		0.06629467755556107,
		0.9984790682792664
	],
	"7. right_knee": [
		0.6608431339263916,
		0.6744869947433472,
		0.07340539991855621,
		0.47411048412323
	],
	"8. right_ankle": [
		0.6777412295341492,
		0.7854883670806885,
		0.10974649339914322,
		0.523173987865448
	],
	"14. left_shoulder": [
		0.6695817708969116,
		0.3869902789592743,
		-0.0933321863412857,
		0.9991428852081299
	],
	"15. left_elbow": [
		0.6472991704940796,
		0.3343871831893921,
		-0.17785276472568512,
		0.9935939311981201
	],
	"16. left_wrist": [
		0.6367504000663757,
		0.26606371998786926,
		-0.21386556327342987,
		0.9707074761390686
	],
	"19. right_shoulder": [
		0.6426523923873901,
		0.3969031870365143,
		0.0971173569560051,
		0.9964808821678162
	],
	"20. right_elbow": [
		0.6290951371192932,
		0.3564556837081909,
		0.1584703028202057,
		0.5247833132743835
	],
	"21. right_wrist": [
		0.6280502080917358,
		0.2821456789970398,
		0.15822705626487732,
		0.6387490034103394
	],
	"24. nose": [
		0.6424991488456726,
		0.345683217048645,
		-0.03559276834130287,
		0.9994593262672424
	],
	"25. left_eye": [
		0.6472905874252319,
		0.3374931216239929,
		-0.04139859601855278,
		0.9994555711746216
	],
	"26. right_eye": [
		0.6438648700714111,
		0.33710601925849915,
		-0.023547764867544174,
		0.9991928935050964
	],
	"27. left_ear": [
		0.6548436880111694,
		0.34097254276275635,
		-0.04524104297161102,
		0.9993240833282471
	],
	"28. right_ear": [
		0.6475318074226379,
		0.33981990814208984,
		0.035596005618572235,
		0.9991060495376587
	],
	"time stamp": 29.969946478656652
}