{
	"1. left_hip": [
		0.6639992594718933,
		0.5474512577056885,
		-0.06694699823856354,
		0.9992955327033997
	],
	"2. left_knee": [
		0.6686148047447205,
		0.6782041192054749,
		-0.0398414209485054,
		0.8914740085601807
	],
	"3. left_ankle": [
		0.6801873445510864,
		0.795552134513855,
		-0.004581919871270657,
		0.9266554117202759
	],
	"6. right_hip": [
		0.6558293104171753,
		0.5513802170753479,
		0.06697501242160797,
		0.9984347820281982
	],
	"7. right_knee": [
		0.661286473274231,
		0.6761254072189331,
		0.08829193562269211,
		0.4767484664916992
	],
	"8. right_ankle": [
		0.6776890158653259,
		0.7858169674873352,
		0.1333533525466919,
		0.5253502130508423
	],
	"14. left_shoulder": [
		0.6607731580734253,
		0.3872855007648468,
		-0.107011578977108,
		0.9990261197090149
	],
	"15. left_elbow": [
		0.6525810956954956,
		0.3254701793193817,
		-0.22211650013923645,
		0.992421567440033
	],
	"16. left_wrist": [
		0.6398323774337769,
		0.25303736329078674,
		-0.30531948804855347,
		0.9683811068534851
	],
	"19. right_shoulder": [
		0.6493803262710571,
		0.3937753140926361,
		0.07653804123401642,
		0.9965176582336426
	],
	"20. right_elbow": [
		0.6405991911888123,
		0.3286023736000061,
		0.13967201113700867,
		0.5149181485176086
	],
	"21. right_wrist": [
		0.6285537481307983,
		0.26149240136146545,
		0.13101191818714142,
		0.6544058322906494
	],
	"24. nose": [
		0.6411263942718506,
		0.3463497459888458,
		-0.014153636991977692,
		0.9992978572845459
	],
	"25. left_eye": [
		0.6449078321456909,
		0.33864399790763855,
		-0.026718247681856155,
		0.9993175268173218
	],
	"26. right_eye": [
		0.6432008147239685,
		0.3380378186702728,
		-0.008038865402340889,
		0.9989842772483826
	],
	"27. left_ear": [
		0.6542694568634033,
		0.3425876200199127,
		-0.05148803070187569,
		0.9992216229438782
	],
	"28. right_ear": [
		0.647816002368927,
		0.34078913927078247,
		0.03391415625810623,
		0.9989708065986633
	],
	"time stamp": 29.969946478656652
}