{
	"1. left_hip": [
		0.663788914680481,
		0.5487856864929199,
		-0.06282780319452286,
		0.9993334412574768
	],
	"2. left_knee": [
		0.6682764291763306,
		0.6799295544624329,
		-0.0398867204785347,
		0.9045106768608093
	],
	"3. left_ankle": [
		0.6802710294723511,
		0.7945796251296997,
		0.006692706607282162,
		0.9332752227783203
	],
	"6. right_hip": [
		0.6455977559089661,
		0.5535736083984375,
		0.06290309876203537,
		0.9985772967338562
	],
	"7. right_knee": [
		0.6558858752250671,
		0.6784345507621765,
		0.09646967053413391,
		0.5532880425453186
	],
	"8. right_ankle": [
		0.6714276075363159,
		0.7865914106369019,
		0.16664235293865204,
		0.6031671762466431
	],
	"14. left_shoulder": [
		0.6726131439208984,
		0.38915202021598816,
		-0.08391895145177841,
		0.9991421103477478
	],
	"15. left_elbow": [
		0.6635651588439941,
		0.33132728934288025,
		-0.20897749066352844,
		0.992333710193634
	],
	"16. left_wrist": [
		0.6626724004745483,
		0.25995934009552,
		-0.29286032915115356,
		0.9714550971984863
	],
	"19. right_shoulder": [
		0.6424896717071533,
		0.3955182433128357,
		0.08209825307130814,
		0.9964057803153992
	],
	"20. right_elbow": [
		0.6314646005630493,
		0.33455613255500793,
		0.15027043223381042,
		0.5153869390487671
	],
	"21. right_wrist": [
		0.6465149521827698,
		0.2561279237270355,
		0.17772570252418518,
		0.6819005012512207
	],
	"24. nose": [
		0.6417157649993896,
		0.3472186028957367,
		-0.09949542582035065,
		0.9994192123413086
	],
	"25. left_eye": [
		0.6467307806015015,
		0.3370170295238495,
		-0.09447349607944489,
		0.9994633793830872
	],
	"26. right_eye": [
		0.6406124234199524,
		0.3379870653152466,
		-0.07851530611515045,
		0.9991387128829956
	],
	"27. left_ear": [
		0.6557143926620483,
		0.33962395787239075,
		-0.05954825133085251,
		0.9994084239006042
	],
	"28. right_ear": [
		0.6448279619216919,
		0.3407058119773865,
		0.01503504253923893,
		0.999147891998291
	],
	"time stamp": 29.969946478656652
}