{
	"1. left_hip": [
		0.6617327928543091,
		0.5491756796836853,
		-0.0605374351143837,
		0.9993327856063843
	],
	"2. left_knee": [
		0.6683056354522705,
		0.6802884340286255,
		-0.04330001771450043,
		0.905695915222168
	],
	"3. left_ankle": [
		0.6803155541419983,
		0.7943311929702759,
		0.002739966381341219,
		0.9342185854911804
	],
	"6. right_hip": [
		0.6422427296638489,
		0.5538299679756165,
		0.06065153330564499,
		0.9986189603805542
	],
	"7. right_knee": [
		0.6549564003944397,
		0.6791027784347534,
		0.09078214317560196,
		0.5760177373886108
	],
	"8. right_ankle": [
		0.6712290644645691,
		0.7865179181098938,
		0.15580308437347412,
		0.6264619827270508
	],
	"14. left_shoulder": [
		0.6725039482116699,
		0.3919304311275482,
		-0.06450562179088593,
		0.999171257019043
	],
	"15. left_elbow": [
		0.6697906255722046,
		0.3485889136791229,
		-0.1663685441017151,
		0.9921075105667114
	],
	"16. left_wrist": [
		0.6670803427696228,
		0.26584407687187195,
		-0.22435331344604492,
		0.9696372747421265
	],
	"19. right_shoulder": [
		0.6404331922531128,
		0.3960767388343811,
		0.09112435579299927,
		0.9966358542442322
	],
	"20. right_elbow": [
		0.63083416223526,
		0.33410727977752686,
		0.15122899413108826,
		0.5410452485084534
	],
	"21. right_wrist": [
		0.6505404114723206,
		0.25917476415634155,
		0.17746299505233765,
		0.6972156763076782
	],
	"24. nose": [
		0.6415503025054932,
		0.3476240634918213,
		-0.08325502276420593,
		0.9994620680809021
	],
	"25. left_eye": [
		0.6468509435653687,
		0.33769944310188293,
		-0.08262944221496582,
		0.9995030164718628
	],
	"26. right_eye": [
		0.6404563188552856,
		0.3389250934123993,
		-0.06554043292999268,
		0.9991942048072815
	],
	"27. left_ear": [
		0.6558769941329956,
		0.3401813209056854,
		-0.045033566653728485,
		0.9994564652442932
	],
	"28. right_ear": [
		0.6444008350372314,
		0.341804563999176,
		0.029180875048041344,
		0.999208390712738
	],
	"time stamp": 29.969946478656652
}