{
	"1. left_hip": [
		0.6612081527709961,
		0.5505529642105103,
		-0.06069789081811905,
		0.9993301033973694
	],
	"2. left_knee": [
		0.6682382822036743,
		0.6808373332023621,
		-0.034946806728839874,
		0.9066179394721985
	],
	"3. left_ankle": [
		0.6802250742912292,
		0.7943763732910156,
		0.016848880797624588,
		0.9352240562438965
	],
	"6. right_hip": [
		0.6425999402999878,
		0.5549188256263733,
		0.060798127204179764,
		0.9986492395401001
	],
	"7. right_knee": [
		0.6548153162002563,
		0.6797236800193787,
		0.09242122620344162,
		0.5957302451133728
	],
	"8. right_ankle": [
		0.6713656187057495,
		0.786537230014801,
		0.16671475768089294,
		0.6455308794975281
	],
	"14. left_shoulder": [
		0.6719323992729187,
		0.3944912850856781,
		-0.07712267339229584,
		0.9991909861564636
	],
	"15. left_elbow": [
		0.6671926379203796,
		0.3488176763057709,
		-0.18461696803569794,
		0.9917259216308594
	],
	"16. left_wrist": [
		0.6681200265884399,
		0.26822590827941895,
		-0.2812161147594452,
		0.9685068726539612
	],
	"19. right_shoulder": [
		0.6399050951004028,
		0.39588916301727295,
		0.08334515243768692,
		0.9967767596244812
	],
	"20. right_elbow": [
		0.6369394063949585,
		0.3229895830154419,
		0.1469990462064743,
		0.5521695017814636
	],
	"21. right_wrist": [
		0.650898814201355,
		0.26207441091537476,
		0.17547035217285156,
		0.7060647010803223
	],
	"24. nose": [
		0.6412698030471802,
		0.34773316979408264,
		-0.09488461911678314,
		0.9995006322860718
	],
	"25. left_eye": [
		0.6465101838111877,
		0.33818528056144714,
		-0.09208913892507553,
		0.9995408058166504
	],
	"26. right_eye": [
		0.6402935981750488,
		0.33960214257240295,
		-0.07565539330244064,
		0.9992461204528809
	],
	"27. left_ear": [
		0.6556190252304077,
		0.34056705236434937,
		-0.05206114798784256,
		0.9994995594024658
	],
	"28. right_ear": [
		0.6441537141799927,
		0.34250691533088684,
		0.02110373228788376,
		0.9992637634277344
	],
	"time stamp": 29.969946478656652
}