{
	"1. left_hip": [
		0.6602610349655151,
		0.5531134009361267,
		-0.0598059706389904,
		0.9993191361427307
	],
	"2. left_knee": [
		0.6679559946060181,
		0.6816149353981018,
		-0.03768899291753769,
		0.9088999032974243
	],
	"3. left_ankle": [
		0.6800951957702637,
		0.7942885756492615,
		0.014439016580581665,
		0.9373836517333984
	],
	"6. right_hip": [
		0.6407337188720703,
		0.5571619272232056,
		0.059914685785770416,
		0.9986518621444702
	],
	"7. right_knee": [
		0.65326988697052,
		0.6812192797660828,
		0.0909159705042839,
		0.6136795878410339
	],
	"8. right_ankle": [
		0.6705640554428101,
		0.7863516211509705,
		0.16884955763816833,
		0.6659402251243591
	],
	"14. left_shoulder": [
		0.6714345216751099,
		0.3967663645744324,
		-0.0777527242898941,
		0.9991836547851562
	],
	"15. left_elbow": [
		0.6715853214263916,
		0.3541979491710663,
		-0.18609696626663208,
		0.9914852976799011
	],
	"16. left_wrist": [
		0.6702355146408081,
		0.2700657844543457,
		-0.26080113649368286,
		0.9662556648254395
	],
	"19. right_shoulder": [
		0.6381877660751343,
		0.396274596452713,
		0.08139512687921524,
		0.9968191981315613
	],
	"20. right_elbow": [
		0.6350476145744324,
		0.3300637900829315,
		0.14573825895786285,
		0.5561590194702148
	],
	"21. right_wrist": [
		0.6547098159790039,
		0.26771003007888794,
		0.17408834397792816,
		0.7049820423126221
	],
	"24. nose": [
		0.6410692930221558,
		0.3484785258769989,
		-0.09691910445690155,
		0.9995188117027283
	],
	"25. left_eye": [
		0.6461831331253052,
		0.3387315273284912,
		-0.0935388058423996,
		0.9995599985122681
	],
	"26. right_eye": [
		0.640013575553894,
		0.34016305208206177,
		-0.07785062491893768,
		0.9992643594741821
	],
	"27. left_ear": [
		0.6551564335823059,
		0.34075620770454407,
		-0.05406765267252922,
		0.9995266795158386
	],
	"28. right_ear": [
		0.6437755227088928,
		0.342801958322525,
		0.01655593328177929,
		0.9992895126342773
	],
	"time stamp": 29.969946478656652
}