{
	"1. left_hip": [
		0.6498295664787292,
		0.5535532832145691,
		-0.05720524117350578,
		0.999167263507843
	],
	"2. left_knee": [
		0.65732342004776,
		0.6798287034034729,
		-0.05190219730138779,
		0.9214627742767334
	],
	"3. left_ankle": [
		0.6757442951202393,
		0.793613076210022,
		-0.0162147656083107,
		0.9459932446479797
	],
	"6. right_hip": [
		0.6349911689758301,
		0.557530403137207,
		0.05722261220216751,
		0.998460054397583
	],
	"7. right_knee": [
		0.6476612687110901,
		0.6810774207115173,
		0.06192551925778389,
		0.6503637433052063
	],
	"8. right_ankle": [
		0.6695454716682434,
		0.7866153120994568,
		0.10208593308925629,
		0.7237704396247864
	],
	"14. left_shoulder": [
		0.663613498210907,
		0.4008551836013794,
		-0.0490734800696373,
		0.9987376928329468
	],
	"15. left_elbow": [
		0.6690094470977783,
		0.3354107141494751,
		-0.024338360875844955,
		0.9885501861572266
	],
	"16. left_wrist": [
		0.6688910722732544,
		0.2941884696483612,
		0.08658662438392639,
		0.9167067408561707
	],
	"19. right_shoulder": [
		0.6345810294151306,
		0.3968746066093445,
		0.08794450014829636,
		0.9960139393806458
	],
	"20. right_elbow": [
		0.6371622681617737,
		0.33667224645614624,
		0.13437223434448242,
		0.5648141503334045
	],
	"21. right_wrist": [
		0.657320499420166,
		0.29879051446914673,
		0.14270544052124023,
		0.6497523784637451
	],
	"24. nose": [
		0.6355936527252197,
		0.3509523272514343,
		-0.10039378702640533,
		0.9995436668395996
	],
	"25. left_eye": [
		0.6421579718589783,
		0.34070947766304016,
		-0.0953439250588417,
		0.9995682239532471
	],
	"26. right_eye": [
		0.6354220509529114,
		0.3415154814720154,
		-0.08128991723060608,
		0.999269962310791
	],
	"27. left_ear": [
		0.6523734927177429,
		0.34506866335868835,
		-0.04731382429599762,
		0.9995800852775574
	],
	"28. right_ear": [
		0.6404529809951782,
		0.34466907382011414,
		0.017403213307261467,
		0.9992454648017883
	],
	"time stamp": 29.969946478656652
}