{
	"1. left_hip": [
		0.6490004062652588,
		0.5522634983062744,
		-0.0564955472946167,
		0.9991176724433899
	],
	"2. left_knee": [
		0.6536008715629578,
		0.6769518852233887,
		-0.049155011773109436,
		0.9310625791549683
	],
	"3. left_ankle": [
		0.6723639965057373,
		0.7900210022926331,
		-0.013484549708664417,
		0.9525655508041382
	],
	"6. right_hip": [
		0.6308104991912842,
		0.5554758906364441,
		0.056421756744384766,
		0.9985088109970093
	],
	"7. right_knee": [
		0.6431272029876709,
		0.6788918375968933,
		0.07093948125839233,
		0.6728823184967041
	],
	"8. right_ankle": [
		0.665505588054657,
		0.7843266129493713,
		0.12141449749469757,
		0.7563337683677673
	],
	"14. left_shoulder": [
		0.6623889207839966,
		0.39969322085380554,
		-0.04757722094655037,
		0.9985653758049011
	],
	"15. left_elbow": [
		0.6704789400100708,
		0.31884056329727173,
		-0.007621844299137592,
		0.9868021011352539
	],
	"16. left_wrist": [
		0.6669706702232361,
		0.30131226778030396,
		0.1363966315984726,
		0.8409152626991272
	],
	"19. right_shoulder": [
		0.6322066783905029,
		0.39394527673721313,
		0.07411807775497437,
		0.9960439205169678
	],
	"20. right_elbow": [
		0.6316996216773987,
		0.32565900683403015,
		0.12602689862251282,
		0.5967608690261841
	],
	"21. right_wrist": [
		0.6562485098838806,
		0.3006514310836792,
		0.14680391550064087,
		0.6005843877792358
	],
	"24. nose": [
		0.6331626176834106,
		0.3509873151779175,
		-0.11355730146169662,
		0.9996172189712524
	],
	"25. left_eye": [
		0.640015721321106,
		0.3406792879104614,
		-0.10742209851741791,
		0.9996337890625
	],
	"26. right_eye": [
		0.633296012878418,
		0.3415061831474304,
		-0.09370860457420349,
		0.9993880987167358
	],
	"27. left_ear": [
		0.6502636075019836,
		0.3447127640247345,
		-0.0597563199698925,
		0.9996492266654968
	],
	"28. right_ear": [
		0.6379806399345398,
		0.3444960415363312,
		0.005548475310206413,
		0.999362051486969
	],
	"time stamp": 29.969946478656652
}