{
	"1. left_hip": [
		0.6436328291893005,
		0.5533753633499146,
		-0.055177342146635056,
		0.9992509484291077
	],
	"2. left_knee": [
		0.6313719153404236,
		0.6789290308952332,
		-0.11201683431863785,
		0.9466273784637451
	],
	"3. left_ankle": [
		0.6491398811340332,
		0.7887359857559204,
		-0.08506881445646286,
		0.9667820930480957
	],
	"6. right_hip": [
		0.6244766712188721,
		0.5544309020042419,
		0.05512072518467903,
		0.9987978339195251
	],
	"7. right_knee": [
		0.6015893220901489,
		0.6711488366127014,
		0.026686955243349075,
		0.7320058345794678
	],
	"8. right_ankle": [
		0.6436014771461487,
		0.7645321488380432,
		0.0920550674200058,
		0.8127012252807617
	],
	"14. left_shoulder": [
		0.6608160734176636,
		0.4000723659992218,
		-0.05179767683148384,
		0.9989128112792969
	],
	"15. left_elbow": [
		0.6554394960403442,
		0.38209229707717896,
		-0.02414868213236332,
		0.9832444190979004
	],
	"16. left_wrist": [
		0.6538033485412598,
		0.35388898849487305,
		0.06190871447324753,
		0.6505693793296814
	],
	"19. right_shoulder": [
		0.6265239715576172,
		0.39898210763931274,
		0.08067137002944946,
		0.9968501329421997
	],
	"20. right_elbow": [
		0.6048193573951721,
		0.36217498779296875,
		0.1572210043668747,
		0.6746131777763367
	],
	"21. right_wrist": [
		0.6227198243141174,
		0.3573872447013855,
		0.2042434960603714,
		0.4794746935367584
	],
	"24. nose": [
		0.6269032955169678,
		0.3504990041255951,
		-0.0689617171883583,
		0.9997270107269287
	],
	"25. left_eye": [
		0.633539080619812,
		0.339670330286026,
		-0.07263955473899841,
		0.9997459053993225
	],
	"26. right_eye": [
		0.628459095954895,
		0.3409688174724579,
		-0.055730968713760376,
		0.9995676875114441
	],
	"27. left_ear": [
		0.6439955234527588,
		0.3427208364009857,
		-0.05966023728251457,
		0.9997710585594177
	],
	"28. right_ear": [
		0.6342211961746216,
		0.34326308965682983,
		0.022551434114575386,
		0.9995795488357544
	],
	"time stamp": 29.969946478656652
}