{
	"1. left_hip": [
		0.6441730260848999,
		0.583516001701355,
		-0.05586851388216019,
		0.9993359446525574
	],
	"2. left_knee": [
		0.6240001320838928,
		0.6962195038795471,
		-0.07491811364889145,
		0.9531621336936951
	],
	"3. left_ankle": [
		0.6489509344100952,
		0.7953999638557434,
		-0.003332704771310091,
		0.971945583820343
	],
	"6. right_hip": [
		0.6246820688247681,
		0.5786839127540588,
		0.055865537375211716,
		0.9989362359046936
	],
	"7. right_knee": [
		0.5764586925506592,
		0.6468936204910278,
		0.013338662683963776,
		0.777921199798584
	],
	"8. right_ankle": [
		0.6195281744003296,
		0.7364951372146606,
		0.1019006222486496,
		0.8346771001815796
	],
	"14. left_shoulder": [
		0.6593708992004395,
		0.4255470633506775,
		-0.10384535789489746,
		0.9991036653518677
	],
	"15. left_elbow": [
		0.6309133768081665,
		0.4765652120113373,
		-0.19193731248378754,
		0.9809766411781311
	],
	"16. left_wrist": [
		0.6357631683349609,
		0.40948784351348877,
		-0.24106743931770325,
		0.7111694812774658
	],
	"19. right_shoulder": [
		0.6264766454696655,
		0.4182049334049225,
		0.062008023262023926,
		0.9973887205123901
	],
	"20. right_elbow": [
		0.5941940546035767,
		0.41946905851364136,
		0.10519824177026749,
		0.696382462978363
	],
	"21. right_wrist": [
		0.612128734588623,
		0.39738163352012634,
		0.10623659938573837,
		0.5207861065864563
	],
	"24. nose": [
		0.6240947246551514,
		0.3726825416088104,
		-0.07172878086566925,
		0.9997661709785461
	],
	"25. left_eye": [
		0.6299597024917603,
		0.36169707775115967,
		-0.08588624745607376,
		0.9997835159301758
	],
	"26. right_eye": [
		0.625872015953064,
		0.36160317063331604,
		-0.067610003054142,
		0.9996160864830017
	],
	"27. left_ear": [
		0.6402705311775208,
		0.36460191011428833,
		-0.08973806351423264,
		0.9997974038124084
	],
	"28. right_ear": [
		0.6321541666984558,
		0.3631868064403534,
		-0.0089805256575346,
		0.9996406435966492
	],
	"time stamp": 29.969946478656652
}