{
	"1. left_hip": [
		0.6430204510688782,
		0.5934349298477173,
		-0.05687107518315315,
		0.9993860125541687
	],
	"2. left_knee": [
		0.6224015355110168,
		0.7033700942993164,
		-0.05500050634145737,
		0.957233190536499
	],
	"3. left_ankle": [
		0.649156928062439,
		0.7958365678787231,
		0.04169254004955292,
		0.9744306206703186
	],
	"6. right_hip": [
		0.6248247623443604,
		0.5861184000968933,
		0.056889425963163376,
		0.999032199382782
	],
	"7. right_knee": [
		0.5724350214004517,
		0.6409467458724976,
		-0.0028759269043803215,
		0.7991846799850464
	],
	"8. right_ankle": [
		0.6097089648246765,
		0.7356350421905518,
		0.07488764822483063,
		0.848897397518158
	],
	"14. left_shoulder": [
		0.6545354127883911,
		0.4391455352306366,
		-0.12535390257835388,
		0.9991892576217651
	],
	"15. left_elbow": [
		0.6292449831962585,
		0.49402540922164917,
		-0.21508252620697021,
		0.9809942245483398
	],
	"16. left_wrist": [
		0.635424017906189,
		0.4300662577152252,
		-0.2562062740325928,
		0.7385322451591492
	],
	"19. right_shoulder": [
		0.6261377930641174,
		0.4260108172893524,
		0.048250921070575714,
		0.9976366758346558
	],
	"20. right_elbow": [
		0.5917454957962036,
		0.4443986117839813,
		0.03615701198577881,
		0.7030847668647766
	],
	"21. right_wrist": [
		0.610740602016449,
		0.40955403447151184,
		-0.025397852063179016,
		0.5423708558082581
	],
	"24. nose": [
		0.623137354850769,
		0.3784191608428955,
		-0.10446938127279282,
		0.9997873902320862
	],
	"25. left_eye": [
		0.6291002035140991,
		0.3698023557662964,
		-0.11219453811645508,
		0.9998031258583069
	],
	"26. right_eye": [
		0.625458836555481,
		0.36840471625328064,
		-0.09488118439912796,
		0.9996494054794312
	],
	"27. left_ear": [
		0.6389411687850952,
		0.37495359778404236,
		-0.10745557397603989,
		0.9998146295547485
	],
	"28. right_ear": [
		0.6319193243980408,
		0.3714955747127533,
		-0.03085808828473091,
		0.9996726512908936
	],
	"time stamp": 29.969946478656652
}