{
	"1. left_hip": [
		0.6397947669029236,
		0.5955628156661987,
		-0.06241488456726074,
		0.9994826316833496
	],
	"2. left_knee": [
		0.6190376877784729,
		0.70656818151474,
		-0.05490293353796005,
		0.9643518328666687
	],
	"3. left_ankle": [
		0.6489133238792419,
		0.7961496114730835,
		0.03066057339310646,
		0.9786782264709473
	],
	"6. right_hip": [
		0.6249732375144958,
		0.5915728211402893,
		0.06237928941845894,
		0.9992040395736694
	],
	"7. right_knee": [
		0.5719862580299377,
		0.6386027932167053,
		0.03683672472834587,
		0.8348918557167053
	],
	"8. right_ankle": [
		0.6030975580215454,
		0.7352571487426758,
		0.09622694551944733,
		0.873993992805481
	],
	"14. left_shoulder": [
		0.6398212313652039,
		0.43898719549179077,
		-0.12524375319480896,
		0.999335527420044
	],
	"15. left_elbow": [
		0.6011239290237427,
		0.4751156270503998,
		-0.1263159215450287,
		0.980096161365509
	],
	"16. left_wrist": [
		0.608950138092041,
		0.4269474446773529,
		0.006390766240656376,
		0.7779735326766968
	],
	"19. right_shoulder": [
		0.6307671666145325,
		0.4360021948814392,
		0.07970600575208664,
		0.9980515837669373
	],
	"20. right_elbow": [
		0.5951946377754211,
		0.4806959331035614,
		0.0525314100086689,
		0.6546675562858582
	],
	"21. right_wrist": [
		0.6091023087501526,
		0.46450915932655334,
		-0.03510726988315582,
		0.5147308707237244
	],
	"24. nose": [
		0.6216753125190735,
		0.3806701600551605,
		-0.04793908819556236,
		0.9998255372047424
	],
	"25. left_eye": [
		0.6272536516189575,
		0.3713535666465759,
		-0.06066171079874039,
		0.9998384714126587
	],
	"26. right_eye": [
		0.6242019534111023,
		0.3692575693130493,
		-0.03970252722501755,
		0.9997109174728394
	],
	"27. left_ear": [
		0.6365576982498169,
		0.37866684794425964,
		-0.08815808594226837,
		0.9998468160629272
	],
	"28. right_ear": [
		0.6309784650802612,
		0.37482529878616333,
		0.005886595230549574,
		0.9997305870056152
	],
	"time stamp": 29.969946478656652
}