{
	"1. left_hip": [
		0.6274433135986328,
		0.5830555558204651,
		-0.05179750919342041,
		0.9995790719985962
	],
	"2. left_knee": [
		0.622248113155365,
		0.7002200484275818,
		-0.059151649475097656,
		0.9730334281921387
	],
	"3. left_ankle": [
		0.6489207744598389,
		0.7960050106048584,
		0.02442840486764908,
		0.983446478843689
	],
	"6. right_hip": [
		0.6100164651870728,
		0.583598792552948,
		0.051698386669158936,
		0.999405026435852
	],
	"7. right_knee": [
		0.575212836265564,
		0.6661834120750427,
		0.009406140074133873,
		0.8763468861579895
	],
	"8. right_ankle": [
		0.6006470918655396,
		0.7694979906082153,
		0.07088331133127213,
		0.9044046998023987
	],
	"14. left_shoulder": [
		0.6320399641990662,
		0.42800331115722656,
		-0.09205092489719391,
		0.9994869232177734
	],
	"15. left_elbow": [
		0.6196959614753723,
		0.4920812249183655,
		-0.10112223774194717,
		0.9796010851860046
	],
	"16. left_wrist": [
		0.60172039270401,
		0.4380911886692047,
		-0.04998642951250076,
		0.8167911171913147
	],
	"19. right_shoulder": [
		0.6057064533233643,
		0.4226091504096985,
		0.06370197236537933,
		0.99854975938797
	],
	"20. right_elbow": [
		0.5730313658714294,
		0.4565681517124176,
		-0.013574925251305103,
		0.6990132331848145
	],
	"21. right_wrist": [
		0.5910959839820862,
		0.4175303280353546,
		-0.14068879187107086,
		0.5859749913215637
	],
	"24. nose": [
		0.6153023838996887,
		0.36660999059677124,
		-0.0708841010928154,
		0.9998705387115479
	],
	"25. left_eye": [
		0.6224664449691772,
		0.3618769347667694,
		-0.07150478661060333,
		0.9998788237571716
	],
	"26. right_eye": [
		0.6184748411178589,
		0.3577140271663666,
		-0.05990526080131531,
		0.9997857213020325
	],
	"27. left_ear": [
		0.629965603351593,
		0.3723115622997284,
		-0.06535796076059341,
		0.9998849630355835
	],
	"28. right_ear": [
		0.6213838458061218,
		0.36354362964630127,
		-0.00023321236949414015,
		0.999799370765686
	],
	"time stamp": 29.969946478656652
}