{
	"1. left_hip": [
		0.614372968673706,
		0.5561771392822266,
		-0.05476664379239082,
		0.9996492862701416
	],
	"2. left_knee": [
		0.6207106113433838,
		0.6791923642158508,
		-0.07618825882673264,
		0.9795657992362976
	],
	"3. left_ankle": [
		0.6472501158714294,
		0.7895256280899048,
		-0.043759167194366455,
		0.9874129295349121
	],
	"6. right_hip": [
		0.5969071388244629,
		0.5578184723854065,
		0.05471391603350639,
		0.9995532035827637
	],
	"7. right_knee": [
		0.5799109935760498,
		0.6722335815429688,
		0.037045761942863464,
		0.9057247638702393
	],
	"8. right_ankle": [
		0.6054606437683105,
		0.7810267806053162,
		0.06822963058948517,
		0.9281421303749084
	],
	"14. left_shoulder": [
		0.6186309456825256,
		0.4044361114501953,
		-0.10070203244686127,
		0.9995681643486023
	],
	"15. left_elbow": [
		0.5868278741836548,
		0.4329674243927002,
		-0.06926602125167847,
		0.9795031547546387
	],
	"16. left_wrist": [
		0.5819133520126343,
		0.40469881892204285,
		0.0586906261742115,
		0.8118485808372498
	],
	"19. right_shoulder": [
		0.6053961515426636,
		0.3950183391571045,
		0.0756930559873581,
		0.9989118576049805
	],
	"20. right_elbow": [
		0.5749062299728394,
		0.4198470711708069,
		0.06382949650287628,
		0.7009883522987366
	],
	"21. right_wrist": [
		0.5790451765060425,
		0.395699679851532,
		0.008556056767702103,
		0.6269755363464355
	],
	"24. nose": [
		0.6074676513671875,
		0.34292855858802795,
		-0.07374437898397446,
		0.9999035000801086
	],
	"25. left_eye": [
		0.6150099039077759,
		0.33705368638038635,
		-0.0809938907623291,
		0.9999096989631653
	],
	"26. right_eye": [
		0.611160397529602,
		0.3342493176460266,
		-0.06351372599601746,
		0.9998416900634766
	],
	"27. left_ear": [
		0.6233217120170593,
		0.3485051989555359,
		-0.07419988512992859,
		0.9999150037765503
	],
	"28. right_ear": [
		0.6163925528526306,
		0.340913325548172,
		0.00017631574883125722,
		0.999851644039154
	],
	"time stamp": 29.969946478656652
}