{
	"1. left_hip": [
		0.4913099706172943,
		0.555394172668457,
		-0.012371805496513844,
		0.9986319541931152
	],
	"2. left_knee": [
		0.49500125646591187,
		0.7117293477058411,
		0.0075060175731778145,
		0.9846664667129517
	],
	"3. left_ankle": [
		0.5119714736938477,
		0.8109999895095825,
		0.20862989127635956,
		0.981198251247406
	],
	"6. right_hip": [
		0.45221757888793945,
		0.5506666898727417,
		0.012304319068789482,
		0.999118983745575
	],
	"7. right_knee": [
		0.4433978199958801,
		0.7050017714500427,
		-0.02662878856062889,
		0.9769707322120667
	],
	"8. right_ankle": [
		0.437692791223526,
		0.8471915125846863,
		0.04411652684211731,
		0.9823434352874756
	],
	"14. left_shoulder": [
		0.5127279162406921,
		0.37926653027534485,
		-0.15423567593097687,
		0.9998688697814941
	],
	"15. left_elbow": [
		0.5282827615737915,
		0.4768819212913513,
		-0.12830272316932678,
		0.9785934090614319
	],
	"16. left_wrist": [
		0.5356711149215698,
		0.553834080696106,
		-0.18920263648033142,
		0.9166577458381653
	],
	"19. right_shoulder": [
		0.4489791989326477,
		0.3852747976779938,
		-0.09367864578962326,
		0.9995651841163635
	],
	"20. right_elbow": [
		0.4303492605686188,
		0.4799923300743103,
		-0.03965200483798981,
		0.8204206824302673
	],
	"21. right_wrist": [
		0.4171070456504822,
		0.5587825179100037,
		-0.10056358575820923,
		0.6542332172393799
	],
	"24. nose": [
		0.4685644209384918,
		0.30954980850219727,
		-0.2897820770740509,
		0.9999415874481201
	],
	"25. left_eye": [
		0.4736820161342621,
		0.2959895133972168,
		-0.28419262170791626,
		0.9998549222946167
	],
	"26. right_eye": [
		0.46228471398353577,
		0.30419233441352844,
		-0.27726686000823975,
		0.9998034834861755
	],
	"27. left_ear": [
		0.48421335220336914,
		0.29611700773239136,
		-0.21520960330963135,
		0.9997535943984985
	],
	"28. right_ear": [
		0.46095162630081177,
		0.31366080045700073,
		-0.18296542763710022,
		0.9995561838150024
	],
	"time stamp": 30.0
}