{
	"1. left_hip": [
		0.48612794280052185,
		0.565153956413269,
		-0.007528235670179129,
		0.998947262763977
	],
	"2. left_knee": [
		0.4890560209751129,
		0.6882601976394653,
		0.04361850768327713,
		0.9860446453094482
	],
	"3. left_ankle": [
		0.4891214370727539,
		0.7457262873649597,
		0.30500081181526184,
		0.9679315090179443
	],
	"6. right_hip": [
		0.4485328793525696,
		0.5624847412109375,
		0.007460550405085087,
		0.9993504881858826
	],
	"7. right_knee": [
		0.43994084000587463,
		0.7088934779167175,
		-0.0655212551355362,
		0.9824609160423279
	],
	"8. right_ankle": [
		0.43618807196617126,
		0.8493427038192749,
		-0.010934735648334026,
		0.9858460426330566
	],
	"14. left_shoulder": [
		0.5063236951828003,
		0.3844169080257416,
		-0.12279772758483887,
		0.9998992681503296
	],
	"15. left_elbow": [
		0.49766796827316284,
		0.480058491230011,
		-0.13441559672355652,
		0.9819964170455933
	],
	"16. left_wrist": [
		0.4850262999534607,
		0.5575571060180664,
		-0.23871585726737976,
		0.9360814094543457
	],
	"19. right_shoulder": [
		0.44592180848121643,
		0.40103673934936523,
		-0.07664426416158676,
		0.9996724724769592
	],
	"20. right_elbow": [
		0.4327126145362854,
		0.4927777647972107,
		-0.034865617752075195,
		0.8451910614967346
	],
	"21. right_wrist": [
		0.42093080282211304,
		0.567621648311615,
		-0.10011675208806992,
		0.7275218963623047
	],
	"24. nose": [
		0.46495309472084045,
		0.3142857551574707,
		-0.25730305910110474,
		0.9999533295631409
	],
	"25. left_eye": [
		0.4695897698402405,
		0.30328381061553955,
		-0.2460387945175171,
		0.9998797178268433
	],
	"26. right_eye": [
		0.45822685956954956,
		0.31092745065689087,
		-0.24085192382335663,
		0.9998337030410767
	],
	"27. left_ear": [
		0.4792764186859131,
		0.307870090007782,
		-0.17618097364902496,
		0.9997921586036682
	],
	"28. right_ear": [
		0.45464688539505005,
		0.3252353370189667,
		-0.15413030982017517,
		0.9995608329772949
	],
	"time stamp": 30.0
}