{
	"1. left_hip": [
		0.5025850534439087,
		0.5333446264266968,
		-0.011984096840023994,
		0.9994711875915527
	],
	"2. left_knee": [
		0.5341778993606567,
		0.6475058794021606,
		0.04522796347737312,
		0.989728569984436
	],
	"3. left_ankle": [
		0.5664189457893372,
		0.7079088091850281,
		0.24112126231193542,
		0.9503563642501831
	],
	"6. right_hip": [
		0.4640945494174957,
		0.5392874479293823,
		0.011942797340452671,
		0.9996918439865112
	],
	"7. right_knee": [
		0.4410134255886078,
		0.6973443627357483,
		-0.05896168202161789,
		0.9907887578010559
	],
	"8. right_ankle": [
		0.4390515685081482,
		0.8475000262260437,
		-0.0024264364037662745,
		0.9919313788414001
	],
	"14. left_shoulder": [
		0.5091181993484497,
		0.34337443113327026,
		-0.001380627742037177,
		0.9999380707740784
	],
	"15. left_elbow": [
		0.5426129102706909,
		0.3881215453147888,
		-0.12865415215492249,
		0.987853467464447
	],
	"16. left_wrist": [
		0.519819974899292,
		0.31944915652275085,
		-0.2723281979560852,
		0.966473400592804
	],
	"19. right_shoulder": [
		0.45232123136520386,
		0.3606366813182831,
		0.0228830985724926,
		0.9998093843460083
	],
	"20. right_elbow": [
		0.4423399865627289,
		0.436879426240921,
		-0.03902777284383774,
		0.8445948958396912
	],
	"21. right_wrist": [
		0.43895095586776733,
		0.40983933210372925,
		-0.17883017659187317,
		0.7920558452606201
	],
	"24. nose": [
		0.4768590033054352,
		0.28319743275642395,
		-0.13883772492408752,
		0.9999608993530273
	],
	"25. left_eye": [
		0.4799700379371643,
		0.27269500494003296,
		-0.12468324601650238,
		0.9998967051506042
	],
	"26. right_eye": [
		0.46910324692726135,
		0.28029581904411316,
		-0.12276659905910492,
		0.9998244047164917
	],
	"27. left_ear": [
		0.4867308735847473,
		0.27889686822891235,
		-0.036949798464775085,
		0.9998661875724792
	],
	"28. right_ear": [
		0.46303921937942505,
		0.2917540669441223,
		-0.02656412124633789,
		0.9994985461235046
	],
	"time stamp": 30.0
}