{
	"1. left_hip": [
		0.5083680748939514,
		0.5354260802268982,
		-0.04143775254487991,
		0.9995239973068237
	],
	"2. left_knee": [
		0.5474310517311096,
		0.6776227951049805,
		-0.10319076478481293,
		0.9909629225730896
	],
	"3. left_ankle": [
		0.5920156836509705,
		0.7821366786956787,
		-1.2413726835802663e-05,
		0.9575607180595398
	],
	"6. right_hip": [
		0.47251763939857483,
		0.5413236618041992,
		0.04145108535885811,
		0.9997320771217346
	],
	"7. right_knee": [
		0.44303029775619507,
		0.6951066255569458,
		-0.016177019104361534,
		0.9902769327163696
	],
	"8. right_ankle": [
		0.44694480299949646,
		0.8487546443939209,
		0.04923420399427414,
		0.9924179315567017
	],
	"14. left_shoulder": [
		0.5140784978866577,
		0.34710073471069336,
		-0.009024448692798615,
		0.9999403953552246
	],
	"15. left_elbow": [
		0.5396969318389893,
		0.40589702129364014,
		-0.09683925658464432,
		0.989520251750946
	],
	"16. left_wrist": [
		0.5134040117263794,
		0.347197949886322,
		-0.24546536803245544,
		0.9713076949119568
	],
	"19. right_shoulder": [
		0.45883139967918396,
		0.3614496886730194,
		0.10195083916187286,
		0.9997978210449219
	],
	"20. right_elbow": [
		0.4451647698879242,
		0.44064661860466003,
		0.05837095528841019,
		0.8320919871330261
	],
	"21. right_wrist": [
		0.4431857466697693,
		0.3918074667453766,
		-0.09924665838479996,
		0.8122912049293518
	],
	"24. nose": [
		0.4808782935142517,
		0.2847248911857605,
		-0.10722412914037704,
		0.9999631643295288
	],
	"25. left_eye": [
		0.485774427652359,
		0.27443814277648926,
		-0.09565098583698273,
		0.9999076724052429
	],
	"26. right_eye": [
		0.47471538186073303,
		0.28104227781295776,
		-0.08857719600200653,
		0.9998405575752258
	],
	"27. left_ear": [
		0.49253153800964355,
		0.28073638677597046,
		-0.0184182021766901,
		0.9998868107795715
	],
	"28. right_ear": [
		0.4696063995361328,
		0.2922145426273346,
		0.016534937545657158,
		0.9995601773262024
	],
	"time stamp": 30.0
}