{
	"1. left_hip": [
		0.5121785998344421,
		0.5357046723365784,
		-0.0516468808054924,
		0.9995240569114685
	],
	"2. left_knee": [
		0.5517162084579468,
		0.6888394951820374,
		-0.11392293870449066,
		0.9915529489517212
	],
	"3. left_ankle": [
		0.5990356802940369,
		0.8143659830093384,
		-0.0574127659201622,
		0.9613500237464905
	],
	"6. right_hip": [
		0.47759851813316345,
		0.545534074306488,
		0.05166156217455864,
		0.999723494052887
	],
	"7. right_knee": [
		0.4443397521972656,
		0.6953501105308533,
		0.014223584905266762,
		0.9887624979019165
	],
	"8. right_ankle": [
		0.4476286470890045,
		0.8505595922470093,
		0.08203762024641037,
		0.9920746684074402
	],
	"14. left_shoulder": [
		0.5183365345001221,
		0.34909752011299133,
		-0.010535811074078083,
		0.9999425411224365
	],
	"15. left_elbow": [
		0.5371648073196411,
		0.4350318908691406,
		-0.1120915412902832,
		0.9902316927909851
	],
	"16. left_wrist": [
		0.49950534105300903,
		0.37655186653137207,
		-0.2661823630332947,
		0.9735743999481201
	],
	"19. right_shoulder": [
		0.4627820551395416,
		0.365813672542572,
		0.13284996151924133,
		0.9997714161872864
	],
	"20. right_elbow": [
		0.4461855888366699,
		0.45714470744132996,
		0.054352909326553345,
		0.8237252235412598
	],
	"21. right_wrist": [
		0.4415964186191559,
		0.4086737632751465,
		-0.14650794863700867,
		0.8223299980163574
	],
	"24. nose": [
		0.4847440719604492,
		0.28508785367012024,
		-0.08566361665725708,
		0.9999569058418274
	],
	"25. left_eye": [
		0.4893435537815094,
		0.27548545598983765,
		-0.07313419878482819,
		0.9999032020568848
	],
	"26. right_eye": [
		0.47898903489112854,
		0.2820498049259186,
		-0.06570522487163544,
		0.9998339414596558
	],
	"27. left_ear": [
		0.49544572830200195,
		0.2816472351551056,
		0.003911751788109541,
		0.9998895525932312
	],
	"28. right_ear": [
		0.4732784628868103,
		0.2936987280845642,
		0.03976655378937721,
		0.999544084072113
	],
	"time stamp": 30.0
}