{
	"1. left_hip": [
		0.52530837059021,
		0.5610751509666443,
		-0.04151775687932968,
		0.999589741230011
	],
	"2. left_knee": [
		0.5575506091117859,
		0.7161077857017517,
		-0.07584346830844879,
		0.9928615689277649
	],
	"3. left_ankle": [
		0.5957666039466858,
		0.8370165228843689,
		0.023479990661144257,
		0.9683359265327454
	],
	"6. right_hip": [
		0.48655223846435547,
		0.564638078212738,
		0.04154606908559799,
		0.999747633934021
	],
	"7. right_knee": [
		0.4486934244632721,
		0.699110746383667,
		-0.0019299483392387629,
		0.9894826412200928
	],
	"8. right_ankle": [
		0.44747528433799744,
		0.850580096244812,
		0.09755367040634155,
		0.9927042722702026
	],
	"14. left_shoulder": [
		0.5262453556060791,
		0.3675287067890167,
		-0.08767414838075638,
		0.9999514818191528
	],
	"15. left_elbow": [
		0.5201526284217834,
		0.4564180076122284,
		-0.13654126226902008,
		0.99055016040802
	],
	"16. left_wrist": [
		0.4941992163658142,
		0.5255378484725952,
		-0.25290659070014954,
		0.9772392511367798
	],
	"19. right_shoulder": [
		0.46944594383239746,
		0.3859185576438904,
		0.011120056733489037,
		0.9997634887695312
	],
	"20. right_elbow": [
		0.44969868659973145,
		0.45122209191322327,
		-0.011349955573678017,
		0.8048012852668762
	],
	"21. right_wrist": [
		0.4376029074192047,
		0.503409743309021,
		-0.16403347253799438,
		0.8258594870567322
	],
	"24. nose": [
		0.49729928374290466,
		0.30483749508857727,
		-0.196330726146698,
		0.9999595284461975
	],
	"25. left_eye": [
		0.5003798007965088,
		0.29562556743621826,
		-0.18295976519584656,
		0.9999126195907593
	],
	"26. right_eye": [
		0.48968052864074707,
		0.3006964921951294,
		-0.17917552590370178,
		0.9998461604118347
	],
	"27. left_ear": [
		0.5056237578392029,
		0.30353501439094543,
		-0.09684760868549347,
		0.9999042749404907
	],
	"28. right_ear": [
		0.4819508492946625,
		0.31294500827789307,
		-0.07830776274204254,
		0.9995771050453186
	],
	"time stamp": 30.0
}