{
	"1. left_hip": [
		0.5434234738349915,
		0.586372971534729,
		-0.026184583082795143,
		0.9996490478515625
	],
	"2. left_knee": [
		0.5716685056686401,
		0.7294836044311523,
		-0.08743046969175339,
		0.9942905902862549
	],
	"3. left_ankle": [
		0.6022844910621643,
		0.8487735986709595,
		0.03787951171398163,
		0.9782529473304749
	],
	"6. right_hip": [
		0.5006169676780701,
		0.5853852033615112,
		0.026297811418771744,
		0.9996843934059143
	],
	"7. right_knee": [
		0.4531877934932709,
		0.7017151713371277,
		-0.07375136017799377,
		0.991582989692688
	],
	"8. right_ankle": [
		0.448485791683197,
		0.8510103821754456,
		0.05901981145143509,
		0.9939636588096619
	],
	"14. left_shoulder": [
		0.5494551062583923,
		0.38600581884384155,
		0.01569921150803566,
		0.9999618530273438
	],
	"15. left_elbow": [
		0.587675154209137,
		0.45109206438064575,
		-0.038452740758657455,
		0.9915128350257874
	],
	"16. left_wrist": [
		0.5788172483444214,
		0.49704882502555847,
		-0.14940151572227478,
		0.9781866073608398
	],
	"19. right_shoulder": [
		0.4832732677459717,
		0.4062228202819824,
		0.04316169023513794,
		0.9984539151191711
	],
	"20. right_elbow": [
		0.4750879406929016,
		0.48854196071624756,
		-0.04714598506689072,
		0.7461082339286804
	],
	"21. right_wrist": [
		0.481074720621109,
		0.42469871044158936,
		-0.23333096504211426,
		0.7688528895378113
	],
	"24. nose": [
		0.5140250325202942,
		0.3201342821121216,
		-0.13096286356449127,
		0.9999658465385437
	],
	"25. left_eye": [
		0.5159488916397095,
		0.3123141825199127,
		-0.11333397775888443,
		0.9999318718910217
	],
	"26. right_eye": [
		0.5053201913833618,
		0.3160061240196228,
		-0.11355789750814438,
		0.9998771548271179
	],
	"27. left_ear": [
		0.5214301943778992,
		0.32071441411972046,
		-0.01543615572154522,
		0.9999299049377441
	],
	"28. right_ear": [
		0.4981142580509186,
		0.32852452993392944,
		-0.01424243114888668,
		0.9996582865715027
	],
	"time stamp": 30.0
}