{
	"1. left_hip": [
		0.5472573637962341,
		0.5877999067306519,
		-0.030272582545876503,
		0.9996554851531982
	],
	"2. left_knee": [
		0.570556640625,
		0.7341181635856628,
		-0.08596505224704742,
		0.9943856000900269
	],
	"3. left_ankle": [
		0.6030612587928772,
		0.8506774306297302,
		0.021436091512441635,
		0.9799139499664307
	],
	"6. right_hip": [
		0.504503071308136,
		0.5905805230140686,
		0.030361521989107132,
		0.9996843934059143
	],
	"7. right_knee": [
		0.45438146591186523,
		0.7011886835098267,
		-0.0667613297700882,
		0.9917691946029663
	],
	"8. right_ankle": [
		0.44946226477622986,
		0.8518399596214294,
		0.0395599864423275,
		0.9940388202667236
	],
	"14. left_shoulder": [
		0.5517114400863647,
		0.38891440629959106,
		-0.002594596240669489,
		0.9999635219573975
	],
	"15. left_elbow": [
		0.5898163914680481,
		0.4369569420814514,
		-0.04261444881558418,
		0.9921683073043823
	],
	"16. left_wrist": [
		0.5891284942626953,
		0.48499417304992676,
		-0.12461820989847183,
		0.979027509689331
	],
	"19. right_shoulder": [
		0.48448529839515686,
		0.40985044836997986,
		0.04328285902738571,
		0.9984411001205444
	],
	"20. right_elbow": [
		0.4705151617527008,
		0.4879031181335449,
		-0.055402956902980804,
		0.7673898935317993
	],
	"21. right_wrist": [
		0.47296142578125,
		0.40766334533691406,
		-0.24195890128612518,
		0.7869256138801575
	],
	"24. nose": [
		0.5160268545150757,
		0.3232537806034088,
		-0.13653337955474854,
		0.9999669194221497
	],
	"25. left_eye": [
		0.5187040567398071,
		0.3159419000148773,
		-0.1202436313033104,
		0.9999344944953918
	],
	"26. right_eye": [
		0.5081256031990051,
		0.3195992410182953,
		-0.11965116113424301,
		0.9998847842216492
	],
	"27. left_ear": [
		0.5248457789421082,
		0.3247673511505127,
		-0.028617653995752335,
		0.9999345541000366
	],
	"28. right_ear": [
		0.5010432004928589,
		0.3326190412044525,
		-0.0227236095815897,
		0.9996821284294128
	],
	"time stamp": 30.0
}