{
	"1. left_hip": [
		0.5487832427024841,
		0.5930359959602356,
		-0.034117959439754486,
		0.9996737837791443
	],
	"2. left_knee": [
		0.5694925785064697,
		0.7389411926269531,
		-0.08531808108091354,
		0.9945198893547058
	],
	"3. left_ankle": [
		0.603469967842102,
		0.8520049452781677,
		0.01070619560778141,
		0.9813294410705566
	],
	"6. right_hip": [
		0.5064249038696289,
		0.5932701826095581,
		0.03414664790034294,
		0.999694287776947
	],
	"7. right_knee": [
		0.4540172517299652,
		0.7023820877075195,
		-0.044063590466976166,
		0.9911957383155823
	],
	"8. right_ankle": [
		0.4492313861846924,
		0.8521629571914673,
		0.04868842661380768,
		0.993776261806488
	],
	"14. left_shoulder": [
		0.555195152759552,
		0.3894082307815552,
		0.0037558656185865402,
		0.9999656677246094
	],
	"15. left_elbow": [
		0.5920188426971436,
		0.4358072876930237,
		0.045777834951877594,
		0.9927408695220947
	],
	"16. left_wrist": [
		0.590603768825531,
		0.48345163464546204,
		0.06446822732686996,
		0.9803654551506042
	],
	"19. right_shoulder": [
		0.4892667233943939,
		0.41435208916664124,
		0.05441279336810112,
		0.9985109567642212
	],
	"20. right_elbow": [
		0.4700433611869812,
		0.4881914258003235,
		-0.03855838626623154,
		0.7875210046768188
	],
	"21. right_wrist": [
		0.4685737192630768,
		0.4206213355064392,
		-0.19959448277950287,
		0.8065553307533264
	],
	"24. nose": [
		0.5196410417556763,
		0.327277272939682,
		-0.12248991429805756,
		0.9999687075614929
	],
	"25. left_eye": [
		0.5214220285415649,
		0.31986740231513977,
		-0.10929276049137115,
		0.9999375939369202
	],
	"26. right_eye": [
		0.5110329985618591,
		0.3245774209499359,
		-0.10715238004922867,
		0.9998932480812073
	],
	"27. left_ear": [
		0.5269610285758972,
		0.32800185680389404,
		-0.028421785682439804,
		0.9999393224716187
	],
	"28. right_ear": [
		0.5037840008735657,
		0.3378337323665619,
		-0.015789076685905457,
		0.9997060894966125
	],
	"time stamp": 30.0
}