{
	"1. left_hip": [
		0.5505212545394897,
		0.5960251092910767,
		-0.03674859553575516,
		0.9996938705444336
	],
	"2. left_knee": [
		0.5687215924263,
		0.7422928810119629,
		-0.08322723954916,
		0.9948581457138062
	],
	"3. left_ankle": [
		0.6027542352676392,
		0.8518034815788269,
		0.015170663595199585,
		0.9828512072563171
	],
	"6. right_hip": [
		0.5093783140182495,
		0.5958338975906372,
		0.03667280822992325,
		0.9997109770774841
	],
	"7. right_knee": [
		0.45396384596824646,
		0.7046487927436829,
		-0.040280781686306,
		0.9915036559104919
	],
	"8. right_ankle": [
		0.4491994380950928,
		0.8532193303108215,
		0.05420248582959175,
		0.9940174221992493
	],
	"14. left_shoulder": [
		0.5582510828971863,
		0.3931486904621124,
		-0.0073413848876953125,
		0.9999682307243347
	],
	"15. left_elbow": [
		0.5951285362243652,
		0.44269800186157227,
		0.010397008620202541,
		0.993371307849884
	],
	"16. left_wrist": [
		0.586927056312561,
		0.5153710842132568,
		0.00019641716789919883,
		0.9820063710212708
	],
	"19. right_shoulder": [
		0.49336594343185425,
		0.4184575080871582,
		0.06294870376586914,
		0.9986032247543335
	],
	"20. right_elbow": [
		0.4745965003967285,
		0.4943676292896271,
		-0.01731448993086815,
		0.8049280047416687
	],
	"21. right_wrist": [
		0.4697090983390808,
		0.42763739824295044,
		-0.19393423199653625,
		0.824229896068573
	],
	"24. nose": [
		0.5184327363967896,
		0.32972559332847595,
		-0.12122012674808502,
		0.9999712109565735
	],
	"25. left_eye": [
		0.5211474299430847,
		0.3209872543811798,
		-0.1089363694190979,
		0.9999421238899231
	],
	"26. right_eye": [
		0.5103445053100586,
		0.3278280794620514,
		-0.10444258153438568,
		0.999902069568634
	],
	"27. left_ear": [
		0.5279954671859741,
		0.32902172207832336,
		-0.03347840532660484,
		0.9999444484710693
	],
	"28. right_ear": [
		0.5041770935058594,
		0.3412128984928131,
		-0.010805200785398483,
		0.9997287392616272
	],
	"time stamp": 30.0
}