{
	"1. left_hip": [
		0.5457683801651001,
		0.5951036810874939,
		-0.039414528757333755,
		0.9997473955154419
	],
	"2. left_knee": [
		0.5667999982833862,
		0.7449963688850403,
		-0.0721551701426506,
		0.9958665370941162
	],
	"3. left_ankle": [
		0.6011773943901062,
		0.8530272841453552,
		0.03531862050294876,
		0.9870976805686951
	],
	"6. right_hip": [
		0.5082422494888306,
		0.5930773019790649,
		0.0393686443567276,
		0.9997681379318237
	],
	"7. right_knee": [
		0.45880579948425293,
		0.7048914432525635,
		-0.04550676792860031,
		0.9932247400283813
	],
	"8. right_ankle": [
		0.45003241300582886,
		0.8549426794052124,
		0.03931325301527977,
		0.9951429963111877
	],
	"14. left_shoulder": [
		0.5637670755386353,
		0.4079335927963257,
		-0.060060493648052216,
		0.9999750256538391
	],
	"15. left_elbow": [
		0.5826829671859741,
		0.49377915263175964,
		-0.07918992638587952,
		0.9945077300071716
	],
	"16. left_wrist": [
		0.5685394406318665,
		0.5519178509712219,
		-0.15778028964996338,
		0.9852936863899231
	],
	"19. right_shoulder": [
		0.5078588724136353,
		0.42632755637168884,
		0.041257087141275406,
		0.9989121556282043
	],
	"20. right_elbow": [
		0.49171552062034607,
		0.5028228163719177,
		0.08950088918209076,
		0.8001534342765808
	],
	"21. right_wrist": [
		0.46646827459335327,
		0.5625507235527039,
		0.011594769544899464,
		0.8391528725624084
	],
	"24. nose": [
		0.5228484869003296,
		0.3412711024284363,
		-0.14848043024539948,
		0.9999768733978271
	],
	"25. left_eye": [
		0.525239109992981,
		0.3302537202835083,
		-0.14456495642662048,
		0.9999532699584961
	],
	"26. right_eye": [
		0.5145444869995117,
		0.3407532870769501,
		-0.1331559270620346,
		0.999919593334198
	],
	"27. left_ear": [
		0.5332353711128235,
		0.3354857563972473,
		-0.07942600548267365,
		0.9999560117721558
	],
	"28. right_ear": [
		0.5121650695800781,
		0.3523687720298767,
		-0.041847504675388336,
		0.9997755289077759
	],
	"time stamp": 30.0
}