{
	"1. left_hip": [
		0.5521326661109924,
		0.6030986309051514,
		-0.026734113693237305,
		0.9998334646224976
	],
	"2. left_knee": [
		0.5733187794685364,
		0.7468779683113098,
		-0.01771293394267559,
		0.9968894124031067
	],
	"3. left_ankle": [
		0.6013913750648499,
		0.8524459004402161,
		0.15681442618370056,
		0.9921791553497314
	],
	"6. right_hip": [
		0.5116785764694214,
		0.5996237397193909,
		0.026662353426218033,
		0.9998802542686462
	],
	"7. right_knee": [
		0.45771607756614685,
		0.7071008682250977,
		-0.0837814211845398,
		0.9964215755462646
	],
	"8. right_ankle": [
		0.45122480392456055,
		0.8547889590263367,
		0.034048594534397125,
		0.9969888925552368
	],
	"14. left_shoulder": [
		0.5707191228866577,
		0.41181209683418274,
		-0.08089323341846466,
		0.9999819397926331
	],
	"15. left_elbow": [
		0.575127899646759,
		0.49690908193588257,
		-0.10510541498661041,
		0.9956034421920776
	],
	"16. left_wrist": [
		0.5573078393936157,
		0.5626779198646545,
		-0.2118222713470459,
		0.9904075860977173
	],
	"19. right_shoulder": [
		0.5077371001243591,
		0.4138340353965759,
		0.0012152146082371473,
		0.9994662404060364
	],
	"20. right_elbow": [
		0.49922052025794983,
		0.49831852316856384,
		0.0495886504650116,
		0.7540473937988281
	],
	"21. right_wrist": [
		0.4825701117515564,
		0.5547692179679871,
		-0.03535064682364464,
		0.8098374009132385
	],
	"24. nose": [
		0.5326584577560425,
		0.3344309628009796,
		-0.18535396456718445,
		0.9999858140945435
	],
	"25. left_eye": [
		0.5369840860366821,
		0.3260127305984497,
		-0.17497330904006958,
		0.9999690651893616
	],
	"26. right_eye": [
		0.5253921151161194,
		0.3305891752243042,
		-0.16941222548484802,
		0.9999431371688843
	],
	"27. left_ear": [
		0.5444768667221069,
		0.3333410620689392,
		-0.10447575151920319,
		0.9999709129333496
	],
	"28. right_ear": [
		0.519960343837738,
		0.344884991645813,
		-0.07567968964576721,
		0.9998538494110107
	],
	"time stamp": 30.0
}