{
	"1. left_hip": [
		0.556820809841156,
		0.5912343859672546,
		-0.031983185559511185,
		0.9998704195022583
	],
	"2. left_knee": [
		0.5642231702804565,
		0.7459931373596191,
		-0.03486936539411545,
		0.997002124786377
	],
	"3. left_ankle": [
		0.6006218194961548,
		0.8518276810646057,
		0.14921985566616058,
		0.9935224652290344
	],
	"6. right_hip": [
		0.5175188779830933,
		0.5846734642982483,
		0.03195851296186447,
		0.9999057650566101
	],
	"7. right_knee": [
		0.4602314531803131,
		0.698661208152771,
		-0.05895059555768967,
		0.9959052205085754
	],
	"8. right_ankle": [
		0.45112118124961853,
		0.8542881608009338,
		0.03653251379728317,
		0.9970044493675232
	],
	"14. left_shoulder": [
		0.5720756649971008,
		0.3903788626194,
		0.025582781061530113,
		0.9999858736991882
	],
	"15. left_elbow": [
		0.6092551350593567,
		0.43957823514938354,
		0.06563857942819595,
		0.9965154528617859
	],
	"16. left_wrist": [
		0.6174349784851074,
		0.5056461691856384,
		0.1081097349524498,
		0.9910756945610046
	],
	"19. right_shoulder": [
		0.5100930333137512,
		0.40560612082481384,
		0.0748036727309227,
		0.9992874264717102
	],
	"20. right_elbow": [
		0.4922971725463867,
		0.47685500979423523,
		-0.025147665292024612,
		0.8161929249763489
	],
	"21. right_wrist": [
		0.5020591616630554,
		0.4077262580394745,
		-0.1864953339099884,
		0.8483499884605408
	],
	"24. nose": [
		0.5325843095779419,
		0.3292727470397949,
		-0.09144728630781174,
		0.9999891519546509
	],
	"25. left_eye": [
		0.5365551710128784,
		0.3180920481681824,
		-0.07574839890003204,
		0.9999750256538391
	],
	"26. right_eye": [
		0.5253380537033081,
		0.3254183232784271,
		-0.07306287437677383,
		0.9999566078186035
	],
	"27. left_ear": [
		0.544115424156189,
		0.3226551413536072,
		-0.002941523212939501,
		0.9999797940254211
	],
	"28. right_ear": [
		0.5202904939651489,
		0.33855777978897095,
		0.027494758367538452,
		0.9998773336410522
	],
	"time stamp": 30.0
}