{
	"1. left_hip": [
		0.5572758316993713,
		0.5954469442367554,
		-0.02944289520382881,
		0.9998608827590942
	],
	"2. left_knee": [
		0.5691770315170288,
		0.7475444078445435,
		-0.032666467130184174,
		0.9970919489860535
	],
	"3. left_ankle": [
		0.6015132665634155,
		0.8538023233413696,
		0.12213194370269775,
		0.9940018057823181
	],
	"6. right_hip": [
		0.5175319910049438,
		0.5888209939002991,
		0.029384057968854904,
		0.9999110698699951
	],
	"7. right_knee": [
		0.46067681908607483,
		0.6991012692451477,
		-0.0669436901807785,
		0.9963605999946594
	],
	"8. right_ankle": [
		0.4511542320251465,
		0.8542758226394653,
		0.022735731676220894,
		0.9972653985023499
	],
	"14. left_shoulder": [
		0.572238564491272,
		0.39156851172447205,
		-0.04136237874627113,
		0.9999861717224121
	],
	"15. left_elbow": [
		0.6012246608734131,
		0.4631752371788025,
		-0.023243382573127747,
		0.9966984391212463
	],
	"16. left_wrist": [
		0.5981497764587402,
		0.5408959984779358,
		-0.07391680777072906,
		0.991310179233551
	],
	"19. right_shoulder": [
		0.5096523761749268,
		0.40933340787887573,
		0.025563716888427734,
		0.9993772506713867
	],
	"20. right_elbow": [
		0.49389344453811646,
		0.4972588121891022,
		0.05930468440055847,
		0.8242919445037842
	],
	"21. right_wrist": [
		0.48019903898239136,
		0.5285979509353638,
		-0.012289881706237793,
		0.860102117061615
	],
	"24. nose": [
		0.53041011095047,
		0.3292974829673767,
		-0.14028730988502502,
		0.9999896883964539
	],
	"25. left_eye": [
		0.5314592123031616,
		0.31796762347221375,
		-0.13212992250919342,
		0.9999752044677734
	],
	"26. right_eye": [
		0.5222660899162292,
		0.3265693783760071,
		-0.12533558905124664,
		0.999958336353302
	],
	"27. left_ear": [
		0.5374302864074707,
		0.32174253463745117,
		-0.07285412400960922,
		0.9999794960021973
	],
	"28. right_ear": [
		0.5190736651420593,
		0.3395361304283142,
		-0.03723052144050598,
		0.9998767971992493
	],
	"time stamp": 30.0
}