{
	"1. left_hip": [
		0.5545517802238464,
		0.5893632769584656,
		-0.027263835072517395,
		0.9998311400413513
	],
	"2. left_knee": [
		0.5692458152770996,
		0.7460600733757019,
		-0.05477551370859146,
		0.9971610307693481
	],
	"3. left_ankle": [
		0.6016072034835815,
		0.8537577986717224,
		0.062137018889188766,
		0.9943342208862305
	],
	"6. right_hip": [
		0.517311692237854,
		0.5795694589614868,
		0.027199655771255493,
		0.9999032616615295
	],
	"7. right_knee": [
		0.4640714228153229,
		0.7012957334518433,
		-0.05207495763897896,
		0.9965519905090332
	],
	"8. right_ankle": [
		0.4511507451534271,
		0.8542665839195251,
		0.023001670837402344,
		0.9973551034927368
	],
	"14. left_shoulder": [
		0.5721791982650757,
		0.3905249238014221,
		-0.08464539051055908,
		0.9999856948852539
	],
	"15. left_elbow": [
		0.5916627645492554,
		0.4670083224773407,
		-0.08103831857442856,
		0.9963937997817993
	],
	"16. left_wrist": [
		0.5692442655563354,
		0.5329508781433105,
		-0.15240423381328583,
		0.990569531917572
	],
	"19. right_shoulder": [
		0.5109777450561523,
		0.4118577837944031,
		-0.008350985124707222,
		0.9994215965270996
	],
	"20. right_elbow": [
		0.4962754249572754,
		0.5066887140274048,
		0.04375780001282692,
		0.820930540561676
	],
	"21. right_wrist": [
		0.4767588675022125,
		0.5700598955154419,
		-0.026098644360899925,
		0.8605096340179443
	],
	"24. nose": [
		0.5279113054275513,
		0.3319084942340851,
		-0.1871597021818161,
		0.9999877214431763
	],
	"25. left_eye": [
		0.5277119278907776,
		0.3196544945240021,
		-0.18315936625003815,
		0.9999703764915466
	],
	"26. right_eye": [
		0.5195360779762268,
		0.3327798843383789,
		-0.17448307573795319,
		0.9999513030052185
	],
	"27. left_ear": [
		0.5340349078178406,
		0.32181066274642944,
		-0.12856200337409973,
		0.9999751448631287
	],
	"28. right_ear": [
		0.5184149742126465,
		0.3431030511856079,
		-0.08418171107769012,
		0.9998617172241211
	],
	"time stamp": 30.0
}