{
	"1. left_hip": [
		0.548974871635437,
		0.5844457149505615,
		-0.030031556263566017,
		0.9998467564582825
	],
	"2. left_knee": [
		0.5680304765701294,
		0.7408296465873718,
		-0.0548148974776268,
		0.9974128603935242
	],
	"3. left_ankle": [
		0.6013085842132568,
		0.8529624342918396,
		0.04752177372574806,
		0.9949881434440613
	],
	"6. right_hip": [
		0.5133102536201477,
		0.5717443823814392,
		0.029920360073447227,
		0.9999077916145325
	],
	"7. right_knee": [
		0.474912166595459,
		0.7077223062515259,
		0.01810639724135399,
		0.9967121481895447
	],
	"8. right_ankle": [
		0.4512055516242981,
		0.8541518449783325,
		0.0963648334145546,
		0.9974798560142517
	],
	"14. left_shoulder": [
		0.5741174221038818,
		0.3884561359882355,
		-0.016323354095220566,
		0.9999867081642151
	],
	"15. left_elbow": [
		0.5741993188858032,
		0.4481341540813446,
		-0.13141384720802307,
		0.9955365061759949
	],
	"16. left_wrist": [
		0.5315437316894531,
		0.41800299286842346,
		-0.23682793974876404,
		0.9894271492958069
	],
	"19. right_shoulder": [
		0.5167759656906128,
		0.4146079123020172,
		0.08523037284612656,
		0.9995126128196716
	],
	"20. right_elbow": [
		0.5014132261276245,
		0.5059458613395691,
		0.07425893098115921,
		0.750938892364502
	],
	"21. right_wrist": [
		0.46714457869529724,
		0.5613148808479309,
		-0.017358284443616867,
		0.8075934648513794
	],
	"24. nose": [
		0.52934330701828,
		0.3332882523536682,
		-0.04145357757806778,
		0.999987006187439
	],
	"25. left_eye": [
		0.5268995761871338,
		0.3221627473831177,
		-0.03866070136427879,
		0.999971866607666
	],
	"26. right_eye": [
		0.5195349454879761,
		0.33709239959716797,
		-0.027752023190259933,
		0.9999512434005737
	],
	"27. left_ear": [
		0.5337143540382385,
		0.32396525144577026,
		-0.005780420731753111,
		0.999977171421051
	],
	"28. right_ear": [
		0.5191559791564941,
		0.34924760460853577,
		0.047844238579273224,
		0.9998732805252075
	],
	"time stamp": 30.0
}