{
	"1. left_hip": [
		0.5483999252319336,
		0.5771185755729675,
		-0.05529489368200302,
		0.9998794198036194
	],
	"2. left_knee": [
		0.571666419506073,
		0.734342634677887,
		-0.04104931280016899,
		0.9976712465286255
	],
	"3. left_ankle": [
		0.6008273363113403,
		0.8471062779426575,
		0.1559724360704422,
		0.9951249957084656
	],
	"6. right_hip": [
		0.5164191722869873,
		0.578269362449646,
		0.05524042993783951,
		0.9999324083328247
	],
	"7. right_knee": [
		0.46137362718582153,
		0.689795970916748,
		-0.09529785066843033,
		0.9969849586486816
	],
	"8. right_ankle": [
		0.4507712721824646,
		0.8498020768165588,
		-0.02587684988975525,
		0.9976046681404114
	],
	"14. left_shoulder": [
		0.5681838393211365,
		0.3894718885421753,
		-0.08578342944383621,
		0.9999789595603943
	],
	"15. left_elbow": [
		0.5905494689941406,
		0.474723219871521,
		-0.1932646781206131,
		0.9922305941581726
	],
	"16. left_wrist": [
		0.5616627931594849,
		0.4428679645061493,
		-0.35484302043914795,
		0.9864928126335144
	],
	"19. right_shoulder": [
		0.5185242295265198,
		0.39345428347587585,
		0.09909806400537491,
		0.9996621012687683
	],
	"20. right_elbow": [
		0.5049201846122742,
		0.47381192445755005,
		0.17179906368255615,
		0.6801067590713501
	],
	"21. right_wrist": [
		0.46929803490638733,
		0.47400525212287903,
		0.11960059404373169,
		0.8001073002815247
	],
	"24. nose": [
		0.5397303700447083,
		0.3148175776004791,
		-0.17162653803825378,
		0.999989926815033
	],
	"25. left_eye": [
		0.5503518581390381,
		0.3075592517852783,
		-0.16058482229709625,
		0.9999794363975525
	],
	"26. right_eye": [
		0.5405049920082092,
		0.3045940697193146,
		-0.1517297327518463,
		0.9999641180038452
	],
	"27. left_ear": [
		0.5587006211280823,
		0.3198024034500122,
		-0.0845494270324707,
		0.9999830722808838
	],
	"28. right_ear": [
		0.5405615568161011,
		0.31362441182136536,
		-0.043451715260744095,
		0.9999154210090637
	],
	"time stamp": 30.0
}