{
	"1. left_hip": [
		0.5501812696456909,
		0.5923271775245667,
		-0.06231217458844185,
		0.999876856803894
	],
	"2. left_knee": [
		0.5696355104446411,
		0.7370264530181885,
		-0.11587289720773697,
		0.9979995489120483
	],
	"3. left_ankle": [
		0.6061367392539978,
		0.8484277725219727,
		0.004102144856005907,
		0.9958658814430237
	],
	"6. right_hip": [
		0.5190829038619995,
		0.5983096361160278,
		0.06233493611216545,
		0.9999287128448486
	],
	"7. right_knee": [
		0.45800766348838806,
		0.6930059790611267,
		-0.0560142807662487,
		0.9960681200027466
	],
	"8. right_ankle": [
		0.45235568284988403,
		0.84989994764328,
		0.027120668441057205,
		0.9975138306617737
	],
	"14. left_shoulder": [
		0.5631839036941528,
		0.4161735475063324,
		-0.11483895778656006,
		0.9999825954437256
	],
	"15. left_elbow": [
		0.5904113054275513,
		0.4980400502681732,
		-0.10348644107580185,
		0.9936354756355286
	],
	"16. left_wrist": [
		0.5598688125610352,
		0.5482858419418335,
		-0.14058899879455566,
		0.9887409210205078
	],
	"19. right_shoulder": [
		0.5173196792602539,
		0.4018876254558563,
		0.06678686290979385,
		0.9997082948684692
	],
	"20. right_elbow": [
		0.504602313041687,
		0.486066609621048,
		0.14827704429626465,
		0.67592453956604
	],
	"21. right_wrist": [
		0.487750768661499,
		0.553683340549469,
		0.07971843332052231,
		0.8154602646827698
	],
	"24. nose": [
		0.5488491654396057,
		0.32852602005004883,
		-0.16436073184013367,
		0.999989926815033
	],
	"25. left_eye": [
		0.5593224763870239,
		0.3319430947303772,
		-0.1588800847530365,
		0.9999790191650391
	],
	"26. right_eye": [
		0.550894558429718,
		0.31879502534866333,
		-0.1456882655620575,
		0.9999659657478333
	],
	"27. left_ear": [
		0.563529372215271,
		0.35279735922813416,
		-0.11060705035924911,
		0.9999834299087524
	],
	"28. right_ear": [
		0.5472785234451294,
		0.32443270087242126,
		-0.04916924238204956,
		0.9999212622642517
	],
	"time stamp": 30.0
}