{
	"1. left_hip": [
		0.5469191074371338,
		0.6142856478691101,
		-0.05418810993432999,
		0.9998911023139954
	],
	"2. left_knee": [
		0.5646780729293823,
		0.7516376972198486,
		-0.06552299112081528,
		0.9983233213424683
	],
	"3. left_ankle": [
		0.6081337332725525,
		0.8486589789390564,
		0.10505019128322601,
		0.9967300891876221
	],
	"6. right_hip": [
		0.5134793519973755,
		0.6142457127571106,
		0.054155975580215454,
		0.9999410510063171
	],
	"7. right_knee": [
		0.4564305245876312,
		0.7171155214309692,
		-0.06868275254964828,
		0.9960421323776245
	],
	"8. right_ankle": [
		0.4547789692878723,
		0.8547250628471375,
		0.06926357001066208,
		0.9976605772972107
	],
	"14. left_shoulder": [
		0.559846818447113,
		0.4396466612815857,
		-0.08840079605579376,
		0.9999861121177673
	],
	"15. left_elbow": [
		0.5712955594062805,
		0.5315555334091187,
		-0.15487602353096008,
		0.9949058294296265
	],
	"16. left_wrist": [
		0.5596925616264343,
		0.5318787693977356,
		-0.30478784441947937,
		0.9907779097557068
	],
	"19. right_shoulder": [
		0.505409300327301,
		0.42183637619018555,
		0.04779187589883804,
		0.9997824430465698
	],
	"20. right_elbow": [
		0.4883991777896881,
		0.4993923306465149,
		0.06071419268846512,
		0.6990319490432739
	],
	"21. right_wrist": [
		0.4898860454559326,
		0.5534457564353943,
		-0.0638483315706253,
		0.8288584351539612
	],
	"24. nose": [
		0.5451911687850952,
		0.3421606421470642,
		-0.17172065377235413,
		0.999991238117218
	],
	"25. left_eye": [
		0.5547252297401428,
		0.3415304720401764,
		-0.16103258728981018,
		0.9999802112579346
	],
	"26. right_eye": [
		0.5463100671768188,
		0.3312591016292572,
		-0.15218272805213928,
		0.9999715089797974
	],
	"27. left_ear": [
		0.5593004822731018,
		0.3623307943344116,
		-0.0918140634894371,
		0.9999833703041077
	],
	"28. right_ear": [
		0.5433248281478882,
		0.3381253778934479,
		-0.05116043612360954,
		0.9999366998672485
	],
	"time stamp": 30.0
}