{
	"1. left_hip": [
		0.5204326510429382,
		0.5396740436553955,
		0.003107406897470355,
		0.9998966455459595
	],
	"2. left_knee": [
		0.5295916199684143,
		0.7057161927223206,
		-0.03603874891996384,
		0.998111367225647
	],
	"3. left_ankle": [
		0.5491753816604614,
		0.8175212144851685,
		0.139375239610672,
		0.9967729449272156
	],
	"6. right_hip": [
		0.4800707697868347,
		0.5235952734947205,
		-0.0033932775259017944,
		0.9999141097068787
	],
	"7. right_knee": [
		0.4430069029331207,
		0.6795200109481812,
		-0.02828826569020748,
		0.9965077042579651
	],
	"8. right_ankle": [
		0.39890989661216736,
		0.7311467528343201,
		0.21806184947490692,
		0.9953109622001648
	],
	"14. left_shoulder": [
		0.5547112822532654,
		0.3687397539615631,
		-0.050251685082912445,
		0.9999349117279053
	],
	"15. left_elbow": [
		0.602750301361084,
		0.3671150207519531,
		-0.03737517073750496,
		0.9941810369491577
	],
	"16. left_wrist": [
		0.6216294765472412,
		0.3173215091228485,
		-0.07450845837593079,
		0.98631751537323
	],
	"19. right_shoulder": [
		0.49232667684555054,
		0.3329487442970276,
		-0.05701449513435364,
		0.9998438954353333
	],
	"20. right_elbow": [
		0.43948110938072205,
		0.33196768164634705,
		-0.1298029124736786,
		0.8486407399177551
	],
	"21. right_wrist": [
		0.4330119490623474,
		0.2567892372608185,
		-0.26692110300064087,
		0.9141622185707092
	],
	"24. nose": [
		0.5316022038459778,
		0.2832498252391815,
		-0.21732565760612488,
		0.9999890923500061
	],
	"25. left_eye": [
		0.5420845746994019,
		0.2832622826099396,
		-0.20267391204833984,
		0.9999700784683228
	],
	"26. right_eye": [
		0.5344628691673279,
		0.27043360471725464,
		-0.19990049302577972,
		0.999970018863678
	],
	"27. left_ear": [
		0.5489644408226013,
		0.30017417669296265,
		-0.11820562183856964,
		0.9999482035636902
	],
	"28. right_ear": [
		0.5341328382492065,
		0.27412667870521545,
		-0.10326387733221054,
		0.999941885471344
	],
	"time stamp": 30.0
}