{
	"1. left_hip": [
		0.5159420967102051,
		0.5489538908004761,
		-0.011531468480825424,
		0.9999217987060547
	],
	"2. left_knee": [
		0.5202093124389648,
		0.7110470533370972,
		-0.04089701920747757,
		0.9980038404464722
	],
	"3. left_ankle": [
		0.5454468131065369,
		0.8345335125923157,
		0.10938118398189545,
		0.9970727562904358
	],
	"6. right_hip": [
		0.47686195373535156,
		0.5319114923477173,
		0.011342611163854599,
		0.9999088644981384
	],
	"7. right_knee": [
		0.4313444197177887,
		0.657779335975647,
		0.00820345338433981,
		0.9965102076530457
	],
	"8. right_ankle": [
		0.4061426520347595,
		0.7022225260734558,
		0.2621191740036011,
		0.9848321676254272
	],
	"14. left_shoulder": [
		0.547859787940979,
		0.37268298864364624,
		-0.10597985982894897,
		0.999926745891571
	],
	"15. left_elbow": [
		0.5648120641708374,
		0.4472079277038574,
		-0.199509397149086,
		0.9930968284606934
	],
	"16. left_wrist": [
		0.5924242734909058,
		0.3542846143245697,
		-0.3778224289417267,
		0.9853463172912598
	],
	"19. right_shoulder": [
		0.4853927195072174,
		0.3457666039466858,
		-0.04426908120512962,
		0.9998685121536255
	],
	"20. right_elbow": [
		0.44029363989830017,
		0.4063014090061188,
		-0.023535411804914474,
		0.8992776274681091
	],
	"21. right_wrist": [
		0.42827051877975464,
		0.32242903113365173,
		-0.0985441505908966,
		0.9426429867744446
	],
	"24. nose": [
		0.517238974571228,
		0.2907201051712036,
		-0.2061648666858673,
		0.9999829530715942
	],
	"25. left_eye": [
		0.5294588804244995,
		0.2887509763240814,
		-0.19876894354820251,
		0.9999568462371826
	],
	"26. right_eye": [
		0.5209518671035767,
		0.2777478098869324,
		-0.19120559096336365,
		0.9999560117721558
	],
	"27. left_ear": [
		0.5382016897201538,
		0.30393722653388977,
		-0.13845917582511902,
		0.999895453453064
	],
	"28. right_ear": [
		0.522291362285614,
		0.2839776575565338,
		-0.11418607085943222,
		0.9999310970306396
	],
	"time stamp": 30.0
}