{
	"1. left_hip": [
		0.5143578052520752,
		0.5613676905632019,
		-0.02257801778614521,
		0.9999281167984009
	],
	"2. left_knee": [
		0.5186222791671753,
		0.7175004482269287,
		-0.07073882967233658,
		0.9982069134712219
	],
	"3. left_ankle": [
		0.5439998507499695,
		0.8383539915084839,
		0.11376402527093887,
		0.9973430037498474
	],
	"6. right_hip": [
		0.4770030081272125,
		0.5520439743995667,
		0.022455545142292976,
		0.9999170303344727
	],
	"7. right_knee": [
		0.4221186637878418,
		0.6654630303382874,
		-0.06095883250236511,
		0.9969497919082642
	],
	"8. right_ankle": [
		0.4088987410068512,
		0.7685960531234741,
		0.11390239000320435,
		0.9867921471595764
	],
	"14. left_shoulder": [
		0.5360132455825806,
		0.3817506432533264,
		-0.04863269254565239,
		0.9999396204948425
	],
	"15. left_elbow": [
		0.5387254357337952,
		0.4787411689758301,
		-0.12936469912528992,
		0.9931919574737549
	],
	"16. left_wrist": [
		0.5548281669616699,
		0.4493844211101532,
		-0.3147578835487366,
		0.986975371837616
	],
	"19. right_shoulder": [
		0.47970277070999146,
		0.36432650685310364,
		0.02929573692381382,
		0.9998900294303894
	],
	"20. right_elbow": [
		0.45669078826904297,
		0.4641190767288208,
		0.017789769917726517,
		0.9053106307983398
	],
	"21. right_wrist": [
		0.4300979971885681,
		0.4444672167301178,
		-0.017685018479824066,
		0.9513373374938965
	],
	"24. nose": [
		0.5113843679428101,
		0.30057287216186523,
		-0.1614762246608734,
		0.9999860525131226
	],
	"25. left_eye": [
		0.5225669741630554,
		0.2993978261947632,
		-0.1491636037826538,
		0.999964714050293
	],
	"26. right_eye": [
		0.5144601464271545,
		0.2909644544124603,
		-0.14416201412677765,
		0.9999637603759766
	],
	"27. left_ear": [
		0.5299441814422607,
		0.3149999976158142,
		-0.0710112601518631,
		0.999914824962616
	],
	"28. right_ear": [
		0.5154733657836914,
		0.2977885901927948,
		-0.04934617877006531,
		0.9999434351921082
	],
	"time stamp": 30.0
}