{
	"1. left_hip": [
		0.4876583218574524,
		0.5659781694412231,
		-0.0281076617538929,
		0.99981290102005
	],
	"2. left_knee": [
		0.5075758099555969,
		0.7200828790664673,
		-0.060565389692783356,
		0.9984114766120911
	],
	"3. left_ankle": [
		0.5330320000648499,
		0.8424206972122192,
		0.06412003189325333,
		0.9976844787597656
	],
	"6. right_hip": [
		0.4498094618320465,
		0.5680457353591919,
		0.02791660465300083,
		0.9998980164527893
	],
	"7. right_knee": [
		0.42303386330604553,
		0.7156537175178528,
		-0.013731631450355053,
		0.9971854090690613
	],
	"8. right_ankle": [
		0.4238409399986267,
		0.8489655256271362,
		0.0992916077375412,
		0.9925488233566284
	],
	"14. left_shoulder": [
		0.5071540474891663,
		0.4013676941394806,
		-0.053654223680496216,
		0.9999546408653259
	],
	"15. left_elbow": [
		0.5249320864677429,
		0.499621719121933,
		-0.14379724860191345,
		0.994854748249054
	],
	"16. left_wrist": [
		0.512115478515625,
		0.4656544625759125,
		-0.3075515627861023,
		0.9900566339492798
	],
	"19. right_shoulder": [
		0.4471692442893982,
		0.38036197423934937,
		0.02150745317339897,
		0.9999327659606934
	],
	"20. right_elbow": [
		0.41603517532348633,
		0.46194446086883545,
		-0.04563300684094429,
		0.8576289415359497
	],
	"21. right_wrist": [
		0.4129598140716553,
		0.44305419921875,
		-0.2417314499616623,
		0.9228612184524536
	],
	"24. nose": [
		0.4759142994880676,
		0.3124731779098511,
		-0.14250598847866058,
		0.9999894499778748
	],
	"25. left_eye": [
		0.48525357246398926,
		0.30726391077041626,
		-0.13579276204109192,
		0.9999725818634033
	],
	"26. right_eye": [
		0.47937220335006714,
		0.3017687499523163,
		-0.12694154679775238,
		0.9999725818634033
	],
	"27. left_ear": [
		0.4933684766292572,
		0.3213685154914856,
		-0.07935033738613129,
		0.9999472498893738
	],
	"28. right_ear": [
		0.48219671845436096,
		0.31028318405151367,
		-0.040542278438806534,
		0.9999549388885498
	],
	"time stamp": 30.0
}