{
	"1. left_hip": [
		0.46590471267700195,
		0.5382278561592102,
		-0.0013171700993552804,
		0.9998169541358948
	],
	"2. left_knee": [
		0.464296817779541,
		0.7009186148643494,
		-0.044958245009183884,
		0.996864914894104
	],
	"3. left_ankle": [
		0.46017080545425415,
		0.8210169672966003,
		0.10498307645320892,
		0.9957472681999207
	],
	"6. right_hip": [
		0.4269269108772278,
		0.5220199227333069,
		0.0013230112381279469,
		0.9998706579208374
	],
	"7. right_knee": [
		0.39360758662223816,
		0.6670358180999756,
		0.0021291966550052166,
		0.9971331357955933
	],
	"8. right_ankle": [
		0.3481787145137787,
		0.7405465245246887,
		0.22200512886047363,
		0.9924509525299072
	],
	"14. left_shoulder": [
		0.49963992834091187,
		0.36169132590293884,
		-0.0655016154050827,
		0.9998974204063416
	],
	"15. left_elbow": [
		0.5426118969917297,
		0.37938088178634644,
		-0.14916446805000305,
		0.9936971068382263
	],
	"16. left_wrist": [
		0.5583965182304382,
		0.30954235792160034,
		-0.26460209488868713,
		0.9863019585609436
	],
	"19. right_shoulder": [
		0.43522733449935913,
		0.3346250653266907,
		-0.022626018151640892,
		0.9998886585235596
	],
	"20. right_elbow": [
		0.385312020778656,
		0.3222702741622925,
		-0.05931561067700386,
		0.9140411019325256
	],
	"21. right_wrist": [
		0.3718253970146179,
		0.24946723878383636,
		-0.14698965847492218,
		0.9528457522392273
	],
	"24. nose": [
		0.4619975686073303,
		0.26578110456466675,
		-0.1536482274532318,
		0.9999815225601196
	],
	"25. left_eye": [
		0.47203293442726135,
		0.25992289185523987,
		-0.15040093660354614,
		0.9999510645866394
	],
	"26. right_eye": [
		0.4670318067073822,
		0.25549811124801636,
		-0.1396658569574356,
		0.9999458193778992
	],
	"27. left_ear": [
		0.48236551880836487,
		0.27567258477211,
		-0.11095704883337021,
		0.999899685382843
	],
	"28. right_ear": [
		0.47035592794418335,
		0.26637497544288635,
		-0.061237435787916183,
		0.999922513961792
	],
	"time stamp": 30.0
}