{
	"1. left_hip": [
		0.45702019333839417,
		0.5443664789199829,
		-0.031361065804958344,
		0.999854564666748
	],
	"2. left_knee": [
		0.4473724365234375,
		0.7049656510353088,
		-0.05726694315671921,
		0.9969865083694458
	],
	"3. left_ankle": [
		0.4549705386161804,
		0.8318634033203125,
		0.07766536623239517,
		0.9961159825325012
	],
	"6. right_hip": [
		0.4190329611301422,
		0.5302839875221252,
		0.031329941004514694,
		0.9998595118522644
	],
	"7. right_knee": [
		0.3720419108867645,
		0.6508183479309082,
		0.05085737258195877,
		0.9966995120048523
	],
	"8. right_ankle": [
		0.34933799505233765,
		0.6962482929229736,
		0.3087213635444641,
		0.9828065037727356
	],
	"14. left_shoulder": [
		0.49050992727279663,
		0.3664912283420563,
		-0.10116555541753769,
		0.9998156428337097
	],
	"15. left_elbow": [
		0.5271872878074646,
		0.4124795198440552,
		-0.22703245282173157,
		0.9926900267601013
	],
	"16. left_wrist": [
		0.5317550301551819,
		0.34017738699913025,
		-0.3840053677558899,
		0.98247230052948
	],
	"19. right_shoulder": [
		0.43162208795547485,
		0.3415532410144806,
		0.007386202458292246,
		0.9998184442520142
	],
	"20. right_elbow": [
		0.3810020089149475,
		0.3680182695388794,
		0.06815801560878754,
		0.9352936148643494
	],
	"21. right_wrist": [
		0.3792056143283844,
		0.2980401813983917,
		0.04191207140684128,
		0.9630681276321411
	],
	"24. nose": [
		0.4486687183380127,
		0.2799902558326721,
		-0.15316471457481384,
		0.9999474883079529
	],
	"25. left_eye": [
		0.45810192823410034,
		0.27324622869491577,
		-0.1577482670545578,
		0.999894380569458
	],
	"26. right_eye": [
		0.4535737931728363,
		0.2702087163925171,
		-0.13751541078090668,
		0.9998748898506165
	],
	"27. left_ear": [
		0.4701612591743469,
		0.28467047214508057,
		-0.13427475094795227,
		0.9996933341026306
	],
	"28. right_ear": [
		0.461101770401001,
		0.27898499369621277,
		-0.05514415353536606,
		0.9998564124107361
	],
	"time stamp": 30.0
}