{
	"1. left_hip": [
		0.4464482367038727,
		0.5843048095703125,
		-0.05123980715870857,
		0.9998682737350464
	],
	"2. left_knee": [
		0.4377668797969818,
		0.7313477396965027,
		-0.00481550395488739,
		0.9975214600563049
	],
	"3. left_ankle": [
		0.45941463112831116,
		0.8292127251625061,
		0.23854362964630127,
		0.9935082793235779
	],
	"6. right_hip": [
		0.4131831228733063,
		0.580796480178833,
		0.051191072911024094,
		0.9999081492424011
	],
	"7. right_knee": [
		0.35911768674850464,
		0.6930776834487915,
		-0.12068957090377808,
		0.9972296953201294
	],
	"8. right_ankle": [
		0.34321850538253784,
		0.8620400428771973,
		-0.09978365153074265,
		0.9883708953857422
	],
	"14. left_shoulder": [
		0.45533937215805054,
		0.4007682502269745,
		-0.14649991691112518,
		0.9998964667320251
	],
	"15. left_elbow": [
		0.4466646611690521,
		0.49877098202705383,
		-0.16453921794891357,
		0.9947222471237183
	],
	"16. left_wrist": [
		0.4345766007900238,
		0.5930139422416687,
		-0.2136714905500412,
		0.9885510206222534
	],
	"19. right_shoulder": [
		0.41180118918418884,
		0.38661232590675354,
		0.03675711899995804,
		0.9998807907104492
	],
	"20. right_elbow": [
		0.40203723311424255,
		0.4776970446109772,
		0.08985890448093414,
		0.8483566641807556
	],
	"21. right_wrist": [
		0.3850199580192566,
		0.5678803324699402,
		0.007938286289572716,
		0.9221984148025513
	],
	"24. nose": [
		0.4339826703071594,
		0.305116206407547,
		-0.17723654210567474,
		0.9999632835388184
	],
	"25. left_eye": [
		0.44456133246421814,
		0.3017956614494324,
		-0.1743887960910797,
		0.9999050498008728
	],
	"26. right_eye": [
		0.4361360967159271,
		0.2944276034832001,
		-0.1599911004304886,
		0.9998911619186401
	],
	"27. left_ear": [
		0.4540128707885742,
		0.3188878297805786,
		-0.13278581202030182,
		0.9997754096984863
	],
	"28. right_ear": [
		0.43569737672805786,
		0.30325645208358765,
		-0.06914927810430527,
		0.9997870326042175
	],
	"time stamp": 30.0
}