{
	"1. left_hip": [
		0.41471534967422485,
		0.5647392868995667,
		0.01695309951901436,
		0.9998149275779724
	],
	"2. left_knee": [
		0.4039294123649597,
		0.7170299887657166,
		-0.0013139157090336084,
		0.9959351420402527
	],
	"3. left_ankle": [
		0.38147279620170593,
		0.8429206013679504,
		0.13807091116905212,
		0.9885770082473755
	],
	"6. right_hip": [
		0.3736175000667572,
		0.556670069694519,
		-0.01690232753753662,
		0.9999040961265564
	],
	"7. right_knee": [
		0.35553428530693054,
		0.7177572250366211,
		-0.04403840750455856,
		0.9951362609863281
	],
	"8. right_ankle": [
		0.3397178649902344,
		0.8617503643035889,
		0.07338835299015045,
		0.9916841983795166
	],
	"14. left_shoulder": [
		0.44008320569992065,
		0.38227927684783936,
		0.0003661802620626986,
		0.9999003410339355
	],
	"15. left_elbow": [
		0.4404172897338867,
		0.48356398940086365,
		0.007210113108158112,
		0.9941590428352356
	],
	"16. left_wrist": [
		0.41476789116859436,
		0.5401909947395325,
		-0.11581603437662125,
		0.9896348118782043
	],
	"19. right_shoulder": [
		0.37241989374160767,
		0.3575960695743561,
		-0.031161893159151077,
		0.9999001026153564
	],
	"20. right_elbow": [
		0.3481540083885193,
		0.432535856962204,
		-0.04746704548597336,
		0.8810443878173828
	],
	"21. right_wrist": [
		0.3674725294113159,
		0.5084302425384521,
		-0.16977298259735107,
		0.9162704348564148
	],
	"24. nose": [
		0.41829735040664673,
		0.28284698724746704,
		-0.19225503504276276,
		0.9999718070030212
	],
	"25. left_eye": [
		0.4262797236442566,
		0.2792819142341614,
		-0.17323315143585205,
		0.9999103546142578
	],
	"26. right_eye": [
		0.41286325454711914,
		0.2709287106990814,
		-0.17579598724842072,
		0.999908983707428
	],
	"27. left_ear": [
		0.43129363656044006,
		0.29360753297805786,
		-0.061811964958906174,
		0.9998105764389038
	],
	"28. right_ear": [
		0.40489012002944946,
		0.27817437052726746,
		-0.08290599286556244,
		0.9997929930686951
	],
	"time stamp": 30.0
}