{
	"1. left_hip": [
		0.39015644788742065,
		0.5672484636306763,
		0.06300877034664154,
		0.9998362064361572
	],
	"2. left_knee": [
		0.4264889657497406,
		0.7019113302230835,
		0.0054420651867985725,
		0.9664053916931152
	],
	"3. left_ankle": [
		0.3788544535636902,
		0.8454263210296631,
		0.10383939743041992,
		0.9606623649597168
	],
	"6. right_hip": [
		0.35823413729667664,
		0.5519632697105408,
		-0.06302398443222046,
		0.9998219013214111
	],
	"7. right_knee": [
		0.34165748953819275,
		0.7179970741271973,
		-0.1043543592095375,
		0.9912940263748169
	],
	"8. right_ankle": [
		0.3082309067249298,
		0.8535636067390442,
		-0.04984903335571289,
		0.9882142543792725
	],
	"14. left_shoulder": [
		0.4303567409515381,
		0.3795280158519745,
		0.07149524986743927,
		0.9999316930770874
	],
	"15. left_elbow": [
		0.42480120062828064,
		0.4665026068687439,
		0.06721816956996918,
		0.947424054145813
	],
	"16. left_wrist": [
		0.4086093008518219,
		0.5296334624290466,
		-0.02708224020898342,
		0.9757078886032104
	],
	"19. right_shoulder": [
		0.3803293704986572,
		0.3450208604335785,
		-0.05831717327237129,
		0.9998549818992615
	],
	"20. right_elbow": [
		0.3675695061683655,
		0.4229710102081299,
		-0.2025260627269745,
		0.9332300424575806
	],
	"21. right_wrist": [
		0.38093873858451843,
		0.3549928069114685,
		-0.3940396010875702,
		0.9475575685501099
	],
	"24. nose": [
		0.4125649929046631,
		0.28471556305885315,
		-0.15684720873832703,
		0.999972939491272
	],
	"25. left_eye": [
		0.4184042513370514,
		0.27819550037384033,
		-0.13227608799934387,
		0.9999380707740784
	],
	"26. right_eye": [
		0.4060874879360199,
		0.27582061290740967,
		-0.14227905869483948,
		0.9999302625656128
	],
	"27. left_ear": [
		0.42345595359802246,
		0.29019996523857117,
		-0.0021427052561193705,
		0.99986732006073
	],
	"28. right_ear": [
		0.3988298773765564,
		0.28588101267814636,
		-0.04585539922118187,
		0.9998680353164673
	],
	"time stamp": 30.0
}