{
	"1. left_hip": [
		0.38911208510398865,
		0.5649290680885315,
		0.0806579440832138,
		0.9998087286949158
	],
	"2. left_knee": [
		0.4356890618801117,
		0.696243405342102,
		0.04675783962011337,
		0.9630011320114136
	],
	"3. left_ankle": [
		0.4248109459877014,
		0.8545749187469482,
		0.07960493862628937,
		0.9643363356590271
	],
	"6. right_hip": [
		0.36095723509788513,
		0.5507568120956421,
		-0.08066912740468979,
		0.9998092651367188
	],
	"7. right_knee": [
		0.32764187455177307,
		0.7150025367736816,
		-0.10584934055805206,
		0.992621660232544
	],
	"8. right_ankle": [
		0.297294557094574,
		0.8580714464187622,
		-0.08253868669271469,
		0.9901043772697449
	],
	"14. left_shoulder": [
		0.4321809411048889,
		0.36959415674209595,
		0.11368697881698608,
		0.9999352097511292
	],
	"15. left_elbow": [
		0.42699891328811646,
		0.459768682718277,
		0.14712457358837128,
		0.8882655501365662
	],
	"16. left_wrist": [
		0.4147668778896332,
		0.5177730321884155,
		0.07605775445699692,
		0.9505655169487
	],
	"19. right_shoulder": [
		0.39442601799964905,
		0.34396106004714966,
		-0.11085288226604462,
		0.9998784065246582
	],
	"20. right_elbow": [
		0.37122759222984314,
		0.42385512590408325,
		-0.18019339442253113,
		0.9432963132858276
	],
	"21. right_wrist": [
		0.38538533449172974,
		0.49529778957366943,
		-0.268608421087265,
		0.9530853033065796
	],
	"24. nose": [
		0.4145636558532715,
		0.2826758921146393,
		-0.15764442086219788,
		0.9999778866767883
	],
	"25. left_eye": [
		0.4193151593208313,
		0.2751843333244324,
		-0.13734087347984314,
		0.99994957447052
	],
	"26. right_eye": [
		0.4069843292236328,
		0.27523714303970337,
		-0.14633885025978088,
		0.9999431371688843
	],
	"27. left_ear": [
		0.4248330593109131,
		0.2859448194503784,
		-0.01578000746667385,
		0.9998919367790222
	],
	"28. right_ear": [
		0.40055209398269653,
		0.28677576780319214,
		-0.06663759052753448,
		0.9998926520347595
	],
	"time stamp": 30.0
}