{
	"1. left_hip": [
		0.4406932294368744,
		0.5567702651023865,
		0.05189864709973335,
		0.9997801184654236
	],
	"2. left_knee": [
		0.46517714858055115,
		0.704829216003418,
		-0.018586765974760056,
		0.9605739116668701
	],
	"3. left_ankle": [
		0.44759711623191833,
		0.8600702285766602,
		0.0401451401412487,
		0.9737385511398315
	],
	"6. right_hip": [
		0.39953404664993286,
		0.5445157289505005,
		-0.05188780277967453,
		0.9998242259025574
	],
	"7. right_knee": [
		0.394660621881485,
		0.7080908417701721,
		-0.08329848945140839,
		0.9950065612792969
	],
	"8. right_ankle": [
		0.35312119126319885,
		0.8280279636383057,
		0.025588858872652054,
		0.9928865432739258
	],
	"14. left_shoulder": [
		0.4640487730503082,
		0.3661060631275177,
		0.06767644733190536,
		0.9999479651451111
	],
	"15. left_elbow": [
		0.4767065644264221,
		0.44798168540000916,
		0.03729034215211868,
		0.8449105620384216
	],
	"16. left_wrist": [
		0.4554929733276367,
		0.48576846718788147,
		-0.1273919641971588,
		0.9177067875862122
	],
	"19. right_shoulder": [
		0.39864692091941833,
		0.35279381275177,
		-0.029856499284505844,
		0.999941349029541
	],
	"20. right_elbow": [
		0.3663603961467743,
		0.43118515610694885,
		-0.06389174610376358,
		0.9736700057983398
	],
	"21. right_wrist": [
		0.3995566666126251,
		0.4871414601802826,
		-0.15210384130477905,
		0.9742016196250916
	],
	"24. nose": [
		0.4352187216281891,
		0.2674802243709564,
		-0.12299461662769318,
		0.9999890923500061
	],
	"25. left_eye": [
		0.44231605529785156,
		0.26267415285110474,
		-0.10315066576004028,
		0.9999760389328003
	],
	"26. right_eye": [
		0.4283289909362793,
		0.2581430971622467,
		-0.1094871535897255,
		0.9999732971191406
	],
	"27. left_ear": [
		0.4476625919342041,
		0.2771499752998352,
		0.0010083143133670092,
		0.9999469518661499
	],
	"28. right_ear": [
		0.4213932454586029,
		0.2709212899208069,
		-0.027405861765146255,
		0.9999514818191528
	],
	"time stamp": 30.0
}