{
	"1. left_hip": [
		0.45920538902282715,
		0.5503168702125549,
		-0.013260078616440296,
		0.9996588230133057
	],
	"2. left_knee": [
		0.463189035654068,
		0.7102268934249878,
		-0.021335719153285027,
		0.973869264125824
	],
	"3. left_ankle": [
		0.47518858313560486,
		0.8516088724136353,
		0.08075620234012604,
		0.9813187122344971
	],
	"6. right_hip": [
		0.41836804151535034,
		0.5501496195793152,
		0.013240600936114788,
		0.99964439868927
	],
	"7. right_knee": [
		0.42381247878074646,
		0.709735631942749,
		-0.007445815950632095,
		0.992277204990387
	],
	"8. right_ankle": [
		0.4383731782436371,
		0.8376039266586304,
		0.10346200317144394,
		0.9909024238586426
	],
	"14. left_shoulder": [
		0.4655168950557709,
		0.36185869574546814,
		-0.03181484714150429,
		0.9999622702598572
	],
	"15. left_elbow": [
		0.49091655015945435,
		0.43829357624053955,
		-0.011845982633531094,
		0.9032398462295532
	],
	"16. left_wrist": [
		0.45611315965652466,
		0.47757500410079956,
		-0.1258755624294281,
		0.9436547160148621
	],
	"19. right_shoulder": [
		0.3977770507335663,
		0.3557921051979065,
		-0.021037328988313675,
		0.9999266266822815
	],
	"20. right_elbow": [
		0.376762330532074,
		0.4384145140647888,
		0.005322647280991077,
		0.9767262935638428
	],
	"21. right_wrist": [
		0.40444761514663696,
		0.4978082776069641,
		-0.059638697654008865,
		0.9704364538192749
	],
	"24. nose": [
		0.44616299867630005,
		0.27043798565864563,
		-0.17644423246383667,
		0.9999867081642151
	],
	"25. left_eye": [
		0.4511464536190033,
		0.26863107085227966,
		-0.16092006862163544,
		0.9999644756317139
	],
	"26. right_eye": [
		0.44047290086746216,
		0.2603047788143158,
		-0.16521337628364563,
		0.9999644756317139
	],
	"27. left_ear": [
		0.45264095067977905,
		0.28134214878082275,
		-0.07289023697376251,
		0.9999266862869263
	],
	"28. right_ear": [
		0.4291444420814514,
		0.2709752023220062,
		-0.09328503161668777,
		0.9999383091926575
	],
	"time stamp": 30.0
}