{
	"1. left_hip": [
		0.44051676988601685,
		0.5431551337242126,
		-0.04198012501001358,
		0.9995986223220825
	],
	"2. left_knee": [
		0.45652586221694946,
		0.6943989396095276,
		-0.09819810092449188,
		0.9901207089424133
	],
	"3. left_ankle": [
		0.4899143576622009,
		0.8467491269111633,
		-0.04257688298821449,
		0.9912123680114746
	],
	"6. right_hip": [
		0.3995315432548523,
		0.5522969961166382,
		0.041986413300037384,
		0.9996791481971741
	],
	"7. right_knee": [
		0.359222948551178,
		0.6900729537010193,
		-0.041036490350961685,
		0.9859546422958374
	],
	"8. right_ankle": [
		0.37236371636390686,
		0.864837110042572,
		0.025596659630537033,
		0.9899914860725403
	],
	"14. left_shoulder": [
		0.44990459084510803,
		0.362308531999588,
		0.0167322289198637,
		0.9999741911888123
	],
	"15. left_elbow": [
		0.46830111742019653,
		0.4441990852355957,
		-0.04503391310572624,
		0.96657794713974
	],
	"16. left_wrist": [
		0.4354034960269928,
		0.4603904187679291,
		-0.1852535903453827,
		0.9756817817687988
	],
	"19. right_shoulder": [
		0.38411885499954224,
		0.34291398525238037,
		0.07232889533042908,
		0.9998891949653625
	],
	"20. right_elbow": [
		0.3589131832122803,
		0.41878536343574524,
		0.055035073310136795,
		0.965000569820404
	],
	"21. right_wrist": [
		0.37453973293304443,
		0.4733734130859375,
		-0.05586785078048706,
		0.9576404690742493
	],
	"24. nose": [
		0.44245052337646484,
		0.2821636199951172,
		-0.08934616297483444,
		0.9999821782112122
	],
	"25. left_eye": [
		0.44637197256088257,
		0.28089332580566406,
		-0.07211781293153763,
		0.9999539852142334
	],
	"26. right_eye": [
		0.4382190704345703,
		0.2712729573249817,
		-0.07639814913272858,
		0.9999645352363586
	],
	"27. left_ear": [
		0.44393253326416016,
		0.29061856865882874,
		0.016949383541941643,
		0.9999355673789978
	],
	"28. right_ear": [
		0.4259694516658783,
		0.27405989170074463,
		-0.0036491896025836468,
		0.9999505281448364
	],
	"time stamp": 30.0
}