{
	"1. left_hip": [
		0.4357147812843323,
		0.5416315793991089,
		-0.03864594176411629,
		0.9995927214622498
	],
	"2. left_knee": [
		0.4471551775932312,
		0.6945452094078064,
		-0.08705607056617737,
		0.9908949732780457
	],
	"3. left_ankle": [
		0.4801211953163147,
		0.8394862413406372,
		-0.013916988857090473,
		0.9917299151420593
	],
	"6. right_hip": [
		0.39374107122421265,
		0.5462552905082703,
		0.03865974023938179,
		0.9996932744979858
	],
	"7. right_knee": [
		0.3579431474208832,
		0.6917138695716858,
		-0.04012610390782356,
		0.985758364200592
	],
	"8. right_ankle": [
		0.3709673285484314,
		0.8645340204238892,
		0.025886505842208862,
		0.9902100563049316
	],
	"14. left_shoulder": [
		0.4490054249763489,
		0.36203819513320923,
		0.027801502496004105,
		0.9999722838401794
	],
	"15. left_elbow": [
		0.4661727547645569,
		0.44373464584350586,
		-0.030141090974211693,
		0.969484806060791
	],
	"16. left_wrist": [
		0.433527410030365,
		0.45319247245788574,
		-0.17928597331047058,
		0.9772776961326599
	],
	"19. right_shoulder": [
		0.3824392557144165,
		0.3347139358520508,
		0.06829766929149628,
		0.9998939037322998
	],
	"20. right_elbow": [
		0.3530156910419464,
		0.40366607904434204,
		0.044098563492298126,
		0.9665732383728027
	],
	"21. right_wrist": [
		0.3720661997795105,
		0.4613262712955475,
		-0.07750526815652847,
		0.9596147537231445
	],
	"24. nose": [
		0.4413260519504547,
		0.2775379717350006,
		-0.08851940184831619,
		0.9999808669090271
	],
	"25. left_eye": [
		0.4449065327644348,
		0.2752673923969269,
		-0.07048830389976501,
		0.9999509453773499
	],
	"26. right_eye": [
		0.4366944432258606,
		0.2663784325122833,
		-0.07605886459350586,
		0.9999631643295288
	],
	"27. left_ear": [
		0.44196051359176636,
		0.285519540309906,
		0.022364389151334763,
		0.9999344944953918
	],
	"28. right_ear": [
		0.42372146248817444,
		0.2691020369529724,
		-0.0043933638371527195,
		0.9999503493309021
	],
	"time stamp": 30.0
}