{
	"1. left_hip": [
		0.42024073004722595,
		0.5370837450027466,
		0.021907318383455276,
		0.9994745254516602
	],
	"2. left_knee": [
		0.41904908418655396,
		0.7038451433181763,
		-0.023025289177894592,
		0.9909924864768982
	],
	"3. left_ankle": [
		0.4070449769496918,
		0.8470389246940613,
		0.09248275309801102,
		0.9906379580497742
	],
	"6. right_hip": [
		0.37930089235305786,
		0.5269492864608765,
		-0.021779896691441536,
		0.9996276497840881
	],
	"7. right_knee": [
		0.36142995953559875,
		0.7025362849235535,
		-0.05366433411836624,
		0.9872094392776489
	],
	"8. right_ankle": [
		0.3580126166343689,
		0.8622484803199768,
		0.05396990850567818,
		0.9908182621002197
	],
	"14. left_shoulder": [
		0.4466753602027893,
		0.3551550507545471,
		0.05568000674247742,
		0.9999269843101501
	],
	"15. left_elbow": [
		0.4628230035305023,
		0.4353732764720917,
		0.008537208661437035,
		0.9748010039329529
	],
	"16. left_wrist": [
		0.4315701425075531,
		0.4392893612384796,
		-0.18427343666553497,
		0.9786662459373474
	],
	"19. right_shoulder": [
		0.38141483068466187,
		0.3206348121166229,
		-0.003461162792518735,
		0.9998473525047302
	],
	"20. right_elbow": [
		0.3443962633609772,
		0.38045555353164673,
		-0.05008625239133835,
		0.9723124504089355
	],
	"21. right_wrist": [
		0.3778993785381317,
		0.43121227622032166,
		-0.1694139540195465,
		0.9605011343955994
	],
	"24. nose": [
		0.4292523264884949,
		0.25137728452682495,
		-0.15604369342327118,
		0.9999191761016846
	],
	"25. left_eye": [
		0.433350145816803,
		0.2502472400665283,
		-0.13555094599723816,
		0.9998499155044556
	],
	"26. right_eye": [
		0.4229055345058441,
		0.24481841921806335,
		-0.14195074141025543,
		0.9998562932014465
	],
	"27. left_ear": [
		0.43522343039512634,
		0.26478707790374756,
		-0.04694771394133568,
		0.9998217225074768
	],
	"28. right_ear": [
		0.41330385208129883,
		0.25484582781791687,
		-0.05781657621264458,
		0.9998436570167542
	],
	"time stamp": 30.0
}