{
	"1. left_hip": [
		0.4176253378391266,
		0.5375046133995056,
		0.043551716953516006,
		0.9995035529136658
	],
	"2. left_knee": [
		0.4149087965488434,
		0.7081552147865295,
		-0.0010843656491488218,
		0.9863955974578857
	],
	"3. left_ankle": [
		0.3967110812664032,
		0.8556046485900879,
		0.1000797301530838,
		0.9876445531845093
	],
	"6. right_hip": [
		0.3790738582611084,
		0.5252940058708191,
		-0.04350219666957855,
		0.9996329545974731
	],
	"7. right_knee": [
		0.3619978725910187,
		0.7047155499458313,
		-0.07283409684896469,
		0.9874875545501709
	],
	"8. right_ankle": [
		0.35191187262535095,
		0.8597745895385742,
		0.024868136271834373,
		0.9906851053237915
	],
	"14. left_shoulder": [
		0.4455328583717346,
		0.35465237498283386,
		0.10192550718784332,
		0.9999288320541382
	],
	"15. left_elbow": [
		0.4635522961616516,
		0.4351148009300232,
		0.03311677277088165,
		0.9745020270347595
	],
	"16. left_wrist": [
		0.4321111738681793,
		0.43892335891723633,
		-0.16812996566295624,
		0.9790805578231812
	],
	"19. right_shoulder": [
		0.38164862990379333,
		0.3199372887611389,
		0.006973122246563435,
		0.9998571276664734
	],
	"20. right_elbow": [
		0.3452424108982086,
		0.37655630707740784,
		-0.06775768101215363,
		0.9745430946350098
	],
	"21. right_wrist": [
		0.3830620348453522,
		0.42949122190475464,
		-0.19775840640068054,
		0.9630823135375977
	],
	"24. nose": [
		0.4262367784976959,
		0.25361350178718567,
		-0.12336395680904388,
		0.9999234080314636
	],
	"25. left_eye": [
		0.4312838017940521,
		0.25183653831481934,
		-0.10053382068872452,
		0.9998601675033569
	],
	"26. right_eye": [
		0.42047157883644104,
		0.24611200392246246,
		-0.10925054550170898,
		0.9998656511306763
	],
	"27. left_ear": [
		0.4350486397743225,
		0.26588642597198486,
		0.020432468503713608,
		0.9998306632041931
	],
	"28. right_ear": [
		0.4111170172691345,
		0.2558588981628418,
		-0.01684531196951866,
		0.9998557567596436
	],
	"time stamp": 30.0
}