{
	"1. left_hip": [
		0.41164714097976685,
		0.5757367014884949,
		0.06335504353046417,
		0.9995173811912537
	],
	"2. left_knee": [
		0.46247535943984985,
		0.692233681678772,
		0.02817457914352417,
		0.9573075771331787
	],
	"3. left_ankle": [
		0.45366162061691284,
		0.8447625637054443,
		0.10958697646856308,
		0.9730011224746704
	],
	"6. right_hip": [
		0.37765759229660034,
		0.5630002021789551,
		-0.06338372081518173,
		0.9996216297149658
	],
	"7. right_knee": [
		0.3455008864402771,
		0.7109837532043457,
		-0.08946271985769272,
		0.9927242398262024
	],
	"8. right_ankle": [
		0.31938621401786804,
		0.8551985025405884,
		-0.03358005732297897,
		0.9933162331581116
	],
	"14. left_shoulder": [
		0.45083364844322205,
		0.37895193696022034,
		0.08590324223041534,
		0.9998348355293274
	],
	"15. left_elbow": [
		0.46283626556396484,
		0.4517899453639984,
		-0.017019229009747505,
		0.9032961130142212
	],
	"16. left_wrist": [
		0.4527137875556946,
		0.45388972759246826,
		-0.21383611857891083,
		0.9264232516288757
	],
	"19. right_shoulder": [
		0.4005371928215027,
		0.35626301169395447,
		-0.05843188241124153,
		0.9999175667762756
	],
	"20. right_elbow": [
		0.36685484647750854,
		0.39481356739997864,
		-0.18036283552646637,
		0.9873741269111633
	],
	"21. right_wrist": [
		0.4144313931465149,
		0.4223865568637848,
		-0.29381150007247925,
		0.9781948328018188
	],
	"24. nose": [
		0.4202517867088318,
		0.28902050852775574,
		-0.1442321389913559,
		0.9999490976333618
	],
	"25. left_eye": [
		0.4261115491390228,
		0.2814658582210541,
		-0.12408481538295746,
		0.9999244809150696
	],
	"26. right_eye": [
		0.41427406668663025,
		0.2848893404006958,
		-0.12875841557979584,
		0.999922513961792
	],
	"27. left_ear": [
		0.4329606592655182,
		0.29063916206359863,
		-0.012628259137272835,
		0.9999046921730042
	],
	"28. right_ear": [
		0.40999072790145874,
		0.29856640100479126,
		-0.03251113370060921,
		0.9999281764030457
	],
	"time stamp": 30.0
}