{
	"1. left_hip": [
		0.42523449659347534,
		0.5770021080970764,
		0.06678187102079391,
		0.9995594024658203
	],
	"2. left_knee": [
		0.46808648109436035,
		0.7083444595336914,
		0.06386300921440125,
		0.9520444273948669
	],
	"3. left_ankle": [
		0.4523065984249115,
		0.8499034643173218,
		0.18484674394130707,
		0.9737390279769897
	],
	"6. right_hip": [
		0.38845258951187134,
		0.5659396052360535,
		-0.06694237887859344,
		0.9996540546417236
	],
	"7. right_knee": [
		0.3771245777606964,
		0.7195882201194763,
		-0.11660871654748917,
		0.9940858483314514
	],
	"8. right_ankle": [
		0.32190316915512085,
		0.8543399572372437,
		-0.05187084525823593,
		0.9942079186439514
	],
	"14. left_shoulder": [
		0.46230196952819824,
		0.38088828325271606,
		0.01995113678276539,
		0.99985671043396
	],
	"15. left_elbow": [
		0.4948306083679199,
		0.456693172454834,
		-0.07965011149644852,
		0.9221447110176086
	],
	"16. left_wrist": [
		0.4637362062931061,
		0.44272947311401367,
		-0.310422420501709,
		0.9360904693603516
	],
	"19. right_shoulder": [
		0.39881670475006104,
		0.3690456748008728,
		-0.10214696079492569,
		0.9999364614486694
	],
	"20. right_elbow": [
		0.3631409704685211,
		0.4463653564453125,
		-0.20798726379871368,
		0.9902063012123108
	],
	"21. right_wrist": [
		0.39936357736587524,
		0.4301556944847107,
		-0.36650073528289795,
		0.9830687642097473
	],
	"24. nose": [
		0.42379340529441833,
		0.29091736674308777,
		-0.2313881814479828,
		0.9999614953994751
	],
	"25. left_eye": [
		0.4311233162879944,
		0.2832890450954437,
		-0.21066522598266602,
		0.9999430179595947
	],
	"26. right_eye": [
		0.41853293776512146,
		0.28459978103637695,
		-0.2142261564731598,
		0.999941885471344
	],
	"27. left_ear": [
		0.4407854974269867,
		0.2946408689022064,
		-0.09354288876056671,
		0.9999264478683472
	],
	"28. right_ear": [
		0.4153520166873932,
		0.2961163818836212,
		-0.10810928046703339,
		0.9999462962150574
	],
	"time stamp": 30.0
}