{
	"1. left_hip": [
		0.44677335023880005,
		0.5329465866088867,
		-0.0012833811342716217,
		0.999639093875885
	],
	"2. left_knee": [
		0.4649600088596344,
		0.6992247104644775,
		-0.04225527495145798,
		0.9560662508010864
	],
	"3. left_ankle": [
		0.4715803265571594,
		0.83306485414505,
		0.12728053331375122,
		0.9767691493034363
	],
	"6. right_hip": [
		0.40509048104286194,
		0.5354598760604858,
		0.0011409374419599771,
		0.9996852278709412
	],
	"7. right_knee": [
		0.407051146030426,
		0.7024081945419312,
		-0.016970865428447723,
		0.99365234375
	],
	"8. right_ankle": [
		0.4155977666378021,
		0.8413963913917542,
		0.12003123760223389,
		0.99351966381073
	],
	"14. left_shoulder": [
		0.4636351466178894,
		0.34372201561927795,
		-0.04049837589263916,
		0.9998948574066162
	],
	"15. left_elbow": [
		0.506485641002655,
		0.3787177503108978,
		-0.12260504812002182,
		0.947131872177124
	],
	"16. left_wrist": [
		0.49510544538497925,
		0.3019118905067444,
		-0.2822210192680359,
		0.953605055809021
	],
	"19. right_shoulder": [
		0.3962900638580322,
		0.3397035002708435,
		-0.031045839190483093,
		0.9999476671218872
	],
	"20. right_elbow": [
		0.35187995433807373,
		0.40112653374671936,
		0.022952444851398468,
		0.9919280409812927
	],
	"21. right_wrist": [
		0.37897175550460815,
		0.46064138412475586,
		0.007623489946126938,
		0.9784303307533264
	],
	"24. nose": [
		0.43348971009254456,
		0.2535829544067383,
		-0.22458875179290771,
		0.9999737739562988
	],
	"25. left_eye": [
		0.44257688522338867,
		0.24914981424808502,
		-0.20649835467338562,
		0.9999602437019348
	],
	"26. right_eye": [
		0.42819347977638245,
		0.24222221970558167,
		-0.20838895440101624,
		0.9999596476554871
	],
	"27. left_ear": [
		0.4490131735801697,
		0.26326698064804077,
		-0.10216261446475983,
		0.9999465942382812
	],
	"28. right_ear": [
		0.42184972763061523,
		0.2520882785320282,
		-0.1104942336678505,
		0.9999631643295288
	],
	"time stamp": 30.0
}