{
	"1. left_hip": [
		0.4529481828212738,
		0.5702813863754272,
		0.04111833497881889,
		0.9996752738952637
	],
	"2. left_knee": [
		0.4462204575538635,
		0.7311124801635742,
		0.008648387156426907,
		0.958492636680603
	],
	"3. left_ankle": [
		0.429537832736969,
		0.8835774064064026,
		0.08287088572978973,
		0.9660136699676514
	],
	"6. right_hip": [
		0.41427987813949585,
		0.5649427175521851,
		-0.04120209440588951,
		0.9996634721755981
	],
	"7. right_knee": [
		0.4259345531463623,
		0.7292996048927307,
		-0.05536844581365585,
		0.9715708494186401
	],
	"8. right_ankle": [
		0.41949382424354553,
		0.86500483751297,
		0.07481000572443008,
		0.9727508425712585
	],
	"14. left_shoulder": [
		0.4721343517303467,
		0.37426307797431946,
		0.055289529263973236,
		0.999785304069519
	],
	"15. left_elbow": [
		0.5112180113792419,
		0.3139422833919525,
		-0.009340381249785423,
		0.981160581111908
	],
	"16. left_wrist": [
		0.47924432158470154,
		0.2544228434562683,
		-0.08780423551797867,
		0.9659824371337891
	],
	"19. right_shoulder": [
		0.4087613523006439,
		0.38139885663986206,
		-0.01977669633924961,
		0.9998663663864136
	],
	"20. right_elbow": [
		0.37004202604293823,
		0.45480865240097046,
		-0.11112020909786224,
		0.9896287322044373
	],
	"21. right_wrist": [
		0.40117794275283813,
		0.4761962890625,
		-0.21011729538440704,
		0.9587923884391785
	],
	"24. nose": [
		0.44813457131385803,
		0.29259517788887024,
		-0.1514304131269455,
		0.9999685883522034
	],
	"25. left_eye": [
		0.4520685076713562,
		0.2847885489463806,
		-0.12600824236869812,
		0.9999217987060547
	],
	"26. right_eye": [
		0.43984732031822205,
		0.2831171154975891,
		-0.1346786469221115,
		0.9999617338180542
	],
	"27. left_ear": [
		0.4550305902957916,
		0.29610833525657654,
		-0.005142068024724722,
		0.9998639225959778
	],
	"28. right_ear": [
		0.4304618835449219,
		0.2921125292778015,
		-0.04743482917547226,
		0.9999759793281555
	],
	"time stamp": 30.0
}