{
	"1. left_hip": [
		0.4530879557132721,
		0.5674430131912231,
		0.03318393602967262,
		0.9996846318244934
	],
	"2. left_knee": [
		0.44778281450271606,
		0.7281412482261658,
		-0.002260536653921008,
		0.9554543495178223
	],
	"3. left_ankle": [
		0.43351396918296814,
		0.8856395483016968,
		0.0642286092042923,
		0.9639774560928345
	],
	"6. right_hip": [
		0.4144658148288727,
		0.5612669587135315,
		-0.03326268121600151,
		0.9996558427810669
	],
	"7. right_knee": [
		0.42694514989852905,
		0.7260778546333313,
		-0.04107983782887459,
		0.9680752158164978
	],
	"8. right_ankle": [
		0.41944774985313416,
		0.8649373650550842,
		0.07289331406354904,
		0.9670505523681641
	],
	"14. left_shoulder": [
		0.472127765417099,
		0.3719061613082886,
		0.04150377959012985,
		0.9997838139533997
	],
	"15. left_elbow": [
		0.5141007900238037,
		0.31572821736335754,
		-0.06864485889673233,
		0.982430636882782
	],
	"16. left_wrist": [
		0.48070472478866577,
		0.2545508146286011,
		-0.17899414896965027,
		0.9671708345413208
	],
	"19. right_shoulder": [
		0.40782761573791504,
		0.3774091601371765,
		-0.03033141791820526,
		0.9998596906661987
	],
	"20. right_elbow": [
		0.3703188896179199,
		0.4535781145095825,
		-0.13133130967617035,
		0.989627480506897
	],
	"21. right_wrist": [
		0.4010562002658844,
		0.47416794300079346,
		-0.25050950050354004,
		0.9599543809890747
	],
	"24. nose": [
		0.44783610105514526,
		0.2919239401817322,
		-0.1685432642698288,
		0.9999671578407288
	],
	"25. left_eye": [
		0.45214715600013733,
		0.28393125534057617,
		-0.1449326127767563,
		0.9999183416366577
	],
	"26. right_eye": [
		0.43977755308151245,
		0.2812344431877136,
		-0.15250344574451447,
		0.9999609589576721
	],
	"27. left_ear": [
		0.45518961548805237,
		0.29430314898490906,
		-0.02746007777750492,
		0.999859094619751
	],
	"28. right_ear": [
		0.4302152693271637,
		0.29105666279792786,
		-0.06408201158046722,
		0.999975860118866
	],
	"time stamp": 30.0
}