{
	"1. left_hip": [
		0.46191591024398804,
		0.5314241647720337,
		0.0029636688996106386,
		0.9997694492340088
	],
	"2. left_knee": [
		0.45894306898117065,
		0.6558505892753601,
		-0.0068347700871527195,
		0.9701036810874939
	],
	"3. left_ankle": [
		0.5121336579322815,
		0.6578844785690308,
		0.2712852954864502,
		0.953340470790863
	],
	"6. right_hip": [
		0.42297711968421936,
		0.5319044589996338,
		-0.002979694167152047,
		0.9997528791427612
	],
	"7. right_knee": [
		0.427988201379776,
		0.6990220546722412,
		-0.058796148747205734,
		0.9680939316749573
	],
	"8. right_ankle": [
		0.42747336626052856,
		0.8557984232902527,
		0.01469549722969532,
		0.973917543888092
	],
	"14. left_shoulder": [
		0.4716464877128601,
		0.34947633743286133,
		-0.013817938044667244,
		0.9998299479484558
	],
	"15. left_elbow": [
		0.506377100944519,
		0.30760931968688965,
		0.10955208539962769,
		0.9834057688713074
	],
	"16. left_wrist": [
		0.5128654837608337,
		0.2361886203289032,
		0.19174864888191223,
		0.966955840587616
	],
	"19. right_shoulder": [
		0.4090094566345215,
		0.3512795865535736,
		-0.09057353436946869,
		0.9998878240585327
	],
	"20. right_elbow": [
		0.37286683917045593,
		0.41893720626831055,
		-0.06500354409217834,
		0.9890828728675842
	],
	"21. right_wrist": [
		0.40901246666908264,
		0.450936883687973,
		-0.044159967452287674,
		0.950933039188385
	],
	"24. nose": [
		0.45197349786758423,
		0.26838207244873047,
		-0.22347648441791534,
		0.9999821186065674
	],
	"25. left_eye": [
		0.456495463848114,
		0.2624073028564453,
		-0.20254626870155334,
		0.999953031539917
	],
	"26. right_eye": [
		0.4442788064479828,
		0.2577061951160431,
		-0.21271875500679016,
		0.9999785423278809
	],
	"27. left_ear": [
		0.45902228355407715,
		0.2741978168487549,
		-0.09293278306722641,
		0.9999215602874756
	],
	"28. right_ear": [
		0.4343986511230469,
		0.26750171184539795,
		-0.14308960735797882,
		0.9999865889549255
	],
	"time stamp": 30.0
}