{
	"1. left_hip": [
		0.46893253922462463,
		0.5393494367599487,
		-0.008148713037371635,
		0.9995611906051636
	],
	"2. left_knee": [
		0.46811890602111816,
		0.6960564255714417,
		-0.014791133813560009,
		0.967930793762207
	],
	"3. left_ankle": [
		0.4767100214958191,
		0.7930631637573242,
		0.16752400994300842,
		0.908864438533783
	],
	"6. right_hip": [
		0.42943596839904785,
		0.5427171587944031,
		0.008230834268033504,
		0.9997285008430481
	],
	"7. right_knee": [
		0.4338342547416687,
		0.7051244378089905,
		-0.007348711136728525,
		0.9718884825706482
	],
	"8. right_ankle": [
		0.45127812027931213,
		0.8500533103942871,
		0.11807335913181305,
		0.9789927005767822
	],
	"14. left_shoulder": [
		0.47875839471817017,
		0.34722015261650085,
		-0.02768249437212944,
		0.999679446220398
	],
	"15. left_elbow": [
		0.5292661786079407,
		0.31734079122543335,
		-0.04830089583992958,
		0.9848200678825378
	],
	"16. left_wrist": [
		0.5132582187652588,
		0.24702012538909912,
		-0.11954297870397568,
		0.9616842269897461
	],
	"19. right_shoulder": [
		0.4125283658504486,
		0.3529294729232788,
		-0.04740806668996811,
		0.9998448491096497
	],
	"20. right_elbow": [
		0.37441420555114746,
		0.4221123158931732,
		-0.0011422132374718785,
		0.986527144908905
	],
	"21. right_wrist": [
		0.413417249917984,
		0.4603137671947479,
		0.0034928531385958195,
		0.9299075603485107
	],
	"24. nose": [
		0.45450839400291443,
		0.26978737115859985,
		-0.22394755482673645,
		0.9999834895133972
	],
	"25. left_eye": [
		0.4588237404823303,
		0.2629441022872925,
		-0.20274582505226135,
		0.9999479055404663
	],
	"26. right_eye": [
		0.44697850942611694,
		0.25902891159057617,
		-0.20876958966255188,
		0.9999772906303406
	],
	"27. left_ear": [
		0.46288496255874634,
		0.27364253997802734,
		-0.09210832417011261,
		0.9999186992645264
	],
	"28. right_ear": [
		0.43706464767456055,
		0.2688618004322052,
		-0.1204109787940979,
		0.999984860420227
	],
	"time stamp": 30.0
}