{
	"1. left_hip": [
		0.4748302102088928,
		0.5684872269630432,
		-0.022672424092888832,
		0.9995035529136658
	],
	"2. left_knee": [
		0.46841365098953247,
		0.7183862328529358,
		-0.05552660673856735,
		0.9718958139419556
	],
	"3. left_ankle": [
		0.4634391665458679,
		0.8419349789619446,
		0.0599333830177784,
		0.9253124594688416
	],
	"6. right_hip": [
		0.4367940425872803,
		0.5724093914031982,
		0.022815722972154617,
		0.9996581673622131
	],
	"7. right_knee": [
		0.42782315611839294,
		0.7143336534500122,
		-0.01677192933857441,
		0.9599465727806091
	],
	"8. right_ankle": [
		0.4572588801383972,
		0.8535401821136475,
		0.07455141842365265,
		0.9723706841468811
	],
	"14. left_shoulder": [
		0.47961848974227905,
		0.37931522727012634,
		0.021280143409967422,
		0.9997191429138184
	],
	"15. left_elbow": [
		0.5251957178115845,
		0.3461853563785553,
		0.06244026869535446,
		0.9870660901069641
	],
	"16. left_wrist": [
		0.5306010842323303,
		0.284076064825058,
		0.05863100290298462,
		0.9622226357460022
	],
	"19. right_shoulder": [
		0.4136130213737488,
		0.3875887989997864,
		0.0022724498994648457,
		0.9998448491096497
	],
	"20. right_elbow": [
		0.37884071469306946,
		0.4596377909183502,
		0.029833320528268814,
		0.9870139360427856
	],
	"21. right_wrist": [
		0.4116767346858978,
		0.5046378970146179,
		0.014804443344473839,
		0.9369902014732361
	],
	"24. nose": [
		0.4598502218723297,
		0.3090907335281372,
		-0.14360417425632477,
		0.9999865293502808
	],
	"25. left_eye": [
		0.4624081254005432,
		0.2997908592224121,
		-0.12286698818206787,
		0.9999569058418274
	],
	"26. right_eye": [
		0.4517863690853119,
		0.2983226776123047,
		-0.13039784133434296,
		0.9999815821647644
	],
	"27. left_ear": [
		0.463773638010025,
		0.31060099601745605,
		-0.02304605208337307,
		0.9999350309371948
	],
	"28. right_ear": [
		0.44114619493484497,
		0.3060593008995056,
		-0.05776249244809151,
		0.9999881982803345
	],
	"time stamp": 30.0
}