{
	"1. left_hip": [
		0.4738602042198181,
		0.536920964717865,
		0.008607408963143826,
		0.9995747804641724
	],
	"2. left_knee": [
		0.473391056060791,
		0.7003896236419678,
		0.0004888420808129013,
		0.9772811532020569
	],
	"3. left_ankle": [
		0.5127919316291809,
		0.7288433313369751,
		0.2889672517776489,
		0.9317651987075806
	],
	"6. right_hip": [
		0.4371538758277893,
		0.5383395552635193,
		-0.008654436096549034,
		0.9997334480285645
	],
	"7. right_knee": [
		0.440223753452301,
		0.7143020629882812,
		-0.05733679607510567,
		0.9598086476325989
	],
	"8. right_ankle": [
		0.43243059515953064,
		0.8544296026229858,
		0.04685928300023079,
		0.9737793207168579
	],
	"14. left_shoulder": [
		0.4845049977302551,
		0.34914201498031616,
		-0.02149675413966179,
		0.9997469782829285
	],
	"15. left_elbow": [
		0.5330488681793213,
		0.33075395226478577,
		0.042233459651470184,
		0.9913524389266968
	],
	"16. left_wrist": [
		0.5409054160118103,
		0.2589176297187805,
		0.039197854697704315,
		0.9708184003829956
	],
	"19. right_shoulder": [
		0.41694387793540955,
		0.34694695472717285,
		-0.09190761297941208,
		0.9998644590377808
	],
	"20. right_elbow": [
		0.38052424788475037,
		0.41234806180000305,
		-0.02893880568444729,
		0.9865238666534424
	],
	"21. right_wrist": [
		0.4154812693595886,
		0.46750912070274353,
		-0.005715568549931049,
		0.923282265663147
	],
	"24. nose": [
		0.4600583612918854,
		0.27097874879837036,
		-0.25494396686553955,
		0.9999932646751404
	],
	"25. left_eye": [
		0.4649127125740051,
		0.2634485363960266,
		-0.2342667579650879,
		0.9999775290489197
	],
	"26. right_eye": [
		0.4520403742790222,
		0.2586970925331116,
		-0.2429712563753128,
		0.999990701675415
	],
	"27. left_ear": [
		0.46875429153442383,
		0.27413368225097656,
		-0.11721371114253998,
		0.9999673366546631
	],
	"28. right_ear": [
		0.4424697756767273,
		0.2665563225746155,
		-0.15954624116420746,
		0.9999943971633911
	],
	"time stamp": 30.0
}