{
	"1. left_hip": [
		0.47297945618629456,
		0.5376040935516357,
		0.017773818224668503,
		0.9996027946472168
	],
	"2. left_knee": [
		0.4696601331233978,
		0.6955207586288452,
		0.03144944831728935,
		0.9756639003753662
	],
	"3. left_ankle": [
		0.526374101638794,
		0.7021738290786743,
		0.27631282806396484,
		0.9286319017410278
	],
	"6. right_hip": [
		0.43691062927246094,
		0.5377761125564575,
		-0.017851660028100014,
		0.9997575879096985
	],
	"7. right_knee": [
		0.443706750869751,
		0.7097792625427246,
		-0.06786710023880005,
		0.9627363681793213
	],
	"8. right_ankle": [
		0.43182697892189026,
		0.8545929193496704,
		0.016118992120027542,
		0.9756147861480713
	],
	"14. left_shoulder": [
		0.48556214570999146,
		0.35112544894218445,
		-0.018287532031536102,
		0.9997667670249939
	],
	"15. left_elbow": [
		0.534311056137085,
		0.33273249864578247,
		0.04143049567937851,
		0.9914549589157104
	],
	"16. left_wrist": [
		0.5404907464981079,
		0.26829054951667786,
		0.02729555405676365,
		0.9695804119110107
	],
	"19. right_shoulder": [
		0.4179702699184418,
		0.34832268953323364,
		-0.10285758972167969,
		0.999876856803894
	],
	"20. right_elbow": [
		0.38122469186782837,
		0.4116603136062622,
		-0.05464031547307968,
		0.9863852858543396
	],
	"21. right_wrist": [
		0.41549110412597656,
		0.4683525860309601,
		-0.039379704743623734,
		0.9163773059844971
	],
	"24. nose": [
		0.46058326959609985,
		0.2723722755908966,
		-0.2575885057449341,
		0.9999939203262329
	],
	"25. left_eye": [
		0.4653776288032532,
		0.26473191380500793,
		-0.2363729476928711,
		0.9999796152114868
	],
	"26. right_eye": [
		0.45248937606811523,
		0.2602897584438324,
		-0.24546977877616882,
		0.9999915957450867
	],
	"27. left_ear": [
		0.4693560004234314,
		0.2760864794254303,
		-0.11750885099172592,
		0.9999702572822571
	],
	"28. right_ear": [
		0.44248026609420776,
		0.2685553729534149,
		-0.16183781623840332,
		0.9999949336051941
	],
	"time stamp": 30.0
}