{
	"1. left_hip": [
		0.47299402952194214,
		0.539844274520874,
		0.007883476093411446,
		0.999659538269043
	],
	"2. left_knee": [
		0.4616940915584564,
		0.6800204515457153,
		0.011841265484690666,
		0.9738463163375854
	],
	"3. left_ankle": [
		0.5323923826217651,
		0.6879006028175354,
		0.22757680714130402,
		0.9271369576454163
	],
	"6. right_hip": [
		0.43660491704940796,
		0.5393887162208557,
		-0.007878678850829601,
		0.9998012185096741
	],
	"7. right_knee": [
		0.4467689096927643,
		0.7019938826560974,
		-0.06404613703489304,
		0.9659039378166199
	],
	"8. right_ankle": [
		0.43562784790992737,
		0.8542992472648621,
		-0.0032473872415721416,
		0.9782949686050415
	],
	"14. left_shoulder": [
		0.4868018627166748,
		0.3521907329559326,
		-0.026542220264673233,
		0.9997963309288025
	],
	"15. left_elbow": [
		0.5344570875167847,
		0.3346538245677948,
		0.0477055124938488,
		0.9915784597396851
	],
	"16. left_wrist": [
		0.5395623445510864,
		0.27292364835739136,
		0.06535305082798004,
		0.9685081243515015
	],
	"19. right_shoulder": [
		0.4203934669494629,
		0.351357102394104,
		-0.08608214557170868,
		0.9998977780342102
	],
	"20. right_elbow": [
		0.38362357020378113,
		0.4140009582042694,
		-0.035417694598436356,
		0.986224889755249
	],
	"21. right_wrist": [
		0.4172610640525818,
		0.46933919191360474,
		-0.007132183760404587,
		0.9094771146774292
	],
	"24. nose": [
		0.4612554609775543,
		0.27617424726486206,
		-0.24334272742271423,
		0.9999949932098389
	],
	"25. left_eye": [
		0.4658137857913971,
		0.26950201392173767,
		-0.22418324649333954,
		0.9999829530715942
	],
	"26. right_eye": [
		0.4531172215938568,
		0.263242244720459,
		-0.23100385069847107,
		0.9999930262565613
	],
	"27. left_ear": [
		0.47033944725990295,
		0.279968798160553,
		-0.11534037441015244,
		0.99997478723526
	],
	"28. right_ear": [
		0.4435040354728699,
		0.271543025970459,
		-0.14900089800357819,
		0.9999957084655762
	],
	"time stamp": 30.0
}