{
	"1. left_hip": [
		0.4727199077606201,
		0.5406895279884338,
		-0.0007521508960053325,
		0.9997142553329468
	],
	"2. left_knee": [
		0.461256206035614,
		0.6670485734939575,
		-0.15933850407600403,
		0.9767473936080933
	],
	"3. left_ankle": [
		0.5205242037773132,
		0.7309820652008057,
		0.009035743772983551,
		0.93682861328125
	],
	"6. right_hip": [
		0.43552765250205994,
		0.540247917175293,
		0.0007533525349572301,
		0.9998340606689453
	],
	"7. right_knee": [
		0.44435518980026245,
		0.6999384760856628,
		-0.06179370731115341,
		0.9674757719039917
	],
	"8. right_ankle": [
		0.4403289258480072,
		0.8485425114631653,
		0.0805136114358902,
		0.9807311296463013
	],
	"14. left_shoulder": [
		0.4877338409423828,
		0.35321876406669617,
		0.0037061101756989956,
		0.9998222589492798
	],
	"15. left_elbow": [
		0.5336000323295593,
		0.3347893953323364,
		0.020816460251808167,
		0.9920780658721924
	],
	"16. left_wrist": [
		0.5349652171134949,
		0.25612151622772217,
		-0.025956561788916588,
		0.9695159792900085
	],
	"19. right_shoulder": [
		0.42288365960121155,
		0.35291433334350586,
		-0.031481653451919556,
		0.9999114274978638
	],
	"20. right_elbow": [
		0.38710349798202515,
		0.41499248147010803,
		-0.0027004245202988386,
		0.9863709211349487
	],
	"21. right_wrist": [
		0.420330286026001,
		0.469693124294281,
		-0.004461339674890041,
		0.9107465147972107
	],
	"24. nose": [
		0.4624612331390381,
		0.28082752227783203,
		-0.1969250738620758,
		0.9999955892562866
	],
	"25. left_eye": [
		0.46709728240966797,
		0.27361583709716797,
		-0.17607274651527405,
		0.9999845027923584
	],
	"26. right_eye": [
		0.45490995049476624,
		0.26790592074394226,
		-0.18110254406929016,
		0.9999934434890747
	],
	"27. left_ear": [
		0.4718968868255615,
		0.28251564502716064,
		-0.06664334237575531,
		0.9999771118164062
	],
	"28. right_ear": [
		0.4450128972530365,
		0.2745641767978668,
		-0.08996360003948212,
		0.9999959468841553
	],
	"time stamp": 30.0
}