{
	"1. left_hip": [
		0.4738825261592865,
		0.5403627753257751,
		-0.037258896976709366,
		0.9997542500495911
	],
	"2. left_knee": [
		0.46420997381210327,
		0.6693145632743835,
		-0.11712293326854706,
		0.9807099103927612
	],
	"3. left_ankle": [
		0.4960351884365082,
		0.8430107235908508,
		-0.07388576865196228,
		0.948266863822937
	],
	"6. right_hip": [
		0.4358644485473633,
		0.5416891574859619,
		0.037303172051906586,
		0.9998456239700317
	],
	"7. right_knee": [
		0.4402875304222107,
		0.7009947299957275,
		-0.012728269211947918,
		0.9672232866287231
	],
	"8. right_ankle": [
		0.46566614508628845,
		0.8479685187339783,
		0.03888177126646042,
		0.9821687936782837
	],
	"14. left_shoulder": [
		0.48755818605422974,
		0.36103931069374084,
		0.04561479762196541,
		0.9998465776443481
	],
	"15. left_elbow": [
		0.5314847230911255,
		0.3332911729812622,
		-0.012054672464728355,
		0.993116021156311
	],
	"16. left_wrist": [
		0.5078362822532654,
		0.2535576820373535,
		-0.08498097956180573,
		0.9717545509338379
	],
	"19. right_shoulder": [
		0.42492642998695374,
		0.3565008044242859,
		0.08444904536008835,
		0.999905526638031
	],
	"20. right_elbow": [
		0.3905769884586334,
		0.41538509726524353,
		0.14154291152954102,
		0.9807402491569519
	],
	"21. right_wrist": [
		0.4216570258140564,
		0.46984198689460754,
		0.16735264658927917,
		0.9086244702339172
	],
	"24. nose": [
		0.4641144871711731,
		0.2941160202026367,
		-0.08856178820133209,
		0.9999954104423523
	],
	"25. left_eye": [
		0.4691454768180847,
		0.28511500358581543,
		-0.06975296139717102,
		0.9999850392341614
	],
	"26. right_eye": [
		0.4570971131324768,
		0.28143882751464844,
		-0.07270636409521103,
		0.9999927878379822
	],
	"27. left_ear": [
		0.47359800338745117,
		0.2922153174877167,
		0.023952912539243698,
		0.9999793171882629
	],
	"28. right_ear": [
		0.44713038206100464,
		0.28783687949180603,
		0.010287119075655937,
		0.9999958872795105
	],
	"time stamp": 30.0
}