{
	"1. left_hip": [
		0.4795897901058197,
		0.5557928085327148,
		-0.02474650740623474,
		0.9998316764831543
	],
	"2. left_knee": [
		0.47238215804100037,
		0.7185982465744019,
		-0.05337822437286377,
		0.9858018755912781
	],
	"3. left_ankle": [
		0.4777725338935852,
		0.8751084208488464,
		-0.0008952540229074657,
		0.9677441716194153
	],
	"6. right_hip": [
		0.4422883987426758,
		0.55824214220047,
		0.02473033219575882,
		0.999832034111023
	],
	"7. right_knee": [
		0.43362489342689514,
		0.7223637104034424,
		-0.012254496105015278,
		0.9666121006011963
	],
	"8. right_ankle": [
		0.46433788537979126,
		0.8433031439781189,
		0.10225851833820343,
		0.9656545519828796
	],
	"14. left_shoulder": [
		0.4881895184516907,
		0.37563857436180115,
		0.045262958854436874,
		0.9998944401741028
	],
	"15. left_elbow": [
		0.5335493683815002,
		0.33905935287475586,
		0.030962008982896805,
		0.9942384362220764
	],
	"16. left_wrist": [
		0.5316537618637085,
		0.2608165442943573,
		-0.03021935001015663,
		0.9730083346366882
	],
	"19. right_shoulder": [
		0.42469334602355957,
		0.3792402148246765,
		0.03934461995959282,
		0.999879002571106
	],
	"20. right_elbow": [
		0.38831374049186707,
		0.4441318213939667,
		0.06409582495689392,
		0.978124737739563
	],
	"21. right_wrist": [
		0.4222427010536194,
		0.4870193898677826,
		0.044582709670066833,
		0.9124537110328674
	],
	"24. nose": [
		0.46276551485061646,
		0.29647111892700195,
		-0.11486528813838959,
		0.9999943375587463
	],
	"25. left_eye": [
		0.46834248304367065,
		0.2895554304122925,
		-0.09365355223417282,
		0.99998539686203
	],
	"26. right_eye": [
		0.4564167559146881,
		0.2862302362918854,
		-0.09857705980539322,
		0.9999921321868896
	],
	"27. left_ear": [
		0.4731157422065735,
		0.3034914433956146,
		0.006377624813467264,
		0.9999822974205017
	],
	"28. right_ear": [
		0.4469689428806305,
		0.29630935192108154,
		-0.016913224011659622,
		0.9999963641166687
	],
	"time stamp": 30.0
}