{
	"1. left_hip": [
		0.47479796409606934,
		0.533144474029541,
		0.004595543257892132,
		0.9997338652610779
	],
	"2. left_knee": [
		0.4812040328979492,
		0.6522438526153564,
		-0.013030288740992546,
		0.9880731105804443
	],
	"3. left_ankle": [
		0.5115959048271179,
		0.7238614559173584,
		0.2554144859313965,
		0.9754928350448608
	],
	"6. right_hip": [
		0.4351443350315094,
		0.5314412713050842,
		-0.00465374393388629,
		0.999778151512146
	],
	"7. right_knee": [
		0.4474540650844574,
		0.6972086429595947,
		-0.1034945473074913,
		0.9730807542800903
	],
	"8. right_ankle": [
		0.44522300362586975,
		0.8443590998649597,
		0.0012330154422670603,
		0.9744387865066528
	],
	"14. left_shoulder": [
		0.4851265549659729,
		0.35100769996643066,
		-0.03202885389328003,
		0.9998127818107605
	],
	"15. left_elbow": [
		0.515898585319519,
		0.3150070905685425,
		0.011113906279206276,
		0.9872932434082031
	],
	"16. left_wrist": [
		0.522587239742279,
		0.23538194596767426,
		-0.012283756397664547,
		0.9693600535392761
	],
	"19. right_shoulder": [
		0.4224863052368164,
		0.35352352261543274,
		-0.07830767333507538,
		0.9998453259468079
	],
	"20. right_elbow": [
		0.386856347322464,
		0.4167383313179016,
		-0.03820570185780525,
		0.9809253215789795
	],
	"21. right_wrist": [
		0.41697174310684204,
		0.45880937576293945,
		-0.021370861679315567,
		0.9098041653633118
	],
	"24. nose": [
		0.46110597252845764,
		0.2787483334541321,
		-0.22034499049186707,
		0.9999938011169434
	],
	"25. left_eye": [
		0.4678065776824951,
		0.2706330716609955,
		-0.2007524073123932,
		0.9999768733978271
	],
	"26. right_eye": [
		0.45382624864578247,
		0.26663029193878174,
		-0.2080712765455246,
		0.9999889731407166
	],
	"27. left_ear": [
		0.4732065200805664,
		0.2813514173030853,
		-0.09672024846076965,
		0.9999577403068542
	],
	"28. right_ear": [
		0.4453244209289551,
		0.27415451407432556,
		-0.13312527537345886,
		0.9999909996986389
	],
	"time stamp": 30.0
}