{
	"1. left_hip": [
		0.47250914573669434,
		0.5407081842422485,
		0.003366875695064664,
		0.9997618198394775
	],
	"2. left_knee": [
		0.47671014070510864,
		0.685565173625946,
		0.0032122868578881025,
		0.977428138256073
	],
	"3. left_ankle": [
		0.4894842207431793,
		0.7036781907081604,
		0.3343784213066101,
		0.8791478872299194
	],
	"6. right_hip": [
		0.4347473084926605,
		0.5399019122123718,
		-0.0033683341462165117,
		0.9998307228088379
	],
	"7. right_knee": [
		0.44820934534072876,
		0.6996451020240784,
		-0.07629195600748062,
		0.9765991568565369
	],
	"8. right_ankle": [
		0.44621577858924866,
		0.8480545878410339,
		0.005657521076500416,
		0.9770808219909668
	],
	"14. left_shoulder": [
		0.4889158308506012,
		0.3539479076862335,
		-0.009972859174013138,
		0.9997633099555969
	],
	"15. left_elbow": [
		0.5304672718048096,
		0.3169771730899811,
		-0.009561266750097275,
		0.9871811866760254
	],
	"16. left_wrist": [
		0.5070549249649048,
		0.2367175668478012,
		-0.036639608442783356,
		0.969650149345398
	],
	"19. right_shoulder": [
		0.42676791548728943,
		0.3619135916233063,
		-0.018864121288061142,
		0.9998496770858765
	],
	"20. right_elbow": [
		0.3974657654762268,
		0.43026062846183777,
		0.01695610210299492,
		0.9715405702590942
	],
	"21. right_wrist": [
		0.42054519057273865,
		0.4727717638015747,
		0.021826718002557755,
		0.8682661652565002
	],
	"24. nose": [
		0.4603188633918762,
		0.2852192223072052,
		-0.1802453100681305,
		0.9999905228614807
	],
	"25. left_eye": [
		0.46721428632736206,
		0.2776252031326294,
		-0.1609920710325241,
		0.9999599456787109
	],
	"26. right_eye": [
		0.4538523554801941,
		0.27740195393562317,
		-0.16324570775032043,
		0.9999814033508301
	],
	"27. left_ear": [
		0.47310787439346313,
		0.28609347343444824,
		-0.06588946282863617,
		0.9999253153800964
	],
	"28. right_ear": [
		0.4471900463104248,
		0.28339728713035583,
		-0.07620187103748322,
		0.9999787211418152
	],
	"time stamp": 30.0
}