{
	"1. left_hip": [
		0.4711485505104065,
		0.553205668926239,
		0.005416283383965492,
		0.9997467994689941
	],
	"2. left_knee": [
		0.4769246578216553,
		0.7120015621185303,
		-0.016791069880127907,
		0.970031201839447
	],
	"3. left_ankle": [
		0.46770763397216797,
		0.725700318813324,
		0.24606330692768097,
		0.7972038388252258
	],
	"6. right_hip": [
		0.43379002809524536,
		0.5506278872489929,
		-0.005356811918318272,
		0.9998444318771362
	],
	"7. right_knee": [
		0.44875669479370117,
		0.702445387840271,
		-0.06328533589839935,
		0.9778475165367126
	],
	"8. right_ankle": [
		0.44719767570495605,
		0.8475335240364075,
		0.017161445692181587,
		0.9758877754211426
	],
	"14. left_shoulder": [
		0.4912897050380707,
		0.3622346520423889,
		0.003499196143820882,
		0.9997400641441345
	],
	"15. left_elbow": [
		0.5345296859741211,
		0.32644814252853394,
		-0.0203561969101429,
		0.9884346127510071
	],
	"16. left_wrist": [
		0.5260878205299377,
		0.2525157630443573,
		-0.05496158078312874,
		0.9693984985351562
	],
	"19. right_shoulder": [
		0.42782339453697205,
		0.37847667932510376,
		0.0033954791724681854,
		0.9997916221618652
	],
	"20. right_elbow": [
		0.4069998860359192,
		0.4530501961708069,
		0.04597053676843643,
		0.9548758268356323
	],
	"21. right_wrist": [
		0.42719560861587524,
		0.49657440185546875,
		0.034721873700618744,
		0.8198395371437073
	],
	"24. nose": [
		0.46024584770202637,
		0.30148768424987793,
		-0.15783275663852692,
		0.9999813437461853
	],
	"25. left_eye": [
		0.46703261137008667,
		0.29292482137680054,
		-0.13744737207889557,
		0.9999235272407532
	],
	"26. right_eye": [
		0.4539719223976135,
		0.291654497385025,
		-0.13986074924468994,
		0.9999587535858154
	],
	"27. left_ear": [
		0.47311535477638245,
		0.302798867225647,
		-0.03879370167851448,
		0.9998764991760254
	],
	"28. right_ear": [
		0.447518527507782,
		0.29810792207717896,
		-0.051894523203372955,
		0.9999459981918335
	],
	"time stamp": 30.0
}