{
	"1. left_hip": [
		0.4694064259529114,
		0.5707088708877563,
		0.04625541716814041,
		0.9996739625930786
	],
	"2. left_knee": [
		0.46389561891555786,
		0.7106655836105347,
		0.014211880043148994,
		0.948854923248291
	],
	"3. left_ankle": [
		0.4410116672515869,
		0.8229994773864746,
		0.1268671602010727,
		0.8259007930755615
	],
	"6. right_hip": [
		0.438676118850708,
		0.5620443820953369,
		-0.04627779871225357,
		0.999697208404541
	],
	"7. right_knee": [
		0.4545307159423828,
		0.7068378329277039,
		-0.06686585396528244,
		0.9698605537414551
	],
	"8. right_ankle": [
		0.44680291414260864,
		0.8412065505981445,
		0.022833017632365227,
		0.9694691896438599
	],
	"14. left_shoulder": [
		0.48828020691871643,
		0.3837517499923706,
		0.08498649299144745,
		0.9997356534004211
	],
	"15. left_elbow": [
		0.5283430218696594,
		0.4187793433666229,
		0.03892073780298233,
		0.9886164665222168
	],
	"16. left_wrist": [
		0.5431187748908997,
		0.3501676917076111,
		-0.0681777074933052,
		0.976815938949585
	],
	"19. right_shoulder": [
		0.43134498596191406,
		0.39015164971351624,
		-0.031158393248915672,
		0.9996689558029175
	],
	"20. right_elbow": [
		0.42083102464675903,
		0.4733870327472687,
		-0.17010816931724548,
		0.9235304594039917
	],
	"21. right_wrist": [
		0.44079452753067017,
		0.4210289716720581,
		-0.3333824872970581,
		0.8324798345565796
	],
	"24. nose": [
		0.45074838399887085,
		0.306132048368454,
		-0.12535856664180756,
		0.9999685883522034
	],
	"25. left_eye": [
		0.459139883518219,
		0.2978566884994507,
		-0.10598180443048477,
		0.9998929500579834
	],
	"26. right_eye": [
		0.4482956826686859,
		0.2979657053947449,
		-0.10972462594509125,
		0.9999376535415649
	],
	"27. left_ear": [
		0.4682033658027649,
		0.3076903820037842,
		-0.0021117611322551966,
		0.9998576045036316
	],
	"28. right_ear": [
		0.4454067349433899,
		0.3092377781867981,
		-0.02204221859574318,
		0.9999250173568726
	],
	"time stamp": 30.0
}