{
	"1. left_hip": [
		0.44625353813171387,
		0.545249879360199,
		0.0879754051566124,
		0.9995684027671814
	],
	"2. left_knee": [
		0.45120686292648315,
		0.687717080116272,
		0.10981675237417221,
		0.8048238158226013
	],
	"3. left_ankle": [
		0.432635635137558,
		0.8349459171295166,
		0.1086951270699501,
		0.8514508605003357
	],
	"6. right_hip": [
		0.4586898684501648,
		0.5428078174591064,
		-0.08802063763141632,
		0.9994106888771057
	],
	"7. right_knee": [
		0.49900883436203003,
		0.6530293226242065,
		-0.09173843264579773,
		0.9735182523727417
	],
	"8. right_ankle": [
		0.4235749840736389,
		0.6677424311637878,
		0.03465423732995987,
		0.9505104422569275
	],
	"14. left_shoulder": [
		0.4439675211906433,
		0.3577233552932739,
		0.179920494556427,
		0.9996906518936157
	],
	"15. left_elbow": [
		0.459904283285141,
		0.44932758808135986,
		0.21455590426921844,
		0.6009842157363892
	],
	"16. left_wrist": [
		0.49245375394821167,
		0.48732107877731323,
		0.21838200092315674,
		0.6451665759086609
	],
	"19. right_shoulder": [
		0.4672972559928894,
		0.35617396235466003,
		-0.10389147698879242,
		0.9997588992118835
	],
	"20. right_elbow": [
		0.48280954360961914,
		0.43683937191963196,
		-0.06966167688369751,
		0.9521123766899109
	],
	"21. right_wrist": [
		0.5108727216720581,
		0.490121066570282,
		0.04414965957403183,
		0.8669965267181396
	],
	"24. nose": [
		0.4693400263786316,
		0.2816004753112793,
		0.09714112430810928,
		0.9997380375862122
	],
	"25. left_eye": [
		0.4577248990535736,
		0.2747834026813507,
		0.1036413311958313,
		0.9995927810668945
	],
	"26. right_eye": [
		0.4614947438240051,
		0.2759907841682434,
		0.07794675976037979,
		0.9996999502182007
	],
	"27. left_ear": [
		0.4511449933052063,
		0.28728970885276794,
		0.1241573914885521,
		0.9992753267288208
	],
	"28. right_ear": [
		0.4577385485172272,
		0.2895786166191101,
		0.007233846932649612,
		0.9998077154159546
	],
	"time stamp": 30.0
}