{
	"1. left_hip": [
		0.44951683282852173,
		0.5769723057746887,
		0.07961690425872803,
		0.9996337294578552
	],
	"2. left_knee": [
		0.47160354256629944,
		0.7139428853988647,
		0.06953194737434387,
		0.795700192451477
	],
	"3. left_ankle": [
		0.42939215898513794,
		0.8394143581390381,
		0.07186631858348846,
		0.8976578116416931
	],
	"6. right_hip": [
		0.47123026847839355,
		0.5836084485054016,
		-0.07960362732410431,
		0.9994633197784424
	],
	"7. right_knee": [
		0.5188023447990417,
		0.6856148838996887,
		-0.08271361887454987,
		0.9820311069488525
	],
	"8. right_ankle": [
		0.5082815885543823,
		0.835667610168457,
		-0.07017822563648224,
		0.9683282971382141
	],
	"14. left_shoulder": [
		0.4478994309902191,
		0.39710569381713867,
		0.10718937963247299,
		0.9995012879371643
	],
	"15. left_elbow": [
		0.46572166681289673,
		0.46238967776298523,
		0.1797185093164444,
		0.3001866638660431
	],
	"16. left_wrist": [
		0.49831730127334595,
		0.47284841537475586,
		0.22751803696155548,
		0.30869296193122864
	],
	"19. right_shoulder": [
		0.4850476384162903,
		0.3914596438407898,
		-0.10930385440587997,
		0.9998348951339722
	],
	"20. right_elbow": [
		0.5294803977012634,
		0.4456915557384491,
		-0.07878522574901581,
		0.9591739177703857
	],
	"21. right_wrist": [
		0.5699673891067505,
		0.4587760865688324,
		0.05769114941358566,
		0.7824931740760803
	],
	"24. nose": [
		0.47421780228614807,
		0.323235422372818,
		0.10677178204059601,
		0.9997978210449219
	],
	"25. left_eye": [
		0.46784695982933044,
		0.3102278709411621,
		0.09581504762172699,
		0.9997095465660095
	],
	"26. right_eye": [
		0.4750516414642334,
		0.3129459023475647,
		0.08069004863500595,
		0.9997819066047668
	],
	"27. left_ear": [
		0.460137277841568,
		0.3179948031902313,
		0.05640828609466553,
		0.9995372295379639
	],
	"28. right_ear": [
		0.47593870759010315,
		0.32275116443634033,
		-0.021801557391881943,
		0.9998547434806824
	],
	"time stamp": 30.0
}