{
	"1. left_hip": [
		0.4670960307121277,
		0.582581639289856,
		0.07863999903202057,
		0.9996218085289001
	],
	"2. left_knee": [
		0.5099506974220276,
		0.7104570865631104,
		0.07333569973707199,
		0.7652196884155273
	],
	"3. left_ankle": [
		0.5066144466400146,
		0.8373714685440063,
		0.10858341306447983,
		0.9024521112442017
	],
	"6. right_hip": [
		0.4753505289554596,
		0.5867894291877747,
		-0.07873807847499847,
		0.9994615912437439
	],
	"7. right_knee": [
		0.48933571577072144,
		0.7165435552597046,
		-0.09441663324832916,
		0.983207106590271
	],
	"8. right_ankle": [
		0.42938241362571716,
		0.8402622938156128,
		-0.05977868288755417,
		0.9730682373046875
	],
	"14. left_shoulder": [
		0.4567428231239319,
		0.4062928855419159,
		0.09701819717884064,
		0.9994934797286987
	],
	"15. left_elbow": [
		0.4681110382080078,
		0.46704724431037903,
		0.14416342973709106,
		0.25789085030555725
	],
	"16. left_wrist": [
		0.5017460584640503,
		0.4881623685359955,
		0.16339755058288574,
		0.26532647013664246
	],
	"19. right_shoulder": [
		0.49339818954467773,
		0.4017241597175598,
		-0.10342739522457123,
		0.9998512268066406
	],
	"20. right_elbow": [
		0.5476190447807312,
		0.4454840421676636,
		-0.07551197707653046,
		0.9665175080299377
	],
	"21. right_wrist": [
		0.5925526022911072,
		0.45322185754776,
		0.05128356069326401,
		0.8193046450614929
	],
	"24. nose": [
		0.4786914885044098,
		0.3319511115550995,
		0.10223857313394547,
		0.9998062252998352
	],
	"25. left_eye": [
		0.4720616340637207,
		0.31897562742233276,
		0.09180464595556259,
		0.9997361302375793
	],
	"26. right_eye": [
		0.47879138588905334,
		0.3201287090778351,
		0.07777848839759827,
		0.9998025298118591
	],
	"27. left_ear": [
		0.4646779000759125,
		0.32479041814804077,
		0.05209805443882942,
		0.9995925426483154
	],
	"28. right_ear": [
		0.47815483808517456,
		0.32752901315689087,
		-0.012043646536767483,
		0.999865710735321
	],
	"time stamp": 30.0
}