{
	"1. left_hip": [
		0.5073174238204956,
		0.5715862512588501,
		0.07849082350730896,
		0.9987228512763977
	],
	"2. left_knee": [
		0.5483068227767944,
		0.6795858144760132,
		0.053955692797899246,
		0.7464093565940857
	],
	"3. left_ankle": [
		0.48831886053085327,
		0.7396931052207947,
		0.1593826860189438,
		0.8887910842895508
	],
	"6. right_hip": [
		0.49361342191696167,
		0.5744955539703369,
		-0.07840294390916824,
		0.9990769624710083
	],
	"7. right_knee": [
		0.5254173874855042,
		0.6994149684906006,
		-0.10068746656179428,
		0.9827505350112915
	],
	"8. right_ankle": [
		0.5067591667175293,
		0.8397527933120728,
		-0.05939924716949463,
		0.9811679720878601
	],
	"14. left_shoulder": [
		0.49663668870925903,
		0.3934774696826935,
		0.1153905987739563,
		0.9992223381996155
	],
	"15. left_elbow": [
		0.5210118889808655,
		0.4665971100330353,
		0.15157964825630188,
		0.2776046097278595
	],
	"16. left_wrist": [
		0.5589209794998169,
		0.4511755108833313,
		0.08437316119670868,
		0.3627958595752716
	],
	"19. right_shoulder": [
		0.4806893467903137,
		0.3947591185569763,
		-0.13263261318206787,
		0.9997979998588562
	],
	"20. right_elbow": [
		0.4962279200553894,
		0.4684513807296753,
		-0.1479145586490631,
		0.9637640714645386
	],
	"21. right_wrist": [
		0.5413331389427185,
		0.461763858795166,
		-0.12489745765924454,
		0.8628233671188354
	],
	"24. nose": [
		0.4946250319480896,
		0.3143685460090637,
		-0.020964670926332474,
		0.9997672438621521
	],
	"25. left_eye": [
		0.48709750175476074,
		0.3067503273487091,
		-0.011351860128343105,
		0.9996527433395386
	],
	"26. right_eye": [
		0.48707470297813416,
		0.30743423104286194,
		-0.03664761036634445,
		0.9997727274894714
	],
	"27. left_ear": [
		0.48145636916160583,
		0.3192116320133209,
		0.038545362651348114,
		0.9995116591453552
	],
	"28. right_ear": [
		0.4811864495277405,
		0.3191452622413635,
		-0.07220415771007538,
		0.9997796416282654
	],
	"time stamp": 30.0
}