{
	"1. left_hip": [
		0.5150822997093201,
		0.5653833746910095,
		0.07813271880149841,
		0.998650312423706
	],
	"2. left_knee": [
		0.5674108266830444,
		0.6472257971763611,
		0.07310544699430466,
		0.7623286843299866
	],
	"3. left_ankle": [
		0.5176935791969299,
		0.7156739830970764,
		0.19531843066215515,
		0.8572105169296265
	],
	"6. right_hip": [
		0.49972406029701233,
		0.568652331829071,
		-0.07807036489248276,
		0.9991260766983032
	],
	"7. right_knee": [
		0.5223287343978882,
		0.6999744176864624,
		-0.0817645937204361,
		0.9820380210876465
	],
	"8. right_ankle": [
		0.5071463584899902,
		0.8415647149085999,
		-0.03834036365151405,
		0.9821169972419739
	],
	"14. left_shoulder": [
		0.5016615390777588,
		0.3852793872356415,
		0.10300067812204361,
		0.9992049932479858
	],
	"15. left_elbow": [
		0.5142079591751099,
		0.4739488959312439,
		0.08781244605779648,
		0.23416273295879364
	],
	"16. left_wrist": [
		0.5411752462387085,
		0.4666564166545868,
		-0.019857246428728104,
		0.31714239716529846
	],
	"19. right_shoulder": [
		0.4884670674800873,
		0.3895542621612549,
		-0.13966384530067444,
		0.9998274445533752
	],
	"20. right_elbow": [
		0.5009064674377441,
		0.4773198068141937,
		-0.10125251859426498,
		0.9678782224655151
	],
	"21. right_wrist": [
		0.5356406569480896,
		0.45642679929733276,
		0.005661266855895519,
		0.8815845847129822
	],
	"24. nose": [
		0.5011833310127258,
		0.30853453278541565,
		-0.028831368312239647,
		0.999772310256958
	],
	"25. left_eye": [
		0.49309810996055603,
		0.30079683661460876,
		-0.02082018181681633,
		0.9996829628944397
	],
	"26. right_eye": [
		0.49216288328170776,
		0.3018155097961426,
		-0.04434509575366974,
		0.9997870922088623
	],
	"27. left_ear": [
		0.487398236989975,
		0.31382426619529724,
		0.026438847184181213,
		0.9995632767677307
	],
	"28. right_ear": [
		0.48553189635276794,
		0.31443679332733154,
		-0.08013490587472916,
		0.9998007416725159
	],
	"time stamp": 30.0
}