{
	"1. left_hip": [
		0.5363634824752808,
		0.5454548597335815,
		0.04803966358304024,
		0.9979943037033081
	],
	"2. left_knee": [
		0.5625692009925842,
		0.6358891725540161,
		-0.06945518404245377,
		0.8247731328010559
	],
	"3. left_ankle": [
		0.5590772032737732,
		0.7519758343696594,
		0.048002906143665314,
		0.8709613084793091
	],
	"6. right_hip": [
		0.5061691403388977,
		0.5558274388313293,
		-0.04794059321284294,
		0.9986287355422974
	],
	"7. right_knee": [
		0.5243383646011353,
		0.6994082927703857,
		-0.09188041090965271,
		0.9826008677482605
	],
	"8. right_ankle": [
		0.5070271492004395,
		0.8387750387191772,
		-0.025429343804717064,
		0.9804573059082031
	],
	"14. left_shoulder": [
		0.5175424814224243,
		0.3543738126754761,
		0.08435134589672089,
		0.9986014366149902
	],
	"15. left_elbow": [
		0.541929304599762,
		0.4112263023853302,
		0.04630720987915993,
		0.20089107751846313
	],
	"16. left_wrist": [
		0.5457056760787964,
		0.430904358625412,
		-0.11150189489126205,
		0.2621136009693146
	],
	"19. right_shoulder": [
		0.48540735244750977,
		0.38954073190689087,
		-0.08368130028247833,
		0.9997327327728271
	],
	"20. right_elbow": [
		0.4942127764225006,
		0.4821638762950897,
		-0.08872006833553314,
		0.9732134938240051
	],
	"21. right_wrist": [
		0.5198129415512085,
		0.4278346300125122,
		-0.05481625348329544,
		0.9057248830795288
	],
	"24. nose": [
		0.5043543577194214,
		0.29641464352607727,
		-0.05768809840083122,
		0.9995965957641602
	],
	"25. left_eye": [
		0.4978853762149811,
		0.28815242648124695,
		-0.04450484365224838,
		0.9994491338729858
	],
	"26. right_eye": [
		0.49494099617004395,
		0.291165292263031,
		-0.06223117560148239,
		0.9995743036270142
	],
	"27. left_ear": [
		0.49340781569480896,
		0.3000754415988922,
		0.017659850418567657,
		0.9991958141326904
	],
	"28. right_ear": [
		0.4880286753177643,
		0.3064373731613159,
		-0.057725828140974045,
		0.999606728553772
	],
	"time stamp": 30.0
}