{
	"1. left_hip": [
		0.5543877482414246,
		0.5511258244514465,
		0.01938241720199585,
		0.9985287189483643
	],
	"2. left_knee": [
		0.5529727339744568,
		0.7117478251457214,
		-0.010964633896946907,
		0.8772885799407959
	],
	"3. left_ankle": [
		0.5679752826690674,
		0.8596235513687134,
		0.06399437040090561,
		0.9105592966079712
	],
	"6. right_hip": [
		0.5193892121315002,
		0.5594998598098755,
		-0.01938464120030403,
		0.9982853531837463
	],
	"7. right_knee": [
		0.5363463759422302,
		0.7070666551589966,
		-0.03174570947885513,
		0.9601327180862427
	],
	"8. right_ankle": [
		0.5140196084976196,
		0.8324394822120667,
		0.11065571010112762,
		0.9584360122680664
	],
	"14. left_shoulder": [
		0.5350531339645386,
		0.35855811834335327,
		0.04572009667754173,
		0.9992006421089172
	],
	"15. left_elbow": [
		0.5867652297019958,
		0.3833847939968109,
		0.05519358068704605,
		0.5550813674926758
	],
	"16. left_wrist": [
		0.6332170963287354,
		0.40803438425064087,
		-0.028879646211862564,
		0.5886139869689941
	],
	"19. right_shoulder": [
		0.4771776795387268,
		0.4040255546569824,
		-0.04208061844110489,
		0.9987419247627258
	],
	"20. right_elbow": [
		0.5101804733276367,
		0.4568953514099121,
		-0.11019527912139893,
		0.8887938857078552
	],
	"21. right_wrist": [
		0.5446124076843262,
		0.4694722592830658,
		-0.21098056435585022,
		0.8358433246612549
	],
	"24. nose": [
		0.4981265962123871,
		0.299010694026947,
		-0.13866305351257324,
		0.9995818734169006
	],
	"25. left_eye": [
		0.50272536277771,
		0.29118555784225464,
		-0.11927877366542816,
		0.9993540048599243
	],
	"26. right_eye": [
		0.48985281586647034,
		0.2933776080608368,
		-0.12731429934501648,
		0.9994553923606873
	],
	"27. left_ear": [
		0.5083430409431458,
		0.30130618810653687,
		-0.016884932294487953,
		0.9990255832672119
	],
	"28. right_ear": [
		0.4819986820220947,
		0.3090524971485138,
		-0.050044018775224686,
		0.9993431568145752
	],
	"time stamp": 30.0
}