{
	"1. left_hip": [
		0.5542309284210205,
		0.5491068959236145,
		-0.006183106452226639,
		0.9989975690841675
	],
	"2. left_knee": [
		0.5547522306442261,
		0.7103297114372253,
		-0.0998983234167099,
		0.9111828804016113
	],
	"3. left_ankle": [
		0.5705596208572388,
		0.8593995571136475,
		-0.056314606219530106,
		0.9326854348182678
	],
	"6. right_hip": [
		0.5206848382949829,
		0.5598778128623962,
		0.006231979932636023,
		0.9985874891281128
	],
	"7. right_knee": [
		0.5254535675048828,
		0.7155799269676208,
		-0.0017136078095063567,
		0.9382496476173401
	],
	"8. right_ankle": [
		0.5336109399795532,
		0.8071480393409729,
		0.21516859531402588,
		0.9073535799980164
	],
	"14. left_shoulder": [
		0.5377188920974731,
		0.3600025475025177,
		0.002836056286469102,
		0.9994673728942871
	],
	"15. left_elbow": [
		0.5698491334915161,
		0.4054652452468872,
		-0.05059274286031723,
		0.695601224899292
	],
	"16. left_wrist": [
		0.5898305773735046,
		0.4387200176715851,
		-0.19115595519542694,
		0.7203816175460815
	],
	"19. right_shoulder": [
		0.4831360876560211,
		0.3797004818916321,
		-0.005065617151558399,
		0.997609555721283
	],
	"20. right_elbow": [
		0.4600084722042084,
		0.3626067340373993,
		-0.10787949711084366,
		0.79383784532547
	],
	"21. right_wrist": [
		0.48989900946617126,
		0.3421661853790283,
		-0.2422243058681488,
		0.7275537252426147
	],
	"24. nose": [
		0.515730082988739,
		0.29768824577331543,
		-0.1451864093542099,
		0.9997019171714783
	],
	"25. left_eye": [
		0.5214483141899109,
		0.2915066182613373,
		-0.12717877328395844,
		0.9995315670967102
	],
	"26. right_eye": [
		0.5087035298347473,
		0.2899234890937805,
		-0.13196620345115662,
		0.9995688199996948
	],
	"27. left_ear": [
		0.5260154604911804,
		0.3020901679992676,
		-0.025393202900886536,
		0.9993110299110413
	],
	"28. right_ear": [
		0.5024067163467407,
		0.29823440313339233,
		-0.046711377799510956,
		0.999392569065094
	],
	"time stamp": 30.0
}