{
	"1. left_hip": [
		0.5522615909576416,
		0.5475021600723267,
		-0.031727202236652374,
		0.9990959167480469
	],
	"2. left_knee": [
		0.5526931285858154,
		0.7097051739692688,
		-0.12109526246786118,
		0.9196416139602661
	],
	"3. left_ankle": [
		0.5716282725334167,
		0.8657441735267639,
		-0.10354048013687134,
		0.9390059113502502
	],
	"6. right_hip": [
		0.5201178193092346,
		0.5591666102409363,
		0.03193201497197151,
		0.9987103939056396
	],
	"7. right_knee": [
		0.5184909105300903,
		0.7124085426330566,
		0.004387102089822292,
		0.9404873847961426
	],
	"8. right_ankle": [
		0.5371736288070679,
		0.7866837978363037,
		0.23794659972190857,
		0.8890518546104431
	],
	"14. left_shoulder": [
		0.537750244140625,
		0.35923194885253906,
		-0.009860406629741192,
		0.9995192885398865
	],
	"15. left_elbow": [
		0.5557536482810974,
		0.4129846692085266,
		-0.06829472631216049,
		0.7200269103050232
	],
	"16. left_wrist": [
		0.55952388048172,
		0.45804423093795776,
		-0.1903502345085144,
		0.7375324368476868
	],
	"19. right_shoulder": [
		0.4859132170677185,
		0.37012800574302673,
		0.06851803511381149,
		0.9974104166030884
	],
	"20. right_elbow": [
		0.461277574300766,
		0.3469310998916626,
		0.11366802453994751,
		0.7846310138702393
	],
	"21. right_wrist": [
		0.4952405095100403,
		0.32286208868026733,
		0.16806867718696594,
		0.6700375080108643
	],
	"24. nose": [
		0.5158726572990417,
		0.2956596910953522,
		-0.13332508504390717,
		0.9997177124023438
	],
	"25. left_eye": [
		0.5222223401069641,
		0.288759708404541,
		-0.12504830956459045,
		0.9995653033256531
	],
	"26. right_eye": [
		0.5098482370376587,
		0.28808364272117615,
		-0.10346917808055878,
		0.9995668530464172
	],
	"27. left_ear": [
		0.5280295014381409,
		0.29974398016929626,
		-0.014507616870105267,
		0.9993715286254883
	],
	"28. right_ear": [
		0.5051459074020386,
		0.2970649302005768,
		-0.014687364920973778,
		0.9994205832481384
	],
	"time stamp": 30.0
}