{
	"1. left_hip": [
		0.4969789385795593,
		0.5589359998703003,
		-0.06331212818622589,
		0.9996313452720642
	],
	"2. left_knee": [
		0.5191429853439331,
		0.7194408178329468,
		-0.10009799152612686,
		0.973639190196991
	],
	"3. left_ankle": [
		0.5668866634368896,
		0.8530243635177612,
		-0.055723488330841064,
		0.980335533618927
	],
	"6. right_hip": [
		0.46947723627090454,
		0.559084415435791,
		0.06321626901626587,
		0.9994385242462158
	],
	"7. right_knee": [
		0.4372011721134186,
		0.6976780295372009,
		0.05409129709005356,
		0.9683099389076233
	],
	"8. right_ankle": [
		0.43624258041381836,
		0.8642275333404541,
		0.07831250876188278,
		0.9312883019447327
	],
	"14. left_shoulder": [
		0.523997962474823,
		0.355683296918869,
		-0.054416678845882416,
		0.9997586607933044
	],
	"15. left_elbow": [
		0.4933311343193054,
		0.42017120122909546,
		-0.14461322128772736,
		0.9050226807594299
	],
	"16. left_wrist": [
		0.46067291498184204,
		0.3974097669124603,
		-0.17860637605190277,
		0.8688759803771973
	],
	"19. right_shoulder": [
		0.4835599958896637,
		0.3900849223136902,
		0.14479508996009827,
		0.9981293678283691
	],
	"20. right_elbow": [
		0.4490811228752136,
		0.4471108019351959,
		0.1685497909784317,
		0.5135844945907593
	],
	"21. right_wrist": [
		0.3955039381980896,
		0.465786874294281,
		0.1068253293633461,
		0.6059173345565796
	],
	"24. nose": [
		0.4949861168861389,
		0.2945561110973358,
		-0.02186841145157814,
		0.9998515844345093
	],
	"25. left_eye": [
		0.5020550489425659,
		0.28585195541381836,
		-0.02362084574997425,
		0.9997696280479431
	],
	"26. right_eye": [
		0.49178585410118103,
		0.28766247630119324,
		-0.007884921506047249,
		0.9997394680976868
	],
	"27. left_ear": [
		0.5140954852104187,
		0.2949572801589966,
		-0.004603264853358269,
		0.9997193813323975
	],
	"28. right_ear": [
		0.4929218888282776,
		0.2982511818408966,
		0.06975594907999039,
		0.9996200203895569
	],
	"time stamp": 30.0
}