{
	"1. left_hip": [
		0.4802207946777344,
		0.5578702092170715,
		-0.06498328596353531,
		0.9996873736381531
	],
	"2. left_knee": [
		0.4799579083919525,
		0.7263811826705933,
		-0.119783416390419,
		0.9771262407302856
	],
	"3. left_ankle": [
		0.5526066422462463,
		0.8360384702682495,
		-0.06740178912878036,
		0.9829345941543579
	],
	"6. right_hip": [
		0.45716148614883423,
		0.5583242774009705,
		0.06485836952924728,
		0.9995326995849609
	],
	"7. right_knee": [
		0.4295390248298645,
		0.7036598324775696,
		0.04175402969121933,
		0.9622673988342285
	],
	"8. right_ankle": [
		0.43466901779174805,
		0.8675984740257263,
		0.07227746397256851,
		0.9410405158996582
	],
	"14. left_shoulder": [
		0.5175885558128357,
		0.3609314262866974,
		0.019579967483878136,
		0.9998003840446472
	],
	"15. left_elbow": [
		0.5266862511634827,
		0.3950994610786438,
		-0.1354057490825653,
		0.9209443926811218
	],
	"16. left_wrist": [
		0.5078049898147583,
		0.3256267011165619,
		-0.24373669922351837,
		0.8811378479003906
	],
	"19. right_shoulder": [
		0.4747752547264099,
		0.394389271736145,
		0.1796577274799347,
		0.9984752535820007
	],
	"20. right_elbow": [
		0.4299510419368744,
		0.4495391845703125,
		0.2019772231578827,
		0.5376253724098206
	],
	"21. right_wrist": [
		0.376289427280426,
		0.4639635682106018,
		0.14034466445446014,
		0.6286988854408264
	],
	"24. nose": [
		0.48458924889564514,
		0.29893895983695984,
		0.007793794386088848,
		0.9998778104782104
	],
	"25. left_eye": [
		0.4923783838748932,
		0.2893649935722351,
		0.01297672837972641,
		0.9998105764389038
	],
	"26. right_eye": [
		0.48107606172561646,
		0.2925751507282257,
		0.026510531082749367,
		0.9997836351394653
	],
	"27. left_ear": [
		0.5055650472640991,
		0.29797688126564026,
		0.05218473821878433,
		0.9997706413269043
	],
	"28. right_ear": [
		0.4830440580844879,
		0.30302053689956665,
		0.11724333465099335,
		0.9996849894523621
	],
	"time stamp": 30.0
}