{
	"1. left_hip": [
		0.47500038146972656,
		0.5573879480361938,
		-0.06512264162302017,
		0.9997163414955139
	],
	"2. left_knee": [
		0.45616745948791504,
		0.7250860333442688,
		-0.1407228261232376,
		0.9782516360282898
	],
	"3. left_ankle": [
		0.5420330762863159,
		0.8173223733901978,
		-0.07968130707740784,
		0.9833279848098755
	],
	"6. right_hip": [
		0.45161348581314087,
		0.5571666955947876,
		0.0649690181016922,
		0.999578058719635
	],
	"7. right_knee": [
		0.4315508008003235,
		0.7071569561958313,
		0.039305977523326874,
		0.9551990628242493
	],
	"8. right_ankle": [
		0.4342060685157776,
		0.87115079164505,
		0.07315517961978912,
		0.9441951513290405
	],
	"14. left_shoulder": [
		0.5134118795394897,
		0.3630876839160919,
		0.02396395243704319,
		0.9998181462287903
	],
	"15. left_elbow": [
		0.5265334248542786,
		0.3874787986278534,
		-0.1394464522600174,
		0.9276880621910095
	],
	"16. left_wrist": [
		0.5007441639900208,
		0.34546056389808655,
		-0.2506999671459198,
		0.8845577836036682
	],
	"19. right_shoulder": [
		0.4679994583129883,
		0.3973870575428009,
		0.1850341111421585,
		0.9986249804496765
	],
	"20. right_elbow": [
		0.41965070366859436,
		0.4557246267795563,
		0.20858092606067657,
		0.5651277303695679
	],
	"21. right_wrist": [
		0.369152694940567,
		0.46286582946777344,
		0.15551263093948364,
		0.6527577638626099
	],
	"24. nose": [
		0.47972598671913147,
		0.30050623416900635,
		0.0152274863794446,
		0.9998887777328491
	],
	"25. left_eye": [
		0.4874533712863922,
		0.2904796302318573,
		0.021181607618927956,
		0.999826967716217
	],
	"26. right_eye": [
		0.47630763053894043,
		0.29329925775527954,
		0.03501574322581291,
		0.999800980091095
	],
	"27. left_ear": [
		0.5004754662513733,
		0.29845312237739563,
		0.06026049703359604,
		0.9997905492782593
	],
	"28. right_ear": [
		0.4775300621986389,
		0.3049136698246002,
		0.126779243350029,
		0.9997116923332214
	],
	"time stamp": 30.0
}