{
	"1. left_hip": [
		0.46292105317115784,
		0.5613874793052673,
		-0.07551352679729462,
		0.9997871518135071
	],
	"2. left_knee": [
		0.4046183228492737,
		0.6819159388542175,
		-0.12772203981876373,
		0.981519341468811
	],
	"3. left_ankle": [
		0.4762069582939148,
		0.7492494583129883,
		-0.08154859393835068,
		0.9855052828788757
	],
	"6. right_hip": [
		0.44204625487327576,
		0.5625697374343872,
		0.07542453706264496,
		0.9997042417526245
	],
	"7. right_knee": [
		0.4194474220275879,
		0.7087761759757996,
		0.04311903938651085,
		0.9150117635726929
	],
	"8. right_ankle": [
		0.4340745508670807,
		0.8743773698806763,
		0.058537643402814865,
		0.9531355500221252
	],
	"14. left_shoulder": [
		0.4932416081428528,
		0.3557834327220917,
		-0.034248821437358856,
		0.9998734593391418
	],
	"15. left_elbow": [
		0.5269808769226074,
		0.3930780291557312,
		-0.17986264824867249,
		0.9508101940155029
	],
	"16. left_wrist": [
		0.4751841127872467,
		0.4182876646518707,
		-0.2778088450431824,
		0.9129220843315125
	],
	"19. right_shoulder": [
		0.4447062909603119,
		0.40384602546691895,
		0.1637508124113083,
		0.998997151851654
	],
	"20. right_elbow": [
		0.4089849591255188,
		0.47874578833580017,
		0.2724178433418274,
		0.6210491061210632
	],
	"21. right_wrist": [
		0.37261930108070374,
		0.43140560388565063,
		0.29006728529930115,
		0.7514039874076843
	],
	"24. nose": [
		0.4573970437049866,
		0.3020508289337158,
		-0.048749979585409164,
		0.999908447265625
	],
	"25. left_eye": [
		0.46584001183509827,
		0.29233211278915405,
		-0.04096661135554314,
		0.9998571276664734
	],
	"26. right_eye": [
		0.4548801779747009,
		0.29397496581077576,
		-0.028768479824066162,
		0.9998071193695068
	],
	"27. left_ear": [
		0.47680526971817017,
		0.3004385530948639,
		0.015145650133490562,
		0.9998279809951782
	],
	"28. right_ear": [
		0.4557228088378906,
		0.30597299337387085,
		0.07105670869350433,
		0.9997125864028931
	],
	"time stamp": 30.0
}