{
	"1. left_hip": [
		0.45854049921035767,
		0.5506232976913452,
		-0.08147941529750824,
		0.9997967481613159
	],
	"2. left_knee": [
		0.38708680868148804,
		0.6472088098526001,
		-0.15083062648773193,
		0.9844313859939575
	],
	"3. left_ankle": [
		0.4433286190032959,
		0.7620827555656433,
		-0.13288851082324982,
		0.9874048233032227
	],
	"6. right_hip": [
		0.4468209147453308,
		0.5610920786857605,
		0.08138222992420197,
		0.9997552037239075
	],
	"7. right_knee": [
		0.42263394594192505,
		0.7123315334320068,
		0.028696749359369278,
		0.883090078830719
	],
	"8. right_ankle": [
		0.4304370880126953,
		0.8723817467689514,
		0.01628047414124012,
		0.9570987820625305
	],
	"14. left_shoulder": [
		0.4813673496246338,
		0.34717386960983276,
		-0.015107961371541023,
		0.9999049305915833
	],
	"15. left_elbow": [
		0.5274301171302795,
		0.34815505146980286,
		-0.13627371191978455,
		0.9640424847602844
	],
	"16. left_wrist": [
		0.4915098547935486,
		0.4235169291496277,
		-0.20102369785308838,
		0.9353868961334229
	],
	"19. right_shoulder": [
		0.44255954027175903,
		0.39717406034469604,
		0.1961895227432251,
		0.9989928007125854
	],
	"20. right_elbow": [
		0.4068008065223694,
		0.4730815887451172,
		0.2900727689266205,
		0.6797630190849304
	],
	"21. right_wrist": [
		0.39401865005493164,
		0.3834860026836395,
		0.3035285174846649,
		0.8152157068252563
	],
	"24. nose": [
		0.4446570873260498,
		0.29785823822021484,
		-0.009906171821057796,
		0.9999168515205383
	],
	"25. left_eye": [
		0.45240116119384766,
		0.2880759835243225,
		-0.009491085074841976,
		0.9998776912689209
	],
	"26. right_eye": [
		0.44322913885116577,
		0.29160040616989136,
		0.004744826350361109,
		0.9998269081115723
	],
	"27. left_ear": [
		0.4626135230064392,
		0.29701757431030273,
		0.028253620490431786,
		0.9998502135276794
	],
	"28. right_ear": [
		0.4447992444038391,
		0.3028351962566376,
		0.09791967272758484,
		0.9997382760047913
	],
	"time stamp": 30.0
}