{
	"1. left_hip": [
		0.4554623067378998,
		0.542529821395874,
		-0.08356713503599167,
		0.9998079538345337
	],
	"2. left_knee": [
		0.3948332667350769,
		0.6608597636222839,
		-0.13975819945335388,
		0.985893726348877
	],
	"3. left_ankle": [
		0.4417279362678528,
		0.8067973852157593,
		-0.1307317316532135,
		0.9876497387886047
	],
	"6. right_hip": [
		0.4489066004753113,
		0.5489864349365234,
		0.08343405276536942,
		0.9997745156288147
	],
	"7. right_knee": [
		0.4225578308105469,
		0.7030952572822571,
		0.05527068302035332,
		0.8347883224487305
	],
	"8. right_ankle": [
		0.4302138388156891,
		0.8527988791465759,
		0.0405258946120739,
		0.9379599690437317
	],
	"14. left_shoulder": [
		0.474728524684906,
		0.3252308964729309,
		-0.040668997913599014,
		0.9999219179153442
	],
	"15. left_elbow": [
		0.49512845277786255,
		0.35388070344924927,
		-0.17961956560611725,
		0.9707679748535156
	],
	"16. left_wrist": [
		0.499711275100708,
		0.42289113998413086,
		-0.30238980054855347,
		0.9472704529762268
	],
	"19. right_shoulder": [
		0.4431453347206116,
		0.36024394631385803,
		0.20114269852638245,
		0.9990705847740173
	],
	"20. right_elbow": [
		0.4241863787174225,
		0.4336533844470978,
		0.28818199038505554,
		0.6958078742027283
	],
	"21. right_wrist": [
		0.4183880686759949,
		0.39494967460632324,
		0.33542537689208984,
		0.8440160751342773
	],
	"24. nose": [
		0.4398297667503357,
		0.2853817641735077,
		0.006314034108072519,
		0.9999266266822815
	],
	"25. left_eye": [
		0.4467005729675293,
		0.2743317186832428,
		0.002846342045813799,
		0.9998952746391296
	],
	"26. right_eye": [
		0.4391964077949524,
		0.2778390944004059,
		0.020895235240459442,
		0.9998485445976257
	],
	"27. left_ear": [
		0.45605984330177307,
		0.2806779146194458,
		0.021576017141342163,
		0.999872624874115
	],
	"28. right_ear": [
		0.4409545361995697,
		0.2861170470714569,
		0.1054958701133728,
		0.999774694442749
	],
	"time stamp": 30.0
}