{
	"1. left_hip": [
		0.45357194542884827,
		0.5205557346343994,
		-0.08656314015388489,
		0.9998233318328857
	],
	"2. left_knee": [
		0.4243476986885071,
		0.692136824131012,
		-0.13196274638175964,
		0.9861792922019958
	],
	"3. left_ankle": [
		0.44515806436538696,
		0.8664653301239014,
		-0.20100529491901398,
		0.9879053831100464
	],
	"6. right_hip": [
		0.44758549332618713,
		0.5311733484268188,
		0.08648698776960373,
		0.9997335076332092
	],
	"7. right_knee": [
		0.4229622781276703,
		0.6905103921890259,
		0.0517609529197216,
		0.7928076386451721
	],
	"8. right_ankle": [
		0.43623629212379456,
		0.841428816318512,
		0.007538063917309046,
		0.8906115293502808
	],
	"14. left_shoulder": [
		0.44781938195228577,
		0.31040823459625244,
		-0.008429963141679764,
		0.9999414682388306
	],
	"15. left_elbow": [
		0.45263656973838806,
		0.379172682762146,
		-0.10850417613983154,
		0.9752864241600037
	],
	"16. left_wrist": [
		0.43897706270217896,
		0.4143860340118408,
		-0.18630608916282654,
		0.9544736742973328
	],
	"19. right_shoulder": [
		0.4464990198612213,
		0.344847172498703,
		0.2349235564470291,
		0.9991752505302429
	],
	"20. right_elbow": [
		0.44116097688674927,
		0.40959692001342773,
		0.3136608600616455,
		0.5553449988365173
	],
	"21. right_wrist": [
		0.423083633184433,
		0.4190540015697479,
		0.33387163281440735,
		0.7435595393180847
	],
	"24. nose": [
		0.43682464957237244,
		0.27392566204071045,
		0.08224836736917496,
		0.999921441078186
	],
	"25. left_eye": [
		0.4440721571445465,
		0.2617848813533783,
		0.07487934082746506,
		0.9999057650566101
	],
	"26. right_eye": [
		0.440474271774292,
		0.2631714344024658,
		0.09298104792833328,
		0.9998507499694824
	],
	"27. left_ear": [
		0.4520750045776367,
		0.27012839913368225,
		0.07256902009248734,
		0.9998904466629028
	],
	"28. right_ear": [
		0.44608229398727417,
		0.2711229920387268,
		0.1534689962863922,
		0.9998041391372681
	],
	"time stamp": 30.0
}