{
	"1. left_hip": [
		0.45007506012916565,
		0.5230787396430969,
		-0.08998560160398483,
		0.9998053908348083
	],
	"2. left_knee": [
		0.4272000193595886,
		0.6942688822746277,
		-0.11987634003162384,
		0.9831973314285278
	],
	"3. left_ankle": [
		0.44513100385665894,
		0.870916485786438,
		-0.17855636775493622,
		0.9856898784637451
	],
	"6. right_hip": [
		0.4486376643180847,
		0.5273433327674866,
		0.09005899727344513,
		0.9996579885482788
	],
	"7. right_knee": [
		0.4287218451499939,
		0.6903181076049805,
		0.07891648262739182,
		0.745173990726471
	],
	"8. right_ankle": [
		0.4393227696418762,
		0.8420923948287964,
		0.07398498803377151,
		0.8469600677490234
	],
	"14. left_shoulder": [
		0.4490787982940674,
		0.31377342343330383,
		-0.08217388391494751,
		0.9999426007270813
	],
	"15. left_elbow": [
		0.43229585886001587,
		0.3927338123321533,
		-0.06892883032560349,
		0.9758321046829224
	],
	"16. left_wrist": [
		0.4232518672943115,
		0.4130517244338989,
		0.05177243426442146,
		0.943113386631012
	],
	"19. right_shoulder": [
		0.4539833068847656,
		0.33561956882476807,
		0.2016904652118683,
		0.9990754127502441
	],
	"20. right_elbow": [
		0.44428300857543945,
		0.3994905352592468,
		0.29792046546936035,
		0.5048181414604187
	],
	"21. right_wrist": [
		0.42686930298805237,
		0.3988758623600006,
		0.3266586363315582,
		0.6781070232391357
	],
	"24. nose": [
		0.4387151300907135,
		0.2641027569770813,
		0.0713573470711708,
		0.9998911023139954
	],
	"25. left_eye": [
		0.4462297856807709,
		0.2541080415248871,
		0.023094797506928444,
		0.9998844861984253
	],
	"26. right_eye": [
		0.4421960413455963,
		0.2530282437801361,
		0.05054805427789688,
		0.9998059272766113
	],
	"27. left_ear": [
		0.4542384147644043,
		0.26434043049812317,
		-0.009133830666542053,
		0.9998841285705566
	],
	"28. right_ear": [
		0.44691306352615356,
		0.262737900018692,
		0.09113501012325287,
		0.9997526407241821
	],
	"time stamp": 30.0
}