{
	"1. left_hip": [
		0.4554356038570404,
		0.5298416018486023,
		-0.08657753467559814,
		0.9998005032539368
	],
	"2. left_knee": [
		0.4330524504184723,
		0.6941312551498413,
		-0.16188760101795197,
		0.981636106967926
	],
	"3. left_ankle": [
		0.4482026696205139,
		0.866733193397522,
		-0.1809227168560028,
		0.9841175675392151
	],
	"6. right_hip": [
		0.4315187931060791,
		0.5335350632667542,
		0.08654863387346268,
		0.9996423125267029
	],
	"7. right_knee": [
		0.4221509099006653,
		0.6918439865112305,
		0.05332346633076668,
		0.6489221453666687
	],
	"8. right_ankle": [
		0.43697112798690796,
		0.8592350482940674,
		0.054782621562480927,
		0.8012314438819885
	],
	"14. left_shoulder": [
		0.4701922535896301,
		0.3209739029407501,
		-0.07497213780879974,
		0.9999191164970398
	],
	"15. left_elbow": [
		0.41971516609191895,
		0.3637925386428833,
		-0.08240878582000732,
		0.9799984097480774
	],
	"16. left_wrist": [
		0.3631148338317871,
		0.3888320028781891,
		0.004941622726619244,
		0.9115553498268127
	],
	"19. right_shoulder": [
		0.4359129071235657,
		0.3381948173046112,
		0.1663827747106552,
		0.999059796333313
	],
	"20. right_elbow": [
		0.40750741958618164,
		0.3987939655780792,
		0.11882082372903824,
		0.4381076693534851
	],
	"21. right_wrist": [
		0.39066779613494873,
		0.42186635732650757,
		-0.06462488323450089,
		0.5969662070274353
	],
	"24. nose": [
		0.4513689875602722,
		0.24366053938865662,
		-0.04064764827489853,
		0.9999063611030579
	],
	"25. left_eye": [
		0.4607674181461334,
		0.24024872481822968,
		-0.03665699064731598,
		0.9998982548713684
	],
	"26. right_eye": [
		0.4529650807380676,
		0.23570753633975983,
		-0.02080063708126545,
		0.9998442530632019
	],
	"27. left_ear": [
		0.46937456727027893,
		0.2593080401420593,
		-0.00417438754811883,
		0.9999045133590698
	],
	"28. right_ear": [
		0.45466309785842896,
		0.2506004869937897,
		0.06902870535850525,
		0.9997757077217102
	],
	"time stamp": 30.0
}