{
	"1. left_hip": [
		0.4574679434299469,
		0.5286800861358643,
		-0.04841100424528122,
		0.9997681379318237
	],
	"2. left_knee": [
		0.440652072429657,
		0.6934554576873779,
		-0.0873260349035263,
		0.9819901585578918
	],
	"3. left_ankle": [
		0.44999948143959045,
		0.8616933822631836,
		-0.0382772833108902,
		0.9850382804870605
	],
	"6. right_hip": [
		0.4244096875190735,
		0.5287885665893555,
		0.04828987643122673,
		0.9996405243873596
	],
	"7. right_knee": [
		0.4183698296546936,
		0.689983069896698,
		0.00898287259042263,
		0.6985365152359009
	],
	"8. right_ankle": [
		0.42753520607948303,
		0.8602504134178162,
		0.049235425889492035,
		0.836530327796936
	],
	"14. left_shoulder": [
		0.48856598138809204,
		0.3314666748046875,
		-0.03978775441646576,
		0.9998158812522888
	],
	"15. left_elbow": [
		0.4495770335197449,
		0.37950143218040466,
		-0.16203573346138,
		0.9793664813041687
	],
	"16. left_wrist": [
		0.3957440257072449,
		0.3552820384502411,
		-0.2934134304523468,
		0.919781506061554
	],
	"19. right_shoulder": [
		0.4296146035194397,
		0.3274901211261749,
		0.10455916076898575,
		0.9992256760597229
	],
	"20. right_elbow": [
		0.38701602816581726,
		0.38793766498565674,
		0.0908242017030716,
		0.5005693435668945
	],
	"21. right_wrist": [
		0.35719725489616394,
		0.44605082273483276,
		-0.024394400417804718,
		0.656283438205719
	],
	"24. nose": [
		0.4603700637817383,
		0.24200263619422913,
		-0.08407299220561981,
		0.9999036192893982
	],
	"25. left_eye": [
		0.4690190851688385,
		0.23846375942230225,
		-0.07221759855747223,
		0.9998735785484314
	],
	"26. right_eye": [
		0.45874685049057007,
		0.23437364399433136,
		-0.0648147314786911,
		0.999843180179596
	],
	"27. left_ear": [
		0.4782557487487793,
		0.2552189826965332,
		0.00020323137869127095,
		0.9998571276664734
	],
	"28. right_ear": [
		0.45630669593811035,
		0.24652475118637085,
		0.029399018734693527,
		0.9997533559799194
	],
	"time stamp": 30.0
}