{
	"1. left_hip": [
		0.5711842775344849,
		0.5445667505264282,
		-0.044376879930496216,
		0.9997018575668335
	],
	"2. left_knee": [
		0.5903834104537964,
		0.7139231562614441,
		-0.05998270958662033,
		0.9927889108657837
	],
	"3. left_ankle": [
		0.6082601547241211,
		0.8618380427360535,
		0.0020072124898433685,
		0.9916512966156006
	],
	"6. right_hip": [
		0.5351315140724182,
		0.554711103439331,
		0.044368237257003784,
		0.9995371103286743
	],
	"7. right_knee": [
		0.5229116678237915,
		0.7154442667961121,
		0.041981447488069534,
		0.9352537393569946
	],
	"8. right_ankle": [
		0.5329155325889587,
		0.852663516998291,
		0.13105812668800354,
		0.963251531124115
	],
	"14. left_shoulder": [
		0.5718074440956116,
		0.3484298288822174,
		-0.06293963640928268,
		0.9999235272407532
	],
	"15. left_elbow": [
		0.6155178546905518,
		0.3985043466091156,
		-0.0714232474565506,
		0.9813971519470215
	],
	"16. left_wrist": [
		0.5870351791381836,
		0.4627545177936554,
		-0.15836873650550842,
		0.947409451007843
	],
	"19. right_shoulder": [
		0.5104612112045288,
		0.36734119057655334,
		0.053152017295360565,
		0.9990683794021606
	],
	"20. right_elbow": [
		0.4840829372406006,
		0.45151016116142273,
		0.04854419082403183,
		0.8921035528182983
	],
	"21. right_wrist": [
		0.457862913608551,
		0.3812422752380371,
		-0.1006806269288063,
		0.889341413974762
	],
	"24. nose": [
		0.5453233122825623,
		0.2690356373786926,
		-0.17289455235004425,
		0.9999606609344482
	],
	"25. left_eye": [
		0.5528672337532043,
		0.2656393349170685,
		-0.1604168564081192,
		0.9999294877052307
	],
	"26. right_eye": [
		0.5389643907546997,
		0.2617548704147339,
		-0.15654882788658142,
		0.999906599521637
	],
	"27. left_ear": [
		0.5574432015419006,
		0.28071656823158264,
		-0.08106940984725952,
		0.9999139308929443
	],
	"28. right_ear": [
		0.5316267013549805,
		0.2713962495326996,
		-0.06449981033802032,
		0.9997287392616272
	],
	"time stamp": 30.0
}