{
	"1. left_hip": [
		0.5829390287399292,
		0.5401042699813843,
		-0.04356099292635918,
		0.9996507167816162
	],
	"2. left_knee": [
		0.5972335934638977,
		0.7112516760826111,
		-0.06111956387758255,
		0.994097888469696
	],
	"3. left_ankle": [
		0.6084467768669128,
		0.8588200807571411,
		0.055644452571868896,
		0.9921574592590332
	],
	"6. right_hip": [
		0.5470873117446899,
		0.548463761806488,
		0.043556369841098785,
		0.999435305595398
	],
	"7. right_knee": [
		0.5475126504898071,
		0.7148993015289307,
		0.01896086521446705,
		0.9518998265266418
	],
	"8. right_ankle": [
		0.5786223411560059,
		0.8504264950752258,
		0.1482863426208496,
		0.9692291617393494
	],
	"14. left_shoulder": [
		0.5902783870697021,
		0.33857303857803345,
		-0.03832394629716873,
		0.9999474287033081
	],
	"15. left_elbow": [
		0.6167688965797424,
		0.4267347455024719,
		-0.12661845982074738,
		0.987302303314209
	],
	"16. left_wrist": [
		0.5941311120986938,
		0.4017881155014038,
		-0.31573960185050964,
		0.9645628929138184
	],
	"19. right_shoulder": [
		0.5322052240371704,
		0.3628728985786438,
		0.07086826860904694,
		0.9993112087249756
	],
	"20. right_elbow": [
		0.5199512243270874,
		0.45903533697128296,
		0.02758440002799034,
		0.9043990969657898
	],
	"21. right_wrist": [
		0.49684613943099976,
		0.4118967354297638,
		-0.1857481300830841,
		0.924721896648407
	],
	"24. nose": [
		0.5654694437980652,
		0.2603481411933899,
		-0.15322741866111755,
		0.9999712705612183
	],
	"25. left_eye": [
		0.572230339050293,
		0.25658556818962097,
		-0.13996002078056335,
		0.9999485611915588
	],
	"26. right_eye": [
		0.5598319172859192,
		0.2532072365283966,
		-0.13599097728729248,
		0.9999321103096008
	],
	"27. left_ear": [
		0.577568769454956,
		0.26946598291397095,
		-0.061689507216215134,
		0.9999405145645142
	],
	"28. right_ear": [
		0.5521791577339172,
		0.26288902759552,
		-0.03705127164721489,
		0.9998092651367188
	],
	"time stamp": 30.0
}