{
	"1. left_hip": [
		0.5859861373901367,
		0.5371572971343994,
		-0.043488435447216034,
		0.9996463656425476
	],
	"2. left_knee": [
		0.5976294279098511,
		0.7070751786231995,
		-0.06195574253797531,
		0.9944056272506714
	],
	"3. left_ankle": [
		0.6088951826095581,
		0.850193977355957,
		0.05851925536990166,
		0.9923170208930969
	],
	"6. right_hip": [
		0.5504819750785828,
		0.5466868877410889,
		0.0435025617480278,
		0.9994384050369263
	],
	"7. right_knee": [
		0.5505257844924927,
		0.7089875340461731,
		0.008645856752991676,
		0.9550952315330505
	],
	"8. right_ankle": [
		0.5841761231422424,
		0.8504193425178528,
		0.1374620497226715,
		0.9707813858985901
	],
	"14. left_shoulder": [
		0.5925286412239075,
		0.33909720182418823,
		-0.018171919509768486,
		0.9999517798423767
	],
	"15. left_elbow": [
		0.6132971048355103,
		0.44022586941719055,
		-0.11915765702724457,
		0.988222599029541
	],
	"16. left_wrist": [
		0.5986109972000122,
		0.39156022667884827,
		-0.3060625195503235,
		0.9678242206573486
	],
	"19. right_shoulder": [
		0.5346202254295349,
		0.3579883575439453,
		0.07623374462127686,
		0.9993681311607361
	],
	"20. right_elbow": [
		0.5256963968276978,
		0.4566594958305359,
		0.02424071729183197,
		0.8964751362800598
	],
	"21. right_wrist": [
		0.503399670124054,
		0.41761451959609985,
		-0.18387970328330994,
		0.9303098320960999
	],
	"24. nose": [
		0.5700293183326721,
		0.25894829630851746,
		-0.1457187533378601,
		0.9999738335609436
	],
	"25. left_eye": [
		0.5765745639801025,
		0.25559401512145996,
		-0.12902890145778656,
		0.9999532699584961
	],
	"26. right_eye": [
		0.5644659399986267,
		0.2516525983810425,
		-0.128197580575943,
		0.9999380111694336
	],
	"27. left_ear": [
		0.5810633897781372,
		0.2686534523963928,
		-0.03484514355659485,
		0.9999461770057678
	],
	"28. right_ear": [
		0.555786669254303,
		0.26073840260505676,
		-0.026146695017814636,
		0.9998270869255066
	],
	"time stamp": 30.0
}