{
	"1. left_hip": [
		0.5885764360427856,
		0.536022424697876,
		-0.045647554099559784,
		0.9996489882469177
	],
	"2. left_knee": [
		0.5987834334373474,
		0.7040760517120361,
		-0.06393420696258545,
		0.9946783185005188
	],
	"3. left_ankle": [
		0.6102570295333862,
		0.8466416001319885,
		0.05738557130098343,
		0.9925019145011902
	],
	"6. right_hip": [
		0.5526003837585449,
		0.5454753637313843,
		0.045657504349946976,
		0.9994474053382874
	],
	"7. right_knee": [
		0.5529483556747437,
		0.7059885263442993,
		0.009912574663758278,
		0.9576123356819153
	],
	"8. right_ankle": [
		0.5883430242538452,
		0.8494027853012085,
		0.13946321606636047,
		0.9717483520507812
	],
	"14. left_shoulder": [
		0.5961058139801025,
		0.33945706486701965,
		-0.023280667141079903,
		0.999955952167511
	],
	"15. left_elbow": [
		0.6137298941612244,
		0.44109565019607544,
		-0.13844767212867737,
		0.9891558885574341
	],
	"16. left_wrist": [
		0.6003302931785583,
		0.3831382691860199,
		-0.33565032482147217,
		0.9708568453788757
	],
	"19. right_shoulder": [
		0.5366334915161133,
		0.3528877794742584,
		0.07554131746292114,
		0.9994205236434937
	],
	"20. right_elbow": [
		0.5283952951431274,
		0.4553256034851074,
		0.01570916548371315,
		0.8896890878677368
	],
	"21. right_wrist": [
		0.5075161457061768,
		0.4189765155315399,
		-0.1966271698474884,
		0.9354100227355957
	],
	"24. nose": [
		0.5731691122055054,
		0.25592949986457825,
		-0.14505034685134888,
		0.9999762773513794
	],
	"25. left_eye": [
		0.5795954465866089,
		0.2520332634449005,
		-0.12811626493930817,
		0.9999576210975647
	],
	"26. right_eye": [
		0.5676072835922241,
		0.24806910753250122,
		-0.12807080149650574,
		0.9999436140060425
	],
	"27. left_ear": [
		0.5841034650802612,
		0.2652745246887207,
		-0.03539588302373886,
		0.9999513626098633
	],
	"28. right_ear": [
		0.5587608814239502,
		0.2573421895503998,
		-0.024651581421494484,
		0.9998435378074646
	],
	"time stamp": 30.0
}