{
	"1. left_hip": [
		0.6024882793426514,
		0.5632631182670593,
		-0.06188435107469559,
		0.9996788501739502
	],
	"2. left_knee": [
		0.5953565239906311,
		0.7222360968589783,
		-0.12336572259664536,
		0.9937179684638977
	],
	"3. left_ankle": [
		0.6202555894851685,
		0.8589651584625244,
		-0.04872804135084152,
		0.9917539358139038
	],
	"6. right_hip": [
		0.5700675249099731,
		0.5748831629753113,
		0.0618940070271492,
		0.9994525909423828
	],
	"7. right_knee": [
		0.5466836094856262,
		0.7152138352394104,
		0.021583514288067818,
		0.9424629807472229
	],
	"8. right_ankle": [
		0.5921049118041992,
		0.8406133651733398,
		0.1638564169406891,
		0.9530759453773499
	],
	"14. left_shoulder": [
		0.599354088306427,
		0.3692806363105774,
		-0.06465508043766022,
		0.9999632835388184
	],
	"15. left_elbow": [
		0.6299651861190796,
		0.40543869137763977,
		-0.16611924767494202,
		0.9931319355964661
	],
	"16. left_wrist": [
		0.6169036030769348,
		0.32854101061820984,
		-0.2953687310218811,
		0.9812282919883728
	],
	"19. right_shoulder": [
		0.5389302968978882,
		0.3750362694263458,
		0.07419826835393906,
		0.9994469285011292
	],
	"20. right_elbow": [
		0.4930742383003235,
		0.3863152265548706,
		0.1671309769153595,
		0.9149687886238098
	],
	"21. right_wrist": [
		0.5041311383247375,
		0.3186890780925751,
		0.2192305624485016,
		0.9560139179229736
	],
	"24. nose": [
		0.5791901350021362,
		0.2856588065624237,
		-0.15124697983264923,
		0.9999814033508301
	],
	"25. left_eye": [
		0.5845533609390259,
		0.2832460105419159,
		-0.13707348704338074,
		0.9999675750732422
	],
	"26. right_eye": [
		0.5738010406494141,
		0.2777710556983948,
		-0.12968158721923828,
		0.9999549388885498
	],
	"27. left_ear": [
		0.5883660316467285,
		0.29731640219688416,
		-0.06231769919395447,
		0.9999625086784363
	],
	"28. right_ear": [
		0.5663112998008728,
		0.28973767161369324,
		-0.029395025223493576,
		0.9998970627784729
	],
	"time stamp": 30.0
}