{
	"1. left_hip": [
		0.6010561585426331,
		0.5631754398345947,
		-0.05496234446763992,
		0.9996522665023804
	],
	"2. left_knee": [
		0.5947021842002869,
		0.72040855884552,
		-0.09151960909366608,
		0.9920321106910706
	],
	"3. left_ankle": [
		0.6188911199569702,
		0.8584474921226501,
		-0.03393000364303589,
		0.9894335269927979
	],
	"6. right_hip": [
		0.5696926116943359,
		0.5737549066543579,
		0.05503521114587784,
		0.9994085431098938
	],
	"7. right_knee": [
		0.5534493327140808,
		0.7198479771614075,
		0.016726795583963394,
		0.9267956018447876
	],
	"8. right_ankle": [
		0.5983235239982605,
		0.8390970230102539,
		0.10636202245950699,
		0.9351381063461304
	],
	"14. left_shoulder": [
		0.6028390526771545,
		0.3669488728046417,
		-0.02736690081655979,
		0.9999611973762512
	],
	"15. left_elbow": [
		0.6351430416107178,
		0.41934484243392944,
		-0.10115329176187515,
		0.9940810799598694
	],
	"16. left_wrist": [
		0.6241463422775269,
		0.3403042256832123,
		-0.19911250472068787,
		0.9834638237953186
	],
	"19. right_shoulder": [
		0.540273904800415,
		0.3744858205318451,
		0.05408741906285286,
		0.9994772672653198
	],
	"20. right_elbow": [
		0.5022047758102417,
		0.4132007658481598,
		0.009770680218935013,
		0.9294204711914062
	],
	"21. right_wrist": [
		0.5036929845809937,
		0.33746030926704407,
		-0.1268102526664734,
		0.9625539779663086
	],
	"24. nose": [
		0.5827723741531372,
		0.2899712324142456,
		-0.1301632970571518,
		0.9999837279319763
	],
	"25. left_eye": [
		0.5870602130889893,
		0.284587025642395,
		-0.11682303994894028,
		0.9999716281890869
	],
	"26. right_eye": [
		0.5768499374389648,
		0.2808624505996704,
		-0.1144707053899765,
		0.9999608397483826
	],
	"27. left_ear": [
		0.5887179970741272,
		0.2969289720058441,
		-0.04113736376166344,
		0.9999672174453735
	],
	"28. right_ear": [
		0.5674014091491699,
		0.2897099554538727,
		-0.03438936546444893,
		0.9999142289161682
	],
	"time stamp": 30.0
}