{
	"1. left_hip": [
		0.5986201167106628,
		0.5610538125038147,
		-0.054773878306150436,
		0.9996251463890076
	],
	"2. left_knee": [
		0.596807599067688,
		0.7195346355438232,
		-0.08120664209127426,
		0.9916039109230042
	],
	"3. left_ankle": [
		0.6184236407279968,
		0.8585257530212402,
		-0.017045967280864716,
		0.9892169237136841
	],
	"6. right_hip": [
		0.5657966732978821,
		0.5703184604644775,
		0.05479903146624565,
		0.9993714094161987
	],
	"7. right_knee": [
		0.5516400337219238,
		0.7187859416007996,
		0.013448300771415234,
		0.9250890612602234
	],
	"8. right_ankle": [
		0.5963054299354553,
		0.8426441550254822,
		0.10662003606557846,
		0.9307156801223755
	],
	"14. left_shoulder": [
		0.6033901572227478,
		0.36521804332733154,
		-0.03103218972682953,
		0.9999613165855408
	],
	"15. left_elbow": [
		0.6316078901290894,
		0.42848464846611023,
		-0.16283652186393738,
		0.9948526620864868
	],
	"16. left_wrist": [
		0.6285794377326965,
		0.34456074237823486,
		-0.3382532000541687,
		0.9860381484031677
	],
	"19. right_shoulder": [
		0.5413169860839844,
		0.3696960508823395,
		0.055193763226270676,
		0.9994950890541077
	],
	"20. right_elbow": [
		0.5086932182312012,
		0.42552658915519714,
		-0.025891194120049477,
		0.9385003447532654
	],
	"21. right_wrist": [
		0.5023670196533203,
		0.3494657576084137,
		-0.21288618445396423,
		0.9677444100379944
	],
	"24. nose": [
		0.5813198685646057,
		0.2839132845401764,
		-0.13988837599754333,
		0.9999852776527405
	],
	"25. left_eye": [
		0.5865719318389893,
		0.2785436511039734,
		-0.12510225176811218,
		0.9999748468399048
	],
	"26. right_eye": [
		0.5753699541091919,
		0.2745423913002014,
		-0.1226976066827774,
		0.9999648928642273
	],
	"27. left_ear": [
		0.5886279344558716,
		0.2907979190349579,
		-0.043433427810668945,
		0.9999711513519287
	],
	"28. right_ear": [
		0.5667541027069092,
		0.2826206684112549,
		-0.0343921035528183,
		0.9999265074729919
	],
	"time stamp": 30.0
}