{
	"1. left_hip": [
		0.5957587957382202,
		0.560471773147583,
		-0.06237071752548218,
		0.9996533989906311
	],
	"2. left_knee": [
		0.5912799835205078,
		0.7238369584083557,
		-0.1076560989022255,
		0.9914767742156982
	],
	"3. left_ankle": [
		0.6201297044754028,
		0.8612504601478577,
		-0.04235469177365303,
		0.9899170994758606
	],
	"6. right_hip": [
		0.5641988515853882,
		0.5718039870262146,
		0.06241019815206528,
		0.9993744492530823
	],
	"7. right_knee": [
		0.543442964553833,
		0.722210168838501,
		0.033247530460357666,
		0.9241704940795898
	],
	"8. right_ankle": [
		0.5927509069442749,
		0.8401250243186951,
		0.17931750416755676,
		0.9275239706039429
	],
	"14. left_shoulder": [
		0.5980298519134521,
		0.36121436953544617,
		-0.04824414476752281,
		0.9999662637710571
	],
	"15. left_elbow": [
		0.6381080150604248,
		0.3870163857936859,
		-0.10416841506958008,
		0.9960611462593079
	],
	"16. left_wrist": [
		0.6193307042121887,
		0.31377342343330383,
		-0.16089513897895813,
		0.9886857271194458
	],
	"19. right_shoulder": [
		0.5391775369644165,
		0.3664132356643677,
		0.08249280601739883,
		0.9994649291038513
	],
	"20. right_elbow": [
		0.4969421327114105,
		0.37757450342178345,
		0.18267199397087097,
		0.9523649215698242
	],
	"21. right_wrist": [
		0.5057923793792725,
		0.31715109944343567,
		0.2402755469083786,
		0.9714865684509277
	],
	"24. nose": [
		0.5795642137527466,
		0.28240537643432617,
		-0.14804372191429138,
		0.9999861717224121
	],
	"25. left_eye": [
		0.5844558477401733,
		0.27904391288757324,
		-0.1343814879655838,
		0.9999772310256958
	],
	"26. right_eye": [
		0.5737231373786926,
		0.2734709680080414,
		-0.12850217521190643,
		0.9999671578407288
	],
	"27. left_ear": [
		0.5869232416152954,
		0.29154589772224426,
		-0.058593474328517914,
		0.9999741315841675
	],
	"28. right_ear": [
		0.5643290281295776,
		0.28198865056037903,
		-0.030981864780187607,
		0.9999417662620544
	],
	"time stamp": 30.0
}