{
	"1. left_hip": [
		0.5624548196792603,
		0.5894557237625122,
		-0.06274375319480896,
		0.9997959136962891
	],
	"2. left_knee": [
		0.5653324127197266,
		0.7508074641227722,
		-0.06853872537612915,
		0.9946690201759338
	],
	"3. left_ankle": [
		0.6188597083091736,
		0.8623000383377075,
		0.019230978563427925,
		0.9939418435096741
	],
	"6. right_hip": [
		0.5275541543960571,
		0.5895312428474426,
		0.06272490322589874,
		0.9996514916419983
	],
	"7. right_knee": [
		0.4821094572544098,
		0.7021909952163696,
		0.017057817429304123,
		0.9531340599060059
	],
	"8. right_ankle": [
		0.46154746413230896,
		0.8678821921348572,
		0.0800771713256836,
		0.9550339579582214
	],
	"14. left_shoulder": [
		0.5723375082015991,
		0.39059507846832275,
		-0.09950148314237595,
		0.9999601244926453
	],
	"15. left_elbow": [
		0.5438576936721802,
		0.47432953119277954,
		-0.08384815603494644,
		0.9957297444343567
	],
	"16. left_wrist": [
		0.5006621479988098,
		0.4463661313056946,
		-0.05670592933893204,
		0.9846383929252625
	],
	"19. right_shoulder": [
		0.5307111740112305,
		0.3934837877750397,
		0.11353085935115814,
		0.9996336102485657
	],
	"20. right_elbow": [
		0.5228548645973206,
		0.4916326403617859,
		0.09583549946546555,
		0.7742341756820679
	],
	"21. right_wrist": [
		0.5211666822433472,
		0.5146318078041077,
		-0.037032272666692734,
		0.8190130591392517
	],
	"24. nose": [
		0.5600670576095581,
		0.3000071942806244,
		-0.11520300805568695,
		0.9999917149543762
	],
	"25. left_eye": [
		0.56772780418396,
		0.295501708984375,
		-0.10580848157405853,
		0.999985933303833
	],
	"26. right_eye": [
		0.5552629232406616,
		0.29096266627311707,
		-0.09676183015108109,
		0.9999807476997375
	],
	"27. left_ear": [
		0.571928858757019,
		0.30958282947540283,
		-0.04308711737394333,
		0.9999848008155823
	],
	"28. right_ear": [
		0.548388659954071,
		0.3008701801300049,
		-0.00372115196660161,
		0.9999668002128601
	],
	"time stamp": 30.0
}