{
	"1. left_hip": [
		0.5388602018356323,
		0.582169771194458,
		-0.034216202795505524,
		0.9998233914375305
	],
	"2. left_knee": [
		0.5622290372848511,
		0.7473726868629456,
		-0.07011426240205765,
		0.995410680770874
	],
	"3. left_ankle": [
		0.6181330680847168,
		0.8581673502922058,
		0.04281437397003174,
		0.9947936534881592
	],
	"6. right_hip": [
		0.5028138756752014,
		0.5827358961105347,
		0.03400948643684387,
		0.9997055530548096
	],
	"7. right_knee": [
		0.46893149614334106,
		0.7264547348022461,
		0.01514450740069151,
		0.9611181020736694
	],
	"8. right_ankle": [
		0.44018277525901794,
		0.872047483921051,
		0.10239974409341812,
		0.9630855321884155
	],
	"14. left_shoulder": [
		0.561318576335907,
		0.38750165700912476,
		-0.03221094235777855,
		0.9999394416809082
	],
	"15. left_elbow": [
		0.5168557167053223,
		0.4320112466812134,
		-0.06955663859844208,
		0.9918301701545715
	],
	"16. left_wrist": [
		0.4720063805580139,
		0.42536357045173645,
		-0.06317611038684845,
		0.9699692130088806
	],
	"19. right_shoulder": [
		0.5186116695404053,
		0.38651999831199646,
		0.1053711399435997,
		0.9996456503868103
	],
	"20. right_elbow": [
		0.4970124661922455,
		0.4667397439479828,
		0.03804438188672066,
		0.682868480682373
	],
	"21. right_wrist": [
		0.49656373262405396,
		0.4872976541519165,
		-0.12446512281894684,
		0.7291332483291626
	],
	"24. nose": [
		0.5520285367965698,
		0.29802435636520386,
		-0.07604382932186127,
		0.9999913573265076
	],
	"25. left_eye": [
		0.5612959265708923,
		0.2937479317188263,
		-0.06499951332807541,
		0.9999851584434509
	],
	"26. right_eye": [
		0.5479182004928589,
		0.2889645993709564,
		-0.05799005180597305,
		0.9999812841415405
	],
	"27. left_ear": [
		0.5658349990844727,
		0.308347225189209,
		-0.00038838028558529913,
		0.9999848008155823
	],
	"28. right_ear": [
		0.5426973700523376,
		0.2989427447319031,
		0.03053068183362484,
		0.9999656677246094
	],
	"time stamp": 30.0
}