{
	"1. left_hip": [
		0.5278142690658569,
		0.5748475193977356,
		-0.037662796676158905,
		0.9998365640640259
	],
	"2. left_knee": [
		0.5561066269874573,
		0.74314945936203,
		-0.09485974907875061,
		0.9957106709480286
	],
	"3. left_ankle": [
		0.6137636303901672,
		0.8547192811965942,
		0.017939286306500435,
		0.9951330423355103
	],
	"6. right_hip": [
		0.49248266220092773,
		0.5751557946205139,
		0.037448540329933167,
		0.9997305870056152
	],
	"7. right_knee": [
		0.4599892497062683,
		0.7250921726226807,
		0.006578234490007162,
		0.9643085598945618
	],
	"8. right_ankle": [
		0.43953680992126465,
		0.8722134232521057,
		0.07821035385131836,
		0.9664673805236816
	],
	"14. left_shoulder": [
		0.553921639919281,
		0.3839273750782013,
		-0.039740197360515594,
		0.999934196472168
	],
	"15. left_elbow": [
		0.5067262649536133,
		0.3901340365409851,
		-0.08746552467346191,
		0.9912537336349487
	],
	"16. left_wrist": [
		0.463900625705719,
		0.3791584372520447,
		-0.07571414113044739,
		0.968386709690094
	],
	"19. right_shoulder": [
		0.5102158784866333,
		0.3827008605003357,
		0.12104344367980957,
		0.9996660947799683
	],
	"20. right_elbow": [
		0.49086302518844604,
		0.4621388018131256,
		0.09245926886796951,
		0.6525300145149231
	],
	"21. right_wrist": [
		0.4814874231815338,
		0.48291918635368347,
		-0.03114277683198452,
		0.7185772061347961
	],
	"24. nose": [
		0.5451425909996033,
		0.29745039343833923,
		-0.07804076373577118,
		0.9999914765357971
	],
	"25. left_eye": [
		0.5555664300918579,
		0.2931777834892273,
		-0.06773357093334198,
		0.9999850988388062
	],
	"26. right_eye": [
		0.5422112345695496,
		0.2885928750038147,
		-0.05782358720898628,
		0.9999816417694092
	],
	"27. left_ear": [
		0.5608494281768799,
		0.30770057439804077,
		-0.006485289894044399,
		0.9999850988388062
	],
	"28. right_ear": [
		0.5384265780448914,
		0.29779139161109924,
		0.03855716437101364,
		0.999965488910675
	],
	"time stamp": 30.0
}