{
	"1. left_hip": [
		0.4968700408935547,
		0.5413055419921875,
		-0.020629215985536575,
		0.9997720122337341
	],
	"2. left_knee": [
		0.5047993659973145,
		0.7158142328262329,
		-0.07166682928800583,
		0.9958623647689819
	],
	"3. left_ankle": [
		0.5232502222061157,
		0.858186662197113,
		0.0528920516371727,
		0.9943760633468628
	],
	"6. right_hip": [
		0.45615965127944946,
		0.5381696224212646,
		0.020439745858311653,
		0.9997150301933289
	],
	"7. right_knee": [
		0.44526034593582153,
		0.7217512130737305,
		-0.03239663690328598,
		0.9735605716705322
	],
	"8. right_ankle": [
		0.4373789429664612,
		0.877722442150116,
		0.05762851983308792,
		0.9757214188575745
	],
	"14. left_shoulder": [
		0.5239364504814148,
		0.3529408872127533,
		0.03389409929513931,
		0.9999193549156189
	],
	"15. left_elbow": [
		0.5424236059188843,
		0.37684333324432373,
		-0.0563349649310112,
		0.9916569590568542
	],
	"16. left_wrist": [
		0.5439425110816956,
		0.2814083993434906,
		-0.20519991219043732,
		0.9741570353507996
	],
	"19. right_shoulder": [
		0.4568024277687073,
		0.3392893970012665,
		0.08449260890483856,
		0.9997637867927551
	],
	"20. right_elbow": [
		0.41671234369277954,
		0.4016842246055603,
		0.12722113728523254,
		0.7447552680969238
	],
	"21. right_wrist": [
		0.43796664476394653,
		0.468142032623291,
		0.10188110172748566,
		0.7940077781677246
	],
	"24. nose": [
		0.49718913435935974,
		0.2574801445007324,
		-0.09266937524080276,
		0.9999914169311523
	],
	"25. left_eye": [
		0.504950225353241,
		0.25153183937072754,
		-0.0801667869091034,
		0.9999822974205017
	],
	"26. right_eye": [
		0.4939568042755127,
		0.2457805871963501,
		-0.07215473055839539,
		0.9999794363975525
	],
	"27. left_ear": [
		0.5143107175827026,
		0.26648271083831787,
		0.010365188121795654,
		0.9999768733978271
	],
	"28. right_ear": [
		0.4877462387084961,
		0.25669166445732117,
		0.025470757856965065,
		0.9999684691429138
	],
	"time stamp": 30.0
}