{
	"1. left_hip": [
		0.4933515191078186,
		0.5382290482521057,
		-0.013819609768688679,
		0.9997321963310242
	],
	"2. left_knee": [
		0.49625688791275024,
		0.709337055683136,
		-0.0277196504175663,
		0.9955978393554688
	],
	"3. left_ankle": [
		0.5026650428771973,
		0.8589591979980469,
		0.0989789217710495,
		0.9938631057739258
	],
	"6. right_hip": [
		0.4519500732421875,
		0.5349403619766235,
		0.013749497011303902,
		0.9996849894523621
	],
	"7. right_knee": [
		0.443789541721344,
		0.7184681296348572,
		-0.02290676161646843,
		0.9747968912124634
	],
	"8. right_ankle": [
		0.4371653199195862,
		0.8757537603378296,
		0.05906486511230469,
		0.9767360687255859
	],
	"14. left_shoulder": [
		0.5165517330169678,
		0.34867775440216064,
		0.039778418838977814,
		0.999923050403595
	],
	"15. left_elbow": [
		0.5438367128372192,
		0.3807564079761505,
		-0.05335884541273117,
		0.9921396970748901
	],
	"16. left_wrist": [
		0.5478307008743286,
		0.3029201030731201,
		-0.22166307270526886,
		0.9759576320648193
	],
	"19. right_shoulder": [
		0.44795942306518555,
		0.3331758379936218,
		0.06527484953403473,
		0.9997788667678833
	],
	"20. right_elbow": [
		0.40752115845680237,
		0.396398663520813,
		0.09965308010578156,
		0.7682929635047913
	],
	"21. right_wrist": [
		0.4319384694099426,
		0.46107977628707886,
		0.032167959958314896,
		0.8080189824104309
	],
	"24. nose": [
		0.49063801765441895,
		0.25022879242897034,
		-0.12607301771640778,
		0.9999918937683105
	],
	"25. left_eye": [
		0.4989200234413147,
		0.24505926668643951,
		-0.10501483827829361,
		0.9999832510948181
	],
	"26. right_eye": [
		0.48694586753845215,
		0.23972392082214355,
		-0.10703100264072418,
		0.999980628490448
	],
	"27. left_ear": [
		0.5067372918128967,
		0.2584717869758606,
		0.0014499113894999027,
		0.9999778270721436
	],
	"28. right_ear": [
		0.4801298975944519,
		0.25044772028923035,
		-0.008007890544831753,
		0.9999709129333496
	],
	"time stamp": 30.0
}