{
	"1. left_hip": [
		0.48697933554649353,
		0.5317145586013794,
		-0.005608702078461647,
		0.9996712803840637
	],
	"2. left_knee": [
		0.47676509618759155,
		0.6998155117034912,
		-0.022955503314733505,
		0.9933591485023499
	],
	"3. left_ankle": [
		0.46795743703842163,
		0.854572057723999,
		0.08659228682518005,
		0.9909753203392029
	],
	"6. right_hip": [
		0.446959912776947,
		0.5282770395278931,
		0.005635949783027172,
		0.9996320009231567
	],
	"7. right_knee": [
		0.44318094849586487,
		0.7085795402526855,
		-0.028137585148215294,
		0.9741955995559692
	],
	"8. right_ankle": [
		0.435077428817749,
		0.8691710829734802,
		0.07118643820285797,
		0.9750912189483643
	],
	"14. left_shoulder": [
		0.5059439539909363,
		0.3467019498348236,
		0.05826546996831894,
		0.9999304413795471
	],
	"15. left_elbow": [
		0.5335416197776794,
		0.4169940650463104,
		-0.0231260284781456,
		0.992882251739502
	],
	"16. left_wrist": [
		0.5440793037414551,
		0.3221876919269562,
		-0.20003442466259003,
		0.9795390963554382
	],
	"19. right_shoulder": [
		0.43751078844070435,
		0.32113948464393616,
		0.07114947587251663,
		0.9998051524162292
	],
	"20. right_elbow": [
		0.3927990794181824,
		0.3832871615886688,
		0.10071339458227158,
		0.8100171089172363
	],
	"21. right_wrist": [
		0.4215642511844635,
		0.44861680269241333,
		0.056751854717731476,
		0.8350457549095154
	],
	"24. nose": [
		0.4783487319946289,
		0.24096474051475525,
		-0.11963045597076416,
		0.9999926090240479
	],
	"25. left_eye": [
		0.48632383346557617,
		0.23621685802936554,
		-0.09844698011875153,
		0.9999846816062927
	],
	"26. right_eye": [
		0.47358179092407227,
		0.2325466126203537,
		-0.09858405590057373,
		0.9999819397926331
	],
	"27. left_ear": [
		0.49322256445884705,
		0.25066497921943665,
		0.011429255828261375,
		0.9999783635139465
	],
	"28. right_ear": [
		0.46698084473609924,
		0.24457724392414093,
		-0.0004173146444372833,
		0.9999744296073914
	],
	"time stamp": 30.0
}