{
	"1. left_hip": [
		0.4825829863548279,
		0.5298287272453308,
		0.014726711437106133,
		0.9996192455291748
	],
	"2. left_knee": [
		0.4660966992378235,
		0.6987648606300354,
		-0.006461741868406534,
		0.9825690388679504
	],
	"3. left_ankle": [
		0.4475792348384857,
		0.8545516133308411,
		0.08173244446516037,
		0.9817414879798889
	],
	"6. right_hip": [
		0.4425364136695862,
		0.5240964293479919,
		-0.014700626023113728,
		0.9995672702789307
	],
	"7. right_knee": [
		0.43925437331199646,
		0.7033896446228027,
		-0.04504924640059471,
		0.9696207642555237
	],
	"8. right_ankle": [
		0.43039822578430176,
		0.865429162979126,
		0.028233936056494713,
		0.964576005935669
	],
	"14. left_shoulder": [
		0.4980248808860779,
		0.34295347332954407,
		0.08124867081642151,
		0.9999392032623291
	],
	"15. left_elbow": [
		0.5151710510253906,
		0.42786848545074463,
		-0.01937861181795597,
		0.9920892715454102
	],
	"16. left_wrist": [
		0.5346871614456177,
		0.3494516611099243,
		-0.21943065524101257,
		0.9824990034103394
	],
	"19. right_shoulder": [
		0.4315412640571594,
		0.31673464179039,
		0.063534677028656,
		0.9998254776000977
	],
	"20. right_elbow": [
		0.3900238275527954,
		0.36988741159439087,
		0.046762920916080475,
		0.8427636027336121
	],
	"21. right_wrist": [
		0.41862812638282776,
		0.436767578125,
		-0.03005943074822426,
		0.8498756885528564
	],
	"24. nose": [
		0.4661881923675537,
		0.24086354672908783,
		-0.088588185608387,
		0.999992311000824
	],
	"25. left_eye": [
		0.4742189347743988,
		0.23550456762313843,
		-0.06949374079704285,
		0.9999846816062927
	],
	"26. right_eye": [
		0.4616089463233948,
		0.23288758099079132,
		-0.07211695611476898,
		0.9999797344207764
	],
	"27. left_ear": [
		0.4815328121185303,
		0.24867354333400726,
		0.033771734684705734,
		0.9999756813049316
	],
	"28. right_ear": [
		0.45586949586868286,
		0.2458350956439972,
		0.018297281116247177,
		0.9999739527702332
	],
	"time stamp": 30.0
}