{
	"1. left_hip": [
		0.47319015860557556,
		0.521281898021698,
		0.04873161390423775,
		0.9995960593223572
	],
	"2. left_knee": [
		0.4690837264060974,
		0.6938972473144531,
		-0.003126847790554166,
		0.9565781354904175
	],
	"3. left_ankle": [
		0.44506222009658813,
		0.8511866331100464,
		0.04581223428249359,
		0.9566185474395752
	],
	"6. right_hip": [
		0.4347068667411804,
		0.5147148370742798,
		-0.04866119846701622,
		0.9995074272155762
	],
	"7. right_knee": [
		0.43220657110214233,
		0.6975422501564026,
		-0.09223689138889313,
		0.9658737182617188
	],
	"8. right_ankle": [
		0.4174167513847351,
		0.8649316430091858,
		-0.04805051535367966,
		0.9562487602233887
	],
	"14. left_shoulder": [
		0.4811493456363678,
		0.34111592173576355,
		0.15427282452583313,
		0.9999553561210632
	],
	"15. left_elbow": [
		0.49662643671035767,
		0.43864762783050537,
		0.0848810076713562,
		0.9815699458122253
	],
	"16. left_wrist": [
		0.5214818120002747,
		0.37585777044296265,
		-0.10341595113277435,
		0.9871364235877991
	],
	"19. right_shoulder": [
		0.4198080599308014,
		0.3058224022388458,
		0.03460227698087692,
		0.9998647570610046
	],
	"20. right_elbow": [
		0.3923071026802063,
		0.3706586956977844,
		-0.05187097191810608,
		0.8891953229904175
	],
	"21. right_wrist": [
		0.4170950949192047,
		0.42557045817375183,
		-0.18763467669487,
		0.884171187877655
	],
	"24. nose": [
		0.4474952220916748,
		0.24244068562984467,
		-0.06693553179502487,
		0.9999931454658508
	],
	"25. left_eye": [
		0.45551353693008423,
		0.23478050529956818,
		-0.047592636197805405,
		0.9999879598617554
	],
	"26. right_eye": [
		0.4419703483581543,
		0.23339983820915222,
		-0.05498626083135605,
		0.9999820590019226
	],
	"27. left_ear": [
		0.4632725119590759,
		0.2459443360567093,
		0.06492073833942413,
		0.9999802708625793
	],
	"28. right_ear": [
		0.4367447793483734,
		0.2433965504169464,
		0.027683045715093613,
		0.9999791979789734
	],
	"time stamp": 30.0
}