{
	"1. left_hip": [
		0.44833439588546753,
		0.5667365789413452,
		0.07628150284290314,
		0.9996352791786194
	],
	"2. left_knee": [
		0.49715104699134827,
		0.7120344638824463,
		-0.012508626095950603,
		0.9280923008918762
	],
	"3. left_ankle": [
		0.44441452622413635,
		0.8497850894927979,
		0.07521579414606094,
		0.9214425683021545
	],
	"6. right_hip": [
		0.41644662618637085,
		0.5657708644866943,
		-0.07635392248630524,
		0.9995607733726501
	],
	"7. right_knee": [
		0.4341995120048523,
		0.7243975400924683,
		-0.1470281481742859,
		0.9764402508735657
	],
	"8. right_ankle": [
		0.40045279264450073,
		0.8775757551193237,
		-0.11432163417339325,
		0.9679481387138367
	],
	"14. left_shoulder": [
		0.465334415435791,
		0.3715422451496124,
		0.12000485509634018,
		0.9999600648880005
	],
	"15. left_elbow": [
		0.5136218667030334,
		0.3876476287841797,
		0.05282928794622421,
		0.9797502756118774
	],
	"16. left_wrist": [
		0.5092791318893433,
		0.3164973855018616,
		-0.08860978484153748,
		0.987706184387207
	],
	"19. right_shoulder": [
		0.41101837158203125,
		0.3634786903858185,
		-0.06428924947977066,
		0.9999173879623413
	],
	"20. right_elbow": [
		0.3742445111274719,
		0.4320683479309082,
		-0.15972143411636353,
		0.9342013597488403
	],
	"21. right_wrist": [
		0.4131743013858795,
		0.46287116408348083,
		-0.2407776117324829,
		0.9300002455711365
	],
	"24. nose": [
		0.4357178807258606,
		0.28338637948036194,
		-0.1436031609773636,
		0.9999957084655762
	],
	"25. left_eye": [
		0.4427434802055359,
		0.27653104066848755,
		-0.12046666443347931,
		0.9999924302101135
	],
	"26. right_eye": [
		0.429928719997406,
		0.2758041024208069,
		-0.12961037456989288,
		0.9999890923500061
	],
	"27. left_ear": [
		0.4492529332637787,
		0.28752660751342773,
		-0.0027467110194265842,
		0.9999877214431763
	],
	"28. right_ear": [
		0.4244178235530853,
		0.28663063049316406,
		-0.04384521767497063,
		0.9999875426292419
	],
	"time stamp": 30.0
}