{
	"1. left_hip": [
		0.45338135957717896,
		0.5587003231048584,
		0.07293941080570221,
		0.9996670484542847
	],
	"2. left_knee": [
		0.4982423782348633,
		0.7118508815765381,
		-0.03179631382226944,
		0.9216241836547852
	],
	"3. left_ankle": [
		0.44761770963668823,
		0.8471248149871826,
		0.05134735256433487,
		0.9035457968711853
	],
	"6. right_hip": [
		0.4211345314979553,
		0.5560385584831238,
		-0.07295899093151093,
		0.9996057748794556
	],
	"7. right_knee": [
		0.43607097864151,
		0.7214522361755371,
		-0.1423771232366562,
		0.9803459048271179
	],
	"8. right_ankle": [
		0.4015858769416809,
		0.8752216100692749,
		-0.11401939392089844,
		0.9731082320213318
	],
	"14. left_shoulder": [
		0.4587922692298889,
		0.36715227365493774,
		0.12981921434402466,
		0.9999664425849915
	],
	"15. left_elbow": [
		0.49151724576950073,
		0.43097227811813354,
		0.1366252899169922,
		0.9717166423797607
	],
	"16. left_wrist": [
		0.5003206133842468,
		0.3628343939781189,
		0.03161042556166649,
		0.9877760410308838
	],
	"19. right_shoulder": [
		0.4054608941078186,
		0.3514176607131958,
		-0.0553242452442646,
		0.9999390244483948
	],
	"20. right_elbow": [
		0.36704492568969727,
		0.41710251569747925,
		-0.11897586286067963,
		0.9518378376960754
	],
	"21. right_wrist": [
		0.4068402349948883,
		0.4593156576156616,
		-0.19707494974136353,
		0.9483717679977417
	],
	"24. nose": [
		0.429866224527359,
		0.2769307792186737,
		-0.1320733278989792,
		0.9999968409538269
	],
	"25. left_eye": [
		0.4360286593437195,
		0.2693899869918823,
		-0.11187863349914551,
		0.9999943971633911
	],
	"26. right_eye": [
		0.4234643578529358,
		0.2682638168334961,
		-0.12181069701910019,
		0.9999920129776001
	],
	"27. left_ear": [
		0.4430628716945648,
		0.2811567783355713,
		-0.0011928260792046785,
		0.9999909400939941
	],
	"28. right_ear": [
		0.4177904725074768,
		0.27983877062797546,
		-0.04718821495771408,
		0.9999909400939941
	],
	"time stamp": 30.0
}