{
	"1. left_hip": [
		0.45024076104164124,
		0.5708547830581665,
		0.09073919802904129,
		0.9995360970497131
	],
	"2. left_knee": [
		0.4623538851737976,
		0.7218303084373474,
		0.10979700088500977,
		0.8814792037010193
	],
	"3. left_ankle": [
		0.4321715235710144,
		0.8482515215873718,
		0.24746230244636536,
		0.8683193325996399
	],
	"6. right_hip": [
		0.4241129457950592,
		0.5695879459381104,
		-0.09079829603433609,
		0.9995378255844116
	],
	"7. right_knee": [
		0.4587692618370056,
		0.7289061546325684,
		-0.14192929863929749,
		0.98528653383255
	],
	"8. right_ankle": [
		0.41045427322387695,
		0.8754557967185974,
		-0.07027474790811539,
		0.9820994734764099
	],
	"14. left_shoulder": [
		0.45950332283973694,
		0.3738422095775604,
		0.056584667414426804,
		0.9997411370277405
	],
	"15. left_elbow": [
		0.4697842001914978,
		0.47407960891723633,
		0.10665538161993027,
		0.8082156181335449
	],
	"16. left_wrist": [
		0.4836755692958832,
		0.5561338663101196,
		0.020724352449178696,
		0.8448218703269958
	],
	"19. right_shoulder": [
		0.4146202504634857,
		0.3614717125892639,
		-0.21206097304821014,
		0.999592125415802
	],
	"20. right_elbow": [
		0.44875994324684143,
		0.4711928069591522,
		-0.2164883315563202,
		0.9770306944847107
	],
	"21. right_wrist": [
		0.4862840175628662,
		0.5165413618087769,
		-0.20583002269268036,
		0.954288125038147
	],
	"24. nose": [
		0.44635915756225586,
		0.2882765829563141,
		-0.2510518729686737,
		0.9996918439865112
	],
	"25. left_eye": [
		0.4534080922603607,
		0.28187116980552673,
		-0.2260722666978836,
		0.9997104406356812
	],
	"26. right_eye": [
		0.44147157669067383,
		0.27292361855506897,
		-0.24501459300518036,
		0.9995405673980713
	],
	"27. left_ear": [
		0.4573076665401459,
		0.2947901487350464,
		-0.09834621846675873,
		0.9996445775032043
	],
	"28. right_ear": [
		0.4318399429321289,
		0.27974048256874084,
		-0.18235072493553162,
		0.9993956089019775
	],
	"time stamp": 30.0
}