{
	"1. left_hip": [
		0.4438248574733734,
		0.5688077807426453,
		0.09466899931430817,
		0.9991345405578613
	],
	"2. left_knee": [
		0.47129136323928833,
		0.7135260105133057,
		0.09778722375631332,
		0.8011801838874817
	],
	"3. left_ankle": [
		0.4316800534725189,
		0.8441164493560791,
		0.17859314382076263,
		0.83758944272995
	],
	"6. right_hip": [
		0.4349336624145508,
		0.5776183605194092,
		-0.0948217362165451,
		0.9992545247077942
	],
	"7. right_knee": [
		0.47682586312294006,
		0.7276241779327393,
		-0.10933587700128555,
		0.9808542728424072
	],
	"8. right_ankle": [
		0.4176561236381531,
		0.8661127090454102,
		-0.03643738105893135,
		0.9797641634941101
	],
	"14. left_shoulder": [
		0.4443735182285309,
		0.3602164685726166,
		0.09914866089820862,
		0.9992049932479858
	],
	"15. left_elbow": [
		0.4542010724544525,
		0.3747459352016449,
		0.25768715143203735,
		0.5824634432792664
	],
	"16. left_wrist": [
		0.46792083978652954,
		0.31111377477645874,
		0.37191346287727356,
		0.6917352080345154
	],
	"19. right_shoulder": [
		0.4248832166194916,
		0.37049365043640137,
		-0.18306086957454681,
		0.999717116355896
	],
	"20. right_elbow": [
		0.4344612658023834,
		0.4865320324897766,
		-0.24244466423988342,
		0.9788246750831604
	],
	"21. right_wrist": [
		0.4368951916694641,
		0.5770847201347351,
		-0.27922406792640686,
		0.9544920921325684
	],
	"24. nose": [
		0.44781002402305603,
		0.29103559255599976,
		-0.2282176911830902,
		0.9997937679290771
	],
	"25. left_eye": [
		0.4525582194328308,
		0.2831434905529022,
		-0.20168033242225647,
		0.999790370464325
	],
	"26. right_eye": [
		0.44021886587142944,
		0.2756147086620331,
		-0.2189975082874298,
		0.9996922016143799
	],
	"27. left_ear": [
		0.4559552073478699,
		0.2938982844352722,
		-0.0722355991601944,
		0.9996662735939026
	],
	"28. right_ear": [
		0.42952728271484375,
		0.2847418189048767,
		-0.14887024462223053,
		0.9995962381362915
	],
	"time stamp": 30.0
}