{
	"1. left_hip": [
		0.4447113871574402,
		0.5789613723754883,
		0.09881186485290527,
		0.9990226626396179
	],
	"2. left_knee": [
		0.47691288590431213,
		0.7165290117263794,
		0.090873584151268,
		0.7865332365036011
	],
	"3. left_ankle": [
		0.43289798498153687,
		0.8442172408103943,
		0.19087132811546326,
		0.8379766941070557
	],
	"6. right_hip": [
		0.43317753076553345,
		0.5870308876037598,
		-0.09895514696836472,
		0.9992132782936096
	],
	"7. right_knee": [
		0.479437917470932,
		0.7276185750961304,
		-0.12936851382255554,
		0.9820838570594788
	],
	"8. right_ankle": [
		0.4180372655391693,
		0.8650026321411133,
		-0.025300780311226845,
		0.9805544018745422
	],
	"14. left_shoulder": [
		0.44636139273643494,
		0.36720335483551025,
		0.1012469157576561,
		0.9988170266151428
	],
	"15. left_elbow": [
		0.4437495768070221,
		0.4612860679626465,
		0.18552686274051666,
		0.5254999399185181
	],
	"16. left_wrist": [
		0.44654637575149536,
		0.5434277653694153,
		0.18839339911937714,
		0.6267610192298889
	],
	"19. right_shoulder": [
		0.42418456077575684,
		0.3731689155101776,
		-0.17497041821479797,
		0.9997424483299255
	],
	"20. right_elbow": [
		0.4095950126647949,
		0.4771020710468292,
		-0.2207362949848175,
		0.9803836345672607
	],
	"21. right_wrist": [
		0.42318540811538696,
		0.5646059513092041,
		-0.2617452144622803,
		0.9576284885406494
	],
	"24. nose": [
		0.4501156806945801,
		0.29755768179893494,
		-0.20809750258922577,
		0.9998108744621277
	],
	"25. left_eye": [
		0.4525581896305084,
		0.28747376799583435,
		-0.18277451395988464,
		0.999794602394104
	],
	"26. right_eye": [
		0.4412997364997864,
		0.28364622592926025,
		-0.19763335585594177,
		0.9997202157974243
	],
	"27. left_ear": [
		0.45553773641586304,
		0.29661139845848083,
		-0.05933742597699165,
		0.9996264576911926
	],
	"28. right_ear": [
		0.42986002564430237,
		0.2917228043079376,
		-0.13499657809734344,
		0.9996346235275269
	],
	"time stamp": 30.0
}