{
	"1. left_hip": [
		0.4526297450065613,
		0.5516599416732788,
		0.09399579465389252,
		0.9981613755226135
	],
	"2. left_knee": [
		0.4781697392463684,
		0.7091474533081055,
		0.05919676274061203,
		0.6937316656112671
	],
	"3. left_ankle": [
		0.4388534128665924,
		0.8480917811393738,
		0.12310904264450073,
		0.8201525807380676
	],
	"6. right_hip": [
		0.44102078676223755,
		0.5524267554283142,
		-0.09407150000333786,
		0.9986847639083862
	],
	"7. right_knee": [
		0.4754611551761627,
		0.7136077880859375,
		-0.1172923818230629,
		0.9837623238563538
	],
	"8. right_ankle": [
		0.42118754982948303,
		0.8579842448234558,
		-0.05728660151362419,
		0.9817634224891663
	],
	"14. left_shoulder": [
		0.4435788094997406,
		0.34997063875198364,
		0.14567634463310242,
		0.9966450333595276
	],
	"15. left_elbow": [
		0.44136881828308105,
		0.4405164122581482,
		0.19964788854122162,
		0.25552862882614136
	],
	"16. left_wrist": [
		0.44762182235717773,
		0.506354570388794,
		0.1632581204175949,
		0.30747219920158386
	],
	"19. right_shoulder": [
		0.4258135259151459,
		0.3419378399848938,
		-0.12285538017749786,
		0.9998358488082886
	],
	"20. right_elbow": [
		0.42755770683288574,
		0.42645886540412903,
		-0.16095787286758423,
		0.9793137907981873
	],
	"21. right_wrist": [
		0.44867444038391113,
		0.467007577419281,
		-0.12813366949558258,
		0.9194376468658447
	],
	"24. nose": [
		0.454866886138916,
		0.2835743725299835,
		-0.10216611623764038,
		0.9998717308044434
	],
	"25. left_eye": [
		0.45612454414367676,
		0.2732391059398651,
		-0.08213512599468231,
		0.9997631311416626
	],
	"26. right_eye": [
		0.4455496370792389,
		0.2707372307777405,
		-0.10243527591228485,
		0.9998342990875244
	],
	"27. left_ear": [
		0.4541911482810974,
		0.28064703941345215,
		0.017967844381928444,
		0.9992709159851074
	],
	"28. right_ear": [
		0.4335687756538391,
		0.2758175730705261,
		-0.070620097219944,
		0.9998087882995605
	],
	"time stamp": 30.0
}