{
	"1. left_hip": [
		0.4524114727973938,
		0.5595277547836304,
		0.0900905579328537,
		0.9981709122657776
	],
	"2. left_knee": [
		0.46016454696655273,
		0.7045867443084717,
		0.07568082958459854,
		0.5976980924606323
	],
	"3. left_ankle": [
		0.4320735037326813,
		0.858270525932312,
		0.10754407942295074,
		0.799056887626648
	],
	"6. right_hip": [
		0.43022412061691284,
		0.5523014664649963,
		-0.09028040617704391,
		0.9982766509056091
	],
	"7. right_knee": [
		0.4821455478668213,
		0.6810060739517212,
		-0.1345878392457962,
		0.9769315719604492
	],
	"8. right_ankle": [
		0.4249829649925232,
		0.8150463700294495,
		-0.02864411473274231,
		0.9778158068656921
	],
	"14. left_shoulder": [
		0.47314438223838806,
		0.3637121021747589,
		0.12654100358486176,
		0.9970043301582336
	],
	"15. left_elbow": [
		0.5033525228500366,
		0.4037337303161621,
		0.10930296033620834,
		0.470138281583786
	],
	"16. left_wrist": [
		0.5005304217338562,
		0.3079918324947357,
		-0.013780707493424416,
		0.5602539777755737
	],
	"19. right_shoulder": [
		0.4188846945762634,
		0.3517470359802246,
		-0.09613098204135895,
		0.999311089515686
	],
	"20. right_elbow": [
		0.36953991651535034,
		0.4088160991668701,
		-0.11640509217977524,
		0.9561944603919983
	],
	"21. right_wrist": [
		0.3960159718990326,
		0.47172045707702637,
		-0.1143006905913353,
		0.8953139185905457
	],
	"24. nose": [
		0.4574602246284485,
		0.27171003818511963,
		-0.12644965946674347,
		0.9999324679374695
	],
	"25. left_eye": [
		0.4591074585914612,
		0.2625642418861389,
		-0.10761363804340363,
		0.9998621940612793
	],
	"26. right_eye": [
		0.449225515127182,
		0.2631486654281616,
		-0.12559905648231506,
		0.9999203681945801
	],
	"27. left_ear": [
		0.46151202917099,
		0.2734171152114868,
		-0.0008810650324448943,
		0.9996663331985474
	],
	"28. right_ear": [
		0.4402913451194763,
		0.275202214717865,
		-0.08246488869190216,
		0.9999022483825684
	],
	"time stamp": 30.0
}