{
	"1. left_hip": [
		0.46412521600723267,
		0.5250532031059265,
		0.060714513063430786,
		0.998637855052948
	],
	"2. left_knee": [
		0.4567958414554596,
		0.6798120737075806,
		0.026932504028081894,
		0.6879603266716003
	],
	"3. left_ankle": [
		0.43686598539352417,
		0.8569014072418213,
		0.059383995831012726,
		0.8489530086517334
	],
	"6. right_hip": [
		0.4291044771671295,
		0.5209589004516602,
		-0.060748398303985596,
		0.9987085461616516
	],
	"7. right_knee": [
		0.47079721093177795,
		0.6401370763778687,
		-0.21680708229541779,
		0.9826785326004028
	],
	"8. right_ankle": [
		0.42727595567703247,
		0.7601897120475769,
		-0.12736403942108154,
		0.9802510738372803
	],
	"14. left_shoulder": [
		0.47495999932289124,
		0.3201231062412262,
		0.08975495398044586,
		0.9978014230728149
	],
	"15. left_elbow": [
		0.5049854516983032,
		0.298104465007782,
		0.022338813170790672,
		0.5973297357559204
	],
	"16. left_wrist": [
		0.48789912462234497,
		0.21425172686576843,
		-0.08804694563150406,
		0.6712894439697266
	],
	"19. right_shoulder": [
		0.4149467945098877,
		0.32190173864364624,
		-0.04685487598180771,
		0.9994956254959106
	],
	"20. right_elbow": [
		0.3743467628955841,
		0.38534674048423767,
		-0.056462306529283524,
		0.9677533507347107
	],
	"21. right_wrist": [
		0.39447838068008423,
		0.4377002716064453,
		-0.049115195870399475,
		0.9203144907951355
	],
	"24. nose": [
		0.4572698175907135,
		0.2398526519536972,
		-0.09402286261320114,
		0.9999492168426514
	],
	"25. left_eye": [
		0.4588626027107239,
		0.23082345724105835,
		-0.07593902945518494,
		0.9998925924301147
	],
	"26. right_eye": [
		0.4490550458431244,
		0.23107501864433289,
		-0.08972255885601044,
		0.9999393820762634
	],
	"27. left_ear": [
		0.459301233291626,
		0.2401217371225357,
		0.01792256534099579,
		0.9997345209121704
	],
	"28. right_ear": [
		0.4389854371547699,
		0.2429097443819046,
		-0.04668893665075302,
		0.9999279379844666
	],
	"time stamp": 30.0
}