{
	"1. left_hip": [
		0.4673340916633606,
		0.5129827857017517,
		0.032935936003923416,
		0.998863935470581
	],
	"2. left_knee": [
		0.4582021236419678,
		0.6830525398254395,
		-0.029287870973348618,
		0.7410550117492676
	],
	"3. left_ankle": [
		0.4522196352481842,
		0.8444617986679077,
		0.06344150006771088,
		0.8739582896232605
	],
	"6. right_hip": [
		0.4286858141422272,
		0.5085605382919312,
		-0.03303508087992668,
		0.9988850951194763
	],
	"7. right_knee": [
		0.4519645571708679,
		0.6475362777709961,
		-0.13139283657073975,
		0.9840913414955139
	],
	"8. right_ankle": [
		0.42724376916885376,
		0.7664946913719177,
		0.06660514324903488,
		0.9744020700454712
	],
	"14. left_shoulder": [
		0.47827988862991333,
		0.3040256202220917,
		0.0047994437627494335,
		0.9981659054756165
	],
	"15. left_elbow": [
		0.509000301361084,
		0.2378956526517868,
		0.004593438468873501,
		0.6699455380439758
	],
	"16. left_wrist": [
		0.4803404211997986,
		0.17993418872356415,
		-0.02040095627307892,
		0.716303825378418
	],
	"19. right_shoulder": [
		0.41558632254600525,
		0.31430870294570923,
		-0.05876700207591057,
		0.9995133876800537
	],
	"20. right_elbow": [
		0.37416961789131165,
		0.38780465722084045,
		-0.08260286599397659,
		0.9710395932197571
	],
	"21. right_wrist": [
		0.3991609215736389,
		0.41861051321029663,
		-0.09528849273920059,
		0.9028275012969971
	],
	"24. nose": [
		0.4566088616847992,
		0.2223261147737503,
		-0.16770927608013153,
		0.9999129176139832
	],
	"25. left_eye": [
		0.4581688940525055,
		0.2169455885887146,
		-0.14791250228881836,
		0.9997130036354065
	],
	"26. right_eye": [
		0.44876807928085327,
		0.2167927622795105,
		-0.15075364708900452,
		0.9998658895492554
	],
	"27. left_ear": [
		0.4586910605430603,
		0.2289276272058487,
		-0.047749269753694534,
		0.9994182586669922
	],
	"28. right_ear": [
		0.4387628436088562,
		0.23053093254566193,
		-0.07941725850105286,
		0.9998987317085266
	],
	"time stamp": 30.0
}