{
	"1. left_hip": [
		0.4650549292564392,
		0.5514799952507019,
		-0.042166613042354584,
		0.9991949796676636
	],
	"2. left_knee": [
		0.4519578516483307,
		0.7182238101959229,
		-0.06586898863315582,
		0.857446014881134
	],
	"3. left_ankle": [
		0.46120327711105347,
		0.8688569664955139,
		0.011713474057614803,
		0.9279193878173828
	],
	"6. right_hip": [
		0.42663002014160156,
		0.5569921135902405,
		0.04236482456326485,
		0.9989758729934692
	],
	"7. right_knee": [
		0.4266768991947174,
		0.7155061364173889,
		0.023758720606565475,
		0.975610613822937
	],
	"8. right_ankle": [
		0.433108389377594,
		0.8684179782867432,
		0.10678219795227051,
		0.9741703867912292
	],
	"14. left_shoulder": [
		0.47830504179000854,
		0.3332575559616089,
		0.006596519146114588,
		0.9987457990646362
	],
	"15. left_elbow": [
		0.5083498954772949,
		0.25491100549697876,
		-0.0690922662615776,
		0.817505419254303
	],
	"16. left_wrist": [
		0.4777401089668274,
		0.20718805491924286,
		-0.08857937902212143,
		0.7582272887229919
	],
	"19. right_shoulder": [
		0.41420286893844604,
		0.3564607799053192,
		0.09500949084758759,
		0.9976809620857239
	],
	"20. right_elbow": [
		0.4018482565879822,
		0.438632994890213,
		0.137912780046463,
		0.8091280460357666
	],
	"21. right_wrist": [
		0.4158579707145691,
		0.4222303032875061,
		0.16349521279335022,
		0.7075543403625488
	],
	"24. nose": [
		0.4457002580165863,
		0.2521374821662903,
		-0.08807751536369324,
		0.9997926950454712
	],
	"25. left_eye": [
		0.45124754309654236,
		0.24928449094295502,
		-0.0704558938741684,
		0.9995251297950745
	],
	"26. right_eye": [
		0.44137826561927795,
		0.2484842985868454,
		-0.0688118040561676,
		0.9996633529663086
	],
	"27. left_ear": [
		0.4547688364982605,
		0.2644606828689575,
		0.016087651252746582,
		0.9994286298751831
	],
	"28. right_ear": [
		0.4361359179019928,
		0.26468440890312195,
		0.02526845410466194,
		0.999711811542511
	],
	"time stamp": 30.0
}