{
	"1. left_hip": [
		0.4624161720275879,
		0.572605550289154,
		-0.03182818368077278,
		0.9994235038757324
	],
	"2. left_knee": [
		0.443310022354126,
		0.7369856238365173,
		-0.03983172029256821,
		0.9441428780555725
	],
	"3. left_ankle": [
		0.4599711298942566,
		0.8706791996955872,
		0.04153106361627579,
		0.9675203561782837
	],
	"6. right_hip": [
		0.42528486251831055,
		0.5722333192825317,
		0.031825900077819824,
		0.999254047870636
	],
	"7. right_knee": [
		0.42073893547058105,
		0.7344800233840942,
		0.017349500209093094,
		0.9623895287513733
	],
	"8. right_ankle": [
		0.43626832962036133,
		0.8730799555778503,
		0.09926769882440567,
		0.9707907438278198
	],
	"14. left_shoulder": [
		0.4756355285644531,
		0.38042789697647095,
		-0.00660228356719017,
		0.999167263507843
	],
	"15. left_elbow": [
		0.49501949548721313,
		0.35320279002189636,
		-0.149187833070755,
		0.8931743502616882
	],
	"16. left_wrist": [
		0.4700952470302582,
		0.27750006318092346,
		-0.2762511074542999,
		0.854252815246582
	],
	"19. right_shoulder": [
		0.41664934158325195,
		0.39741265773773193,
		0.020569846034049988,
		0.9983440637588501
	],
	"20. right_elbow": [
		0.38331741094589233,
		0.4608103930950165,
		-0.06424115598201752,
		0.8153054714202881
	],
	"21. right_wrist": [
		0.4202539026737213,
		0.5018584728240967,
		-0.1719866544008255,
		0.7727906703948975
	],
	"24. nose": [
		0.4497683644294739,
		0.31653788685798645,
		-0.11004509031772614,
		0.9997251629829407
	],
	"25. left_eye": [
		0.4488939344882965,
		0.3060590624809265,
		-0.09433616697788239,
		0.9994673728942871
	],
	"26. right_eye": [
		0.44004639983177185,
		0.3106701374053955,
		-0.09471659362316132,
		0.9995580315589905
	],
	"27. left_ear": [
		0.4484804570674896,
		0.3134133517742157,
		-0.0103163355961442,
		0.9994050860404968
	],
	"28. right_ear": [
		0.43273821473121643,
		0.32262954115867615,
		-0.010209808126091957,
		0.9996953010559082
	],
	"time stamp": 30.0
}