{
	"1. left_hip": [
		0.4662436544895172,
		0.5734805464744568,
		-0.03491289168596268,
		0.9995094537734985
	],
	"2. left_knee": [
		0.4432743489742279,
		0.7364042401313782,
		-0.03869469463825226,
		0.9582497477531433
	],
	"3. left_ankle": [
		0.4607169032096863,
		0.8715705871582031,
		0.047707699239254,
		0.9748476147651672
	],
	"6. right_hip": [
		0.4292909502983093,
		0.574944794178009,
		0.03492564707994461,
		0.9993240833282471
	],
	"7. right_knee": [
		0.4210098683834076,
		0.7355762720108032,
		0.028688892722129822,
		0.9640600085258484
	],
	"8. right_ankle": [
		0.4362165927886963,
		0.8717986941337585,
		0.12925483286380768,
		0.973441481590271
	],
	"14. left_shoulder": [
		0.4758837819099426,
		0.3772238790988922,
		-0.008237937465310097,
		0.9993748068809509
	],
	"15. left_elbow": [
		0.5206308960914612,
		0.32292312383651733,
		-0.07976043224334717,
		0.9214177131652832
	],
	"16. left_wrist": [
		0.5035401582717896,
		0.23684491217136383,
		-0.1658356487751007,
		0.8891233205795288
	],
	"19. right_shoulder": [
		0.4107881188392639,
		0.39688581228256226,
		0.02084822952747345,
		0.9986385703086853
	],
	"20. right_elbow": [
		0.3762514293193817,
		0.46719932556152344,
		-0.020409412682056427,
		0.8514924049377441
	],
	"21. right_wrist": [
		0.4057582914829254,
		0.5026158690452576,
		-0.1341554969549179,
		0.8042981028556824
	],
	"24. nose": [
		0.4503045678138733,
		0.3126264810562134,
		-0.14048343896865845,
		0.9997879266738892
	],
	"25. left_eye": [
		0.44766765832901,
		0.3011833131313324,
		-0.1208636611700058,
		0.999588668346405
	],
	"26. right_eye": [
		0.4405266344547272,
		0.306086003780365,
		-0.12400199472904205,
		0.9996607899665833
	],
	"27. left_ear": [
		0.44575661420822144,
		0.3085542619228363,
		-0.025094877928495407,
		0.9995496869087219
	],
	"28. right_ear": [
		0.4319993853569031,
		0.31781312823295593,
		-0.03914014622569084,
		0.9997687935829163
	],
	"time stamp": 30.0
}