{
	"1. left_hip": [
		0.4712468087673187,
		0.5759642720222473,
		-0.016724957153201103,
		0.9994397163391113
	],
	"2. left_knee": [
		0.445464551448822,
		0.7339228987693787,
		-0.004369716625660658,
		0.9679092168807983
	],
	"3. left_ankle": [
		0.4598960280418396,
		0.8703922629356384,
		0.07938308268785477,
		0.9784018993377686
	],
	"6. right_hip": [
		0.433387815952301,
		0.5779370665550232,
		0.01672162488102913,
		0.9993471503257751
	],
	"7. right_knee": [
		0.422130823135376,
		0.7327403426170349,
		0.001914296648465097,
		0.965671181678772
	],
	"8. right_ankle": [
		0.4343961179256439,
		0.8702669143676758,
		0.10004854202270508,
		0.9748375415802002
	],
	"14. left_shoulder": [
		0.4751071035861969,
		0.37632763385772705,
		-0.004394500516355038,
		0.999524712562561
	],
	"15. left_elbow": [
		0.5141100287437439,
		0.32076045870780945,
		-0.02938692644238472,
		0.9473074078559875
	],
	"16. left_wrist": [
		0.504109799861908,
		0.2394976019859314,
		-0.08366639167070389,
		0.9228175282478333
	],
	"19. right_shoulder": [
		0.40588703751564026,
		0.3977969288825989,
		-0.010617589578032494,
		0.9989433884620667
	],
	"20. right_elbow": [
		0.37296777963638306,
		0.473699152469635,
		-0.018570490181446075,
		0.8934347033500671
	],
	"21. right_wrist": [
		0.39973726868629456,
		0.5141079425811768,
		-0.06383467465639114,
		0.8358709812164307
	],
	"24. nose": [
		0.44222909212112427,
		0.29023510217666626,
		-0.12409329414367676,
		0.9998460412025452
	],
	"25. left_eye": [
		0.440150648355484,
		0.2882731258869171,
		-0.10537775605916977,
		0.9996788501739502
	],
	"26. right_eye": [
		0.43510565161705017,
		0.29018229246139526,
		-0.11106755584478378,
		0.999754011631012
	],
	"27. left_ear": [
		0.43952876329421997,
		0.3040132522583008,
		-0.019686762243509293,
		0.9996483325958252
	],
	"28. right_ear": [
		0.4275612235069275,
		0.3118637204170227,
		-0.05138932913541794,
		0.9998313188552856
	],
	"time stamp": 30.0
}