{
	"1. left_hip": [
		0.47115907073020935,
		0.5757533311843872,
		-0.013397487811744213,
		0.9993699789047241
	],
	"2. left_knee": [
		0.44761204719543457,
		0.7337261438369751,
		0.009054423309862614,
		0.9697158932685852
	],
	"3. left_ankle": [
		0.45932871103286743,
		0.8689635396003723,
		0.1010039821267128,
		0.9789249300956726
	],
	"6. right_hip": [
		0.43325209617614746,
		0.5776206851005554,
		0.013380380347371101,
		0.9993159174919128
	],
	"7. right_knee": [
		0.42340287566185,
		0.7344755530357361,
		0.010178632102906704,
		0.9666691422462463
	],
	"8. right_ankle": [
		0.4304133951663971,
		0.870155394077301,
		0.11473213136196136,
		0.9748449921607971
	],
	"14. left_shoulder": [
		0.4751060903072357,
		0.3735274076461792,
		-0.004791875369846821,
		0.9995453357696533
	],
	"15. left_elbow": [
		0.5182002782821655,
		0.3210467994213104,
		-0.04601846635341644,
		0.9522032141685486
	],
	"16. left_wrist": [
		0.5050326585769653,
		0.23700635135173798,
		-0.11816705763339996,
		0.92885422706604
	],
	"19. right_shoulder": [
		0.4061530530452728,
		0.3973345458507538,
		-0.00996033288538456,
		0.9989948272705078
	],
	"20. right_elbow": [
		0.3714102804660797,
		0.47360938787460327,
		0.010717151686549187,
		0.9018171429634094
	],
	"21. right_wrist": [
		0.4002026915550232,
		0.516374945640564,
		0.010824897326529026,
		0.8384095430374146
	],
	"24. nose": [
		0.44035258889198303,
		0.2877834439277649,
		-0.1214446872472763,
		0.9998508095741272
	],
	"25. left_eye": [
		0.4373190402984619,
		0.285142719745636,
		-0.1043015867471695,
		0.9996745586395264
	],
	"26. right_eye": [
		0.4331708550453186,
		0.2870299518108368,
		-0.10945595800876617,
		0.9997590780258179
	],
	"27. left_ear": [
		0.43655842542648315,
		0.3002752661705017,
		-0.027933651581406593,
		0.9996401071548462
	],
	"28. right_ear": [
		0.4263657033443451,
		0.30786263942718506,
		-0.05185354873538017,
		0.9998365640640259
	],
	"time stamp": 30.0
}