{
	"1. left_hip": [
		0.5175193548202515,
		0.5886465907096863,
		-0.05906393378973007,
		0.9997491836547852
	],
	"2. left_knee": [
		0.5484008193016052,
		0.7401970624923706,
		-0.14333046972751617,
		0.9803144931793213
	],
	"3. left_ankle": [
		0.5858210325241089,
		0.8684110045433044,
		-0.06283040344715118,
		0.9804790616035461
	],
	"6. right_hip": [
		0.4790636897087097,
		0.5999618768692017,
		0.05889863893389702,
		0.9997202754020691
	],
	"7. right_knee": [
		0.4098730683326721,
		0.7111352682113647,
		-0.08560863882303238,
		0.9858665466308594
	],
	"8. right_ankle": [
		0.4380249083042145,
		0.8751741051673889,
		-0.012289511039853096,
		0.9862611293792725
	],
	"14. left_shoulder": [
		0.5003480315208435,
		0.4066581428050995,
		-0.057047855108976364,
		0.999912440776825
	],
	"15. left_elbow": [
		0.5239526033401489,
		0.5126005411148071,
		-0.06158817559480667,
		0.9828829765319824
	],
	"16. left_wrist": [
		0.5579999685287476,
		0.5796059966087341,
		-0.08516333997249603,
		0.9821786284446716
	],
	"19. right_shoulder": [
		0.43901339173316956,
		0.4026491343975067,
		0.07903086394071579,
		0.9995996952056885
	],
	"20. right_elbow": [
		0.42056918144226074,
		0.47811266779899597,
		-0.004886290989816189,
		0.9229599833488464
	],
	"21. right_wrist": [
		0.4219471514225006,
		0.39000800251960754,
		-0.19003716111183167,
		0.9183799624443054
	],
	"24. nose": [
		0.4710409641265869,
		0.3169746696949005,
		-0.137953519821167,
		0.9999694228172302
	],
	"25. left_eye": [
		0.48176178336143494,
		0.3097573220729828,
		-0.12599052488803864,
		0.9999280571937561
	],
	"26. right_eye": [
		0.4691565930843353,
		0.3010335862636566,
		-0.11722265183925629,
		0.9999443888664246
	],
	"27. left_ear": [
		0.49165716767311096,
		0.32782769203186035,
		-0.05709334462881088,
		0.9999182224273682
	],
	"28. right_ear": [
		0.46481770277023315,
		0.3077027201652527,
		-0.02276134118437767,
		0.9999530911445618
	],
	"time stamp": 30.0
}