{
	"1. left_hip": [
		0.5156196355819702,
		0.5767335891723633,
		-0.05132876709103584,
		0.9997692704200745
	],
	"2. left_knee": [
		0.5439736843109131,
		0.731205940246582,
		-0.1256190538406372,
		0.9837102890014648
	],
	"3. left_ankle": [
		0.5822924375534058,
		0.8679677248001099,
		-0.029245302081108093,
		0.9838083982467651
	],
	"6. right_hip": [
		0.47644686698913574,
		0.5902277827262878,
		0.051196277141571045,
		0.9997449517250061
	],
	"7. right_knee": [
		0.4118843674659729,
		0.7104933857917786,
		-0.08275626599788666,
		0.9869446754455566
	],
	"8. right_ankle": [
		0.42962735891342163,
		0.8642063736915588,
		0.01844923570752144,
		0.987382173538208
	],
	"14. left_shoulder": [
		0.5098732709884644,
		0.3953750729560852,
		-0.03580441325902939,
		0.9999253153800964
	],
	"15. left_elbow": [
		0.5287615656852722,
		0.5008585453033447,
		-0.04842802882194519,
		0.9848987460136414
	],
	"16. left_wrist": [
		0.5671114921569824,
		0.5548763871192932,
		-0.13385646045207977,
		0.9836457967758179
	],
	"19. right_shoulder": [
		0.44532832503318787,
		0.3958049416542053,
		0.07161006331443787,
		0.9996176362037659
	],
	"20. right_elbow": [
		0.43775615096092224,
		0.49527743458747864,
		0.012784821912646294,
		0.9071049690246582
	],
	"21. right_wrist": [
		0.41252994537353516,
		0.47143515944480896,
		-0.17844060063362122,
		0.9285982251167297
	],
	"24. nose": [
		0.47388148307800293,
		0.3060368299484253,
		-0.12572667002677917,
		0.9999740719795227
	],
	"25. left_eye": [
		0.48355117440223694,
		0.2974657416343689,
		-0.11171457916498184,
		0.9999383091926575
	],
	"26. right_eye": [
		0.4708191454410553,
		0.2951555848121643,
		-0.10673946142196655,
		0.9999510645866394
	],
	"27. left_ear": [
		0.49390849471092224,
		0.3084113597869873,
		-0.036361705511808395,
		0.9999299645423889
	],
	"28. right_ear": [
		0.46685418486595154,
		0.30248716473579407,
		-0.014494940638542175,
		0.9999527931213379
	],
	"time stamp": 30.0
}