{
	"1. left_hip": [
		0.5020110011100769,
		0.5829824209213257,
		0.036062873899936676,
		0.9998224377632141
	],
	"2. left_knee": [
		0.5386214852333069,
		0.7239713072776794,
		-0.015303519554436207,
		0.985276997089386
	],
	"3. left_ankle": [
		0.5462581515312195,
		0.8752262592315674,
		0.08084969967603683,
		0.9887676239013672
	],
	"6. right_hip": [
		0.4586678147315979,
		0.5716372132301331,
		-0.03627244383096695,
		0.999781608581543
	],
	"7. right_knee": [
		0.43321681022644043,
		0.734679639339447,
		-0.06279265880584717,
		0.9913660883903503
	],
	"8. right_ankle": [
		0.40439945459365845,
		0.8690582513809204,
		0.06988152861595154,
		0.99100261926651
	],
	"14. left_shoulder": [
		0.5227519869804382,
		0.37978556752204895,
		-0.022541040554642677,
		0.9999388456344604
	],
	"15. left_elbow": [
		0.5358501672744751,
		0.47407132387161255,
		-0.15528737008571625,
		0.9756985306739807
	],
	"16. left_wrist": [
		0.5220416188240051,
		0.38777413964271545,
		-0.3798874020576477,
		0.980833113193512
	],
	"19. right_shoulder": [
		0.4545075297355652,
		0.37874776124954224,
		-0.07090704143047333,
		0.9997609853744507
	],
	"20. right_elbow": [
		0.43860429525375366,
		0.49503275752067566,
		-0.046513281762599945,
		0.9272786378860474
	],
	"21. right_wrist": [
		0.4103284776210785,
		0.5866340398788452,
		-0.09104414284229279,
		0.931282103061676
	],
	"24. nose": [
		0.47892647981643677,
		0.29435205459594727,
		-0.25299766659736633,
		0.9999833703041077
	],
	"25. left_eye": [
		0.4859556257724762,
		0.2829807996749878,
		-0.23726621270179749,
		0.9999596476554871
	],
	"26. right_eye": [
		0.4708171486854553,
		0.28280481696128845,
		-0.23649545013904572,
		0.9999651908874512
	],
	"27. left_ear": [
		0.4962671399116516,
		0.2922075092792511,
		-0.12933394312858582,
		0.9999468922615051
	],
	"28. right_ear": [
		0.4660019278526306,
		0.2934354245662689,
		-0.12672533094882965,
		0.9999632239341736
	],
	"time stamp": 30.0
}