{
	"1. left_hip": [
		0.49612101912498474,
		0.5712597966194153,
		-0.0119771184399724,
		0.9998619556427002
	],
	"2. left_knee": [
		0.5419989824295044,
		0.7183594703674316,
		-0.06275921314954758,
		0.9864906072616577
	],
	"3. left_ankle": [
		0.5553245544433594,
		0.8520554304122925,
		0.13013115525245667,
		0.9917773604393005
	],
	"6. right_hip": [
		0.45180726051330566,
		0.562416136264801,
		0.011836515739560127,
		0.9998095035552979
	],
	"7. right_knee": [
		0.4251789450645447,
		0.7253612279891968,
		-0.05850290507078171,
		0.9942917823791504
	],
	"8. right_ankle": [
		0.4118109345436096,
		0.8735422492027283,
		0.10627070814371109,
		0.993384063243866
	],
	"14. left_shoulder": [
		0.5185275673866272,
		0.3811638355255127,
		-0.04801112040877342,
		0.9999572038650513
	],
	"15. left_elbow": [
		0.5300098657608032,
		0.48619118332862854,
		-0.04195456951856613,
		0.9754793047904968
	],
	"16. left_wrist": [
		0.5641584992408752,
		0.5578612089157104,
		-0.12785817682743073,
		0.9773975014686584
	],
	"19. right_shoulder": [
		0.44810014963150024,
		0.38111427426338196,
		-0.006901160813868046,
		0.9998394846916199
	],
	"20. right_elbow": [
		0.43279027938842773,
		0.4839228689670563,
		-0.054183702915906906,
		0.9392255544662476
	],
	"21. right_wrist": [
		0.39762720465660095,
		0.43079644441604614,
		-0.25356727838516235,
		0.9441304206848145
	],
	"24. nose": [
		0.47702813148498535,
		0.29233434796333313,
		-0.19514259696006775,
		0.99998939037323
	],
	"25. left_eye": [
		0.48636794090270996,
		0.2824399471282959,
		-0.18052592873573303,
		0.9999744296073914
	],
	"26. right_eye": [
		0.47414708137512207,
		0.28035181760787964,
		-0.17669153213500977,
		0.9999716877937317
	],
	"27. left_ear": [
		0.4966297745704651,
		0.29268720746040344,
		-0.09641475975513458,
		0.9999651312828064
	],
	"28. right_ear": [
		0.47095027565956116,
		0.2905052900314331,
		-0.07944973558187485,
		0.9999562501907349
	],
	"time stamp": 30.0
}