{
	"1. left_hip": [
		0.5042178630828857,
		0.5722578763961792,
		-0.03163018450140953,
		0.9998486042022705
	],
	"2. left_knee": [
		0.5418522953987122,
		0.7275550961494446,
		-0.06344832479953766,
		0.9877590537071228
	],
	"3. left_ankle": [
		0.5570898652076721,
		0.8536346554756165,
		0.10627219825983047,
		0.9923818111419678
	],
	"6. right_hip": [
		0.4609014391899109,
		0.5704349875450134,
		0.03147931396961212,
		0.9998224377632141
	],
	"7. right_knee": [
		0.4195554852485657,
		0.7176997661590576,
		-0.06825722754001617,
		0.9947601556777954
	],
	"8. right_ankle": [
		0.4206259250640869,
		0.8766747117042542,
		0.03967589884996414,
		0.9939297437667847
	],
	"14. left_shoulder": [
		0.5150409936904907,
		0.3857567310333252,
		-0.04679061099886894,
		0.9999596476554871
	],
	"15. left_elbow": [
		0.5305107831954956,
		0.49553048610687256,
		-0.0418941006064415,
		0.9777578711509705
	],
	"16. left_wrist": [
		0.5632535219192505,
		0.5742697715759277,
		-0.10419896990060806,
		0.9792785048484802
	],
	"19. right_shoulder": [
		0.4479185938835144,
		0.3816780149936676,
		0.04468272998929024,
		0.9998494386672974
	],
	"20. right_elbow": [
		0.4280424118041992,
		0.4791285991668701,
		-0.05311230942606926,
		0.9421846866607666
	],
	"21. right_wrist": [
		0.4135347902774811,
		0.3885645866394043,
		-0.22589531540870667,
		0.9490971565246582
	],
	"24. nose": [
		0.4770386219024658,
		0.2924172282218933,
		-0.1486542671918869,
		0.9999902844429016
	],
	"25. left_eye": [
		0.4877723753452301,
		0.28515946865081787,
		-0.1356198787689209,
		0.9999762177467346
	],
	"26. right_eye": [
		0.4757222533226013,
		0.2808891832828522,
		-0.1289849728345871,
		0.9999738335609436
	],
	"27. left_ear": [
		0.4970187544822693,
		0.29987916350364685,
		-0.06287825107574463,
		0.9999678730964661
	],
	"28. right_ear": [
		0.472829669713974,
		0.291102796792984,
		-0.03290869668126106,
		0.9999585151672363
	],
	"time stamp": 30.0
}