{
	"1. left_hip": [
		0.5208787322044373,
		0.5642952919006348,
		0.0014465744607150555,
		0.9998003244400024
	],
	"2. left_knee": [
		0.538100004196167,
		0.7256240248680115,
		0.006584758870303631,
		0.993628203868866
	],
	"3. left_ankle": [
		0.5577677488327026,
		0.8585261702537537,
		0.14620645344257355,
		0.9951668977737427
	],
	"6. right_hip": [
		0.47940593957901,
		0.5647003650665283,
		-0.001473687356337905,
		0.9998033046722412
	],
	"7. right_knee": [
		0.43707460165023804,
		0.7193976640701294,
		-0.02202829159796238,
		0.9962179064750671
	],
	"8. right_ankle": [
		0.40355929732322693,
		0.8599620461463928,
		0.13384853303432465,
		0.9958255290985107
	],
	"14. left_shoulder": [
		0.5232986211776733,
		0.372908353805542,
		-0.002601285930722952,
		0.9999617338180542
	],
	"15. left_elbow": [
		0.5457217693328857,
		0.4642457365989685,
		-0.09407170116901398,
		0.9811574220657349
	],
	"16. left_wrist": [
		0.5726050138473511,
		0.43511220812797546,
		-0.3198319375514984,
		0.9802809953689575
	],
	"19. right_shoulder": [
		0.453664630651474,
		0.37485241889953613,
		-0.024918772280216217,
		0.9998281598091125
	],
	"20. right_elbow": [
		0.440807044506073,
		0.47674161195755005,
		0.013529797084629536,
		0.9522261619567871
	],
	"21. right_wrist": [
		0.3965332806110382,
		0.5131855607032776,
		-0.0730072483420372,
		0.9624075889587402
	],
	"24. nose": [
		0.48738497495651245,
		0.2909530997276306,
		-0.23804958164691925,
		0.9999926686286926
	],
	"25. left_eye": [
		0.4944491982460022,
		0.2805655002593994,
		-0.22104589641094208,
		0.9999809265136719
	],
	"26. right_eye": [
		0.4822749197483063,
		0.27978262305259705,
		-0.22201034426689148,
		0.9999779462814331
	],
	"27. left_ear": [
		0.5017305612564087,
		0.28759658336639404,
		-0.10902492702007294,
		0.9999735951423645
	],
	"28. right_ear": [
		0.4746968746185303,
		0.2895229458808899,
		-0.11572383344173431,
		0.9999578595161438
	],
	"time stamp": 30.0
}