{
	"1. left_hip": [
		0.48148441314697266,
		0.6060791611671448,
		0.04260234162211418,
		0.9998215436935425
	],
	"2. left_knee": [
		0.5303863286972046,
		0.7121351361274719,
		0.0010001694317907095,
		0.9799602031707764
	],
	"3. left_ankle": [
		0.5603326559066772,
		0.861000657081604,
		0.05011435225605965,
		0.994232177734375
	],
	"6. right_hip": [
		0.4409424662590027,
		0.59376060962677,
		-0.042719922959804535,
		0.9998671412467957
	],
	"7. right_knee": [
		0.4361949861049652,
		0.7314157485961914,
		-0.1364460289478302,
		0.9978534579277039
	],
	"8. right_ankle": [
		0.3912791311740875,
		0.8661364912986755,
		-0.08710162341594696,
		0.9972401261329651
	],
	"14. left_shoulder": [
		0.5267010927200317,
		0.43117210268974304,
		-0.03338661789894104,
		0.9999691247940063
	],
	"15. left_elbow": [
		0.5281581282615662,
		0.5348469018936157,
		0.012623539194464684,
		0.9223266243934631
	],
	"16. left_wrist": [
		0.526027262210846,
		0.6201279759407043,
		-0.038672346621751785,
		0.878226637840271
	],
	"19. right_shoulder": [
		0.45677700638771057,
		0.4232092499732971,
		-0.09655623883008957,
		0.9999703168869019
	],
	"20. right_elbow": [
		0.4025125503540039,
		0.4552536904811859,
		-0.09901795536279678,
		0.9818199872970581
	],
	"21. right_wrist": [
		0.4338145852088928,
		0.5227445960044861,
		-0.16097892820835114,
		0.898106038570404
	],
	"24. nose": [
		0.4884393811225891,
		0.3358553349971771,
		-0.22287587821483612,
		0.9999973177909851
	],
	"25. left_eye": [
		0.4925142228603363,
		0.33198344707489014,
		-0.20890319347381592,
		0.9999949336051941
	],
	"26. right_eye": [
		0.48079919815063477,
		0.33600375056266785,
		-0.20873525738716125,
		0.9999932646751404
	],
	"27. left_ear": [
		0.500629186630249,
		0.34195294976234436,
		-0.1247258186340332,
		0.9999893307685852
	],
	"28. right_ear": [
		0.47662535309791565,
		0.351923406124115,
		-0.1267242282629013,
		0.9999905228614807
	],
	"time stamp": 30.0
}