{
	"1. left_hip": [
		0.5062873959541321,
		0.56182461977005,
		0.02857574261724949,
		0.9996213912963867
	],
	"2. left_knee": [
		0.5382498502731323,
		0.710191547870636,
		-0.004298539832234383,
		0.985378086566925
	],
	"3. left_ankle": [
		0.5469457507133484,
		0.8511733412742615,
		0.13077303767204285,
		0.9942302107810974
	],
	"6. right_hip": [
		0.47139811515808105,
		0.5662163496017456,
		-0.028608402237296104,
		0.999699056148529
	],
	"7. right_knee": [
		0.43875283002853394,
		0.7279139161109924,
		-0.06832530349493027,
		0.9975486993789673
	],
	"8. right_ankle": [
		0.39260005950927734,
		0.8643864989280701,
		0.03375566005706787,
		0.9973601698875427
	],
	"14. left_shoulder": [
		0.49506908655166626,
		0.3755228817462921,
		0.07086601853370667,
		0.9998874068260193
	],
	"15. left_elbow": [
		0.5144184827804565,
		0.4545600414276123,
		0.05530457943677902,
		0.8467246294021606
	],
	"16. left_wrist": [
		0.5052439570426941,
		0.43688535690307617,
		-0.12328467518091202,
		0.7862260937690735
	],
	"19. right_shoulder": [
		0.44207581877708435,
		0.35704711079597473,
		-0.05801201984286308,
		0.9999734163284302
	],
	"20. right_elbow": [
		0.43719595670700073,
		0.4506605267524719,
		-0.0797060877084732,
		0.9855726361274719
	],
	"21. right_wrist": [
		0.4563470780849457,
		0.518665075302124,
		-0.18480461835861206,
		0.9277440309524536
	],
	"24. nose": [
		0.4758509695529938,
		0.2945408821105957,
		-0.1734110713005066,
		0.999995231628418
	],
	"25. left_eye": [
		0.4813604950904846,
		0.2862822711467743,
		-0.15454964339733124,
		0.9999889731407166
	],
	"26. right_eye": [
		0.46935996413230896,
		0.2815192639827728,
		-0.16644129157066345,
		0.9999931454658508
	],
	"27. left_ear": [
		0.48654279112815857,
		0.29864785075187683,
		-0.03706475347280502,
		0.9999643564224243
	],
	"28. right_ear": [
		0.4598363935947418,
		0.28946971893310547,
		-0.08907339721918106,
		0.9999931454658508
	],
	"time stamp": 30.0
}