{
	"1. left_hip": [
		0.5121415853500366,
		0.5624160766601562,
		0.031441282480955124,
		0.9996353387832642
	],
	"2. left_knee": [
		0.5407296419143677,
		0.7122514247894287,
		-0.0006142111960798502,
		0.9862632155418396
	],
	"3. left_ankle": [
		0.5438432693481445,
		0.8514620661735535,
		0.12882593274116516,
		0.994078516960144
	],
	"6. right_hip": [
		0.47518664598464966,
		0.5671108961105347,
		-0.03144214302301407,
		0.9997015595436096
	],
	"7. right_knee": [
		0.44535890221595764,
		0.7319135069847107,
		-0.06521302461624146,
		0.9974510669708252
	],
	"8. right_ankle": [
		0.3935133218765259,
		0.8622666001319885,
		0.04179620370268822,
		0.997289776802063
	],
	"14. left_shoulder": [
		0.49653178453445435,
		0.3774808347225189,
		0.09010814130306244,
		0.9998859167098999
	],
	"15. left_elbow": [
		0.5181330442428589,
		0.4575832486152649,
		0.06577280908823013,
		0.8195669651031494
	],
	"16. left_wrist": [
		0.5055942535400391,
		0.4476511776447296,
		-0.10016317665576935,
		0.7687873244285583
	],
	"19. right_shoulder": [
		0.44262367486953735,
		0.36003798246383667,
		-0.046133819967508316,
		0.9999740123748779
	],
	"20. right_elbow": [
		0.4394417405128479,
		0.4525536000728607,
		-0.07295691967010498,
		0.9859787821769714
	],
	"21. right_wrist": [
		0.4612468183040619,
		0.523033857345581,
		-0.1478903740644455,
		0.9329323768615723
	],
	"24. nose": [
		0.4752067029476166,
		0.3086540699005127,
		-0.1365664005279541,
		0.999994158744812
	],
	"25. left_eye": [
		0.48058971762657166,
		0.2997337877750397,
		-0.11931142956018448,
		0.9999867677688599
	],
	"26. right_eye": [
		0.4691275656223297,
		0.29498493671417236,
		-0.13252869248390198,
		0.9999921917915344
	],
	"27. left_ear": [
		0.4857713580131531,
		0.30821463465690613,
		-0.009242719039320946,
		0.999958336353302
	],
	"28. right_ear": [
		0.4602286219596863,
		0.3002282381057739,
		-0.06838827580213547,
		0.999992847442627
	],
	"time stamp": 30.0
}