{
	"1. left_hip": [
		0.5333350896835327,
		0.5784015655517578,
		0.025645066052675247,
		0.9996715784072876
	],
	"2. left_knee": [
		0.5460278987884521,
		0.7345301508903503,
		0.02592029608786106,
		0.9876601099967957
	],
	"3. left_ankle": [
		0.5422745943069458,
		0.853658139705658,
		0.15724164247512817,
		0.9934249520301819
	],
	"6. right_hip": [
		0.4961020350456238,
		0.585638701915741,
		-0.02556038834154606,
		0.999683141708374
	],
	"7. right_knee": [
		0.46589285135269165,
		0.738224983215332,
		-0.05316423624753952,
		0.9973894357681274
	],
	"8. right_ankle": [
		0.4024924337863922,
		0.859012246131897,
		0.0427880622446537,
		0.9970053434371948
	],
	"14. left_shoulder": [
		0.5156858563423157,
		0.4073163866996765,
		0.03463555872440338,
		0.9998380541801453
	],
	"15. left_elbow": [
		0.5488700866699219,
		0.4690249264240265,
		0.025337060913443565,
		0.7432153224945068
	],
	"16. left_wrist": [
		0.5373221635818481,
		0.4901084899902344,
		-0.1264192909002304,
		0.7181400656700134
	],
	"19. right_shoulder": [
		0.45784029364585876,
		0.39400872588157654,
		-0.03207628056406975,
		0.9999306797981262
	],
	"20. right_elbow": [
		0.4466671347618103,
		0.47059112787246704,
		-0.024441072717308998,
		0.9744209051132202
	],
	"21. right_wrist": [
		0.483344167470932,
		0.541706919670105,
		-0.06056007742881775,
		0.9048624038696289
	],
	"24. nose": [
		0.49219784140586853,
		0.33495423197746277,
		-0.1601560413837433,
		0.9999738335609436
	],
	"25. left_eye": [
		0.4977288246154785,
		0.3262144923210144,
		-0.14289817214012146,
		0.9999558925628662
	],
	"26. right_eye": [
		0.48458370566368103,
		0.3231441378593445,
		-0.1532638669013977,
		0.9999698400497437
	],
	"27. left_ear": [
		0.5006193518638611,
		0.336940735578537,
		-0.03696340695023537,
		0.9998722076416016
	],
	"28. right_ear": [
		0.47713273763656616,
		0.3280911445617676,
		-0.08552462607622147,
		0.9999757409095764
	],
	"time stamp": 30.0
}