{
	"1. left_hip": [
		0.5358982086181641,
		0.5778639316558838,
		0.023977059870958328,
		0.9996745586395264
	],
	"2. left_knee": [
		0.545937180519104,
		0.7331889867782593,
		0.005117093678563833,
		0.9871813654899597
	],
	"3. left_ankle": [
		0.5421617031097412,
		0.8546044826507568,
		0.15590082108974457,
		0.9928062558174133
	],
	"6. right_hip": [
		0.4978044629096985,
		0.5851899981498718,
		-0.02391008660197258,
		0.9996806383132935
	],
	"7. right_knee": [
		0.46842628717422485,
		0.7422794699668884,
		-0.05894241854548454,
		0.9972108602523804
	],
	"8. right_ankle": [
		0.40845006704330444,
		0.8559349775314331,
		0.0574413537979126,
		0.9965437650680542
	],
	"14. left_shoulder": [
		0.5215965509414673,
		0.4071429371833801,
		0.02451576478779316,
		0.9998396039009094
	],
	"15. left_elbow": [
		0.5555660128593445,
		0.4597479999065399,
		0.032163091003894806,
		0.7478562593460083
	],
	"16. left_wrist": [
		0.5436526536941528,
		0.49487897753715515,
		-0.11499056965112686,
		0.7217212915420532
	],
	"19. right_shoulder": [
		0.4618712365627289,
		0.3917023241519928,
		-0.03638041764497757,
		0.9999333620071411
	],
	"20. right_elbow": [
		0.44898635149002075,
		0.4743892550468445,
		-0.016885612159967422,
		0.9757706522941589
	],
	"21. right_wrist": [
		0.4807922840118408,
		0.5457082986831665,
		-0.06519270688295364,
		0.9075176119804382
	],
	"24. nose": [
		0.4965406060218811,
		0.3318212628364563,
		-0.18587343394756317,
		0.9999722242355347
	],
	"25. left_eye": [
		0.5020882487297058,
		0.32355037331581116,
		-0.1674385815858841,
		0.9999494552612305
	],
	"26. right_eye": [
		0.4890354573726654,
		0.3203577995300293,
		-0.17507252097129822,
		0.9999678134918213
	],
	"27. left_ear": [
		0.5055264234542847,
		0.334847629070282,
		-0.05624014884233475,
		0.999845027923584
	],
	"28. right_ear": [
		0.48116016387939453,
		0.3260973393917084,
		-0.09381809830665588,
		0.9999744892120361
	],
	"time stamp": 30.0
}