{
	"1. left_hip": [
		0.5421122908592224,
		0.5710691809654236,
		0.022184640169143677,
		0.9997038245201111
	],
	"2. left_knee": [
		0.5458160042762756,
		0.7316934466362,
		0.006441487465053797,
		0.9872887134552002
	],
	"3. left_ankle": [
		0.5422467589378357,
		0.8548949956893921,
		0.16025668382644653,
		0.9926232099533081
	],
	"6. right_hip": [
		0.5008627772331238,
		0.5764265656471252,
		-0.02222413755953312,
		0.9997044205665588
	],
	"7. right_knee": [
		0.4833594858646393,
		0.7382898926734924,
		-0.060919515788555145,
		0.9971882700920105
	],
	"8. right_ankle": [
		0.43279194831848145,
		0.8457461595535278,
		0.0882033109664917,
		0.9961703419685364
	],
	"14. left_shoulder": [
		0.5375586152076721,
		0.3906622529029846,
		-0.03843894973397255,
		0.9998636841773987
	],
	"15. left_elbow": [
		0.5809962749481201,
		0.43690168857574463,
		0.004622164182364941,
		0.7903071641921997
	],
	"16. left_wrist": [
		0.5592941641807556,
		0.5005555748939514,
		-0.10386983305215836,
		0.7660017609596252
	],
	"19. right_shoulder": [
		0.47011280059814453,
		0.383840948343277,
		-0.07403476536273956,
		0.9999419450759888
	],
	"20. right_elbow": [
		0.4479754865169525,
		0.4726792275905609,
		-0.03790603205561638,
		0.9791308045387268
	],
	"21. right_wrist": [
		0.4750870168209076,
		0.5448234677314758,
		-0.1097583919763565,
		0.9167205691337585
	],
	"24. nose": [
		0.5062183737754822,
		0.3117280602455139,
		-0.24603095650672913,
		0.9999756217002869
	],
	"25. left_eye": [
		0.5110287070274353,
		0.29971790313720703,
		-0.2295875996351242,
		0.9999531507492065
	],
	"26. right_eye": [
		0.4974031448364258,
		0.3011816740036011,
		-0.23368091881275177,
		0.9999711513519287
	],
	"27. left_ear": [
		0.5155295133590698,
		0.30875054001808167,
		-0.12402157485485077,
		0.9998557567596436
	],
	"28. right_ear": [
		0.4901984632015228,
		0.31118983030319214,
		-0.14667849242687225,
		0.9999770522117615
	],
	"time stamp": 30.0
}