{
	"1. left_hip": [
		0.5414602756500244,
		0.5517556071281433,
		-0.0064233108423650265,
		0.9991407990455627
	],
	"2. left_knee": [
		0.5436396598815918,
		0.7101999521255493,
		-0.0314970426261425,
		0.9474389553070068
	],
	"3. left_ankle": [
		0.5497934818267822,
		0.8641096949577332,
		0.03999864310026169,
		0.9581306576728821
	],
	"6. right_hip": [
		0.504456639289856,
		0.5528175234794617,
		0.006528922356665134,
		0.998617947101593
	],
	"7. right_knee": [
		0.5345902442932129,
		0.7061775326728821,
		-0.028901472687721252,
		0.9682407379150391
	],
	"8. right_ankle": [
		0.5587037801742554,
		0.8695968389511108,
		0.035869963467121124,
		0.9566036462783813
	],
	"14. left_shoulder": [
		0.5670597553253174,
		0.359555184841156,
		-0.07845000177621841,
		0.9999338984489441
	],
	"15. left_elbow": [
		0.5940718054771423,
		0.4403594136238098,
		-0.0737626701593399,
		0.9166039228439331
	],
	"16. left_wrist": [
		0.5646079778671265,
		0.5140208601951599,
		-0.12796004116535187,
		0.8984904289245605
	],
	"19. right_shoulder": [
		0.5025267004966736,
		0.37323111295700073,
		-0.0021295936312526464,
		0.9996356964111328
	],
	"20. right_elbow": [
		0.5016894936561584,
		0.4636784791946411,
		0.055455613881349564,
		0.8462070822715759
	],
	"21. right_wrist": [
		0.5023908019065857,
		0.5357913374900818,
		-0.012746388092637062,
		0.7937437295913696
	],
	"24. nose": [
		0.5210758447647095,
		0.2774166464805603,
		-0.1963457614183426,
		0.9999263882637024
	],
	"25. left_eye": [
		0.5274064540863037,
		0.26753488183021545,
		-0.1885080486536026,
		0.9998857378959656
	],
	"26. right_eye": [
		0.5147984623908997,
		0.2705484628677368,
		-0.18048328161239624,
		0.9997587203979492
	],
	"27. left_ear": [
		0.5381275415420532,
		0.2755938172340393,
		-0.12134505808353424,
		0.999859094619751
	],
	"28. right_ear": [
		0.5121332406997681,
		0.28317955136299133,
		-0.08160829544067383,
		0.9994567632675171
	],
	"time stamp": 30.0
}