{
	"1. left_hip": [
		0.5422785878181458,
		0.5596651434898376,
		-0.002442258410155773,
		0.99884432554245
	],
	"2. left_knee": [
		0.54856938123703,
		0.7257059812545776,
		-0.02761656604707241,
		0.9404465556144714
	],
	"3. left_ankle": [
		0.5532816648483276,
		0.8650310039520264,
		0.09101779758930206,
		0.9524629712104797
	],
	"6. right_hip": [
		0.5064138174057007,
		0.5568276047706604,
		0.0025125425308942795,
		0.9979960322380066
	],
	"7. right_knee": [
		0.5329754948616028,
		0.7105329036712646,
		-0.06367328763008118,
		0.9671521186828613
	],
	"8. right_ankle": [
		0.5592882037162781,
		0.8745924830436707,
		0.006893835961818695,
		0.9584270715713501
	],
	"14. left_shoulder": [
		0.5664852857589722,
		0.360129714012146,
		-0.07473038136959076,
		0.9999343752861023
	],
	"15. left_elbow": [
		0.5940507650375366,
		0.43439504504203796,
		-0.07140851020812988,
		0.935347318649292
	],
	"16. left_wrist": [
		0.570259690284729,
		0.5121984481811523,
		-0.11589749157428741,
		0.8994826078414917
	],
	"19. right_shoulder": [
		0.5039370059967041,
		0.3842795491218567,
		-0.0027634131256490946,
		0.9986769556999207
	],
	"20. right_elbow": [
		0.5034621953964233,
		0.4790849983692169,
		0.04413420334458351,
		0.6418219804763794
	],
	"21. right_wrist": [
		0.506920337677002,
		0.5546896457672119,
		-0.02941068634390831,
		0.5915549397468567
	],
	"24. nose": [
		0.5213114023208618,
		0.2846749722957611,
		-0.19120308756828308,
		0.9997080564498901
	],
	"25. left_eye": [
		0.527180016040802,
		0.2713254392147064,
		-0.18246904015541077,
		0.9996220469474792
	],
	"26. right_eye": [
		0.5153838396072388,
		0.2766895592212677,
		-0.17586150765419006,
		0.9990527033805847
	],
	"27. left_ear": [
		0.5385297536849976,
		0.2785886228084564,
		-0.11760471761226654,
		0.9997300505638123
	],
	"28. right_ear": [
		0.512514591217041,
		0.28804031014442444,
		-0.0770483985543251,
		0.997459888458252
	],
	"time stamp": 30.0
}