{
	"1. left_hip": [
		0.5449745059013367,
		0.5418580174446106,
		-0.06141361594200134,
		0.9992253184318542
	],
	"2. left_knee": [
		0.5011661648750305,
		0.6531946659088135,
		-0.298635870218277,
		0.9579774737358093
	],
	"3. left_ankle": [
		0.5560449361801147,
		0.7573111653327942,
		-0.17205671966075897,
		0.9390184283256531
	],
	"6. right_hip": [
		0.5059603452682495,
		0.545989453792572,
		0.061469655483961105,
		0.998538613319397
	],
	"7. right_knee": [
		0.5254729986190796,
		0.7166410684585571,
		0.015486933290958405,
		0.930132269859314
	],
	"8. right_ankle": [
		0.5602988004684448,
		0.8889214992523193,
		0.09642355144023895,
		0.9479798078536987
	],
	"14. left_shoulder": [
		0.5551031231880188,
		0.32847926020622253,
		-0.08336327224969864,
		0.9999631643295288
	],
	"15. left_elbow": [
		0.5956568717956543,
		0.39506521821022034,
		-0.10030050575733185,
		0.9662804007530212
	],
	"16. left_wrist": [
		0.5721120834350586,
		0.4782795011997223,
		-0.1616337150335312,
		0.9320439696311951
	],
	"19. right_shoulder": [
		0.4902513027191162,
		0.3652874827384949,
		0.08885926008224487,
		0.9981747269630432
	],
	"20. right_elbow": [
		0.48862066864967346,
		0.47359147667884827,
		0.13403941690921783,
		0.3708696961402893
	],
	"21. right_wrist": [
		0.4766159951686859,
		0.5537257790565491,
		0.043869469314813614,
		0.3555309474468231
	],
	"24. nose": [
		0.5171712636947632,
		0.2622951865196228,
		-0.15463471412658691,
		0.9997555613517761
	],
	"25. left_eye": [
		0.5254302620887756,
		0.25071197748184204,
		-0.13986234366893768,
		0.9996379017829895
	],
	"26. right_eye": [
		0.5121037364006042,
		0.250369668006897,
		-0.13173887133598328,
		0.9990221858024597
	],
	"27. left_ear": [
		0.5343981385231018,
		0.26163449883461,
		-0.0598934069275856,
		0.9997801780700684
	],
	"28. right_ear": [
		0.5050863027572632,
		0.2612164616584778,
		-0.02177015133202076,
		0.9969320893287659
	],
	"time stamp": 30.0
}