{
	"1. left_hip": [
		0.5359095335006714,
		0.5308706164360046,
		-0.06954534351825714,
		0.999428927898407
	],
	"2. left_knee": [
		0.4859221875667572,
		0.659062922000885,
		-0.20600882172584534,
		0.9675348401069641
	],
	"3. left_ankle": [
		0.5028527975082397,
		0.8390918374061584,
		-0.1908179074525833,
		0.952569305896759
	],
	"6. right_hip": [
		0.4985389709472656,
		0.5402172803878784,
		0.06976086646318436,
		0.9989110827445984
	],
	"7. right_knee": [
		0.5294057726860046,
		0.7086911797523499,
		0.09629373252391815,
		0.8894108533859253
	],
	"8. right_ankle": [
		0.5692905783653259,
		0.8794152736663818,
		0.18887880444526672,
		0.9478744268417358
	],
	"14. left_shoulder": [
		0.5464588403701782,
		0.32364752888679504,
		-0.03755716234445572,
		0.9999728798866272
	],
	"15. left_elbow": [
		0.5968140363693237,
		0.3790262043476105,
		-0.043295931071043015,
		0.9752703905105591
	],
	"16. left_wrist": [
		0.5649644136428833,
		0.4567333161830902,
		-0.09437087178230286,
		0.9481109380722046
	],
	"19. right_shoulder": [
		0.47507286071777344,
		0.35154104232788086,
		0.09156990051269531,
		0.9986346960067749
	],
	"20. right_elbow": [
		0.4610575735569,
		0.4619385898113251,
		0.1398780643939972,
		0.4510727524757385
	],
	"21. right_wrist": [
		0.45427584648132324,
		0.5485501289367676,
		0.044873517006635666,
		0.4630144238471985
	],
	"24. nose": [
		0.5126753449440002,
		0.25078168511390686,
		-0.1423763632774353,
		0.99982088804245
	],
	"25. left_eye": [
		0.5224276781082153,
		0.24057288467884064,
		-0.12673267722129822,
		0.9997344613075256
	],
	"26. right_eye": [
		0.5073860883712769,
		0.23693805932998657,
		-0.1218707337975502,
		0.9992843866348267
	],
	"27. left_ear": [
		0.5294418931007385,
		0.25436607003211975,
		-0.03753364831209183,
		0.9998388886451721
	],
	"28. right_ear": [
		0.5000291466712952,
		0.24745939671993256,
		-0.01728762872517109,
		0.9977562427520752
	],
	"time stamp": 30.0
}