{
	"1. left_hip": [
		0.523851752281189,
		0.5422366261482239,
		-0.07266569882631302,
		0.9995810985565186
	],
	"2. left_knee": [
		0.4807930588722229,
		0.7041810154914856,
		-0.19409604370594025,
		0.9743341207504272
	],
	"3. left_ankle": [
		0.4480513632297516,
		0.9035077691078186,
		-0.22409777343273163,
		0.9645987749099731
	],
	"6. right_hip": [
		0.4899154603481293,
		0.5546254515647888,
		0.07300932705402374,
		0.9991918802261353
	],
	"7. right_knee": [
		0.5385746359825134,
		0.7277675867080688,
		0.09253057837486267,
		0.8061497807502747
	],
	"8. right_ankle": [
		0.5872274041175842,
		0.8852673768997192,
		0.18971174955368042,
		0.9386100172996521
	],
	"14. left_shoulder": [
		0.5317875146865845,
		0.3328483998775482,
		0.037304285913705826,
		0.9999802112579346
	],
	"15. left_elbow": [
		0.5808800458908081,
		0.3966119885444641,
		0.020886285230517387,
		0.9818122386932373
	],
	"16. left_wrist": [
		0.542695164680481,
		0.4568735659122467,
		-0.04553947597742081,
		0.9599605202674866
	],
	"19. right_shoulder": [
		0.4620152413845062,
		0.352983295917511,
		0.18666954338550568,
		0.998999297618866
	],
	"20. right_elbow": [
		0.44408702850341797,
		0.46098095178604126,
		0.22558435797691345,
		0.5602753758430481
	],
	"21. right_wrist": [
		0.43610721826553345,
		0.5498567223548889,
		0.12737195193767548,
		0.585327684879303
	],
	"24. nose": [
		0.50714510679245,
		0.2543897330760956,
		-0.040076643228530884,
		0.9998693466186523
	],
	"25. left_eye": [
		0.5157026052474976,
		0.24363623559474945,
		-0.020796824246644974,
		0.9998061656951904
	],
	"26. right_eye": [
		0.5007880330085754,
		0.24143019318580627,
		-0.017068641260266304,
		0.9994780421257019
	],
	"27. left_ear": [
		0.5207495093345642,
		0.2573542594909668,
		0.06611992418766022,
		0.9998823404312134
	],
	"28. right_ear": [
		0.49140581488609314,
		0.25127333402633667,
		0.07827211916446686,
		0.9983638525009155
	],
	"time stamp": 30.0
}