{
	"1. left_hip": [
		0.5005984306335449,
		0.564154863357544,
		-0.06979935616254807,
		0.9997187852859497
	],
	"2. left_knee": [
		0.46934133768081665,
		0.740790069103241,
		-0.15644462406635284,
		0.9802378416061401
	],
	"3. left_ankle": [
		0.4329983592033386,
		0.9326073527336121,
		-0.13813018798828125,
		0.9763131141662598
	],
	"6. right_hip": [
		0.46377959847450256,
		0.5707731246948242,
		0.07002492994070053,
		0.9994336366653442
	],
	"7. right_knee": [
		0.4741930365562439,
		0.747764527797699,
		0.05903593823313713,
		0.7724101543426514
	],
	"8. right_ankle": [
		0.5571698546409607,
		0.8542369604110718,
		0.16655097901821136,
		0.939876914024353
	],
	"14. left_shoulder": [
		0.5163984894752502,
		0.36242958903312683,
		-0.04903857037425041,
		0.9999869465827942
	],
	"15. left_elbow": [
		0.5548665523529053,
		0.45404762029647827,
		-0.08812971413135529,
		0.9877669215202332
	],
	"16. left_wrist": [
		0.5143331289291382,
		0.49592137336730957,
		-0.23208093643188477,
		0.9713795185089111
	],
	"19. right_shoulder": [
		0.44488725066185,
		0.35615259408950806,
		0.07677321135997772,
		0.9993388056755066
	],
	"20. right_elbow": [
		0.423515647649765,
		0.4663044810295105,
		0.1285802125930786,
		0.6883267760276794
	],
	"21. right_wrist": [
		0.41614049673080444,
		0.556373655796051,
		0.02738473378121853,
		0.7095048427581787
	],
	"24. nose": [
		0.4953930974006653,
		0.2793346345424652,
		-0.17501160502433777,
		0.9999140501022339
	],
	"25. left_eye": [
		0.5024367570877075,
		0.2723175287246704,
		-0.15681767463684082,
		0.9998723864555359
	],
	"26. right_eye": [
		0.489591121673584,
		0.2657849192619324,
		-0.15457744896411896,
		0.9996570348739624
	],
	"27. left_ear": [
		0.5067813396453857,
		0.2841626703739166,
		-0.0569671168923378,
		0.9999223351478577
	],
	"28. right_ear": [
		0.4788694381713867,
		0.27077794075012207,
		-0.050023116171360016,
		0.9989256262779236
	],
	"time stamp": 30.0
}