{
	"1. left_hip": [
		0.49712905287742615,
		0.5649106502532959,
		-0.06863009184598923,
		0.9997453689575195
	],
	"2. left_knee": [
		0.4604528844356537,
		0.7427242994308472,
		-0.16629324853420258,
		0.9815739393234253
	],
	"3. left_ankle": [
		0.43249353766441345,
		0.930606484413147,
		-0.12425047159194946,
		0.9786008596420288
	],
	"6. right_hip": [
		0.458552747964859,
		0.5709041357040405,
		0.0688542053103447,
		0.999481201171875
	],
	"7. right_knee": [
		0.45739665627479553,
		0.7542662024497986,
		0.05630939453840256,
		0.7892982363700867
	],
	"8. right_ankle": [
		0.5335789918899536,
		0.8325729370117188,
		0.205520361661911,
		0.9439114928245544
	],
	"14. left_shoulder": [
		0.5141599178314209,
		0.36698850989341736,
		-0.053710680454969406,
		0.9999881982803345
	],
	"15. left_elbow": [
		0.55118727684021,
		0.4592568278312683,
		-0.08558986335992813,
		0.9888665676116943
	],
	"16. left_wrist": [
		0.5130128264427185,
		0.49927428364753723,
		-0.2278824746608734,
		0.9735454320907593
	],
	"19. right_shoulder": [
		0.44057661294937134,
		0.3563566505908966,
		0.06577856838703156,
		0.9994039535522461
	],
	"20. right_elbow": [
		0.41936832666397095,
		0.4664170444011688,
		0.11686010658740997,
		0.714594304561615
	],
	"21. right_wrist": [
		0.41159573197364807,
		0.5569368004798889,
		0.01066688820719719,
		0.7335930466651917
	],
	"24. nose": [
		0.4906977713108063,
		0.2813461422920227,
		-0.19237110018730164,
		0.9999226331710815
	],
	"25. left_eye": [
		0.4982827603816986,
		0.27367207407951355,
		-0.17381587624549866,
		0.999885082244873
	],
	"26. right_eye": [
		0.4845913350582123,
		0.2679443955421448,
		-0.17120109498500824,
		0.9996912479400635
	],
	"27. left_ear": [
		0.5031348466873169,
		0.2851109802722931,
		-0.07058198750019073,
		0.9999300837516785
	],
	"28. right_ear": [
		0.47458523511886597,
		0.27296459674835205,
		-0.06160601228475571,
		0.9990329742431641
	],
	"time stamp": 30.0
}