{
	"1. left_hip": [
		0.482597291469574,
		0.5619341731071472,
		-0.028250273317098618,
		0.9998413324356079
	],
	"2. left_knee": [
		0.4512648582458496,
		0.7398555278778076,
		-0.13262519240379333,
		0.9857933521270752
	],
	"3. left_ankle": [
		0.4311927258968353,
		0.9265267848968506,
		-0.1165846437215805,
		0.984099268913269
	],
	"6. right_hip": [
		0.43454796075820923,
		0.5557354092597961,
		0.02832036279141903,
		0.9996486306190491
	],
	"7. right_knee": [
		0.4133531153202057,
		0.7147789001464844,
		0.00551063334569335,
		0.8478977680206299
	],
	"8. right_ankle": [
		0.4251929223537445,
		0.7752673625946045,
		0.2994673252105713,
		0.8110426068305969
	],
	"14. left_shoulder": [
		0.5049452781677246,
		0.3656722605228424,
		-0.07622402906417847,
		0.9999918341636658
	],
	"15. left_elbow": [
		0.5376521348953247,
		0.4532524049282074,
		-0.08630678057670593,
		0.9906403422355652
	],
	"16. left_wrist": [
		0.5108811855316162,
		0.4942827820777893,
		-0.23034019768238068,
		0.9743940234184265
	],
	"19. right_shoulder": [
		0.4255879521369934,
		0.33845847845077515,
		-0.037223394960165024,
		0.9996370673179626
	],
	"20. right_elbow": [
		0.4023427367210388,
		0.4600917100906372,
		0.02799709141254425,
		0.8134003281593323
	],
	"21. right_wrist": [
		0.3827863335609436,
		0.5552905797958374,
		-0.06183009222149849,
		0.819516658782959
	],
	"24. nose": [
		0.47145605087280273,
		0.2560001015663147,
		-0.25509825348854065,
		0.9999533891677856
	],
	"25. left_eye": [
		0.4802919328212738,
		0.24529634416103363,
		-0.23891165852546692,
		0.9999299645423889
	],
	"26. right_eye": [
		0.46447935700416565,
		0.24213525652885437,
		-0.23900099098682404,
		0.9998152256011963
	],
	"27. left_ear": [
		0.4866136908531189,
		0.25871771574020386,
		-0.1352936029434204,
		0.99995356798172
	],
	"28. right_ear": [
		0.4564661383628845,
		0.2534191906452179,
		-0.1371941864490509,
		0.9994254112243652
	],
	"time stamp": 30.0
}