{
	"1. left_hip": [
		0.4770895838737488,
		0.5644751191139221,
		0.06168857961893082,
		0.9989469051361084
	],
	"2. left_knee": [
		0.44566693902015686,
		0.754456639289856,
		0.0579335018992424,
		0.6707587242126465
	],
	"3. left_ankle": [
		0.3775496184825897,
		0.9203062057495117,
		0.16492244601249695,
		0.8907393217086792
	],
	"6. right_hip": [
		0.4414246678352356,
		0.5479238033294678,
		-0.061651963740587234,
		0.9995855689048767
	],
	"7. right_knee": [
		0.46382030844688416,
		0.7425776124000549,
		-0.2029443085193634,
		0.9391295313835144
	],
	"8. right_ankle": [
		0.4969518780708313,
		0.946589469909668,
		-0.20178084075450897,
		0.9219616651535034
	],
	"14. left_shoulder": [
		0.5133429765701294,
		0.3564597964286804,
		0.0012775168288499117,
		0.9995025992393494
	],
	"15. left_elbow": [
		0.507927417755127,
		0.466182678937912,
		0.07410061359405518,
		0.548848032951355
	],
	"16. left_wrist": [
		0.49284929037094116,
		0.5507977604866028,
		0.012572802603244781,
		0.41233503818511963
	],
	"19. right_shoulder": [
		0.4403892457485199,
		0.3367484509944916,
		-0.10863666236400604,
		0.9998180866241455
	],
	"20. right_elbow": [
		0.431693971157074,
		0.45758551359176636,
		-0.060652006417512894,
		0.7320442199707031
	],
	"21. right_wrist": [
		0.4211801588535309,
		0.5578756928443909,
		-0.08683621138334274,
		0.4394599199295044
	],
	"24. nose": [
		0.4712902009487152,
		0.2498539835214615,
		-0.2519133687019348,
		0.9998769164085388
	],
	"25. left_eye": [
		0.47959405183792114,
		0.23879095911979675,
		-0.2324613779783249,
		0.9997878074645996
	],
	"26. right_eye": [
		0.4630143642425537,
		0.2390483021736145,
		-0.23837371170520782,
		0.9997268915176392
	],
	"27. left_ear": [
		0.48802250623703003,
		0.25179681181907654,
		-0.1168549507856369,
		0.9994723796844482
	],
	"28. right_ear": [
		0.4567131996154785,
		0.25088679790496826,
		-0.14039310812950134,
		0.9995396137237549
	],
	"time stamp": 30.0
}