{
	"1. left_hip": [
		0.5325366854667664,
		0.5461405515670776,
		0.02916472777724266,
		0.9978037476539612
	],
	"2. left_knee": [
		0.5599886178970337,
		0.7144190669059753,
		0.005239345598965883,
		0.8244359493255615
	],
	"3. left_ankle": [
		0.5462794303894043,
		0.8333777785301208,
		0.2661883533000946,
		0.830865204334259
	],
	"6. right_hip": [
		0.4842963218688965,
		0.5544753074645996,
		-0.02912072464823723,
		0.9992188215255737
	],
	"7. right_knee": [
		0.4955659806728363,
		0.7549238204956055,
		-0.08860350400209427,
		0.9638495445251465
	],
	"8. right_ankle": [
		0.4963962137699127,
		0.9493779540061951,
		-0.030324827879667282,
		0.9596499800682068
	],
	"14. left_shoulder": [
		0.5418707132339478,
		0.33501484990119934,
		-0.06837762892246246,
		0.9993772506713867
	],
	"15. left_elbow": [
		0.5601741075515747,
		0.4218694567680359,
		-0.00883968360722065,
		0.5401617288589478
	],
	"16. left_wrist": [
		0.5509148836135864,
		0.49638277292251587,
		-0.09907056391239166,
		0.3545275628566742
	],
	"19. right_shoulder": [
		0.46079713106155396,
		0.34713631868362427,
		-0.1271408051252365,
		0.9997780323028564
	],
	"20. right_elbow": [
		0.45814234018325806,
		0.4784329831600189,
		-0.0937618762254715,
		0.8256847262382507
	],
	"21. right_wrist": [
		0.46014466881752014,
		0.5858702063560486,
		-0.1655074656009674,
		0.5164752006530762
	],
	"24. nose": [
		0.507623016834259,
		0.23201464116573334,
		-0.29879510402679443,
		0.9998877048492432
	],
	"25. left_eye": [
		0.5150242447853088,
		0.22425201535224915,
		-0.2799322307109833,
		0.999782145023346
	],
	"26. right_eye": [
		0.49956178665161133,
		0.21966181695461273,
		-0.28688958287239075,
		0.999792754650116
	],
	"27. left_ear": [
		0.5202940702438354,
		0.2368745356798172,
		-0.16362303495407104,
		0.9996017217636108
	],
	"28. right_ear": [
		0.48858723044395447,
		0.22973106801509857,
		-0.19534729421138763,
		0.9996505379676819
	],
	"time stamp": 30.0
}