{
	"1. left_hip": [
		0.5572812557220459,
		0.538054883480072,
		6.569204560946673e-05,
		0.9979010224342346
	],
	"2. left_knee": [
		0.5743223428726196,
		0.7351524233818054,
		0.00964527577161789,
		0.892041027545929
	],
	"3. left_ankle": [
		0.6031596660614014,
		0.876473069190979,
		0.20079079270362854,
		0.8807823061943054
	],
	"6. right_hip": [
		0.5087921619415283,
		0.5514577031135559,
		1.3014415344514418e-05,
		0.9990432858467102
	],
	"7. right_knee": [
		0.5175822377204895,
		0.7520820498466492,
		-0.049506887793540955,
		0.9756289124488831
	],
	"8. right_ankle": [
		0.4991264343261719,
		0.9493627548217773,
		0.035623107105493546,
		0.9695567488670349
	],
	"14. left_shoulder": [
		0.557259202003479,
		0.3187103569507599,
		-0.05470164865255356,
		0.9995957612991333
	],
	"15. left_elbow": [
		0.6028910875320435,
		0.3958156108856201,
		-0.013321852311491966,
		0.7060604691505432
	],
	"16. left_wrist": [
		0.5832085609436035,
		0.4656068980693817,
		-0.12939387559890747,
		0.5615153908729553
	],
	"19. right_shoulder": [
		0.47411465644836426,
		0.3296528160572052,
		-0.050158023834228516,
		0.9996602535247803
	],
	"20. right_elbow": [
		0.4734067916870117,
		0.4493848979473114,
		0.010049035772681236,
		0.829571545124054
	],
	"21. right_wrist": [
		0.48010116815567017,
		0.5425624251365662,
		-0.07859884947538376,
		0.4914344847202301
	],
	"24. nose": [
		0.5287901163101196,
		0.22237232327461243,
		-0.25462016463279724,
		0.9999095797538757
	],
	"25. left_eye": [
		0.5358971357345581,
		0.2151854783296585,
		-0.2360355108976364,
		0.999821126461029
	],
	"26. right_eye": [
		0.5200950503349304,
		0.20800946652889252,
		-0.24156251549720764,
		0.999821662902832
	],
	"27. left_ear": [
		0.5389127135276794,
		0.2275610864162445,
		-0.11618777364492416,
		0.9996855854988098
	],
	"28. right_ear": [
		0.5095561742782593,
		0.21636657416820526,
		-0.14417454600334167,
		0.9996497631072998
	],
	"time stamp": 30.0
}