{
	"1. left_hip": [
		0.5660980343818665,
		0.5384629368782043,
		-0.0033446974121034145,
		0.9978043437004089
	],
	"2. left_knee": [
		0.5858980417251587,
		0.7347660660743713,
		0.025777682662010193,
		0.911011815071106
	],
	"3. left_ankle": [
		0.611946165561676,
		0.8863323926925659,
		0.17623279988765717,
		0.900515615940094
	],
	"6. right_hip": [
		0.5188890099525452,
		0.5541041493415833,
		0.0034068762324750423,
		0.9988534450531006
	],
	"7. right_knee": [
		0.5230444073677063,
		0.751823365688324,
		-0.04287353530526161,
		0.978314220905304
	],
	"8. right_ankle": [
		0.49965086579322815,
		0.949560284614563,
		0.02601129747927189,
		0.9722585082054138
	],
	"14. left_shoulder": [
		0.5684150457382202,
		0.3207409381866455,
		-0.06682552397251129,
		0.9996642470359802
	],
	"15. left_elbow": [
		0.618991494178772,
		0.40152519941329956,
		-0.026901444420218468,
		0.7607632875442505
	],
	"16. left_wrist": [
		0.5907012820243835,
		0.46998918056488037,
		-0.13110892474651337,
		0.6384219527244568
	],
	"19. right_shoulder": [
		0.4846091866493225,
		0.3304310739040375,
		-0.052365321666002274,
		0.9996271729469299
	],
	"20. right_elbow": [
		0.48061245679855347,
		0.4514216184616089,
		0.007496766746044159,
		0.8264338374137878
	],
	"21. right_wrist": [
		0.4881467819213867,
		0.544999361038208,
		-0.07987886667251587,
		0.47749122977256775
	],
	"24. nose": [
		0.5374361872673035,
		0.2238740772008896,
		-0.26411283016204834,
		0.9999181032180786
	],
	"25. left_eye": [
		0.5437868237495422,
		0.21685880422592163,
		-0.24614393711090088,
		0.999835193157196
	],
	"26. right_eye": [
		0.5280011296272278,
		0.2100052535533905,
		-0.24839094281196594,
		0.9998337030410767
	],
	"27. left_ear": [
		0.5471938848495483,
		0.2284642606973648,
		-0.13252902030944824,
		0.9997161030769348
	],
	"28. right_ear": [
		0.5182007551193237,
		0.21886996924877167,
		-0.14886143803596497,
		0.999652624130249
	],
	"time stamp": 30.0
}