{
	"1. left_hip": [
		0.5795634984970093,
		0.5243674516677856,
		-0.006863147020339966,
		0.9976306557655334
	],
	"2. left_knee": [
		0.5943242311477661,
		0.7101534008979797,
		-0.004826909862458706,
		0.9621551632881165
	],
	"3. left_ankle": [
		0.6121167540550232,
		0.8878734111785889,
		0.096452996134758,
		0.9558507800102234
	],
	"6. right_hip": [
		0.5307978987693787,
		0.5222858190536499,
		0.006941628642380238,
		0.9981473684310913
	],
	"7. right_knee": [
		0.5198010206222534,
		0.7106709480285645,
		-0.04201369360089302,
		0.9845402240753174
	],
	"8. right_ankle": [
		0.4994485378265381,
		0.897193968296051,
		0.033883944153785706,
		0.9789755940437317
	],
	"14. left_shoulder": [
		0.5982552766799927,
		0.29981914162635803,
		-0.04164434224367142,
		0.9998356103897095
	],
	"15. left_elbow": [
		0.6379773020744324,
		0.3872602581977844,
		0.007515510078519583,
		0.9121769666671753
	],
	"16. left_wrist": [
		0.6099126935005188,
		0.46433135867118835,
		-0.05755956843495369,
		0.8478690981864929
	],
	"19. right_shoulder": [
		0.5142956972122192,
		0.2994384467601776,
		-0.018434325233101845,
		0.998859703540802
	],
	"20. right_elbow": [
		0.5184230208396912,
		0.412974089384079,
		0.03968925029039383,
		0.767093300819397
	],
	"21. right_wrist": [
		0.5161082148551941,
		0.505077064037323,
		-0.0445922389626503,
		0.4484385550022125
	],
	"24. nose": [
		0.5524471402168274,
		0.19494612514972687,
		-0.23016460239887238,
		0.9998942613601685
	],
	"25. left_eye": [
		0.558586061000824,
		0.18444418907165527,
		-0.21384784579277039,
		0.9997750520706177
	],
	"26. right_eye": [
		0.5437250137329102,
		0.18593105673789978,
		-0.21408534049987793,
		0.9996967315673828
	],
	"27. left_ear": [
		0.5663475394248962,
		0.19619765877723694,
		-0.1094900518655777,
		0.9996799826622009
	],
	"28. right_ear": [
		0.5358986258506775,
		0.19969181716442108,
		-0.10884620994329453,
		0.9989770650863647
	],
	"time stamp": 30.0
}