{
	"1. left_hip": [
		0.5435557961463928,
		0.5579573512077332,
		-0.011754734441637993,
		0.9983066916465759
	],
	"2. left_knee": [
		0.5666420459747314,
		0.7487155199050903,
		-0.04691359028220177,
		0.9804193377494812
	],
	"3. left_ankle": [
		0.6026500463485718,
		0.8885315656661987,
		0.059614382684230804,
		0.9777631163597107
	],
	"6. right_hip": [
		0.4940468668937683,
		0.554086446762085,
		0.011600105091929436,
		0.9979264736175537
	],
	"7. right_knee": [
		0.4963940978050232,
		0.7386308312416077,
		-0.002859414555132389,
		0.9871392846107483
	],
	"8. right_ankle": [
		0.5006611347198486,
		0.9142799973487854,
		0.09943828731775284,
		0.9829798936843872
	],
	"14. left_shoulder": [
		0.5827773809432983,
		0.35165977478027344,
		-0.1564609557390213,
		0.999917209148407
	],
	"15. left_elbow": [
		0.6068683862686157,
		0.45362409949302673,
		-0.16495148837566376,
		0.9605513215065002
	],
	"16. left_wrist": [
		0.5797547101974487,
		0.5205899477005005,
		-0.2889304757118225,
		0.9094987511634827
	],
	"19. right_shoulder": [
		0.5000610947608948,
		0.3527044951915741,
		-0.09627179801464081,
		0.9984782338142395
	],
	"20. right_elbow": [
		0.4734419286251068,
		0.4700084328651428,
		-0.034388817846775055,
		0.6810528039932251
	],
	"21. right_wrist": [
		0.43527713418006897,
		0.5676887631416321,
		-0.11482588946819305,
		0.4353899359703064
	],
	"24. nose": [
		0.534273624420166,
		0.24460819363594055,
		-0.32095032930374146,
		0.9998738765716553
	],
	"25. left_eye": [
		0.5419139862060547,
		0.23272891342639923,
		-0.31016916036605835,
		0.9997747540473938
	],
	"26. right_eye": [
		0.5282610654830933,
		0.23642204701900482,
		-0.30440935492515564,
		0.9995592832565308
	],
	"27. left_ear": [
		0.5535337328910828,
		0.24410374462604523,
		-0.2225441187620163,
		0.9997361898422241
	],
	"28. right_ear": [
		0.5251195430755615,
		0.2516435384750366,
		-0.19300898909568787,
		0.9984813332557678
	],
	"time stamp": 30.0
}