{
	"1. left_hip": [
		0.5233491063117981,
		0.5694065690040588,
		-0.031264401972293854,
		0.9986845850944519
	],
	"2. left_knee": [
		0.5364519357681274,
		0.7634475827217102,
		-0.14810438454151154,
		0.9840165376663208
	],
	"3. left_ankle": [
		0.5949657559394836,
		0.8686100244522095,
		0.031831562519073486,
		0.9810479879379272
	],
	"6. right_hip": [
		0.47701358795166016,
		0.5628153681755066,
		0.03117121197283268,
		0.9983873963356018
	],
	"7. right_knee": [
		0.48299241065979004,
		0.7503970861434937,
		0.001098782755434513,
		0.9852312803268433
	],
	"8. right_ankle": [
		0.4996574819087982,
		0.920680820941925,
		0.14110741019248962,
		0.9830678701400757
	],
	"14. left_shoulder": [
		0.5693775415420532,
		0.36218103766441345,
		-0.12302754074335098,
		0.9999392628669739
	],
	"15. left_elbow": [
		0.59340900182724,
		0.47011783719062805,
		-0.14404909312725067,
		0.9708617329597473
	],
	"16. left_wrist": [
		0.5567092299461365,
		0.5347051620483398,
		-0.2607197165489197,
		0.9322038888931274
	],
	"19. right_shoulder": [
		0.48752421140670776,
		0.35465285181999207,
		-0.01273614913225174,
		0.9988793134689331
	],
	"20. right_elbow": [
		0.4528939723968506,
		0.46387261152267456,
		0.046932023018598557,
		0.7478733062744141
	],
	"21. right_wrist": [
		0.393994003534317,
		0.48158788681030273,
		-0.0524323470890522,
		0.574240505695343
	],
	"24. nose": [
		0.5245341658592224,
		0.25710204243659973,
		-0.24940195679664612,
		0.9999073147773743
	],
	"25. left_eye": [
		0.534493088722229,
		0.2451164275407791,
		-0.23658892512321472,
		0.9998345375061035
	],
	"26. right_eye": [
		0.5209618806838989,
		0.24369992315769196,
		-0.22946171462535858,
		0.9996749758720398
	],
	"27. left_ear": [
		0.5456935167312622,
		0.25841808319091797,
		-0.15568839013576508,
		0.9998067617416382
	],
	"28. right_ear": [
		0.51731276512146,
		0.2559583783149719,
		-0.11844847351312637,
		0.998881995677948
	],
	"time stamp": 30.0
}