{
	"1. left_hip": [
		0.5061770081520081,
		0.5736724734306335,
		-0.05837584659457207,
		0.9990042448043823
	],
	"2. left_knee": [
		0.4771333336830139,
		0.7464914321899414,
		-0.16221511363983154,
		0.9845570921897888
	],
	"3. left_ankle": [
		0.5446678400039673,
		0.7990865707397461,
		-0.0053572761826217175,
		0.979216992855072
	],
	"6. right_hip": [
		0.46324262022972107,
		0.5605113506317139,
		0.05823570489883423,
		0.998762309551239
	],
	"7. right_knee": [
		0.47286495566368103,
		0.7466214299201965,
		0.047644250094890594,
		0.9641721248626709
	],
	"8. right_ankle": [
		0.5121021270751953,
		0.8853750228881836,
		0.16515575349330902,
		0.977164626121521
	],
	"14. left_shoulder": [
		0.5553463101387024,
		0.36723509430885315,
		-0.09885019809007645,
		0.9999544024467468
	],
	"15. left_elbow": [
		0.5806594491004944,
		0.47267669439315796,
		-0.13417497277259827,
		0.9784208536148071
	],
	"16. left_wrist": [
		0.5404897332191467,
		0.5389828085899353,
		-0.19486768543720245,
		0.9487892985343933
	],
	"19. right_shoulder": [
		0.4772758483886719,
		0.3559463620185852,
		0.066278375685215,
		0.9991281628608704
	],
	"20. right_elbow": [
		0.434578001499176,
		0.4409639537334442,
		0.032184500247240067,
		0.7937716841697693
	],
	"21. right_wrist": [
		0.4158552587032318,
		0.3385811746120453,
		-0.2023402452468872,
		0.6853300333023071
	],
	"24. nose": [
		0.5170175433158875,
		0.2584608495235443,
		-0.20238809287548065,
		0.999930202960968
	],
	"25. left_eye": [
		0.5270060300827026,
		0.25040021538734436,
		-0.1901368349790573,
		0.9998758435249329
	],
	"26. right_eye": [
		0.5126140713691711,
		0.24556037783622742,
		-0.17927199602127075,
		0.9997535347938538
	],
	"27. left_ear": [
		0.537445068359375,
		0.2642551362514496,
		-0.11002890020608902,
		0.9998568892478943
	],
	"28. right_ear": [
		0.5074595808982849,
		0.2542116940021515,
		-0.06013510376214981,
		0.9991539716720581
	],
	"time stamp": 30.0
}