{
	"1. left_hip": [
		0.4918334484100342,
		0.5616788864135742,
		-0.07326358556747437,
		0.9992412328720093
	],
	"2. left_knee": [
		0.427827924489975,
		0.650233268737793,
		-0.2721461057662964,
		0.9862275719642639
	],
	"3. left_ankle": [
		0.48448818922042847,
		0.7695035934448242,
		-0.07455936819314957,
		0.9704325795173645
	],
	"6. right_hip": [
		0.45732054114341736,
		0.552012026309967,
		0.07310814410448074,
		0.999067485332489
	],
	"7. right_knee": [
		0.44686824083328247,
		0.7254429459571838,
		0.052073635160923004,
		0.9442501068115234
	],
	"8. right_ankle": [
		0.49511533975601196,
		0.9172505736351013,
		0.13923166692256927,
		0.97325599193573
	],
	"14. left_shoulder": [
		0.536419153213501,
		0.35462233424186707,
		-0.04725346341729164,
		0.9999633431434631
	],
	"15. left_elbow": [
		0.5648045539855957,
		0.45754462480545044,
		-0.05497374013066292,
		0.9840930700302124
	],
	"16. left_wrist": [
		0.5254080891609192,
		0.5199822783470154,
		-0.09332267940044403,
		0.9613062143325806
	],
	"19. right_shoulder": [
		0.4667644500732422,
		0.3249080181121826,
		0.11747533082962036,
		0.9992527365684509
	],
	"20. right_elbow": [
		0.4273472726345062,
		0.377737432718277,
		0.03934968635439873,
		0.8285741209983826
	],
	"21. right_wrist": [
		0.47143444418907166,
		0.31489795446395874,
		-0.1573691964149475,
		0.7565144896507263
	],
	"24. nose": [
		0.5077018737792969,
		0.2553904950618744,
		-0.15415380895137787,
		0.9999470710754395
	],
	"25. left_eye": [
		0.5180083513259888,
		0.2448877990245819,
		-0.13874945044517517,
		0.9999058246612549
	],
	"26. right_eye": [
		0.5060800313949585,
		0.2375790923833847,
		-0.1290978342294693,
		0.9998127222061157
	],
	"27. left_ear": [
		0.5270993709564209,
		0.2591780424118042,
		-0.05081275850534439,
		0.999893307685852
	],
	"28. right_ear": [
		0.5010988712310791,
		0.2451762706041336,
		-0.00653387326747179,
		0.9993590116500854
	],
	"time stamp": 30.0
}