{
	"1. left_hip": [
		0.4407814145088196,
		0.571172297000885,
		-0.07968693226575851,
		0.9996038675308228
	],
	"2. left_knee": [
		0.3883444368839264,
		0.7360360026359558,
		-0.10963746160268784,
		0.9898479580879211
	],
	"3. left_ankle": [
		0.3857528269290924,
		0.9269046187400818,
		-0.10220517963171005,
		0.9846189618110657
	],
	"6. right_hip": [
		0.42706671357154846,
		0.5687550902366638,
		0.07964296638965607,
		0.9994288682937622
	],
	"7. right_knee": [
		0.4508039057254791,
		0.7481539249420166,
		0.0373670868575573,
		0.8875507712364197
	],
	"8. right_ankle": [
		0.5093525052070618,
		0.9245770573616028,
		0.03997613489627838,
		0.9721038341522217
	],
	"14. left_shoulder": [
		0.48990607261657715,
		0.3589482307434082,
		0.0014908545417711139,
		0.999983012676239
	],
	"15. left_elbow": [
		0.514757513999939,
		0.46755462884902954,
		-0.06089847534894943,
		0.9929108619689941
	],
	"16. left_wrist": [
		0.45767736434936523,
		0.4864162802696228,
		-0.06291379779577255,
		0.9805324077606201
	],
	"19. right_shoulder": [
		0.43991461396217346,
		0.3407416045665741,
		0.1973697692155838,
		0.9992226958274841
	],
	"20. right_elbow": [
		0.39480891823768616,
		0.3244212567806244,
		0.2402024269104004,
		0.7745126485824585
	],
	"21. right_wrist": [
		0.43376827239990234,
		0.2786027491092682,
		0.23452505469322205,
		0.6069151759147644
	],
	"24. nose": [
		0.47548800706863403,
		0.26695892214775085,
		-0.037474602460861206,
		0.9999739527702332
	],
	"25. left_eye": [
		0.4878314435482025,
		0.26331573724746704,
		-0.025288686156272888,
		0.9999555349349976
	],
	"26. right_eye": [
		0.4735923409461975,
		0.2523675858974457,
		-0.01361905038356781,
		0.999907910823822
	],
	"27. left_ear": [
		0.4945147931575775,
		0.28313830494880676,
		0.031796690076589584,
		0.9999523162841797
	],
	"28. right_ear": [
		0.46849265694618225,
		0.2602464258670807,
		0.0831230878829956,
		0.9997009038925171
	],
	"time stamp": 30.0
}