{
	"1. left_hip": [
		0.42221689224243164,
		0.5842862129211426,
		-0.08081971108913422,
		0.9996488690376282
	],
	"2. left_knee": [
		0.38909369707107544,
		0.7534070611000061,
		-0.1317785680294037,
		0.9882391095161438
	],
	"3. left_ankle": [
		0.5034432411193848,
		0.9099828004837036,
		-0.12071482092142105,
		0.9859755635261536
	],
	"6. right_hip": [
		0.3972281217575073,
		0.5750719308853149,
		0.0806630402803421,
		0.9995290040969849
	],
	"7. right_knee": [
		0.36906227469444275,
		0.7532365322113037,
		0.061679042875766754,
		0.8740903735160828
	],
	"8. right_ankle": [
		0.3814416527748108,
		0.9352045655250549,
		0.08676065504550934,
		0.9672116637229919
	],
	"14. left_shoulder": [
		0.47777652740478516,
		0.3819432258605957,
		-0.021946191787719727,
		0.9999862313270569
	],
	"15. left_elbow": [
		0.4771571755409241,
		0.48448893427848816,
		-0.052107371389865875,
		0.9947590231895447
	],
	"16. left_wrist": [
		0.41399964690208435,
		0.494101881980896,
		-0.023396996781229973,
		0.9851283431053162
	],
	"19. right_shoulder": [
		0.4215582311153412,
		0.3520289957523346,
		0.1852472871541977,
		0.9993979334831238
	],
	"20. right_elbow": [
		0.36517101526260376,
		0.32929709553718567,
		0.20750823616981506,
		0.8317902088165283
	],
	"21. right_wrist": [
		0.39535900950431824,
		0.2716655433177948,
		0.18265284597873688,
		0.7040781378746033
	],
	"24. nose": [
		0.46304869651794434,
		0.2874712347984314,
		-0.05839085578918457,
		0.9999793767929077
	],
	"25. left_eye": [
		0.47401872277259827,
		0.2837548553943634,
		-0.04525258392095566,
		0.9999629259109497
	],
	"26. right_eye": [
		0.4595765471458435,
		0.2711767554283142,
		-0.03511793166399002,
		0.9999256134033203
	],
	"27. left_ear": [
		0.48060494661331177,
		0.2989562153816223,
		0.02904261276125908,
		0.9999613165855408
	],
	"28. right_ear": [
		0.45506542921066284,
		0.27700552344322205,
		0.06767283380031586,
		0.999768078327179
	],
	"time stamp": 30.0
}