{
	"1. left_hip": [
		0.3893488645553589,
		0.5723752975463867,
		-0.09669621288776398,
		0.999510645866394
	],
	"2. left_knee": [
		0.3568476140499115,
		0.7541369795799255,
		-0.11333350837230682,
		0.9763669371604919
	],
	"3. left_ankle": [
		0.3821311891078949,
		0.9331032633781433,
		-0.05412614345550537,
		0.9879531860351562
	],
	"6. right_hip": [
		0.3800925314426422,
		0.569905161857605,
		0.0965615063905716,
		0.9992055296897888
	],
	"7. right_knee": [
		0.363692969083786,
		0.7490461468696594,
		0.11634566634893417,
		0.7928763031959534
	],
	"8. right_ankle": [
		0.4328366816043854,
		0.8293685913085938,
		0.17144808173179626,
		0.9292893409729004
	],
	"14. left_shoulder": [
		0.431404173374176,
		0.3582043945789337,
		-0.17335191369056702,
		0.9998846054077148
	],
	"15. left_elbow": [
		0.3930337727069855,
		0.4463180899620056,
		-0.14062020182609558,
		0.9653453230857849
	],
	"16. left_wrist": [
		0.37345951795578003,
		0.43239372968673706,
		0.030216122046113014,
		0.8555712699890137
	],
	"19. right_shoulder": [
		0.41786065697669983,
		0.35336732864379883,
		0.1253146529197693,
		0.9992679357528687
	],
	"20. right_elbow": [
		0.3847310245037079,
		0.4367041289806366,
		0.05106876417994499,
		0.6834897994995117
	],
	"21. right_wrist": [
		0.3822513818740845,
		0.4008580446243286,
		-0.121160589158535,
		0.6542863249778748
	],
	"24. nose": [
		0.42067402601242065,
		0.2524118721485138,
		-0.05855154991149902,
		0.9999701380729675
	],
	"25. left_eye": [
		0.4322751462459564,
		0.2457633912563324,
		-0.08257907629013062,
		0.9999676942825317
	],
	"26. right_eye": [
		0.4279709458351135,
		0.24276599287986755,
		-0.04742058366537094,
		0.9999381303787231
	],
	"27. left_ear": [
		0.4435637593269348,
		0.26559820771217346,
		-0.10576111078262329,
		0.9999685883522034
	],
	"28. right_ear": [
		0.4359408915042877,
		0.25867313146591187,
		0.01664552092552185,
		0.9998270273208618
	],
	"time stamp": 30.0
}