{
	"1. left_hip": [
		0.37343013286590576,
		0.5391212701797485,
		-0.06489109992980957,
		0.9995596408843994
	],
	"2. left_knee": [
		0.35732197761535645,
		0.7132793068885803,
		-0.17921961843967438,
		0.981361985206604
	],
	"3. left_ankle": [
		0.37791702151298523,
		0.9306777715682983,
		-0.19734416902065277,
		0.990845799446106
	],
	"6. right_hip": [
		0.36166372895240784,
		0.5360012054443359,
		0.06493991613388062,
		0.9988387227058411
	],
	"7. right_knee": [
		0.35034212470054626,
		0.6943597793579102,
		0.1830609142780304,
		0.7441134452819824
	],
	"8. right_ankle": [
		0.357467383146286,
		0.8320732116699219,
		0.2679719924926758,
		0.884578287601471
	],
	"14. left_shoulder": [
		0.4115449786186218,
		0.3298931121826172,
		-0.17010065913200378,
		0.9998643398284912
	],
	"15. left_elbow": [
		0.4246940016746521,
		0.41784244775772095,
		-0.12156052887439728,
		0.9079198241233826
	],
	"16. left_wrist": [
		0.4510507583618164,
		0.5099254846572876,
		-0.17819815874099731,
		0.5950828790664673
	],
	"19. right_shoulder": [
		0.36389702558517456,
		0.31724444031715393,
		-0.11283359676599503,
		0.9989163279533386
	],
	"20. right_elbow": [
		0.31744301319122314,
		0.3886396586894989,
		-0.10351867973804474,
		0.5167902112007141
	],
	"21. right_wrist": [
		0.33224964141845703,
		0.45007461309432983,
		-0.17452368140220642,
		0.45736199617385864
	],
	"24. nose": [
		0.40568774938583374,
		0.23843003809452057,
		-0.2718278765678406,
		0.9995924830436707
	],
	"25. left_eye": [
		0.4090675711631775,
		0.22826474905014038,
		-0.2708855867385864,
		0.9993460178375244
	],
	"26. right_eye": [
		0.4050025939941406,
		0.22609037160873413,
		-0.2664327323436737,
		0.9993699789047241
	],
	"27. left_ear": [
		0.4128592610359192,
		0.24039700627326965,
		-0.22087761759757996,
		0.999082088470459
	],
	"28. right_ear": [
		0.4032014310359955,
		0.23407894372940063,
		-0.1976565420627594,
		0.9991551041603088
	],
	"time stamp": 30.0
}