{
	"1. left_hip": [
		0.3860466778278351,
		0.5497543215751648,
		-0.014065384864807129,
		0.997900664806366
	],
	"2. left_knee": [
		0.3592204749584198,
		0.7148498296737671,
		-0.0012271784944459796,
		0.9498588442802429
	],
	"3. left_ankle": [
		0.35096943378448486,
		0.8974562883377075,
		0.09857539087533951,
		0.9736083149909973
	],
	"6. right_hip": [
		0.3553122878074646,
		0.5471880435943604,
		0.014135494828224182,
		0.9983517527580261
	],
	"7. right_knee": [
		0.35716673731803894,
		0.7226735353469849,
		-0.03614902123808861,
		0.742199718952179
	],
	"8. right_ankle": [
		0.3652375340461731,
		0.9098811745643616,
		0.037896011024713516,
		0.8752721548080444
	],
	"14. left_shoulder": [
		0.4261836111545563,
		0.35510000586509705,
		-0.15697011351585388,
		0.9998334050178528
	],
	"15. left_elbow": [
		0.4418817162513733,
		0.46536192297935486,
		-0.11815808713436127,
		0.9265152812004089
	],
	"16. left_wrist": [
		0.471296489238739,
		0.5606314539909363,
		-0.1639203131198883,
		0.6760601997375488
	],
	"19. right_shoulder": [
		0.3449134826660156,
		0.3208256959915161,
		-0.12161185592412949,
		0.999161958694458
	],
	"20. right_elbow": [
		0.30155956745147705,
		0.38809916377067566,
		-0.12392876297235489,
		0.6428002119064331
	],
	"21. right_wrist": [
		0.3182916045188904,
		0.47434112429618835,
		-0.20673516392707825,
		0.5901042819023132
	],
	"24. nose": [
		0.3936435580253601,
		0.27010250091552734,
		-0.23728378117084503,
		0.9993828535079956
	],
	"25. left_eye": [
		0.3980753719806671,
		0.24487484991550446,
		-0.23818114399909973,
		0.9986028671264648
	],
	"26. right_eye": [
		0.39263835549354553,
		0.2469644695520401,
		-0.23424787819385529,
		0.9987181425094604
	],
	"27. left_ear": [
		0.39847972989082336,
		0.24363449215888977,
		-0.1971299946308136,
		0.9982428550720215
	],
	"28. right_ear": [
		0.387037456035614,
		0.24427950382232666,
		-0.17972442507743835,
		0.9985448122024536
	],
	"time stamp": 30.0
}