{
	"1. left_hip": [
		0.37454232573509216,
		0.5603123903274536,
		-0.01564294658601284,
		0.9975553750991821
	],
	"2. left_knee": [
		0.35849079489707947,
		0.7395257949829102,
		-0.02248998172581196,
		0.935835599899292
	],
	"3. left_ankle": [
		0.36162230372428894,
		0.9146778583526611,
		0.041513361036777496,
		0.966099739074707
	],
	"6. right_hip": [
		0.36393293738365173,
		0.5598855018615723,
		0.015698514878749847,
		0.9976879358291626
	],
	"7. right_knee": [
		0.3580879867076874,
		0.737811267375946,
		-0.0008242747862823308,
		0.7259002327919006
	],
	"8. right_ankle": [
		0.35224753618240356,
		0.9092523455619812,
		0.08210041373968124,
		0.8542412519454956
	],
	"14. left_shoulder": [
		0.3770681619644165,
		0.3404262363910675,
		-0.056949127465486526,
		0.9998159408569336
	],
	"15. left_elbow": [
		0.3763524293899536,
		0.45554986596107483,
		-0.03665505722165108,
		0.9191470742225647
	],
	"16. left_wrist": [
		0.3812197148799896,
		0.5462000370025635,
		-0.0857686921954155,
		0.6652281880378723
	],
	"19. right_shoulder": [
		0.34786489605903625,
		0.331464558839798,
		-0.06319929659366608,
		0.9991769194602966
	],
	"20. right_elbow": [
		0.3434731066226959,
		0.4260633587837219,
		-0.05832573026418686,
		0.6964858174324036
	],
	"21. right_wrist": [
		0.3829663395881653,
		0.5283055305480957,
		-0.0949021428823471,
		0.6218169331550598
	],
	"24. nose": [
		0.3838401138782501,
		0.26987066864967346,
		-0.05698385834693909,
		0.9991479516029358
	],
	"25. left_eye": [
		0.38227128982543945,
		0.24999845027923584,
		-0.06612055748701096,
		0.9981867671012878
	],
	"26. right_eye": [
		0.3830716907978058,
		0.2500653862953186,
		-0.06931143999099731,
		0.9980559945106506
	],
	"27. left_ear": [
		0.3803400695323944,
		0.24509593844413757,
		-0.0719907134771347,
		0.9976471662521362
	],
	"28. right_ear": [
		0.3814567029476166,
		0.24632182717323303,
		-0.09238838404417038,
		0.9976933598518372
	],
	"time stamp": 30.0
}