{
	"1. left_hip": [
		0.3546755909919739,
		0.5601502060890198,
		0.04517791420221329,
		0.997927188873291
	],
	"2. left_knee": [
		0.34469977021217346,
		0.7375190854072571,
		0.07028894126415253,
		0.9246094822883606
	],
	"3. left_ankle": [
		0.34655702114105225,
		0.8962269425392151,
		0.07770713418722153,
		0.9455920457839966
	],
	"6. right_hip": [
		0.3930542469024658,
		0.5658391714096069,
		-0.04546511918306351,
		0.9980059862136841
	],
	"7. right_knee": [
		0.3584110140800476,
		0.7348614931106567,
		-0.0463172122836113,
		0.7605658173561096
	],
	"8. right_ankle": [
		0.3490844964981079,
		0.8977557420730591,
		-0.04042452946305275,
		0.8646631240844727
	],
	"14. left_shoulder": [
		0.3364560008049011,
		0.33191221952438354,
		0.0528738796710968,
		0.9998320937156677
	],
	"15. left_elbow": [
		0.2975009083747864,
		0.41932594776153564,
		0.07668615877628326,
		0.9272772669792175
	],
	"16. left_wrist": [
		0.31557896733283997,
		0.5023500919342041,
		0.1209121122956276,
		0.6071144938468933
	],
	"19. right_shoulder": [
		0.41048845648765564,
		0.3500552475452423,
		-0.05775746703147888,
		0.999319314956665
	],
	"20. right_elbow": [
		0.42511290311813354,
		0.46583887934684753,
		-0.04156040400266647,
		0.7538682818412781
	],
	"21. right_wrist": [
		0.4418488144874573,
		0.5529188513755798,
		0.10070385038852692,
		0.6777186989784241
	],
	"24. nose": [
		0.3916374146938324,
		0.2767716646194458,
		0.16592644155025482,
		0.9987707138061523
	],
	"25. left_eye": [
		0.3867030143737793,
		0.261910080909729,
		0.14496037364006042,
		0.9981071949005127
	],
	"26. right_eye": [
		0.39374643564224243,
		0.26224982738494873,
		0.13713589310646057,
		0.9979029297828674
	],
	"27. left_ear": [
		0.37626445293426514,
		0.2588610053062439,
		0.06646434962749481,
		0.9975970983505249
	],
	"28. right_ear": [
		0.39252740144729614,
		0.2622314989566803,
		0.03157120198011398,
		0.9977694749832153
	],
	"time stamp": 30.0
}