{
	"1. left_hip": [
		0.3613831698894501,
		0.5701478123664856,
		0.05382099747657776,
		0.9982582330703735
	],
	"2. left_knee": [
		0.37509840726852417,
		0.705566942691803,
		0.1846848428249359,
		0.7981907725334167
	],
	"3. left_ankle": [
		0.3686598241329193,
		0.8103870153427124,
		0.2358478307723999,
		0.8963271379470825
	],
	"6. right_hip": [
		0.4010698199272156,
		0.5767053961753845,
		-0.05388914793729782,
		0.9986451268196106
	],
	"7. right_knee": [
		0.3784252405166626,
		0.7260298132896423,
		-0.014144252054393291,
		0.8434500098228455
	],
	"8. right_ankle": [
		0.3435334861278534,
		0.8764539361000061,
		-0.010546593926846981,
		0.9187543392181396
	],
	"14. left_shoulder": [
		0.344888836145401,
		0.3577975332736969,
		-0.024669770151376724,
		0.9994104504585266
	],
	"15. left_elbow": [
		0.3278425931930542,
		0.4713684618473053,
		0.014223925769329071,
		0.7478519678115845
	],
	"16. left_wrist": [
		0.3444904685020447,
		0.5191841125488281,
		0.06592921167612076,
		0.3673434853553772
	],
	"19. right_shoulder": [
		0.4145229458808899,
		0.36187273263931274,
		-0.13865414261817932,
		0.9995540380477905
	],
	"20. right_elbow": [
		0.4168701767921448,
		0.4903463125228882,
		-0.13839194178581238,
		0.8676729202270508
	],
	"21. right_wrist": [
		0.4215756356716156,
		0.5933505892753601,
		-0.08719498664140701,
		0.6633265018463135
	],
	"24. nose": [
		0.3942762315273285,
		0.2784375846385956,
		0.045045070350170135,
		0.9966523051261902
	],
	"25. left_eye": [
		0.38363975286483765,
		0.261549174785614,
		0.024400662630796432,
		0.9949418306350708
	],
	"26. right_eye": [
		0.3984825909137726,
		0.26442456245422363,
		0.01792975701391697,
		0.995367705821991
	],
	"27. left_ear": [
		0.3743511736392975,
		0.26800045371055603,
		-0.04107886552810669,
		0.9924893379211426
	],
	"28. right_ear": [
		0.39996224641799927,
		0.27178826928138733,
		-0.07063448429107666,
		0.9951258897781372
	],
	"time stamp": 30.0
}