{
	"1. left_hip": [
		0.4165668487548828,
		0.5746904611587524,
		0.0800706297159195,
		0.999275803565979
	],
	"2. left_knee": [
		0.4392770826816559,
		0.7280921339988708,
		0.1467140018939972,
		0.8933526277542114
	],
	"3. left_ankle": [
		0.4559252858161926,
		0.8816383481025696,
		0.22562956809997559,
		0.9501055479049683
	],
	"6. right_hip": [
		0.44349080324172974,
		0.5784931182861328,
		-0.08023928850889206,
		0.9993568658828735
	],
	"7. right_knee": [
		0.42732396721839905,
		0.7415580749511719,
		-0.12377749383449554,
		0.9305867552757263
	],
	"8. right_ankle": [
		0.338522732257843,
		0.8780336976051331,
		-0.118166983127594,
		0.9633210301399231
	],
	"14. left_shoulder": [
		0.3940136432647705,
		0.37225499749183655,
		0.06784014403820038,
		0.9997237324714661
	],
	"15. left_elbow": [
		0.39005914330482483,
		0.485730916261673,
		0.05476335436105728,
		0.8857284784317017
	],
	"16. left_wrist": [
		0.3727666437625885,
		0.58444744348526,
		0.04565604776144028,
		0.5901401042938232
	],
	"19. right_shoulder": [
		0.4616101384162903,
		0.3624362647533417,
		-0.08289770036935806,
		0.999797523021698
	],
	"20. right_elbow": [
		0.4851798415184021,
		0.4779125154018402,
		-0.06150687485933304,
		0.9457829594612122
	],
	"21. right_wrist": [
		0.5001307129859924,
		0.5654094219207764,
		0.03795362263917923,
		0.7737685441970825
	],
	"24. nose": [
		0.4283835291862488,
		0.28184381127357483,
		0.16330984234809875,
		0.9986152648925781
	],
	"25. left_eye": [
		0.42033499479293823,
		0.26802438497543335,
		0.14094513654708862,
		0.997957170009613
	],
	"26. right_eye": [
		0.4328705370426178,
		0.2666211724281311,
		0.133589968085289,
		0.9981249570846558
	],
	"27. left_ear": [
		0.4133032262325287,
		0.27818331122398376,
		0.05875570699572563,
		0.9970006346702576
	],
	"28. right_ear": [
		0.437051385641098,
		0.2744649052619934,
		0.024151835590600967,
		0.99803626537323
	],
	"time stamp": 30.0
}