{
	"1. left_hip": [
		0.4562533497810364,
		0.5514310002326965,
		0.061500586569309235,
		0.9997276663780212
	],
	"2. left_knee": [
		0.47272056341171265,
		0.7120102643966675,
		0.09245385229587555,
		0.8974801301956177
	],
	"3. left_ankle": [
		0.47765031456947327,
		0.8635304570198059,
		0.05120837688446045,
		0.9720561504364014
	],
	"6. right_hip": [
		0.4947414994239807,
		0.5372243523597717,
		-0.06181447580456734,
		0.9997470378875732
	],
	"7. right_knee": [
		0.5301496982574463,
		0.6735356450080872,
		-0.05237726494669914,
		0.9731216430664062
	],
	"8. right_ankle": [
		0.494544118642807,
		0.7807727456092834,
		-0.052672721445560455,
		0.9831289649009705
	],
	"14. left_shoulder": [
		0.42834219336509705,
		0.3518182635307312,
		0.01662861555814743,
		0.999860405921936
	],
	"15. left_elbow": [
		0.4224854111671448,
		0.4616822600364685,
		0.009732088074088097,
		0.9134572744369507
	],
	"16. left_wrist": [
		0.41935840249061584,
		0.5555471181869507,
		0.020874643698334694,
		0.6910861730575562
	],
	"19. right_shoulder": [
		0.5005255937576294,
		0.33268028497695923,
		-0.09877724945545197,
		0.9999149441719055
	],
	"20. right_elbow": [
		0.5126791000366211,
		0.4465685486793518,
		-0.11857737600803375,
		0.9763942956924438
	],
	"21. right_wrist": [
		0.5225800275802612,
		0.5366910099983215,
		-0.08840414881706238,
		0.790177583694458
	],
	"24. nose": [
		0.4710339605808258,
		0.24902498722076416,
		0.10020134598016739,
		0.9993950724601746
	],
	"25. left_eye": [
		0.4623439311981201,
		0.2378837615251541,
		0.08040894567966461,
		0.9990916848182678
	],
	"26. right_eye": [
		0.47531676292419434,
		0.23839963972568512,
		0.07411755621433258,
		0.9991738796234131
	],
	"27. left_ear": [
		0.4547708034515381,
		0.25267839431762695,
		0.004372375085949898,
		0.9987043142318726
	],
	"28. right_ear": [
		0.47840481996536255,
		0.24804405868053436,
		-0.021414395421743393,
		0.9992147088050842
	],
	"time stamp": 30.0
}