{
	"1. left_hip": [
		0.5006793737411499,
		0.5476171970367432,
		-0.005878202151507139,
		0.9990637898445129
	],
	"2. left_knee": [
		0.49505025148391724,
		0.7095773220062256,
		0.0475621335208416,
		0.9684500098228455
	],
	"3. left_ankle": [
		0.4901356101036072,
		0.8476490378379822,
		0.11752305924892426,
		0.9727091193199158
	],
	"6. right_hip": [
		0.5410968065261841,
		0.5461639761924744,
		0.005888473708182573,
		0.9992387890815735
	],
	"7. right_knee": [
		0.5269006490707397,
		0.728178083896637,
		-0.0031484297942370176,
		0.9721502065658569
	],
	"8. right_ankle": [
		0.5280669927597046,
		0.9136602878570557,
		0.029871586710214615,
		0.9795268774032593
	],
	"14. left_shoulder": [
		0.4797526001930237,
		0.3475138247013092,
		-0.004102318547666073,
		0.9998155236244202
	],
	"15. left_elbow": [
		0.4755437970161438,
		0.46055954694747925,
		-0.018280593678355217,
		0.9568591117858887
	],
	"16. left_wrist": [
		0.46998530626296997,
		0.5651373267173767,
		0.0014293685089796782,
		0.8247999548912048
	],
	"19. right_shoulder": [
		0.5458160638809204,
		0.33584538102149963,
		0.009715263731777668,
		0.9998339414596558
	],
	"20. right_elbow": [
		0.5692989230155945,
		0.44828876852989197,
		-0.003613625420257449,
		0.9637196063995361
	],
	"21. right_wrist": [
		0.5829787254333496,
		0.5351226925849915,
		-0.005822124890983105,
		0.8075128793716431
	],
	"24. nose": [
		0.504639744758606,
		0.24671092629432678,
		0.16292952001094818,
		0.9997180104255676
	],
	"25. left_eye": [
		0.49749821424484253,
		0.23652765154838562,
		0.1370786726474762,
		0.9995530843734741
	],
	"26. right_eye": [
		0.5108191967010498,
		0.23298379778862,
		0.13887429237365723,
		0.9995085000991821
	],
	"27. left_ear": [
		0.49211010336875916,
		0.24880856275558472,
		0.04269346594810486,
		0.999478280544281
	],
	"28. right_ear": [
		0.5197893381118774,
		0.24180105328559875,
		0.04952526465058327,
		0.9994148015975952
	],
	"time stamp": 30.0
}