{
	"1. left_hip": [
		0.49963897466659546,
		0.5332328081130981,
		0.01593327336013317,
		0.9991605281829834
	],
	"2. left_knee": [
		0.5003008842468262,
		0.7046995759010315,
		0.03354932740330696,
		0.969920814037323
	],
	"3. left_ankle": [
		0.4887818396091461,
		0.8640730381011963,
		0.08221091330051422,
		0.9700077176094055
	],
	"6. right_hip": [
		0.5382546782493591,
		0.5319765210151672,
		-0.015974465757608414,
		0.9993161559104919
	],
	"7. right_knee": [
		0.5267912745475769,
		0.7290579676628113,
		-0.024623176082968712,
		0.9767950177192688
	],
	"8. right_ankle": [
		0.5274209380149841,
		0.9147307276725769,
		0.01251211017370224,
		0.9813492894172668
	],
	"14. left_shoulder": [
		0.48607000708580017,
		0.3275553286075592,
		0.0483841672539711,
		0.9998401999473572
	],
	"15. left_elbow": [
		0.4805620610713959,
		0.4462440013885498,
		0.028125470504164696,
		0.9590622186660767
	],
	"16. left_wrist": [
		0.47091180086135864,
		0.5489159822463989,
		0.037807296961545944,
		0.8384237289428711
	],
	"19. right_shoulder": [
		0.551005482673645,
		0.32159820199012756,
		0.0441904291510582,
		0.9998276829719543
	],
	"20. right_elbow": [
		0.5689862966537476,
		0.4349385201931,
		0.0306982584297657,
		0.9698396325111389
	],
	"21. right_wrist": [
		0.5774224996566772,
		0.5225497484207153,
		0.04860129952430725,
		0.7940948605537415
	],
	"24. nose": [
		0.5112218856811523,
		0.23565737903118134,
		0.21877796947956085,
		0.9997642040252686
	],
	"25. left_eye": [
		0.5035548210144043,
		0.22413942217826843,
		0.19428272545337677,
		0.999655544757843
	],
	"26. right_eye": [
		0.5175133347511292,
		0.22060583531856537,
		0.19456234574317932,
		0.999618411064148
	],
	"27. left_ear": [
		0.4982544779777527,
		0.23375390470027924,
		0.10002291202545166,
		0.9996069669723511
	],
	"28. right_ear": [
		0.5264439582824707,
		0.22971545159816742,
		0.09920044988393784,
		0.9995661973953247
	],
	"time stamp": 30.0
}