{
	"1. left_hip": [
		0.4991980195045471,
		0.5348622798919678,
		-0.02142791822552681,
		0.9991795420646667
	],
	"2. left_knee": [
		0.49951544404029846,
		0.7091842889785767,
		-0.005838106852024794,
		0.9723967909812927
	],
	"3. left_ankle": [
		0.4895358979701996,
		0.8849813938140869,
		0.029367461800575256,
		0.9716504216194153
	],
	"6. right_hip": [
		0.5402218103408813,
		0.5330426692962646,
		0.021457089111208916,
		0.9993136525154114
	],
	"7. right_knee": [
		0.527324914932251,
		0.7299991846084595,
		0.02674010396003723,
		0.9773966073989868
	],
	"8. right_ankle": [
		0.5280876159667969,
		0.9160531759262085,
		0.059973545372486115,
		0.9813413023948669
	],
	"14. left_shoulder": [
		0.4849533438682556,
		0.32602033019065857,
		0.0003839594719465822,
		0.9998491406440735
	],
	"15. left_elbow": [
		0.4794204831123352,
		0.4467140734195709,
		-0.017049148678779602,
		0.9618492722511292
	],
	"16. left_wrist": [
		0.47023501992225647,
		0.5503849387168884,
		0.02219686284661293,
		0.844816267490387
	],
	"19. right_shoulder": [
		0.553708553314209,
		0.3223797678947449,
		0.05633516237139702,
		0.9998258948326111
	],
	"20. right_elbow": [
		0.5722143054008484,
		0.4354030191898346,
		0.043037671595811844,
		0.9702057242393494
	],
	"21. right_wrist": [
		0.5769331455230713,
		0.5279470086097717,
		0.04287770390510559,
		0.7830702662467957
	],
	"24. nose": [
		0.5113171339035034,
		0.23505322635173798,
		0.19877545535564423,
		0.9997804164886475
	],
	"25. left_eye": [
		0.5043240785598755,
		0.22357527911663055,
		0.17253127694129944,
		0.9996801614761353
	],
	"26. right_eye": [
		0.5180336236953735,
		0.2202034592628479,
		0.17613448202610016,
		0.9996463656425476
	],
	"27. left_ear": [
		0.49883604049682617,
		0.23341034352779388,
		0.07665872573852539,
		0.9996359348297119
	],
	"28. right_ear": [
		0.5271176099777222,
		0.22930701076984406,
		0.08826403319835663,
		0.9995989203453064
	],
	"time stamp": 30.0
}