{
	"1. left_hip": [
		0.4992561340332031,
		0.5363969802856445,
		-0.030932554975152016,
		0.9991795420646667
	],
	"2. left_knee": [
		0.4990459382534027,
		0.7177869081497192,
		-0.013079340569674969,
		0.9748193621635437
	],
	"3. left_ankle": [
		0.49058836698532104,
		0.8981630802154541,
		0.019463084638118744,
		0.9731848835945129
	],
	"6. right_hip": [
		0.5420893430709839,
		0.5379747748374939,
		0.030962694436311722,
		0.9992812871932983
	],
	"7. right_knee": [
		0.5273087024688721,
		0.7309799194335938,
		0.0503329262137413,
		0.9771738052368164
	],
	"8. right_ankle": [
		0.528786838054657,
		0.9174653887748718,
		0.08625132590532303,
		0.9806390404701233
	],
	"14. left_shoulder": [
		0.48340606689453125,
		0.3261686861515045,
		-0.017500916495919228,
		0.9998568296432495
	],
	"15. left_elbow": [
		0.47805124521255493,
		0.44748878479003906,
		-0.029259663075208664,
		0.964330792427063
	],
	"16. left_wrist": [
		0.47020769119262695,
		0.5547565221786499,
		0.009170329198241234,
		0.8506911396980286
	],
	"19. right_shoulder": [
		0.554658055305481,
		0.3229590654373169,
		0.04832490533590317,
		0.999828577041626
	],
	"20. right_elbow": [
		0.5736183524131775,
		0.4381811320781708,
		0.0381837822496891,
		0.9703463912010193
	],
	"21. right_wrist": [
		0.5768433809280396,
		0.5323023796081543,
		0.036141958087682724,
		0.7805934548377991
	],
	"24. nose": [
		0.5118027925491333,
		0.23583337664604187,
		0.18893654644489288,
		0.999794065952301
	],
	"25. left_eye": [
		0.5050098299980164,
		0.2243504673242569,
		0.16318966448307037,
		0.999700665473938
	],
	"26. right_eye": [
		0.5195006728172302,
		0.22115246951580048,
		0.16593658924102783,
		0.9996709227561951
	],
	"27. left_ear": [
		0.4992946982383728,
		0.23438137769699097,
		0.07307393848896027,
		0.9996604323387146
	],
	"28. right_ear": [
		0.5286190509796143,
		0.2301936000585556,
		0.07794471830129623,
		0.9996272325515747
	],
	"time stamp": 30.0
}