{
	"1. left_hip": [
		0.49987927079200745,
		0.5500070452690125,
		-0.02301153726875782,
		0.9992378950119019
	],
	"2. left_knee": [
		0.4879159927368164,
		0.7239580154418945,
		-0.02060043066740036,
		0.9796632528305054
	],
	"3. left_ankle": [
		0.48579350113868713,
		0.9038558006286621,
		0.0007549357251264155,
		0.9762113690376282
	],
	"6. right_hip": [
		0.5452681183815002,
		0.5539712309837341,
		0.02295105531811714,
		0.9992558360099792
	],
	"7. right_knee": [
		0.5282224416732788,
		0.7358938455581665,
		-0.0015817465027794242,
		0.9777573943138123
	],
	"8. right_ankle": [
		0.5278205275535583,
		0.9210273623466492,
		0.014762341976165771,
		0.9795557260513306
	],
	"14. left_shoulder": [
		0.48198699951171875,
		0.32818713784217834,
		-0.022673407569527626,
		0.99986732006073
	],
	"15. left_elbow": [
		0.4766773581504822,
		0.4531995952129364,
		-0.031453151255846024,
		0.9684902429580688
	],
	"16. left_wrist": [
		0.47004255652427673,
		0.561581015586853,
		0.0018642249051481485,
		0.8412478566169739
	],
	"19. right_shoulder": [
		0.5569987893104553,
		0.3278554081916809,
		0.02631278894841671,
		0.999829113483429
	],
	"20. right_elbow": [
		0.5695874094963074,
		0.4567810893058777,
		0.02226933464407921,
		0.9738908410072327
	],
	"21. right_wrist": [
		0.577827513217926,
		0.5544694662094116,
		0.031225329264998436,
		0.7829216718673706
	],
	"24. nose": [
		0.5141236186027527,
		0.23698793351650238,
		0.18365904688835144,
		0.9998223781585693
	],
	"25. left_eye": [
		0.5076010227203369,
		0.2263135462999344,
		0.15808692574501038,
		0.9997476935386658
	],
	"26. right_eye": [
		0.5218753218650818,
		0.22368073463439941,
		0.1601923406124115,
		0.9997254014015198
	],
	"27. left_ear": [
		0.5010792016983032,
		0.2372053563594818,
		0.04683752730488777,
		0.9997174143791199
	],
	"28. right_ear": [
		0.531652569770813,
		0.23464761674404144,
		0.06674312055110931,
		0.9996914863586426
	],
	"time stamp": 30.0
}