{
	"1. left_hip": [
		0.5002164840698242,
		0.554606556892395,
		-0.015676354989409447,
		0.999213695526123
	],
	"2. left_knee": [
		0.4826573431491852,
		0.7134799361228943,
		-0.011342017911374569,
		0.9812687039375305
	],
	"3. left_ankle": [
		0.4844585061073303,
		0.8764160871505737,
		0.010173898190259933,
		0.9753316640853882
	],
	"6. right_hip": [
		0.5450592041015625,
		0.5571314692497253,
		0.0157210323959589,
		0.9992791414260864
	],
	"7. right_knee": [
		0.5305896997451782,
		0.7361185550689697,
		-0.012242145836353302,
		0.9781649112701416
	],
	"8. right_ankle": [
		0.5255586504936218,
		0.9223177433013916,
		-0.008121670223772526,
		0.979278028011322
	],
	"14. left_shoulder": [
		0.4813016951084137,
		0.3348633348941803,
		-0.0042954739183187485,
		0.9998480677604675
	],
	"15. left_elbow": [
		0.4698050022125244,
		0.4538829028606415,
		-0.01926020160317421,
		0.9687386751174927
	],
	"16. left_wrist": [
		0.46958526968955994,
		0.5591723322868347,
		0.007416508160531521,
		0.7986793518066406
	],
	"19. right_shoulder": [
		0.5564749240875244,
		0.3346375524997711,
		0.03288557380437851,
		0.9998188018798828
	],
	"20. right_elbow": [
		0.5641148090362549,
		0.4585764706134796,
		0.0289403535425663,
		0.9764105081558228
	],
	"21. right_wrist": [
		0.583824634552002,
		0.5528371334075928,
		0.048582471907138824,
		0.7702865600585938
	],
	"24. nose": [
		0.5191766023635864,
		0.24739612638950348,
		0.19455912709236145,
		0.9998235106468201
	],
	"25. left_eye": [
		0.5127540230751038,
		0.23484937846660614,
		0.16782116889953613,
		0.999759316444397
	],
	"26. right_eye": [
		0.5265487432479858,
		0.2361154407262802,
		0.16967831552028656,
		0.9997393488883972
	],
	"27. left_ear": [
		0.5046699643135071,
		0.24544388055801392,
		0.06508270651102066,
		0.999730110168457
	],
	"28. right_ear": [
		0.533616840839386,
		0.24654333293437958,
		0.07249544560909271,
		0.9997103214263916
	],
	"time stamp": 30.0
}