{
	"1. left_hip": [
		0.5056769251823425,
		0.5857716202735901,
		-0.03374657779932022,
		0.9993463754653931
	],
	"2. left_knee": [
		0.48323407769203186,
		0.7070267796516418,
		0.0055145747028291225,
		0.9859061241149902
	],
	"3. left_ankle": [
		0.5084141492843628,
		0.8238638043403625,
		-0.022156603634357452,
		0.9795972108840942
	],
	"6. right_hip": [
		0.5525428056716919,
		0.5885377526283264,
		0.03367414325475693,
		0.9994524121284485
	],
	"7. right_knee": [
		0.5314270853996277,
		0.7519460916519165,
		0.061411984264850616,
		0.9786103367805481
	],
	"8. right_ankle": [
		0.5253296494483948,
		0.9247004389762878,
		-0.05227145552635193,
		0.9826509952545166
	],
	"14. left_shoulder": [
		0.4818885326385498,
		0.36755940318107605,
		-0.03397407382726669,
		0.9998548626899719
	],
	"15. left_elbow": [
		0.4663277566432953,
		0.4739607870578766,
		-0.047738321125507355,
		0.9742110371589661
	],
	"16. left_wrist": [
		0.4656094014644623,
		0.5621272325515747,
		0.004233585204929113,
		0.7653405070304871
	],
	"19. right_shoulder": [
		0.5575078725814819,
		0.3750514090061188,
		0.030408665537834167,
		0.9998227953910828
	],
	"20. right_elbow": [
		0.5673294067382812,
		0.47498059272766113,
		0.07191608101129532,
		0.9759610891342163
	],
	"21. right_wrist": [
		0.5895284414291382,
		0.48854076862335205,
		0.16504022479057312,
		0.7134504318237305
	],
	"24. nose": [
		0.526694655418396,
		0.28101637959480286,
		0.15652771294116974,
		0.9998742341995239
	],
	"25. left_eye": [
		0.5199108719825745,
		0.2685382664203644,
		0.13080568611621857,
		0.9998283982276917
	],
	"26. right_eye": [
		0.5346888899803162,
		0.27045881748199463,
		0.13296936452388763,
		0.9998151659965515
	],
	"27. left_ear": [
		0.5112185478210449,
		0.27475544810295105,
		0.038128748536109924,
		0.9998070597648621
	],
	"28. right_ear": [
		0.5390419363975525,
		0.2784458100795746,
		0.045821256935596466,
		0.9997960925102234
	],
	"time stamp": 30.0
}