{
	"1. left_hip": [
		0.513096034526825,
		0.5881282687187195,
		-0.06519310921430588,
		0.9994949698448181
	],
	"2. left_knee": [
		0.47947388887405396,
		0.7260104417800903,
		-0.03837905079126358,
		0.9887388944625854
	],
	"3. left_ankle": [
		0.5373865962028503,
		0.8170468807220459,
		-0.06410872936248779,
		0.9821987748146057
	],
	"6. right_hip": [
		0.554659366607666,
		0.5932096838951111,
		0.06535390764474869,
		0.9995821118354797
	],
	"7. right_knee": [
		0.5276771783828735,
		0.7678229212760925,
		0.11050190031528473,
		0.9714046716690063
	],
	"8. right_ankle": [
		0.5240892171859741,
		0.9318632483482361,
		0.06105493754148483,
		0.9837132692337036
	],
	"14. left_shoulder": [
		0.4869515299797058,
		0.36398425698280334,
		-0.010788725689053535,
		0.9998741745948792
	],
	"15. left_elbow": [
		0.47296443581581116,
		0.467323899269104,
		-0.0152904586866498,
		0.9799962639808655
	],
	"16. left_wrist": [
		0.4742557108402252,
		0.5404033064842224,
		0.07653696089982986,
		0.7626998424530029
	],
	"19. right_shoulder": [
		0.5618616938591003,
		0.3763720691204071,
		0.1297488659620285,
		0.9998002052307129
	],
	"20. right_elbow": [
		0.5768064856529236,
		0.48843374848365784,
		0.19002093374729156,
		0.9119895100593567
	],
	"21. right_wrist": [
		0.5510355234146118,
		0.5085276961326599,
		0.2942744195461273,
		0.5439960956573486
	],
	"24. nose": [
		0.5264174342155457,
		0.2847813069820404,
		0.2231196165084839,
		0.999886155128479
	],
	"25. left_eye": [
		0.5202592611312866,
		0.2693398892879486,
		0.19582386314868927,
		0.9998414516448975
	],
	"26. right_eye": [
		0.5344299674034119,
		0.2711738348007202,
		0.2031162977218628,
		0.9998277425765991
	],
	"27. left_ear": [
		0.5138867497444153,
		0.27688270807266235,
		0.0955667793750763,
		0.9998288154602051
	],
	"28. right_ear": [
		0.5397329926490784,
		0.2806461453437805,
		0.12619684636592865,
		0.9998183846473694
	],
	"time stamp": 30.0
}