{
	"1. left_hip": [
		0.5135747194290161,
		0.585973858833313,
		-0.072905994951725,
		0.9995407462120056
	],
	"2. left_knee": [
		0.4845927655696869,
		0.738520622253418,
		-0.06865382939577103,
		0.9892216324806213
	],
	"3. left_ankle": [
		0.5598970055580139,
		0.8402400612831116,
		-0.11902681738138199,
		0.9831302165985107
	],
	"6. right_hip": [
		0.5543497204780579,
		0.5905874371528625,
		0.07308827340602875,
		0.9996181726455688
	],
	"7. right_knee": [
		0.5275155305862427,
		0.767673134803772,
		0.0836247131228447,
		0.9633922576904297
	],
	"8. right_ankle": [
		0.5242255330085754,
		0.9337292313575745,
		0.044429294764995575,
		0.9807236194610596
	],
	"14. left_shoulder": [
		0.4897315502166748,
		0.36301499605178833,
		0.053984932601451874,
		0.9998822808265686
	],
	"15. left_elbow": [
		0.4778626561164856,
		0.46375876665115356,
		0.05096026510000229,
		0.9799505472183228
	],
	"16. left_wrist": [
		0.47742897272109985,
		0.5351737141609192,
		0.14502549171447754,
		0.7421272993087769
	],
	"19. right_shoulder": [
		0.5630214810371399,
		0.3728119730949402,
		0.2015744000673294,
		0.9997879266738892
	],
	"20. right_elbow": [
		0.5747658014297485,
		0.4821263253688812,
		0.28440603613853455,
		0.8560330867767334
	],
	"21. right_wrist": [
		0.5426722764968872,
		0.484679251909256,
		0.4175475239753723,
		0.49192991852760315
	],
	"24. nose": [
		0.5271770358085632,
		0.28216734528541565,
		0.2959133982658386,
		0.9998924732208252
	],
	"25. left_eye": [
		0.5209566950798035,
		0.2670654356479645,
		0.2705850899219513,
		0.9998509883880615
	],
	"26. right_eye": [
		0.5349168181419373,
		0.26842042803764343,
		0.277978777885437,
		0.9998358488082886
	],
	"27. left_ear": [
		0.5148884057998657,
		0.2751188576221466,
		0.1689484566450119,
		0.9998399019241333
	],
	"28. right_ear": [
		0.540469229221344,
		0.2779201567173004,
		0.20096144080162048,
		0.999830424785614
	],
	"time stamp": 30.0
}