{
	"1. left_hip": [
		0.5137249231338501,
		0.5754719376564026,
		-0.07955078780651093,
		0.9995772838592529
	],
	"2. left_knee": [
		0.488626092672348,
		0.7436903119087219,
		-0.07950367778539658,
		0.9894813299179077
	],
	"3. left_ankle": [
		0.5572518110275269,
		0.8628643751144409,
		-0.10597898811101913,
		0.9834026098251343
	],
	"6. right_hip": [
		0.5538621544837952,
		0.5767711997032166,
		0.0796297937631607,
		0.9996466040611267
	],
	"7. right_knee": [
		0.5269368886947632,
		0.7648414373397827,
		0.08565127104520798,
		0.9170610308647156
	],
	"8. right_ankle": [
		0.5274206399917603,
		0.926444947719574,
		0.07794613391160965,
		0.9550536870956421
	],
	"14. left_shoulder": [
		0.49481257796287537,
		0.3468283712863922,
		0.021570894867181778,
		0.999887228012085
	],
	"15. left_elbow": [
		0.48004692792892456,
		0.45467689633369446,
		0.005893198773264885,
		0.9742050170898438
	],
	"16. left_wrist": [
		0.48207274079322815,
		0.5305699110031128,
		0.05450461432337761,
		0.7234653830528259
	],
	"19. right_shoulder": [
		0.5624285936355591,
		0.3639800548553467,
		0.16877427697181702,
		0.999787449836731
	],
	"20. right_elbow": [
		0.5500158667564392,
		0.45272186398506165,
		0.18769881129264832,
		0.7849404215812683
	],
	"21. right_wrist": [
		0.5276563167572021,
		0.49189507961273193,
		0.23000721633434296,
		0.4479514956474304
	],
	"24. nose": [
		0.5269061326980591,
		0.2738739550113678,
		0.24865999817848206,
		0.999886691570282
	],
	"25. left_eye": [
		0.5215493440628052,
		0.26114320755004883,
		0.22423610091209412,
		0.9998447299003601
	],
	"26. right_eye": [
		0.534652590751648,
		0.2605009078979492,
		0.23376789689064026,
		0.9998266100883484
	],
	"27. left_ear": [
		0.5160742998123169,
		0.27104511857032776,
		0.1275690197944641,
		0.9998301863670349
	],
	"28. right_ear": [
		0.5411315560340881,
		0.27167317271232605,
		0.17092350125312805,
		0.9998295903205872
	],
	"time stamp": 30.0
}