{
	"1. left_hip": [
		0.51826411485672,
		0.5588427782058716,
		-0.09225933253765106,
		0.9996498823165894
	],
	"2. left_knee": [
		0.5083461403846741,
		0.7433100342750549,
		-0.12019330263137817,
		0.9905505776405334
	],
	"3. left_ankle": [
		0.5732998251914978,
		0.9192864894866943,
		-0.17078284919261932,
		0.9845542311668396
	],
	"6. right_hip": [
		0.5534268617630005,
		0.5583879947662354,
		0.09218756854534149,
		0.9997003674507141
	],
	"7. right_knee": [
		0.5236196517944336,
		0.7562890648841858,
		0.09309907257556915,
		0.8358315825462341
	],
	"8. right_ankle": [
		0.5297046899795532,
		0.9264695644378662,
		0.08446462452411652,
		0.9161244630813599
	],
	"14. left_shoulder": [
		0.5030696392059326,
		0.3109552264213562,
		0.04137732833623886,
		0.9999064803123474
	],
	"15. left_elbow": [
		0.4986928403377533,
		0.4288247525691986,
		-0.05557934567332268,
		0.9424058794975281
	],
	"16. left_wrist": [
		0.49702104926109314,
		0.5182775855064392,
		-0.14318756759166718,
		0.7245818972587585
	],
	"19. right_shoulder": [
		0.5542042255401611,
		0.3311161696910858,
		0.22282469272613525,
		0.9998200535774231
	],
	"20. right_elbow": [
		0.5165464878082275,
		0.43824249505996704,
		0.22618477046489716,
		0.6979355812072754
	],
	"21. right_wrist": [
		0.4779667854309082,
		0.492179274559021,
		0.20300349593162537,
		0.4890710711479187
	],
	"24. nose": [
		0.5268081426620483,
		0.2507442831993103,
		0.2728044390678406,
		0.9998931884765625
	],
	"25. left_eye": [
		0.5229843854904175,
		0.23990099132061005,
		0.25077947974205017,
		0.9998501539230347
	],
	"26. right_eye": [
		0.5346826910972595,
		0.2378014177083969,
		0.26067623496055603,
		0.9998339414596558
	],
	"27. left_ear": [
		0.5175234079360962,
		0.25039252638816833,
		0.16429662704467773,
		0.9998329877853394
	],
	"28. right_ear": [
		0.5415118932723999,
		0.24751466512680054,
		0.20841464400291443,
		0.999839723110199
	],
	"time stamp": 30.0
}