{
	"1. left_hip": [
		0.5609873533248901,
		0.5265485644340515,
		-0.027895838022232056,
		0.9993948936462402
	],
	"2. left_knee": [
		0.5597548484802246,
		0.7242401838302612,
		-0.09215385466814041,
		0.9847229719161987
	],
	"3. left_ankle": [
		0.5686872005462646,
		0.9229776263237,
		-0.012153574265539646,
		0.9824734926223755
	],
	"6. right_hip": [
		0.515906035900116,
		0.5373585224151611,
		0.027967968955636024,
		0.9994254112243652
	],
	"7. right_knee": [
		0.5170976519584656,
		0.725999116897583,
		-0.023195551708340645,
		0.7817486524581909
	],
	"8. right_ankle": [
		0.5216401815414429,
		0.9219694137573242,
		0.027242735028266907,
		0.8803706169128418
	],
	"14. left_shoulder": [
		0.5761095881462097,
		0.3119085431098938,
		-0.06036344915628433,
		0.9998533129692078
	],
	"15. left_elbow": [
		0.589891791343689,
		0.4258326292037964,
		-0.0491478405892849,
		0.9520885348320007
	],
	"16. left_wrist": [
		0.6000504493713379,
		0.5246537327766418,
		-0.11963524669408798,
		0.7585912942886353
	],
	"19. right_shoulder": [
		0.4926883280277252,
		0.3226761221885681,
		-0.016773497685790062,
		0.9998169541358948
	],
	"20. right_elbow": [
		0.4820021688938141,
		0.4476979076862335,
		0.032693326473236084,
		0.5549231767654419
	],
	"21. right_wrist": [
		0.47527799010276794,
		0.5569029450416565,
		-0.051223404705524445,
		0.5187435150146484
	],
	"24. nose": [
		0.5274778604507446,
		0.21187864243984222,
		-0.22620895504951477,
		0.999857485294342
	],
	"25. left_eye": [
		0.5380021333694458,
		0.2019592970609665,
		-0.21081320941448212,
		0.9997739791870117
	],
	"26. right_eye": [
		0.524361252784729,
		0.20200909674167633,
		-0.20762500166893005,
		0.9997748136520386
	],
	"27. left_ear": [
		0.5489743947982788,
		0.21593666076660156,
		-0.11954623460769653,
		0.9997208118438721
	],
	"28. right_ear": [
		0.5220752954483032,
		0.21438287198543549,
		-0.10585661232471466,
		0.9997289180755615
	],
	"time stamp": 30.0
}