{
	"1. left_hip": [
		0.5641404390335083,
		0.5293735265731812,
		0.0037232853937894106,
		0.9990354180335999
	],
	"2. left_knee": [
		0.5648499727249146,
		0.7332682013511658,
		-0.045599889010190964,
		0.980892539024353
	],
	"3. left_ankle": [
		0.5663303136825562,
		0.9251983761787415,
		0.031048741191625595,
		0.9784988164901733
	],
	"6. right_hip": [
		0.5180600881576538,
		0.5344096422195435,
		-0.003577371360734105,
		0.9992581009864807
	],
	"7. right_knee": [
		0.5181311964988708,
		0.7345882654190063,
		-0.06371013820171356,
		0.8485077619552612
	],
	"8. right_ankle": [
		0.5232682824134827,
		0.9287068843841553,
		0.006737976334989071,
		0.9124939441680908
	],
	"14. left_shoulder": [
		0.5747541189193726,
		0.3263484835624695,
		0.06832359731197357,
		0.9997724890708923
	],
	"15. left_elbow": [
		0.598109245300293,
		0.4302804172039032,
		0.10845232009887695,
		0.9507251977920532
	],
	"16. left_wrist": [
		0.624362587928772,
		0.49747878313064575,
		0.015043644234538078,
		0.7741518616676331
	],
	"19. right_shoulder": [
		0.4987669587135315,
		0.30975258350372314,
		0.03869377076625824,
		0.999824583530426
	],
	"20. right_elbow": [
		0.46870970726013184,
		0.4123753309249878,
		0.03757824748754501,
		0.678251326084137
	],
	"21. right_wrist": [
		0.4773070216178894,
		0.5058802366256714,
		-0.021545495837926865,
		0.6251850128173828
	],
	"24. nose": [
		0.5328668355941772,
		0.2155200093984604,
		-0.12958039343357086,
		0.9998761415481567
	],
	"25. left_eye": [
		0.5427249670028687,
		0.20628435909748077,
		-0.10631775856018066,
		0.9997496604919434
	],
	"26. right_eye": [
		0.5270379781723022,
		0.20568707585334778,
		-0.11008657515048981,
		0.9997795820236206
	],
	"27. left_ear": [
		0.552878201007843,
		0.2199278026819229,
		-9.42693259275984e-06,
		0.9996354579925537
	],
	"28. right_ear": [
		0.5234304070472717,
		0.21771788597106934,
		-0.009920371696352959,
		0.9997042417526245
	],
	"time stamp": 30.0
}