{
	"1. left_hip": [
		0.5625928640365601,
		0.5380287170410156,
		0.004052679054439068,
		0.9988889694213867
	],
	"2. left_knee": [
		0.5643830895423889,
		0.7416524887084961,
		-0.05272622033953667,
		0.9749597907066345
	],
	"3. left_ankle": [
		0.5659430027008057,
		0.928443968296051,
		0.01555071771144867,
		0.9717516303062439
	],
	"6. right_hip": [
		0.5182422399520874,
		0.5364326238632202,
		-0.003926174249500036,
		0.9991757273674011
	],
	"7. right_knee": [
		0.5186938047409058,
		0.7427807450294495,
		-0.06529543548822403,
		0.8825039863586426
	],
	"8. right_ankle": [
		0.5247148871421814,
		0.9339967370033264,
		-0.018708322197198868,
		0.9218973517417908
	],
	"14. left_shoulder": [
		0.5778427720069885,
		0.3284142017364502,
		0.09586064517498016,
		0.9997829794883728
	],
	"15. left_elbow": [
		0.5972903966903687,
		0.4337600767612457,
		0.059840671718120575,
		0.933382511138916
	],
	"16. left_wrist": [
		0.6261873841285706,
		0.4616134762763977,
		-0.12762585282325745,
		0.8061444163322449
	],
	"19. right_shoulder": [
		0.5003947019577026,
		0.30344271659851074,
		0.09582601487636566,
		0.9998515248298645
	],
	"20. right_elbow": [
		0.4554409980773926,
		0.36538445949554443,
		0.060213953256607056,
		0.762374997138977
	],
	"21. right_wrist": [
		0.476489782333374,
		0.4457835257053375,
		-0.06693919003009796,
		0.715837836265564
	],
	"24. nose": [
		0.5371099710464478,
		0.21881936490535736,
		-0.07125833630561829,
		0.9998921155929565
	],
	"25. left_eye": [
		0.5456811785697937,
		0.2095309942960739,
		-0.05428248643875122,
		0.9997599720954895
	],
	"26. right_eye": [
		0.5302078127861023,
		0.20906901359558105,
		-0.05243852734565735,
		0.9997916221618652
	],
	"27. left_ear": [
		0.5559971928596497,
		0.22165779769420624,
		0.04407695308327675,
		0.9996046423912048
	],
	"28. right_ear": [
		0.5237387418746948,
		0.21836014091968536,
		0.049484141170978546,
		0.9997310042381287
	],
	"time stamp": 30.0
}