{
	"1. left_hip": [
		0.5579134225845337,
		0.5485347509384155,
		0.009806358255445957,
		0.9990621209144592
	],
	"2. left_knee": [
		0.561197817325592,
		0.753428041934967,
		-0.02685283124446869,
		0.9746648073196411
	],
	"3. left_ankle": [
		0.5630720853805542,
		0.9274839758872986,
		0.0955711379647255,
		0.9692473411560059
	],
	"6. right_hip": [
		0.5112549066543579,
		0.5430042743682861,
		-0.009632205590605736,
		0.9992431998252869
	],
	"7. right_knee": [
		0.5209750533103943,
		0.7464930415153503,
		-0.058399446308612823,
		0.9077560901641846
	],
	"8. right_ankle": [
		0.5245926976203918,
		0.9304537177085876,
		0.04419223219156265,
		0.9300992488861084
	],
	"14. left_shoulder": [
		0.5794557332992554,
		0.33521586656570435,
		0.10680677741765976,
		0.9998349547386169
	],
	"15. left_elbow": [
		0.6161717772483826,
		0.4265037477016449,
		0.07380206882953644,
		0.9446394443511963
	],
	"16. left_wrist": [
		0.6660982370376587,
		0.39573636651039124,
		-0.07188306748867035,
		0.8558019399642944
	],
	"19. right_shoulder": [
		0.5007501840591431,
		0.31688427925109863,
		0.09473484754562378,
		0.9998630881309509
	],
	"20. right_elbow": [
		0.44898563623428345,
		0.3781731128692627,
		0.014615709893405437,
		0.822907567024231
	],
	"21. right_wrist": [
		0.42838549613952637,
		0.33327585458755493,
		-0.19159379601478577,
		0.787397563457489
	],
	"24. nose": [
		0.5376209616661072,
		0.2253829687833786,
		-0.08906611055135727,
		0.9999192953109741
	],
	"25. left_eye": [
		0.5465312004089355,
		0.21636337041854858,
		-0.06777460128068924,
		0.999822199344635
	],
	"26. right_eye": [
		0.5305299758911133,
		0.21560817956924438,
		-0.06831426918506622,
		0.9998430013656616
	],
	"27. left_ear": [
		0.5554574728012085,
		0.2284245640039444,
		0.04325691610574722,
		0.9997081160545349
	],
	"28. right_ear": [
		0.5239595174789429,
		0.22370196878910065,
		0.03689607232809067,
		0.9997988939285278
	],
	"time stamp": 30.0
}