{
	"1. left_hip": [
		0.5503066778182983,
		0.5710529088973999,
		0.003517797915264964,
		0.9986512064933777
	],
	"2. left_knee": [
		0.5520442128181458,
		0.7594296932220459,
		-0.025410164147615433,
		0.9725202918052673
	],
	"3. left_ankle": [
		0.5545262098312378,
		0.9308242201805115,
		0.0715826153755188,
		0.9672120213508606
	],
	"6. right_hip": [
		0.5032685995101929,
		0.5679880976676941,
		-0.0034550614655017853,
		0.998598575592041
	],
	"7. right_knee": [
		0.520991861820221,
		0.7538016438484192,
		-0.026512805372476578,
		0.9262961149215698
	],
	"8. right_ankle": [
		0.5243852734565735,
		0.930419921875,
		0.06458558887243271,
		0.9385083913803101
	],
	"14. left_shoulder": [
		0.5807589292526245,
		0.3454122543334961,
		-0.018899429589509964,
		0.9998189210891724
	],
	"15. left_elbow": [
		0.640288233757019,
		0.36384472250938416,
		-0.021339749917387962,
		0.9579002261161804
	],
	"16. left_wrist": [
		0.691311240196228,
		0.37626174092292786,
		-0.13096624612808228,
		0.890886664390564
	],
	"19. right_shoulder": [
		0.49323248863220215,
		0.3460546135902405,
		-0.005013567861169577,
		0.9996802806854248
	],
	"20. right_elbow": [
		0.4306648373603821,
		0.3472229540348053,
		0.010806037113070488,
		0.8689420819282532
	],
	"21. right_wrist": [
		0.3695894181728363,
		0.32812145352363586,
		-0.07103173434734344,
		0.8420533537864685
	],
	"24. nose": [
		0.536424994468689,
		0.24740290641784668,
		-0.17526444792747498,
		0.9999268651008606
	],
	"25. left_eye": [
		0.5444881916046143,
		0.23913314938545227,
		-0.15665051341056824,
		0.9998162984848022
	],
	"26. right_eye": [
		0.528457522392273,
		0.23992091417312622,
		-0.15571482479572296,
		0.9998197555541992
	],
	"27. left_ear": [
		0.5518630743026733,
		0.25246238708496094,
		-0.06154883652925491,
		0.9997175931930542
	],
	"28. right_ear": [
		0.521154522895813,
		0.254695862531662,
		-0.058338649570941925,
		0.9997238516807556
	],
	"time stamp": 30.0
}