{
	"1. left_hip": [
		0.5494712591171265,
		0.572625994682312,
		-0.003702934365719557,
		0.9985154271125793
	],
	"2. left_knee": [
		0.5503810048103333,
		0.7587057948112488,
		-0.02780764363706112,
		0.9708861708641052
	],
	"3. left_ankle": [
		0.552388072013855,
		0.9368858933448792,
		0.05925443768501282,
		0.9651428461074829
	],
	"6. right_hip": [
		0.5023479461669922,
		0.5689764022827148,
		0.00364282401278615,
		0.9983237385749817
	],
	"7. right_knee": [
		0.521435022354126,
		0.7537314295768738,
		-0.014160704798996449,
		0.9287475943565369
	],
	"8. right_ankle": [
		0.5244230628013611,
		0.9283277988433838,
		0.07006906718015671,
		0.9375746846199036
	],
	"14. left_shoulder": [
		0.58040851354599,
		0.34854474663734436,
		-0.039440419524908066,
		0.9998180866241455
	],
	"15. left_elbow": [
		0.6367462873458862,
		0.36717063188552856,
		-0.03305302560329437,
		0.9616108536720276
	],
	"16. left_wrist": [
		0.6883984804153442,
		0.3691067099571228,
		-0.12650181353092194,
		0.9006140232086182
	],
	"19. right_shoulder": [
		0.4916941523551941,
		0.34809279441833496,
		-0.018829865381121635,
		0.9996224641799927
	],
	"20. right_elbow": [
		0.43108540773391724,
		0.3500906825065613,
		-0.006710641086101532,
		0.8806944489479065
	],
	"21. right_wrist": [
		0.3706439137458801,
		0.3365238606929779,
		-0.09167119115591049,
		0.8557767868041992
	],
	"24. nose": [
		0.5334664583206177,
		0.24840107560157776,
		-0.19053244590759277,
		0.9999275803565979
	],
	"25. left_eye": [
		0.5417641401290894,
		0.24062995612621307,
		-0.17263013124465942,
		0.99980628490448
	],
	"26. right_eye": [
		0.5259099006652832,
		0.24142663180828094,
		-0.1713091880083084,
		0.9998044967651367
	],
	"27. left_ear": [
		0.5497749447822571,
		0.2535210847854614,
		-0.08113297820091248,
		0.9997118711471558
	],
	"28. right_ear": [
		0.5197598338127136,
		0.25558900833129883,
		-0.07603525370359421,
		0.9996839761734009
	],
	"time stamp": 30.0
}