{
	"1. left_hip": [
		0.5491923689842224,
		0.5627267360687256,
		0.008547114208340645,
		0.9983811378479004
	],
	"2. left_knee": [
		0.5495070219039917,
		0.7147573828697205,
		-0.038886722177267075,
		0.9670082330703735
	],
	"3. left_ankle": [
		0.5606874823570251,
		0.9135364294052124,
		0.03719502314925194,
		0.9646380543708801
	],
	"6. right_hip": [
		0.5032799243927002,
		0.5651832222938538,
		-0.008427819237112999,
		0.9981286525726318
	],
	"7. right_knee": [
		0.5200057029724121,
		0.7438249588012695,
		-0.047618381679058075,
		0.9460524320602417
	],
	"8. right_ankle": [
		0.5290431976318359,
		0.9289364218711853,
		0.020749906077980995,
		0.9511085748672485
	],
	"14. left_shoulder": [
		0.5728076696395874,
		0.3502330780029297,
		0.05171210318803787,
		0.9998238682746887
	],
	"15. left_elbow": [
		0.6306769251823425,
		0.3807971477508545,
		0.04945739731192589,
		0.9751126170158386
	],
	"16. left_wrist": [
		0.6826587915420532,
		0.362629771232605,
		-0.04235220327973366,
		0.9377126097679138
	],
	"19. right_shoulder": [
		0.4888443946838379,
		0.3486948311328888,
		0.032736312597990036,
		0.9995498657226562
	],
	"20. right_elbow": [
		0.4290844798088074,
		0.38773858547210693,
		-0.019930671900510788,
		0.923060953617096
	],
	"21. right_wrist": [
		0.3788905143737793,
		0.3446894586086273,
		-0.17020408809185028,
		0.908251941204071
	],
	"24. nose": [
		0.5279170274734497,
		0.24706387519836426,
		-0.13674794137477875,
		0.9999471306800842
	],
	"25. left_eye": [
		0.5358691215515137,
		0.23965086042881012,
		-0.11388490349054337,
		0.9998494386672974
	],
	"26. right_eye": [
		0.5206372737884521,
		0.23851832747459412,
		-0.11606286466121674,
		0.9998398423194885
	],
	"27. left_ear": [
		0.5445398092269897,
		0.25254392623901367,
		-0.005280815530568361,
		0.999784529209137
	],
	"28. right_ear": [
		0.5137346982955933,
		0.2516763210296631,
		-0.017330119386315346,
		0.9997220039367676
	],
	"time stamp": 30.0
}