{
	"1. left_hip": [
		0.5494208335876465,
		0.5609496235847473,
		0.015131588093936443,
		0.9984207153320312
	],
	"2. left_knee": [
		0.5507410764694214,
		0.7111674547195435,
		-0.030068736523389816,
		0.9671237468719482
	],
	"3. left_ankle": [
		0.563004195690155,
		0.9067780375480652,
		0.055558256804943085,
		0.9653477072715759
	],
	"6. right_hip": [
		0.5033977627754211,
		0.564554750919342,
		-0.014986880123615265,
		0.9982204437255859
	],
	"7. right_knee": [
		0.519567608833313,
		0.7440195679664612,
		-0.05233382433652878,
		0.9500142335891724
	],
	"8. right_ankle": [
		0.5295919179916382,
		0.9287181496620178,
		0.02361525408923626,
		0.9544388055801392
	],
	"14. left_shoulder": [
		0.5717215538024902,
		0.3498584032058716,
		0.0430663637816906,
		0.9998281598091125
	],
	"15. left_elbow": [
		0.6261304020881653,
		0.3896503150463104,
		0.04612205550074577,
		0.9769535660743713
	],
	"16. left_wrist": [
		0.6795668005943298,
		0.3609912395477295,
		-0.04997502267360687,
		0.9431043267250061
	],
	"19. right_shoulder": [
		0.48797178268432617,
		0.347937673330307,
		0.030606934800744057,
		0.9995773434638977
	],
	"20. right_elbow": [
		0.43056535720825195,
		0.40008923411369324,
		-0.02578178606927395,
		0.9297725558280945
	],
	"21. right_wrist": [
		0.38207921385765076,
		0.3467426002025604,
		-0.18178114295005798,
		0.9167270660400391
	],
	"24. nose": [
		0.5262115001678467,
		0.24692478775978088,
		-0.13830359280109406,
		0.9999512434005737
	],
	"25. left_eye": [
		0.5346409678459167,
		0.23788492381572723,
		-0.11932364851236343,
		0.9998611211776733
	],
	"26. right_eye": [
		0.5193331837654114,
		0.23733921349048615,
		-0.11647041141986847,
		0.9998528361320496
	],
	"27. left_ear": [
		0.543596625328064,
		0.25110211968421936,
		-0.01945355534553528,
		0.9998016357421875
	],
	"28. right_ear": [
		0.512723445892334,
		0.25038957595825195,
		-0.02003701776266098,
		0.9997460246086121
	],
	"time stamp": 30.0
}