{
	"1. left_hip": [
		0.5494438409805298,
		0.5579155683517456,
		0.015071883797645569,
		0.998512327671051
	],
	"2. left_knee": [
		0.5522344708442688,
		0.6940941214561462,
		-0.10251715034246445,
		0.9681028127670288
	],
	"3. left_ankle": [
		0.5640741586685181,
		0.891124963760376,
		-0.04890137165784836,
		0.9661665558815002
	],
	"6. right_hip": [
		0.5035514831542969,
		0.5629302263259888,
		-0.014938709326088428,
		0.9983247518539429
	],
	"7. right_knee": [
		0.5193660855293274,
		0.7422173619270325,
		-0.06438564509153366,
		0.9533528089523315
	],
	"8. right_ankle": [
		0.5295210480690002,
		0.9275296330451965,
		-0.01440922450274229,
		0.9562839269638062
	],
	"14. left_shoulder": [
		0.5703701376914978,
		0.3489835560321808,
		0.04401536285877228,
		0.9998373985290527
	],
	"15. left_elbow": [
		0.6181932687759399,
		0.39798980951309204,
		0.046577852219343185,
		0.9785335659980774
	],
	"16. left_wrist": [
		0.6713200211524963,
		0.3606712222099304,
		-0.046898745000362396,
		0.9479311108589172
	],
	"19. right_shoulder": [
		0.4872129559516907,
		0.34766846895217896,
		0.02969229593873024,
		0.9996066689491272
	],
	"20. right_elbow": [
		0.431417852640152,
		0.4099160134792328,
		-0.03803618252277374,
		0.9357948899269104
	],
	"21. right_wrist": [
		0.3829399347305298,
		0.3474855422973633,
		-0.1973799169063568,
		0.9243241548538208
	],
	"24. nose": [
		0.5254384279251099,
		0.24500995874404907,
		-0.14456026256084442,
		0.9999552965164185
	],
	"25. left_eye": [
		0.5335600972175598,
		0.2351277619600296,
		-0.12429864704608917,
		0.9998726844787598
	],
	"26. right_eye": [
		0.5184599161148071,
		0.23480483889579773,
		-0.12439966201782227,
		0.9998653531074524
	],
	"27. left_ear": [
		0.5423443913459778,
		0.24862059950828552,
		-0.02088410034775734,
		0.9998186826705933
	],
	"28. right_ear": [
		0.5120831727981567,
		0.2478807419538498,
		-0.027143076062202454,
		0.9997684359550476
	],
	"time stamp": 30.0
}