{
	"1. left_hip": [
		0.5483423471450806,
		0.5421648025512695,
		0.015715451911091805,
		0.9986702799797058
	],
	"2. left_knee": [
		0.55375075340271,
		0.7110693454742432,
		-0.025575801730155945,
		0.9708975553512573
	],
	"3. left_ankle": [
		0.5410895347595215,
		0.8060019016265869,
		0.1818237602710724,
		0.9309013485908508
	],
	"6. right_hip": [
		0.5040984153747559,
		0.5515241622924805,
		-0.015575563535094261,
		0.9987126588821411
	],
	"7. right_knee": [
		0.5185545682907104,
		0.7371549010276794,
		-0.07956651598215103,
		0.9651445746421814
	],
	"8. right_ankle": [
		0.5254389047622681,
		0.9206297993659973,
		-0.00825620535761118,
		0.9587640166282654
	],
	"14. left_shoulder": [
		0.5545803308486938,
		0.3420638144016266,
		-0.009520648047327995,
		0.9998787045478821
	],
	"15. left_elbow": [
		0.5740794539451599,
		0.4378500282764435,
		0.04262871667742729,
		0.9741291403770447
	],
	"16. left_wrist": [
		0.6220993995666504,
		0.44422709941864014,
		-0.05209646373987198,
		0.9683856964111328
	],
	"19. right_shoulder": [
		0.48072999715805054,
		0.3518922030925751,
		-0.031212812289595604,
		0.99961918592453
	],
	"20. right_elbow": [
		0.47548142075538635,
		0.4673479199409485,
		-0.02458030916750431,
		0.9528599381446838
	],
	"21. right_wrist": [
		0.42698240280151367,
		0.45603418350219727,
		-0.147313192486763,
		0.9543694257736206
	],
	"24. nose": [
		0.5185361504554749,
		0.24478265643119812,
		-0.206311896443367,
		0.999966561794281
	],
	"25. left_eye": [
		0.5278171300888062,
		0.23556219041347504,
		-0.18635788559913635,
		0.9999071359634399
	],
	"26. right_eye": [
		0.5114932656288147,
		0.23281694948673248,
		-0.1891566962003708,
		0.9998831152915955
	],
	"27. left_ear": [
		0.5338020324707031,
		0.24694441258907318,
		-0.07897905260324478,
		0.9998742341995239
	],
	"28. right_ear": [
		0.5040942430496216,
		0.24252328276634216,
		-0.09809978306293488,
		0.999762237071991
	],
	"time stamp": 30.0
}