{
	"1. left_hip": [
		0.5475847721099854,
		0.5610440969467163,
		0.021390292793512344,
		0.9977161288261414
	],
	"2. left_knee": [
		0.5363991260528564,
		0.7434290647506714,
		0.004744752310216427,
		0.9191206693649292
	],
	"3. left_ankle": [
		0.5068768262863159,
		0.8746767044067383,
		0.1507561206817627,
		0.8334295153617859
	],
	"6. right_hip": [
		0.5054479837417603,
		0.5633643865585327,
		-0.021424829959869385,
		0.9984292387962341
	],
	"7. right_knee": [
		0.5257048606872559,
		0.7449854612350464,
		-0.09084437787532806,
		0.9505980014801025
	],
	"8. right_ankle": [
		0.5299088954925537,
		0.9232282042503357,
		-0.019379334524273872,
		0.94163978099823
	],
	"14. left_shoulder": [
		0.5519967675209045,
		0.3574230968952179,
		-0.028869574889540672,
		0.9996322989463806
	],
	"15. left_elbow": [
		0.5671705603599548,
		0.45557892322540283,
		0.034085240215063095,
		0.9326117038726807
	],
	"16. left_wrist": [
		0.5711145997047424,
		0.5405272841453552,
		-0.036705851554870605,
		0.9030265212059021
	],
	"19. right_shoulder": [
		0.47935280203819275,
		0.3743637204170227,
		-0.06966862827539444,
		0.9995054602622986
	],
	"20. right_elbow": [
		0.4764399528503418,
		0.4935441315174103,
		-0.021221671253442764,
		0.9402230978012085
	],
	"21. right_wrist": [
		0.45312732458114624,
		0.5783244371414185,
		-0.10850801318883896,
		0.9304282069206238
	],
	"24. nose": [
		0.5166324973106384,
		0.2676813304424286,
		-0.2415323257446289,
		0.9998737573623657
	],
	"25. left_eye": [
		0.5254696607589722,
		0.25954926013946533,
		-0.22291138768196106,
		0.9996023774147034
	],
	"26. right_eye": [
		0.5089398622512817,
		0.2570764422416687,
		-0.22855141758918762,
		0.9995999336242676
	],
	"27. left_ear": [
		0.5304528474807739,
		0.2727890610694885,
		-0.1137753501534462,
		0.9992312788963318
	],
	"28. right_ear": [
		0.5008975267410278,
		0.26745447516441345,
		-0.1409098505973816,
		0.9989796280860901
	],
	"time stamp": 30.0
}