{
	"1. left_hip": [
		0.5475825071334839,
		0.5634785294532776,
		0.028706099838018417,
		0.9964548349380493
	],
	"2. left_knee": [
		0.5284106731414795,
		0.7377365827560425,
		0.03971205651760101,
		0.870317816734314
	],
	"3. left_ankle": [
		0.5003541111946106,
		0.884884238243103,
		0.17139661312103271,
		0.8117108345031738
	],
	"6. right_hip": [
		0.508223295211792,
		0.5674271583557129,
		-0.02874971367418766,
		0.9984157681465149
	],
	"7. right_knee": [
		0.5303289890289307,
		0.7412785291671753,
		-0.11603900045156479,
		0.9431877732276917
	],
	"8. right_ankle": [
		0.5415793657302856,
		0.9191193580627441,
		-0.07121194154024124,
		0.9391946792602539
	],
	"14. left_shoulder": [
		0.5480820536613464,
		0.3661952614784241,
		-0.016268150880932808,
		0.9988261461257935
	],
	"15. left_elbow": [
		0.5546308755874634,
		0.46696504950523376,
		0.04470790922641754,
		0.8152809739112854
	],
	"16. left_wrist": [
		0.5443651080131531,
		0.5532417893409729,
		-0.02655142918229103,
		0.756748378276825
	],
	"19. right_shoulder": [
		0.47766169905662537,
		0.3806048035621643,
		-0.07236114144325256,
		0.9995565414428711
	],
	"20. right_elbow": [
		0.47801828384399414,
		0.492966890335083,
		-0.03466978296637535,
		0.937040388584137
	],
	"21. right_wrist": [
		0.48194795846939087,
		0.5856148600578308,
		-0.09721173346042633,
		0.8833735585212708
	],
	"24. nose": [
		0.5151001214981079,
		0.2757132351398468,
		-0.22639402747154236,
		0.9998255372047424
	],
	"25. left_eye": [
		0.5233885049819946,
		0.2684527635574341,
		-0.21183224022388458,
		0.9994214773178101
	],
	"26. right_eye": [
		0.5076795220375061,
		0.26540347933769226,
		-0.21716225147247314,
		0.999528706073761
	],
	"27. left_ear": [
		0.5281318426132202,
		0.2818271815776825,
		-0.10144958645105362,
		0.9984963536262512
	],
	"28. right_ear": [
		0.49915018677711487,
		0.27607613801956177,
		-0.12521278858184814,
		0.9988778829574585
	],
	"time stamp": 30.0
}