{
	"1. left_hip": [
		0.5440598726272583,
		0.5627656579017639,
		0.05560969188809395,
		0.996997594833374
	],
	"2. left_knee": [
		0.5267747044563293,
		0.7337247133255005,
		-0.0003278671356383711,
		0.7813574075698853
	],
	"3. left_ankle": [
		0.49570760130882263,
		0.89129239320755,
		0.1024877279996872,
		0.8232333660125732
	],
	"6. right_hip": [
		0.508623480796814,
		0.5694118142127991,
		-0.05539130046963692,
		0.998854398727417
	],
	"7. right_knee": [
		0.548526406288147,
		0.7127583026885986,
		-0.13799399137496948,
		0.9220830798149109
	],
	"8. right_ankle": [
		0.5965627431869507,
		0.8765256404876709,
		-0.0719984918832779,
		0.9415549635887146
	],
	"14. left_shoulder": [
		0.5316181778907776,
		0.36855244636535645,
		0.1709565371274948,
		0.9981234669685364
	],
	"15. left_elbow": [
		0.5403719544410706,
		0.4608108103275299,
		0.15986183285713196,
		0.5595597624778748
	],
	"16. left_wrist": [
		0.5429577827453613,
		0.4917670786380768,
		0.0840129479765892,
		0.51056307554245
	],
	"19. right_shoulder": [
		0.47232431173324585,
		0.3705214560031891,
		-0.0011185893090441823,
		0.9997077584266663
	],
	"20. right_elbow": [
		0.4957682490348816,
		0.4230997860431671,
		-0.12885311245918274,
		0.9477567672729492
	],
	"21. right_wrist": [
		0.5351442098617554,
		0.3599484860897064,
		-0.2195536196231842,
		0.8967403769493103
	],
	"24. nose": [
		0.5110841989517212,
		0.2835148572921753,
		-0.02939145267009735,
		0.9998404383659363
	],
	"25. left_eye": [
		0.5187978148460388,
		0.27677443623542786,
		-0.006218983791768551,
		0.9995145797729492
	],
	"26. right_eye": [
		0.5059316158294678,
		0.26794254779815674,
		-0.020482245832681656,
		0.9996398687362671
	],
	"27. left_ear": [
		0.5228323340415955,
		0.29035666584968567,
		0.10203031450510025,
		0.9987609386444092
	],
	"28. right_ear": [
		0.4951450824737549,
		0.27614378929138184,
		0.03664703294634819,
		0.9992837905883789
	],
	"time stamp": 30.0
}