{
	"1. left_hip": [
		0.5362820625305176,
		0.5379229187965393,
		0.08540160953998566,
		0.9969491958618164
	],
	"2. left_knee": [
		0.530823826789856,
		0.709686815738678,
		0.0700557753443718,
		0.6441266536712646
	],
	"3. left_ankle": [
		0.4960154592990875,
		0.8879011273384094,
		0.09296759963035583,
		0.8230355978012085
	],
	"6. right_hip": [
		0.5213868618011475,
		0.542435348033905,
		-0.08537758886814117,
		0.9987677335739136
	],
	"7. right_knee": [
		0.5659211874008179,
		0.6900386810302734,
		-0.08373904973268509,
		0.9264183044433594
	],
	"8. right_ankle": [
		0.618172824382782,
		0.8521136045455933,
		-0.06668920814990997,
		0.9543927311897278
	],
	"14. left_shoulder": [
		0.5292613506317139,
		0.3411310315132141,
		0.11643749475479126,
		0.9955874085426331
	],
	"15. left_elbow": [
		0.5265222191810608,
		0.44491031765937805,
		0.15606743097305298,
		0.3479023873806
	],
	"16. left_wrist": [
		0.535927951335907,
		0.5201455354690552,
		0.11168098449707031,
		0.31715086102485657
	],
	"19. right_shoulder": [
		0.49236783385276794,
		0.331879585981369,
		-0.111094631254673,
		0.9993422031402588
	],
	"20. right_elbow": [
		0.486550897359848,
		0.3427860140800476,
		-0.23390285670757294,
		0.9244258999824524
	],
	"21. right_wrist": [
		0.49682775139808655,
		0.2951543629169464,
		-0.3245907425880432,
		0.7887112498283386
	],
	"24. nose": [
		0.5171374082565308,
		0.24643194675445557,
		-0.1305094063282013,
		0.9998348355293274
	],
	"25. left_eye": [
		0.5210801959037781,
		0.2369983047246933,
		-0.1083335131406784,
		0.9995742440223694
	],
	"26. right_eye": [
		0.507330060005188,
		0.23674757778644562,
		-0.12508971989154816,
		0.9996479749679565
	],
	"27. left_ear": [
		0.5217709541320801,
		0.249354749917984,
		0.0025057150050997734,
		0.9990038275718689
	],
	"28. right_ear": [
		0.49611973762512207,
		0.2474365383386612,
		-0.07421545684337616,
		0.9993957281112671
	],
	"time stamp": 30.0
}