{
	"1. left_hip": [
		0.533511757850647,
		0.5373018980026245,
		0.08463460206985474,
		0.9968265295028687
	],
	"2. left_knee": [
		0.5304506421089172,
		0.7076542973518372,
		0.07299558818340302,
		0.6226363778114319
	],
	"3. left_ankle": [
		0.49562859535217285,
		0.8862802982330322,
		0.09870017319917679,
		0.8252480030059814
	],
	"6. right_hip": [
		0.5215420126914978,
		0.540217399597168,
		-0.08463311195373535,
		0.9987118244171143
	],
	"7. right_knee": [
		0.5688544511795044,
		0.6840090751647949,
		-0.07987280935049057,
		0.9306122660636902
	],
	"8. right_ankle": [
		0.6136369109153748,
		0.8481913805007935,
		-0.06522885710000992,
		0.9573923945426941
	],
	"14. left_shoulder": [
		0.5297086834907532,
		0.33169931173324585,
		0.11476318538188934,
		0.9948352575302124
	],
	"15. left_elbow": [
		0.5257958173751831,
		0.42592498660087585,
		0.16662117838859558,
		0.31426987051963806
	],
	"16. left_wrist": [
		0.5369182825088501,
		0.5099144577980042,
		0.13348786532878876,
		0.2862614691257477
	],
	"19. right_shoulder": [
		0.49291738867759705,
		0.3261714577674866,
		-0.12108687311410904,
		0.9992433190345764
	],
	"20. right_elbow": [
		0.481017529964447,
		0.2757681608200073,
		-0.26286929845809937,
		0.9280213713645935
	],
	"21. right_wrist": [
		0.4878988265991211,
		0.25431737303733826,
		-0.32821789383888245,
		0.7470385432243347
	],
	"24. nose": [
		0.5189587473869324,
		0.23877134919166565,
		-0.11970366537570953,
		0.99983811378479
	],
	"25. left_eye": [
		0.5215040445327759,
		0.23001094162464142,
		-0.0985737293958664,
		0.9995853304862976
	],
	"26. right_eye": [
		0.5078355073928833,
		0.23042061924934387,
		-0.11543828248977661,
		0.9996553063392639
	],
	"27. left_ear": [
		0.5219932794570923,
		0.24199321866035461,
		0.006257880479097366,
		0.9990562200546265
	],
	"28. right_ear": [
		0.49619850516319275,
		0.24440906941890717,
		-0.07934538275003433,
		0.9994271397590637
	],
	"time stamp": 30.0
}