{
	"1. left_hip": [
		0.5320791006088257,
		0.5376516580581665,
		0.08494884520769119,
		0.996660590171814
	],
	"2. left_knee": [
		0.5304819345474243,
		0.7056392431259155,
		0.07181534916162491,
		0.612532913684845
	],
	"3. left_ankle": [
		0.4948740601539612,
		0.8850884437561035,
		0.10154981911182404,
		0.8328732252120972
	],
	"6. right_hip": [
		0.5215925574302673,
		0.53935307264328,
		-0.08492168039083481,
		0.9986302256584167
	],
	"7. right_knee": [
		0.5696128606796265,
		0.6779330968856812,
		-0.08216239511966705,
		0.9356263279914856
	],
	"8. right_ankle": [
		0.6093837022781372,
		0.8451836705207825,
		-0.06421588361263275,
		0.9606822729110718
	],
	"14. left_shoulder": [
		0.5298858284950256,
		0.3252183794975281,
		0.11016979068517685,
		0.9940831065177917
	],
	"15. left_elbow": [
		0.5267655849456787,
		0.4191269278526306,
		0.17697210609912872,
		0.28397542238235474
	],
	"16. left_wrist": [
		0.5357015132904053,
		0.49999138712882996,
		0.1472446471452713,
		0.2582373321056366
	],
	"19. right_shoulder": [
		0.491675466299057,
		0.3222964107990265,
		-0.12227340787649155,
		0.9991501569747925
	],
	"20. right_elbow": [
		0.4718201160430908,
		0.2643200159072876,
		-0.22557540237903595,
		0.9327845573425293
	],
	"21. right_wrist": [
		0.48350247740745544,
		0.25010061264038086,
		-0.22430963814258575,
		0.6962637305259705
	],
	"24. nose": [
		0.5209619998931885,
		0.23518401384353638,
		-0.11654766649007797,
		0.9998353719711304
	],
	"25. left_eye": [
		0.5216951966285706,
		0.225975900888443,
		-0.09654338657855988,
		0.9995797276496887
	],
	"26. right_eye": [
		0.5089945197105408,
		0.22716182470321655,
		-0.11628495156764984,
		0.9996489882469177
	],
	"27. left_ear": [
		0.5220745801925659,
		0.2383066564798355,
		0.004716517403721809,
		0.9990847706794739
	],
	"28. right_ear": [
		0.4965391755104065,
		0.24218741059303284,
		-0.0902680829167366,
		0.9994511604309082
	],
	"time stamp": 30.0
}