{
	"1. left_hip": [
		0.5329554080963135,
		0.5291844606399536,
		0.08460964262485504,
		0.9963847994804382
	],
	"2. left_knee": [
		0.5301786661148071,
		0.7009402513504028,
		0.06637458503246307,
		0.5945351123809814
	],
	"3. left_ankle": [
		0.4919942021369934,
		0.8789390325546265,
		0.09595811367034912,
		0.8435267806053162
	],
	"6. right_hip": [
		0.5310943126678467,
		0.5299155116081238,
		-0.084598109126091,
		0.9984226822853088
	],
	"7. right_knee": [
		0.5668061971664429,
		0.6776304841041565,
		-0.08877721428871155,
		0.9422959089279175
	],
	"8. right_ankle": [
		0.5955482125282288,
		0.8490653038024902,
		-0.07482186704874039,
		0.9651970267295837
	],
	"14. left_shoulder": [
		0.5302754044532776,
		0.3196009695529938,
		0.12051566690206528,
		0.9937501549720764
	],
	"15. left_elbow": [
		0.5285995602607727,
		0.41533198952674866,
		0.1867324858903885,
		0.23267726600170135
	],
	"16. left_wrist": [
		0.535347580909729,
		0.4886600077152252,
		0.1498885452747345,
		0.21085233986377716
	],
	"19. right_shoulder": [
		0.49519839882850647,
		0.3195717930793762,
		-0.10339109599590302,
		0.9990261197090149
	],
	"20. right_elbow": [
		0.4678801894187927,
		0.2859213650226593,
		-0.22254081070423126,
		0.9367583990097046
	],
	"21. right_wrist": [
		0.48380008339881897,
		0.2701404094696045,
		-0.28458327054977417,
		0.6308391094207764
	],
	"24. nose": [
		0.5235190987586975,
		0.2377319186925888,
		-0.11364750564098358,
		0.9998428225517273
	],
	"25. left_eye": [
		0.5234097242355347,
		0.2278863489627838,
		-0.09331776201725006,
		0.9996059536933899
	],
	"26. right_eye": [
		0.5114147663116455,
		0.22916755080223083,
		-0.11156685650348663,
		0.9996687173843384
	],
	"27. left_ear": [
		0.5227433443069458,
		0.23894892632961273,
		0.00788848102092743,
		0.9991788864135742
	],
	"28. right_ear": [
		0.49937620759010315,
		0.2430458664894104,
		-0.07370825111865997,
		0.9995108842849731
	],
	"time stamp": 30.0
}