{
	"1. left_hip": [
		0.5553392767906189,
		0.5623319745063782,
		0.0820789784193039,
		0.9977178573608398
	],
	"2. left_knee": [
		0.5524982213973999,
		0.7307291030883789,
		0.033773284405469894,
		0.6524902582168579
	],
	"3. left_ankle": [
		0.48904910683631897,
		0.8802488446235657,
		0.041868098080158234,
		0.8808635473251343
	],
	"6. right_hip": [
		0.5437309741973877,
		0.5669642686843872,
		-0.0822552815079689,
		0.998848021030426
	],
	"7. right_knee": [
		0.5603348612785339,
		0.7299774289131165,
		-0.06775546818971634,
		0.9495478272438049
	],
	"8. right_ankle": [
		0.5404576063156128,
		0.8877254128456116,
		-0.03370559588074684,
		0.9731855988502502
	],
	"14. left_shoulder": [
		0.534452497959137,
		0.36195746064186096,
		0.14247369766235352,
		0.9951989054679871
	],
	"15. left_elbow": [
		0.5350537300109863,
		0.3989642560482025,
		0.2633073031902313,
		0.14683501422405243
	],
	"16. left_wrist": [
		0.5339914560317993,
		0.43049171566963196,
		0.34080106019973755,
		0.1540742963552475
	],
	"19. right_shoulder": [
		0.5099854469299316,
		0.36170339584350586,
		-0.11273497343063354,
		0.9993172883987427
	],
	"20. right_elbow": [
		0.5081859827041626,
		0.43812769651412964,
		-0.25025755167007446,
		0.9514233469963074
	],
	"21. right_wrist": [
		0.5166285634040833,
		0.458246111869812,
		-0.40428823232650757,
		0.7592849731445312
	],
	"24. nose": [
		0.5360134840011597,
		0.2869618237018585,
		-0.10258330404758453,
		0.9999155402183533
	],
	"25. left_eye": [
		0.5340219736099243,
		0.2755510210990906,
		-0.0803699716925621,
		0.9997891783714294
	],
	"26. right_eye": [
		0.5248411297798157,
		0.2755255103111267,
		-0.10264406353235245,
		0.9998294711112976
	],
	"27. left_ear": [
		0.528937578201294,
		0.28211352229118347,
		0.024148184806108475,
		0.9995768666267395
	],
	"28. right_ear": [
		0.5124012231826782,
		0.2848054766654968,
		-0.06424886733293533,
		0.9997529983520508
	],
	"time stamp": 30.0
}