{
	"1. left_hip": [
		0.5623278021812439,
		0.571626603603363,
		0.08842670172452927,
		0.9980802536010742
	],
	"2. left_knee": [
		0.5694746375083923,
		0.7265229225158691,
		0.0858294814825058,
		0.6852430105209351
	],
	"3. left_ankle": [
		0.543429970741272,
		0.8518377542495728,
		0.17716078460216522,
		0.8825599551200867
	],
	"6. right_hip": [
		0.5516208410263062,
		0.5748316049575806,
		-0.08849536627531052,
		0.998904824256897
	],
	"7. right_knee": [
		0.5712533593177795,
		0.7297335267066956,
		-0.11476363986730576,
		0.9584056735038757
	],
	"8. right_ankle": [
		0.5220274329185486,
		0.8672110438346863,
		-0.01811291091144085,
		0.9739786386489868
	],
	"14. left_shoulder": [
		0.5394114255905151,
		0.36976099014282227,
		0.08507922291755676,
		0.9962050318717957
	],
	"15. left_elbow": [
		0.5491368770599365,
		0.47692352533340454,
		0.11072615534067154,
		0.11593928188085556
	],
	"16. left_wrist": [
		0.5712698101997375,
		0.5588410496711731,
		0.05821707844734192,
		0.12479562312364578
	],
	"19. right_shoulder": [
		0.5197641253471375,
		0.36862704157829285,
		-0.20121464133262634,
		0.9994805455207825
	],
	"20. right_elbow": [
		0.5458577871322632,
		0.4771573841571808,
		-0.22015909850597382,
		0.9594471454620361
	],
	"21. right_wrist": [
		0.5900277495384216,
		0.5529285073280334,
		-0.21277932822704315,
		0.8028372526168823
	],
	"24. nose": [
		0.5475705862045288,
		0.2856800854206085,
		-0.08414383232593536,
		0.9997841119766235
	],
	"25. left_eye": [
		0.5424986481666565,
		0.273936003446579,
		-0.07461579889059067,
		0.9994319081306458
	],
	"26. right_eye": [
		0.5387364625930786,
		0.2744254469871521,
		-0.10481824725866318,
		0.9996662735939026
	],
	"27. left_ear": [
		0.5314680337905884,
		0.28167039155960083,
		-0.015486069023609161,
		0.9988449215888977
	],
	"28. right_ear": [
		0.5240660905838013,
		0.2838854193687439,
		-0.1441527158021927,
		0.9996434450149536
	],
	"time stamp": 30.0
}