{
	"1. left_hip": [
		0.5563265085220337,
		0.5700937509536743,
		0.08506802469491959,
		0.9978645443916321
	],
	"2. left_knee": [
		0.575621485710144,
		0.6899364590644836,
		0.18025152385234833,
		0.6661950945854187
	],
	"3. left_ankle": [
		0.5391606092453003,
		0.7741296291351318,
		0.2915869355201721,
		0.8592857122421265
	],
	"6. right_hip": [
		0.5740177631378174,
		0.5721269249916077,
		-0.08518325537443161,
		0.9989319443702698
	],
	"7. right_knee": [
		0.5861601829528809,
		0.7064467668533325,
		-0.09679517149925232,
		0.9622975587844849
	],
	"8. right_ankle": [
		0.5648713707923889,
		0.8845804929733276,
		-0.08199018239974976,
		0.9777182340621948
	],
	"14. left_shoulder": [
		0.5174940824508667,
		0.38027992844581604,
		0.07822708785533905,
		0.9968761205673218
	],
	"15. left_elbow": [
		0.5188510417938232,
		0.476766973733902,
		0.12795476615428925,
		0.10723083466291428
	],
	"16. left_wrist": [
		0.5464721322059631,
		0.5254234075546265,
		0.19777990877628326,
		0.10140717774629593
	],
	"19. right_shoulder": [
		0.5520243048667908,
		0.3689419627189636,
		-0.15139290690422058,
		0.9995803833007812
	],
	"20. right_elbow": [
		0.589652955532074,
		0.47085922956466675,
		-0.13957788050174713,
		0.9550043940544128
	],
	"21. right_wrist": [
		0.6274818181991577,
		0.552821934223175,
		-0.06198801472783089,
		0.7910369634628296
	],
	"24. nose": [
		0.5568639636039734,
		0.2842092216014862,
		0.019259434193372726,
		0.9991148114204407
	],
	"25. left_eye": [
		0.5482883453369141,
		0.27281543612480164,
		0.01955823227763176,
		0.9984849691390991
	],
	"26. right_eye": [
		0.5506019592285156,
		0.2731141448020935,
		-0.0009477869607508183,
		0.999091386795044
	],
	"27. left_ear": [
		0.5360246300697327,
		0.2833586037158966,
		0.018323320895433426,
		0.9974173307418823
	],
	"28. right_ear": [
		0.5417150855064392,
		0.2834804654121399,
		-0.07088728249073029,
		0.9990237355232239
	],
	"time stamp": 30.0
}