{
	"1. left_hip": [
		0.5509166121482849,
		0.5683420300483704,
		0.06312540918588638,
		0.9960735440254211
	],
	"2. left_knee": [
		0.5747283101081848,
		0.6673622727394104,
		0.1913871467113495,
		0.5924285650253296
	],
	"3. left_ankle": [
		0.5690714716911316,
		0.7481958270072937,
		0.3213748633861542,
		0.7378180027008057
	],
	"6. right_hip": [
		0.5835679769515991,
		0.5649617910385132,
		-0.06318560242652893,
		0.9987709522247314
	],
	"7. right_knee": [
		0.580355703830719,
		0.7081561088562012,
		-0.03370817005634308,
		0.9358536601066589
	],
	"8. right_ankle": [
		0.5679730772972107,
		0.8896580934524536,
		0.007110348902642727,
		0.969241201877594
	],
	"14. left_shoulder": [
		0.5076777338981628,
		0.3830954134464264,
		0.032060422003269196,
		0.9971621632575989
	],
	"15. left_elbow": [
		0.5074512362480164,
		0.4682064354419708,
		0.1387101113796234,
		0.18794120848178864
	],
	"16. left_wrist": [
		0.5373504161834717,
		0.4772300720214844,
		0.267348974943161,
		0.0832333043217659
	],
	"19. right_shoulder": [
		0.5757818818092346,
		0.36580806970596313,
		-0.11472129821777344,
		0.9996521472930908
	],
	"20. right_elbow": [
		0.6051336526870728,
		0.4605889618396759,
		-0.0708179697394371,
		0.9596160054206848
	],
	"21. right_wrist": [
		0.6266380548477173,
		0.5194168090820312,
		0.05985449627041817,
		0.7688689827919006
	],
	"24. nose": [
		0.5479384660720825,
		0.28720492124557495,
		0.05090857669711113,
		0.9984202980995178
	],
	"25. left_eye": [
		0.5389953851699829,
		0.27582380175590515,
		0.037010326981544495,
		0.9978652000427246
	],
	"26. right_eye": [
		0.5498761534690857,
		0.27416905760765076,
		0.02611609175801277,
		0.9986806511878967
	],
	"27. left_ear": [
		0.5289645791053772,
		0.2843712568283081,
		-0.004014079459011555,
		0.996921956539154
	],
	"28. right_ear": [
		0.5520685315132141,
		0.2826712429523468,
		-0.04808643087744713,
		0.998436450958252
	],
	"time stamp": 30.0
}