{
	"1. left_hip": [
		0.5517635345458984,
		0.5664686560630798,
		-0.03175342082977295,
		0.9961495995521545
	],
	"2. left_knee": [
		0.5694605708122253,
		0.7060232162475586,
		-0.023761514574289322,
		0.7306205034255981
	],
	"3. left_ankle": [
		0.5835615396499634,
		0.81834876537323,
		-0.027118289843201637,
		0.8182995319366455
	],
	"6. right_hip": [
		0.581608235836029,
		0.5646227598190308,
		0.03163308650255203,
		0.9975625276565552
	],
	"7. right_knee": [
		0.5871361494064331,
		0.7042492628097534,
		0.04203476756811142,
		0.9088715314865112
	],
	"8. right_ankle": [
		0.5919409394264221,
		0.8192299604415894,
		0.050717782229185104,
		0.9357582926750183
	],
	"14. left_shoulder": [
		0.5414666533470154,
		0.3957301378250122,
		-0.10665188729763031,
		0.997227132320404
	],
	"15. left_elbow": [
		0.5149624347686768,
		0.473174124956131,
		-0.04428456723690033,
		0.7363569140434265
	],
	"16. left_wrist": [
		0.5400905609130859,
		0.5006160140037537,
		0.058373190462589264,
		0.10759095102548599
	],
	"19. right_shoulder": [
		0.594196081161499,
		0.3917343020439148,
		-0.0679125040769577,
		0.9969702959060669
	],
	"20. right_elbow": [
		0.6076807975769043,
		0.46588462591171265,
		-0.042100220918655396,
		0.8663758635520935
	],
	"21. right_wrist": [
		0.5987889766693115,
		0.5162889957427979,
		0.04253910109400749,
		0.23927076160907745
	],
	"24. nose": [
		0.5606864094734192,
		0.3151949644088745,
		0.014884556643664837,
		0.986903190612793
	],
	"25. left_eye": [
		0.5552888512611389,
		0.30648893117904663,
		-0.006631066557019949,
		0.9862075448036194
	],
	"26. right_eye": [
		0.5646668672561646,
		0.3044146001338959,
		-0.004789147060364485,
		0.9806293249130249
	],
	"27. left_ear": [
		0.5520752668380737,
		0.3142891228199005,
		-0.07403564453125,
		0.9818732738494873
	],
	"28. right_ear": [
		0.5704082250595093,
		0.30989837646484375,
		-0.07941658794879913,
		0.9795934557914734
	],
	"time stamp": 30.0
}