{
	"1. left_hip": [
		0.5613368153572083,
		0.5624997615814209,
		-0.030919354408979416,
		0.9962829351425171
	],
	"2. left_knee": [
		0.5720832347869873,
		0.6966928243637085,
		-0.036500174552202225,
		0.7776973843574524
	],
	"3. left_ankle": [
		0.5965899229049683,
		0.7653480768203735,
		0.07869686931371689,
		0.8458027243614197
	],
	"6. right_hip": [
		0.561377763748169,
		0.5615449547767639,
		0.031070146709680557,
		0.9975470900535583
	],
	"7. right_knee": [
		0.5775924921035767,
		0.7003062963485718,
		0.022729335352778435,
		0.9143877029418945
	],
	"8. right_ankle": [
		0.5914119482040405,
		0.8193027973175049,
		0.09060093015432358,
		0.9419499039649963
	],
	"14. left_shoulder": [
		0.5514296889305115,
		0.3850555717945099,
		-0.1707773208618164,
		0.9975686073303223
	],
	"15. left_elbow": [
		0.5502435564994812,
		0.4709566831588745,
		-0.09033219516277313,
		0.7704617977142334
	],
	"16. left_wrist": [
		0.5717526078224182,
		0.5150227546691895,
		-0.01771797426044941,
		0.12470397353172302
	],
	"19. right_shoulder": [
		0.57313072681427,
		0.39049240946769714,
		-0.1213667169213295,
		0.9971995949745178
	],
	"20. right_elbow": [
		0.5658947825431824,
		0.46678635478019714,
		-0.08110378682613373,
		0.8567532300949097
	],
	"21. right_wrist": [
		0.5778219699859619,
		0.5162392854690552,
		-0.05835673213005066,
		0.2628324031829834
	],
	"24. nose": [
		0.5604866743087769,
		0.31412574648857117,
		-0.17540335655212402,
		0.9889652729034424
	],
	"25. left_eye": [
		0.5556567907333374,
		0.3055495023727417,
		-0.18641795217990875,
		0.9881539940834045
	],
	"26. right_eye": [
		0.5623193979263306,
		0.30396512150764465,
		-0.1824994683265686,
		0.9835458993911743
	],
	"27. left_ear": [
		0.5549547076225281,
		0.31311383843421936,
		-0.19410566985607147,
		0.9847291707992554
	],
	"28. right_ear": [
		0.5664327144622803,
		0.3099156618118286,
		-0.1752011477947235,
		0.9823694229125977
	],
	"time stamp": 30.0
}