{
	"1. left_hip": [
		0.5460540652275085,
		0.5637109875679016,
		-0.025776201859116554,
		0.9972372651100159
	],
	"2. left_knee": [
		0.5630715489387512,
		0.6903464198112488,
		0.021489549428224564,
		0.8239513039588928
	],
	"3. left_ankle": [
		0.5933316349983215,
		0.7694521546363831,
		-0.09939843416213989,
		0.8824834227561951
	],
	"6. right_hip": [
		0.5725854635238647,
		0.5597147941589355,
		0.025600766763091087,
		0.998146116733551
	],
	"7. right_knee": [
		0.5697935819625854,
		0.6686077117919922,
		0.06672315299510956,
		0.86692214012146
	],
	"8. right_ankle": [
		0.5983366370201111,
		0.7315278649330139,
		-0.04264184832572937,
		0.9464693665504456
	],
	"14. left_shoulder": [
		0.5308898687362671,
		0.38884955644607544,
		-0.06087871640920639,
		0.9981465935707092
	],
	"15. left_elbow": [
		0.5114296674728394,
		0.46259692311286926,
		-0.0015991143882274628,
		0.8162732124328613
	],
	"16. left_wrist": [
		0.5237313508987427,
		0.4894416034221649,
		0.12276734411716461,
		0.12058237195014954
	],
	"19. right_shoulder": [
		0.5914453268051147,
		0.38641557097435,
		-0.036365773528814316,
		0.9979339241981506
	],
	"20. right_elbow": [
		0.609104573726654,
		0.4686231017112732,
		-0.0449666827917099,
		0.8924351334571838
	],
	"21. right_wrist": [
		0.6197431087493896,
		0.5349717736244202,
		-0.016606664285063744,
		0.4073846936225891
	],
	"24. nose": [
		0.5590447783470154,
		0.3078553378582001,
		0.07635118067264557,
		0.9919118285179138
	],
	"25. left_eye": [
		0.5529376268386841,
		0.29861992597579956,
		0.055997561663389206,
		0.9913138151168823
	],
	"26. right_eye": [
		0.5626648664474487,
		0.2980234920978546,
		0.059306658804416656,
		0.9879611730575562
	],
	"27. left_ear": [
		0.5491474866867065,
		0.3100012540817261,
		-0.02128928154706955,
		0.9888291954994202
	],
	"28. right_ear": [
		0.5703985691070557,
		0.3083384931087494,
		-0.004380085971206427,
		0.98710036277771
	],
	"time stamp": 30.0
}