{
	"1. left_hip": [
		0.5437155365943909,
		0.5609118938446045,
		-0.03345903009176254,
		0.9974886775016785
	],
	"2. left_knee": [
		0.5602883100509644,
		0.6841868162155151,
		0.007986878976225853,
		0.8372354507446289
	],
	"3. left_ankle": [
		0.5890610814094543,
		0.7946714758872986,
		-0.061145663261413574,
		0.8915138840675354
	],
	"6. right_hip": [
		0.573211669921875,
		0.5530250072479248,
		0.033282600343227386,
		0.9982831478118896
	],
	"7. right_knee": [
		0.5648984909057617,
		0.6661955714225769,
		0.06805520504713058,
		0.8324902653694153
	],
	"8. right_ankle": [
		0.5926607847213745,
		0.7595861554145813,
		0.027504712343215942,
		0.9366898536682129
	],
	"14. left_shoulder": [
		0.5287001729011536,
		0.3861536681652069,
		-0.09429168701171875,
		0.9983118176460266
	],
	"15. left_elbow": [
		0.5103915929794312,
		0.46202579140663147,
		-0.027290379628539085,
		0.8308132290840149
	],
	"16. left_wrist": [
		0.5204361081123352,
		0.4798474609851837,
		0.11372298002243042,
		0.1281885802745819
	],
	"19. right_shoulder": [
		0.5916581749916077,
		0.3856196105480194,
		-0.038804374635219574,
		0.9981289505958557
	],
	"20. right_elbow": [
		0.6099975109100342,
		0.46657371520996094,
		-0.05708973482251167,
		0.9021528959274292
	],
	"21. right_wrist": [
		0.6200145483016968,
		0.5337971448898315,
		-0.0427568294107914,
		0.4560825228691101
	],
	"24. nose": [
		0.5580658912658691,
		0.30475109815597534,
		0.03790237754583359,
		0.9926966428756714
	],
	"25. left_eye": [
		0.5520726442337036,
		0.29462769627571106,
		0.015547499060630798,
		0.9921561479568481
	],
	"26. right_eye": [
		0.5621767044067383,
		0.2942970097064972,
		0.02277117408812046,
		0.9891443252563477
	],
	"27. left_ear": [
		0.5478882193565369,
		0.30472636222839355,
		-0.06121586635708809,
		0.9899248480796814
	],
	"28. right_ear": [
		0.5703761577606201,
		0.3042336702346802,
		-0.03356834128499031,
		0.9883697628974915
	],
	"time stamp": 30.0
}