{
	"1. left_hip": [
		0.5404778122901917,
		0.5493640303611755,
		-0.06934656947851181,
		0.998380720615387
	],
	"2. left_knee": [
		0.5182465314865112,
		0.6518393158912659,
		-0.08584697544574738,
		0.9061371684074402
	],
	"3. left_ankle": [
		0.5131986737251282,
		0.8034509420394897,
		-0.07572273164987564,
		0.9353485107421875
	],
	"6. right_hip": [
		0.5695498585700989,
		0.5458750128746033,
		0.0694315955042839,
		0.9987636804580688
	],
	"7. right_knee": [
		0.5599251389503479,
		0.6838967204093933,
		0.04441431164741516,
		0.8037115931510925
	],
	"8. right_ankle": [
		0.5793501138687134,
		0.8265326023101807,
		0.04443443939089775,
		0.9414902925491333
	],
	"14. left_shoulder": [
		0.521813154220581,
		0.36870306730270386,
		-0.0004212816711515188,
		0.998954713344574
	],
	"15. left_elbow": [
		0.5210574865341187,
		0.4623534679412842,
		-0.08838850259780884,
		0.8751473426818848
	],
	"16. left_wrist": [
		0.5218397378921509,
		0.45324426889419556,
		-0.1598629653453827,
		0.17792414128780365
	],
	"19. right_shoulder": [
		0.5749418139457703,
		0.375743567943573,
		0.15865007042884827,
		0.9988613724708557
	],
	"20. right_elbow": [
		0.5806849002838135,
		0.46616029739379883,
		0.16228701174259186,
		0.8991156220436096
	],
	"21. right_wrist": [
		0.5895811915397644,
		0.5338342189788818,
		0.1444816291332245,
		0.5001267790794373
	],
	"24. nose": [
		0.5382208228111267,
		0.2917710542678833,
		0.19276180863380432,
		0.9959983825683594
	],
	"25. left_eye": [
		0.536626935005188,
		0.2821691632270813,
		0.17239639163017273,
		0.9956846833229065
	],
	"26. right_eye": [
		0.5448747277259827,
		0.28197622299194336,
		0.18467310070991516,
		0.9941123127937317
	],
	"27. left_ear": [
		0.535228431224823,
		0.2923586070537567,
		0.09674385190010071,
		0.9945315718650818
	],
	"28. right_ear": [
		0.5525877475738525,
		0.2923239469528198,
		0.151723250746727,
		0.9936942458152771
	],
	"time stamp": 30.0
}