{
	"1. left_hip": [
		0.5279080271720886,
		0.5636551976203918,
		-0.06909302622079849,
		0.9984844923019409
	],
	"2. left_knee": [
		0.5450628399848938,
		0.6974264979362488,
		-0.0715068057179451,
		0.9336539506912231
	],
	"3. left_ankle": [
		0.5835057497024536,
		0.830542266368866,
		-0.05871833115816116,
		0.9524616599082947
	],
	"6. right_hip": [
		0.545141339302063,
		0.5579668879508972,
		0.06904186308383942,
		0.9984288215637207
	],
	"7. right_knee": [
		0.5101219415664673,
		0.6828269362449646,
		0.07905741035938263,
		0.8038159608840942
	],
	"8. right_ankle": [
		0.4910505414009094,
		0.8172004818916321,
		0.09928532689809799,
		0.936570405960083
	],
	"14. left_shoulder": [
		0.520098090171814,
		0.36648720502853394,
		-0.10387498140335083,
		0.9990954995155334
	],
	"15. left_elbow": [
		0.5207083225250244,
		0.4724293053150177,
		-0.09745481610298157,
		0.840252697467804
	],
	"16. left_wrist": [
		0.5198935270309448,
		0.5048408508300781,
		-0.024298204109072685,
		0.21428076922893524
	],
	"19. right_shoulder": [
		0.5539661645889282,
		0.37565070390701294,
		0.10491347312927246,
		0.9980506300926208
	],
	"20. right_elbow": [
		0.5496495366096497,
		0.47211629152297974,
		0.1310272514820099,
		0.6212191581726074
	],
	"21. right_wrist": [
		0.5302482843399048,
		0.5002560615539551,
		0.11887618154287338,
		0.34222981333732605
	],
	"24. nose": [
		0.5244019627571106,
		0.30184781551361084,
		0.08654751628637314,
		0.9967814683914185
	],
	"25. left_eye": [
		0.5266984105110168,
		0.28804251551628113,
		0.06288348883390427,
		0.9963783025741577
	],
	"26. right_eye": [
		0.5311520099639893,
		0.2876532971858978,
		0.08520171791315079,
		0.9954389333724976
	],
	"27. left_ear": [
		0.5297225713729858,
		0.29627010226249695,
		-0.01793467439711094,
		0.9955733418464661
	],
	"28. right_ear": [
		0.5395335555076599,
		0.2966267764568329,
		0.07100038230419159,
		0.9944798350334167
	],
	"time stamp": 30.0
}