{
	"1. left_hip": [
		0.5090764760971069,
		0.5769834518432617,
		-0.07835518568754196,
		0.9982162714004517
	],
	"2. left_knee": [
		0.5212832689285278,
		0.7020999193191528,
		-0.08081380277872086,
		0.9474710822105408
	],
	"3. left_ankle": [
		0.5674892663955688,
		0.820220947265625,
		-0.05266367271542549,
		0.9629165530204773
	],
	"6. right_hip": [
		0.5163652300834656,
		0.5705302953720093,
		0.07837216556072235,
		0.9981563091278076
	],
	"7. right_knee": [
		0.4998863637447357,
		0.694024384021759,
		0.0781257227063179,
		0.8237239122390747
	],
	"8. right_ankle": [
		0.48890241980552673,
		0.8275923728942871,
		0.10150853544473648,
		0.9423802495002747
	],
	"14. left_shoulder": [
		0.5161316394805908,
		0.37957826256752014,
		-0.12386965751647949,
		0.9990786910057068
	],
	"15. left_elbow": [
		0.5190171599388123,
		0.4769165515899658,
		-0.1973700374364853,
		0.8355188369750977
	],
	"16. left_wrist": [
		0.5068987011909485,
		0.48952510952949524,
		-0.2243817150592804,
		0.3071597218513489
	],
	"19. right_shoulder": [
		0.5317192673683167,
		0.38186803460121155,
		0.12527181208133698,
		0.9977654218673706
	],
	"20. right_elbow": [
		0.5237545967102051,
		0.4721675515174866,
		0.2029685080051422,
		0.45901966094970703
	],
	"21. right_wrist": [
		0.5077192783355713,
		0.4837164580821991,
		0.2337082326412201,
		0.2581147253513336
	],
	"24. nose": [
		0.513873815536499,
		0.31156519055366516,
		0.00812061969190836,
		0.9965094327926636
	],
	"25. left_eye": [
		0.5190094709396362,
		0.2999378442764282,
		-0.009809201583266258,
		0.9960554242134094
	],
	"26. right_eye": [
		0.5213108062744141,
		0.29787153005599976,
		0.015535612590610981,
		0.9951033592224121
	],
	"27. left_ear": [
		0.5237399935722351,
		0.3099178671836853,
		-0.05697755888104439,
		0.9955020546913147
	],
	"28. right_ear": [
		0.5294918417930603,
		0.3073226809501648,
		0.06511769443750381,
		0.9935938119888306
	],
	"time stamp": 30.0
}