{
	"1. left_hip": [
		0.5083439946174622,
		0.5661951303482056,
		-0.08827688544988632,
		0.998439371585846
	],
	"2. left_knee": [
		0.5010287761688232,
		0.7038890719413757,
		-0.13179872930049896,
		0.9568467140197754
	],
	"3. left_ankle": [
		0.5684977769851685,
		0.7817318439483643,
		-0.07466711103916168,
		0.9694054126739502
	],
	"6. right_hip": [
		0.5021334886550903,
		0.5684783458709717,
		0.08836820721626282,
		0.9984368681907654
	],
	"7. right_knee": [
		0.4911648631095886,
		0.6958066821098328,
		0.07378733158111572,
		0.842045783996582
	],
	"8. right_ankle": [
		0.48480361700057983,
		0.8324211835861206,
		0.09859446436166763,
		0.9509922862052917
	],
	"14. left_shoulder": [
		0.5163360834121704,
		0.3682987689971924,
		-0.10380929708480835,
		0.9991883039474487
	],
	"15. left_elbow": [
		0.5328704714775085,
		0.4715608060359955,
		-0.20535621047019958,
		0.8559605479240417
	],
	"16. left_wrist": [
		0.5174968242645264,
		0.4876366853713989,
		-0.2669842839241028,
		0.4028581976890564
	],
	"19. right_shoulder": [
		0.5181702375411987,
		0.370686411857605,
		0.16389963030815125,
		0.9980800747871399
	],
	"20. right_elbow": [
		0.5114305019378662,
		0.459086149930954,
		0.22252920269966125,
		0.374509334564209
	],
	"21. right_wrist": [
		0.4984111785888672,
		0.4856163561344147,
		0.22360165417194366,
		0.21710000932216644
	],
	"24. nose": [
		0.5076056718826294,
		0.2976072132587433,
		0.013579728081822395,
		0.9968926906585693
	],
	"25. left_eye": [
		0.515060305595398,
		0.2919470965862274,
		-0.0009574390714988112,
		0.9964616298675537
	],
	"26. right_eye": [
		0.5148734450340271,
		0.291406512260437,
		0.024723831564188004,
		0.9956294894218445
	],
	"27. left_ear": [
		0.5220847725868225,
		0.3069959282875061,
		-0.03570718318223953,
		0.9961105585098267
	],
	"28. right_ear": [
		0.522558331489563,
		0.30501219630241394,
		0.08360186964273453,
		0.9942374229431152
	],
	"time stamp": 30.0
}