{
	"1. left_hip": [
		0.5054658651351929,
		0.5646105408668518,
		-0.08543819934129715,
		0.9985399842262268
	],
	"2. left_knee": [
		0.496391624212265,
		0.7047796249389648,
		-0.12353531271219254,
		0.9608919024467468
	],
	"3. left_ankle": [
		0.5597610473632812,
		0.7659287452697754,
		-0.03588191792368889,
		0.971886157989502
	],
	"6. right_hip": [
		0.4999472200870514,
		0.5678421854972839,
		0.0855107307434082,
		0.9985785484313965
	],
	"7. right_knee": [
		0.4874879717826843,
		0.6983565092086792,
		0.09215082228183746,
		0.8509735465049744
	],
	"8. right_ankle": [
		0.4850402772426605,
		0.833312451839447,
		0.12054751068353653,
		0.9549441337585449
	],
	"14. left_shoulder": [
		0.5170587301254272,
		0.3630772531032562,
		-0.11525808274745941,
		0.999234139919281
	],
	"15. left_elbow": [
		0.5319315791130066,
		0.4679557681083679,
		-0.1833207905292511,
		0.866257905960083
	],
	"16. left_wrist": [
		0.5168472528457642,
		0.48557302355766296,
		-0.18916073441505432,
		0.4475530982017517
	],
	"19. right_shoulder": [
		0.51838219165802,
		0.3684515357017517,
		0.145814448595047,
		0.9982431530952454
	],
	"20. right_elbow": [
		0.5096972584724426,
		0.4565299451351166,
		0.18309316039085388,
		0.3393213152885437
	],
	"21. right_wrist": [
		0.4963454306125641,
		0.48824381828308105,
		0.22192826867103577,
		0.20171403884887695
	],
	"24. nose": [
		0.5034106969833374,
		0.2977466881275177,
		0.0023863050155341625,
		0.997106671333313
	],
	"25. left_eye": [
		0.5106006860733032,
		0.2913503348827362,
		-0.014616933651268482,
		0.9966576099395752
	],
	"26. right_eye": [
		0.5105718374252319,
		0.29107654094696045,
		0.011957744136452675,
		0.995892345905304
	],
	"27. left_ear": [
		0.5197563171386719,
		0.3054802417755127,
		-0.05354781821370125,
		0.996410608291626
	],
	"28. right_ear": [
		0.5196252465248108,
		0.30382630228996277,
		0.08292292058467865,
		0.9945344924926758
	],
	"time stamp": 30.0
}