{
	"1. left_hip": [
		0.5147942304611206,
		0.54164057970047,
		-0.03864654153585434,
		0.9992436170578003
	],
	"2. left_knee": [
		0.5276491641998291,
		0.6828187108039856,
		-0.0648757666349411,
		0.9838250279426575
	],
	"3. left_ankle": [
		0.5491303205490112,
		0.8314731121063232,
		0.011833901517093182,
		0.9816010594367981
	],
	"6. right_hip": [
		0.4783782958984375,
		0.5465012192726135,
		0.038665592670440674,
		0.9993771314620972
	],
	"7. right_knee": [
		0.48062437772750854,
		0.6928824782371521,
		0.034243129193782806,
		0.9102745056152344
	],
	"8. right_ankle": [
		0.48399215936660767,
		0.832852840423584,
		0.12305561453104019,
		0.9774238467216492
	],
	"14. left_shoulder": [
		0.5258625745773315,
		0.361642062664032,
		-0.10967818647623062,
		0.9997723698616028
	],
	"15. left_elbow": [
		0.5639413595199585,
		0.42669013142585754,
		-0.13004615902900696,
		0.9582002758979797
	],
	"16. left_wrist": [
		0.5368154644966125,
		0.4869540333747864,
		-0.22310955822467804,
		0.8331865668296814
	],
	"19. right_shoulder": [
		0.46482419967651367,
		0.36462706327438354,
		0.004946453496813774,
		0.9994019865989685
	],
	"20. right_elbow": [
		0.4353894293308258,
		0.43562737107276917,
		0.06935879588127136,
		0.6357571482658386
	],
	"21. right_wrist": [
		0.4041610360145569,
		0.4947667717933655,
		-0.005262597929686308,
		0.6989725232124329
	],
	"24. nose": [
		0.49560999870300293,
		0.2824369966983795,
		-0.2258490025997162,
		0.9991037249565125
	],
	"25. left_eye": [
		0.5022105574607849,
		0.2752876877784729,
		-0.21331572532653809,
		0.9988869428634644
	],
	"26. right_eye": [
		0.4910063147544861,
		0.27442803978919983,
		-0.20867133140563965,
		0.9986032247543335
	],
	"27. left_ear": [
		0.5085943937301636,
		0.28810328245162964,
		-0.12612919509410858,
		0.998866617679596
	],
	"28. right_ear": [
		0.4862246513366699,
		0.28388097882270813,
		-0.10856647789478302,
		0.9979178309440613
	],
	"time stamp": 30.0
}