{
	"1. left_hip": [
		0.5326317548751831,
		0.5737858414649963,
		-0.028406843543052673,
		0.9991718530654907
	],
	"2. left_knee": [
		0.5464346408843994,
		0.72907555103302,
		-0.06615901738405228,
		0.9883512854576111
	],
	"3. left_ankle": [
		0.5545156002044678,
		0.8758692145347595,
		0.02138030156493187,
		0.987632155418396
	],
	"6. right_hip": [
		0.49141573905944824,
		0.5771769285202026,
		0.028480341657996178,
		0.9990607500076294
	],
	"7. right_knee": [
		0.48720550537109375,
		0.7039028406143188,
		0.0786992609500885,
		0.9428744912147522
	],
	"8. right_ankle": [
		0.48394232988357544,
		0.8291453719139099,
		0.27208060026168823,
		0.9826033115386963
	],
	"14. left_shoulder": [
		0.5315744280815125,
		0.38808491826057434,
		-0.10526604950428009,
		0.9998487830162048
	],
	"15. left_elbow": [
		0.5666809678077698,
		0.46781691908836365,
		-0.15509729087352753,
		0.9699407815933228
	],
	"16. left_wrist": [
		0.5535007119178772,
		0.47807854413986206,
		-0.328324556350708,
		0.8717551231384277
	],
	"19. right_shoulder": [
		0.464219331741333,
		0.3811362683773041,
		-0.06264064460992813,
		0.9995585083961487
	],
	"20. right_elbow": [
		0.4619791507720947,
		0.48281216621398926,
		0.0006629818817600608,
		0.7373782992362976
	],
	"21. right_wrist": [
		0.46403083205223083,
		0.5633302330970764,
		-0.07027814537286758,
		0.7557246685028076
	],
	"24. nose": [
		0.4976559281349182,
		0.3108343482017517,
		-0.28150874376296997,
		0.9994887709617615
	],
	"25. left_eye": [
		0.5041117072105408,
		0.29986879229545593,
		-0.26656752824783325,
		0.9993069171905518
	],
	"26. right_eye": [
		0.4931783676147461,
		0.29820960760116577,
		-0.26630738377571106,
		0.9991583228111267
	],
	"27. left_ear": [
		0.5091455578804016,
		0.30696916580200195,
		-0.167440265417099,
		0.9992159605026245
	],
	"28. right_ear": [
		0.4863355755805969,
		0.30355367064476013,
		-0.1641356498003006,
		0.998717725276947
	],
	"time stamp": 30.0
}