{
	"1. left_hip": [
		0.5459571480751038,
		0.5802069306373596,
		-0.031099647283554077,
		0.9991269707679749
	],
	"2. left_knee": [
		0.5543970465660095,
		0.7253426313400269,
		-0.06424769014120102,
		0.9925423860549927
	],
	"3. left_ankle": [
		0.5579652190208435,
		0.855883002281189,
		0.09531491249799728,
		0.9917914867401123
	],
	"6. right_hip": [
		0.5071345567703247,
		0.5833456516265869,
		0.031142285093665123,
		0.9985762238502502
	],
	"7. right_knee": [
		0.4916320741176605,
		0.7060031890869141,
		0.06952153891324997,
		0.9624031782150269
	],
	"8. right_ankle": [
		0.48750463128089905,
		0.8063539266586304,
		0.2835102677345276,
		0.9845691323280334
	],
	"14. left_shoulder": [
		0.5511358976364136,
		0.38043391704559326,
		-0.0952029898762703,
		0.9996256232261658
	],
	"15. left_elbow": [
		0.5727800130844116,
		0.46097949147224426,
		-0.0823078453540802,
		0.9284506440162659
	],
	"16. left_wrist": [
		0.5688157677650452,
		0.49791809916496277,
		-0.1625896692276001,
		0.780273973941803
	],
	"19. right_shoulder": [
		0.48148781061172485,
		0.3803216814994812,
		-0.05040257051587105,
		0.9991000890731812
	],
	"20. right_elbow": [
		0.478266179561615,
		0.4712378680706024,
		-0.061351992189884186,
		0.7330552935600281
	],
	"21. right_wrist": [
		0.4953223764896393,
		0.49606263637542725,
		-0.20385269820690155,
		0.7516157031059265
	],
	"24. nose": [
		0.5127538442611694,
		0.3158256411552429,
		-0.23746176064014435,
		0.9991514682769775
	],
	"25. left_eye": [
		0.5164292454719543,
		0.2980259656906128,
		-0.22687911987304688,
		0.998508632183075
	],
	"26. right_eye": [
		0.5107964277267456,
		0.2993605136871338,
		-0.2240702360868454,
		0.9984100461006165
	],
	"27. left_ear": [
		0.5219060182571411,
		0.3039339780807495,
		-0.14136281609535217,
		0.9983062744140625
	],
	"28. right_ear": [
		0.5079444646835327,
		0.3071511685848236,
		-0.1284831464290619,
		0.9974876642227173
	],
	"time stamp": 30.0
}