{
	"1. left_hip": [
		0.5754086971282959,
		0.8432534337043762,
		0.01147924829274416,
		0.9997289180755615
	],
	"2. left_knee": [
		0.5039438009262085,
		0.8611060976982117,
		-0.054690271615982056,
		0.6523574590682983
	],
	"3. left_ankle": [
		0.4275932312011719,
		0.8463870286941528,
		-0.024326816201210022,
		0.7837061882019043
	],
	"6. right_hip": [
		0.5638793706893921,
		0.7904059290885925,
		-0.011425288394093513,
		0.9995439052581787
	],
	"7. right_knee": [
		0.51300448179245,
		0.8672932982444763,
		-0.12344548851251602,
		0.9817812442779541
	],
	"8. right_ankle": [
		0.43001651763916016,
		0.8493123650550842,
		-0.09726416319608688,
		0.9749030470848083
	],
	"14. left_shoulder": [
		0.675238311290741,
		0.765328049659729,
		-0.0032955515198409557,
		0.9999963641166687
	],
	"15. left_elbow": [
		0.6797182559967041,
		0.8398329019546509,
		-0.11820900440216064,
		0.9741944670677185
	],
	"16. left_wrist": [
		0.6765550374984741,
		0.8681915402412415,
		-0.29223623871803284,
		0.9853711128234863
	],
	"19. right_shoulder": [
		0.6283891201019287,
		0.6954658627510071,
		0.022605111822485924,
		0.9997653365135193
	],
	"20. right_elbow": [
		0.6120380163192749,
		0.6188085079193115,
		0.00109296094160527,
		0.9968956708908081
	],
	"21. right_wrist": [
		0.6063554286956787,
		0.5366719365119934,
		-0.06444892287254333,
		0.9889597296714783
	],
	"24. nose": [
		0.6514753103256226,
		0.687957227230072,
		-0.08047419786453247,
		0.9999874830245972
	],
	"25. left_eye": [
		0.6604108214378357,
		0.6742299795150757,
		-0.08211642503738403,
		0.9999794363975525
	],
	"26. right_eye": [
		0.6484836339950562,
		0.6730237603187561,
		-0.07148709148168564,
		0.9999247193336487
	],
	"27. left_ear": [
		0.6697978973388672,
		0.6768093705177307,
		-0.05200617387890816,
		0.999986469745636
	],
	"28. right_ear": [
		0.64903324842453,
		0.6735152006149292,
		0.0010568990837782621,
		0.9999165534973145
	],
	"time stamp": 29.969946478656652
}