{
	"1. left_hip": [
		0.573512077331543,
		0.8429057598114014,
		0.01261584646999836,
		0.9996358752250671
	],
	"2. left_knee": [
		0.5015898942947388,
		0.8609222173690796,
		-0.042044587433338165,
		0.7072656154632568
	],
	"3. left_ankle": [
		0.4266092777252197,
		0.8454177975654602,
		-0.024207012727856636,
		0.8194729685783386
	],
	"6. right_hip": [
		0.5632913708686829,
		0.7907001972198486,
		-0.012542365118861198,
		0.9992825984954834
	],
	"7. right_knee": [
		0.5123984813690186,
		0.8667013645172119,
		-0.09989337623119354,
		0.9825719594955444
	],
	"8. right_ankle": [
		0.43041902780532837,
		0.84888756275177,
		-0.08073624223470688,
		0.977542519569397
	],
	"14. left_shoulder": [
		0.6750653386116028,
		0.767810583114624,
		0.0035252205561846495,
		0.9999956488609314
	],
	"15. left_elbow": [
		0.6788368821144104,
		0.8375533819198608,
		-0.09742321074008942,
		0.9788311123847961
	],
	"16. left_wrist": [
		0.6772116422653198,
		0.8688461184501648,
		-0.2545013725757599,
		0.9880262613296509
	],
	"19. right_shoulder": [
		0.6253509521484375,
		0.6986067891120911,
		0.023340966552495956,
		0.9998140335083008
	],
	"20. right_elbow": [
		0.5905693173408508,
		0.6410964131355286,
		0.015832724049687386,
		0.9957281351089478
	],
	"21. right_wrist": [
		0.5643006563186646,
		0.5768960118293762,
		-0.04772812873125076,
		0.9900960922241211
	],
	"24. nose": [
		0.6513583660125732,
		0.6817148923873901,
		-0.07427750527858734,
		0.9999855160713196
	],
	"25. left_eye": [
		0.6598723530769348,
		0.6707481741905212,
		-0.07675503194332123,
		0.9999720454216003
	],
	"26. right_eye": [
		0.6491719484329224,
		0.6694476008415222,
		-0.06673675775527954,
		0.9999163746833801
	],
	"27. left_ear": [
		0.6686162948608398,
		0.6760229468345642,
		-0.04796730726957321,
		0.9999752044677734
	],
	"28. right_ear": [
		0.6503736972808838,
		0.6735606789588928,
		0.0013876433949917555,
		0.9999154806137085
	],
	"time stamp": 29.969946478656652
}