{
	"1. left_hip": [
		0.5720653533935547,
		0.8306974768638611,
		0.02364732138812542,
		0.9995700120925903
	],
	"2. left_knee": [
		0.502998948097229,
		0.856959879398346,
		-0.02196682244539261,
		0.6711013317108154
	],
	"3. left_ankle": [
		0.4271959662437439,
		0.842999279499054,
		0.03403930738568306,
		0.7883013486862183
	],
	"6. right_hip": [
		0.5655650496482849,
		0.7903307676315308,
		-0.023660879582166672,
		0.9988968968391418
	],
	"7. right_knee": [
		0.5111957788467407,
		0.8678135275840759,
		-0.10391014814376831,
		0.9781381487846375
	],
	"8. right_ankle": [
		0.428754985332489,
		0.8456836938858032,
		-0.04332254081964493,
		0.9705675840377808
	],
	"14. left_shoulder": [
		0.673031210899353,
		0.7656434774398804,
		0.021752944216132164,
		0.999995768070221
	],
	"15. left_elbow": [
		0.6742540001869202,
		0.8373178839683533,
		-0.06274868547916412,
		0.9771830439567566
	],
	"16. left_wrist": [
		0.6760669350624084,
		0.8667693138122559,
		-0.2288857251405716,
		0.987771213054657
	],
	"19. right_shoulder": [
		0.6222801804542542,
		0.7042108774185181,
		0.011420715600252151,
		0.9999282360076904
	],
	"20. right_elbow": [
		0.5727579593658447,
		0.7156621217727661,
		0.018031157553195953,
		0.9785703420639038
	],
	"21. right_wrist": [
		0.5306137800216675,
		0.7160372138023376,
		-0.0317697711288929,
		0.9749380946159363
	],
	"24. nose": [
		0.6498520970344543,
		0.6803185939788818,
		-0.09723461419343948,
		0.9999678134918213
	],
	"25. left_eye": [
		0.6585227251052856,
		0.6693500280380249,
		-0.09377837181091309,
		0.9998877644538879
	],
	"26. right_eye": [
		0.6472508311271667,
		0.6668214797973633,
		-0.08731666952371597,
		0.9997997283935547
	],
	"27. left_ear": [
		0.6671152710914612,
		0.6750888824462891,
		-0.04471031576395035,
		0.9998244643211365
	],
	"28. right_ear": [
		0.647514283657074,
		0.6719951033592224,
		-0.011269107460975647,
		0.9998099207878113
	],
	"time stamp": 29.969946478656652
}