{
	"1. left_hip": [
		0.5738181471824646,
		0.8325546383857727,
		0.02517068386077881,
		0.9996480345726013
	],
	"2. left_knee": [
		0.5034112334251404,
		0.8577433824539185,
		-0.029437243938446045,
		0.6705471873283386
	],
	"3. left_ankle": [
		0.42749422788619995,
		0.843102753162384,
		0.026487082242965698,
		0.7924725413322449
	],
	"6. right_hip": [
		0.5654422640800476,
		0.788728654384613,
		-0.025201063603162766,
		0.9991207718849182
	],
	"7. right_knee": [
		0.5108138918876648,
		0.8682489395141602,
		-0.11062967777252197,
		0.9799540042877197
	],
	"8. right_ankle": [
		0.4285481870174408,
		0.8453011512756348,
		-0.04993097484111786,
		0.9716081619262695
	],
	"14. left_shoulder": [
		0.6730891466140747,
		0.7656332850456238,
		0.0204306710511446,
		0.9999964237213135
	],
	"15. left_elbow": [
		0.6751078963279724,
		0.8369839787483215,
		-0.06123896315693855,
		0.9745361804962158
	],
	"16. left_wrist": [
		0.676006019115448,
		0.8660061359405518,
		-0.23536761105060577,
		0.9855582118034363
	],
	"19. right_shoulder": [
		0.6219985485076904,
		0.7038446664810181,
		0.012186968699097633,
		0.9999522566795349
	],
	"20. right_elbow": [
		0.5731578469276428,
		0.7120142579078674,
		0.030607346445322037,
		0.9786871075630188
	],
	"21. right_wrist": [
		0.5302069783210754,
		0.7127811908721924,
		-0.0017302656779065728,
		0.9720069169998169
	],
	"24. nose": [
		0.6490150690078735,
		0.6803629994392395,
		-0.09985264390707016,
		0.9999693632125854
	],
	"25. left_eye": [
		0.6575310230255127,
		0.669456958770752,
		-0.09722467511892319,
		0.999882698059082
	],
	"26. right_eye": [
		0.6468254327774048,
		0.6672513484954834,
		-0.08976542949676514,
		0.9998069405555725
	],
	"27. left_ear": [
		0.6667089462280273,
		0.6751875877380371,
		-0.04959680885076523,
		0.9998047351837158
	],
	"28. right_ear": [
		0.6473979949951172,
		0.6722792387008667,
		-0.011575805023312569,
		0.9998282790184021
	],
	"time stamp": 29.969946478656652
}