{
	"1. left_hip": [
		0.573283851146698,
		0.8337104916572571,
		0.027037998661398888,
		0.9996576905250549
	],
	"2. left_knee": [
		0.5031628608703613,
		0.857902467250824,
		-0.008312126621603966,
		0.6808537244796753
	],
	"3. left_ankle": [
		0.4276045858860016,
		0.8431363701820374,
		0.03897141292691231,
		0.7925785779953003
	],
	"6. right_hip": [
		0.5654011964797974,
		0.7912223935127258,
		-0.02705109491944313,
		0.9992485642433167
	],
	"7. right_knee": [
		0.5108979940414429,
		0.86899733543396,
		-0.11211882531642914,
		0.9830830097198486
	],
	"8. right_ankle": [
		0.4281347692012787,
		0.8452553749084473,
		-0.06356750428676605,
		0.9739668965339661
	],
	"14. left_shoulder": [
		0.6728986501693726,
		0.7657968401908875,
		0.01897481456398964,
		0.9999963045120239
	],
	"15. left_elbow": [
		0.6752779483795166,
		0.8370554447174072,
		-0.0687883198261261,
		0.9729286432266235
	],
	"16. left_wrist": [
		0.6760112047195435,
		0.8658093810081482,
		-0.23316726088523865,
		0.9845052361488342
	],
	"19. right_shoulder": [
		0.6221615076065063,
		0.7038939595222473,
		0.0066079385578632355,
		0.9999638795852661
	],
	"20. right_elbow": [
		0.5756511688232422,
		0.7098439335823059,
		-0.005300912074744701,
		0.9772673845291138
	],
	"21. right_wrist": [
		0.5373983979225159,
		0.7092181444168091,
		-0.07249709963798523,
		0.964057445526123
	],
	"24. nose": [
		0.6485634446144104,
		0.6804823279380798,
		-0.09415023773908615,
		0.9999687671661377
	],
	"25. left_eye": [
		0.6569264531135559,
		0.6695362329483032,
		-0.09222210943698883,
		0.9998814463615417
	],
	"26. right_eye": [
		0.6466483473777771,
		0.6676897406578064,
		-0.08543645590543747,
		0.9998172521591187
	],
	"27. left_ear": [
		0.6663019061088562,
		0.6752866506576538,
		-0.046880822628736496,
		0.9998094439506531
	],
	"28. right_ear": [
		0.6474083065986633,
		0.6727232336997986,
		-0.012104054912924767,
		0.9998453259468079
	],
	"time stamp": 29.969946478656652
}