{
	"1. left_hip": [
		0.5730026960372925,
		0.8332623243331909,
		0.026482034474611282,
		0.9996651411056519
	],
	"2. left_knee": [
		0.5031825304031372,
		0.8576180934906006,
		-0.00032758890301920474,
		0.6944393515586853
	],
	"3. left_ankle": [
		0.4278978705406189,
		0.842975378036499,
		0.05112260580062866,
		0.7951051592826843
	],
	"6. right_hip": [
		0.5648900866508484,
		0.7939977049827576,
		-0.026484429836273193,
		0.999328076839447
	],
	"7. right_knee": [
		0.5107659101486206,
		0.869478702545166,
		-0.11308012157678604,
		0.9848993420600891
	],
	"8. right_ankle": [
		0.42832842469215393,
		0.8454272747039795,
		-0.06435201317071915,
		0.9757279753684998
	],
	"14. left_shoulder": [
		0.6727783679962158,
		0.7661012411117554,
		0.0049343230202794075,
		0.9999960660934448
	],
	"15. left_elbow": [
		0.67594313621521,
		0.8377472758293152,
		-0.08368556201457977,
		0.972173810005188
	],
	"16. left_wrist": [
		0.6763651371002197,
		0.8666612505912781,
		-0.24734027683734894,
		0.9845147728919983
	],
	"19. right_shoulder": [
		0.62226802110672,
		0.7044768929481506,
		-0.0031351421494036913,
		0.9999678730964661
	],
	"20. right_elbow": [
		0.5757426023483276,
		0.7077493071556091,
		-0.01701568067073822,
		0.9766123294830322
	],
	"21. right_wrist": [
		0.53885418176651,
		0.7065252065658569,
		-0.0875871405005455,
		0.9606797695159912
	],
	"24. nose": [
		0.6484773755073547,
		0.6826227307319641,
		-0.10968311131000519,
		0.9999648928642273
	],
	"25. left_eye": [
		0.656692385673523,
		0.6710628271102905,
		-0.10713411867618561,
		0.9998713135719299
	],
	"26. right_eye": [
		0.6465047597885132,
		0.66997891664505,
		-0.1005738377571106,
		0.9998117685317993
	],
	"27. left_ear": [
		0.6660748720169067,
		0.6762893199920654,
		-0.06011051684617996,
		0.9998075366020203
	],
	"28. right_ear": [
		0.6474723219871521,
		0.6744652390480042,
		-0.026046376675367355,
		0.9998460412025452
	],
	"time stamp": 29.969946478656652
}