{
	"1. left_hip": [
		0.5726744532585144,
		0.8331600427627563,
		0.023104602470993996,
		0.999645471572876
	],
	"2. left_knee": [
		0.5038491487503052,
		0.8583254218101501,
		-0.02337818779051304,
		0.6969857215881348
	],
	"3. left_ankle": [
		0.428668349981308,
		0.8427276611328125,
		0.021719615906476974,
		0.7963449358940125
	],
	"6. right_hip": [
		0.5639172792434692,
		0.7881613969802856,
		-0.02309703268110752,
		0.9992819428443909
	],
	"7. right_knee": [
		0.5105301737785339,
		0.8691365718841553,
		-0.10715232044458389,
		0.9852046966552734
	],
	"8. right_ankle": [
		0.42861586809158325,
		0.8451245427131653,
		-0.05341988801956177,
		0.9764810800552368
	],
	"14. left_shoulder": [
		0.6727405786514282,
		0.766923189163208,
		-0.007513490971177816,
		0.999995768070221
	],
	"15. left_elbow": [
		0.6771031618118286,
		0.8378505110740662,
		-0.08928167074918747,
		0.976780116558075
	],
	"16. left_wrist": [
		0.6765605211257935,
		0.8672370314598083,
		-0.24525031447410583,
		0.9866628050804138
	],
	"19. right_shoulder": [
		0.6219174861907959,
		0.7043635249137878,
		-0.0047762212343513966,
		0.9999677538871765
	],
	"20. right_elbow": [
		0.5727425813674927,
		0.699378490447998,
		0.015937279909849167,
		0.9793534278869629
	],
	"21. right_wrist": [
		0.533731997013092,
		0.6643409729003906,
		-0.02259494736790657,
		0.9669348001480103
	],
	"24. nose": [
		0.6482089757919312,
		0.6823014616966248,
		-0.11823783814907074,
		0.9999613761901855
	],
	"25. left_eye": [
		0.6563359498977661,
		0.6709720492362976,
		-0.11682327091693878,
		0.9998551607131958
	],
	"26. right_eye": [
		0.6465071439743042,
		0.6698070764541626,
		-0.1089506521821022,
		0.999779224395752
	],
	"27. left_ear": [
		0.665490984916687,
		0.6765446066856384,
		-0.07534311711788177,
		0.9997856616973877
	],
	"28. right_ear": [
		0.6478144526481628,
		0.6746982932090759,
		-0.032979585230350494,
		0.9998148083686829
	],
	"time stamp": 29.969946478656652
}