{
	"1. left_hip": [
		0.5723416209220886,
		0.8328469395637512,
		0.02171560749411583,
		0.9996393322944641
	],
	"2. left_knee": [
		0.5038827061653137,
		0.8584909439086914,
		-0.024863585829734802,
		0.7027130722999573
	],
	"3. left_ankle": [
		0.4286443293094635,
		0.8425007462501526,
		0.0037469309754669666,
		0.8022423386573792
	],
	"6. right_hip": [
		0.5639840364456177,
		0.7882078289985657,
		-0.021694544702768326,
		0.9992464184761047
	],
	"7. right_knee": [
		0.5104287266731262,
		0.8690893650054932,
		-0.10467468202114105,
		0.9852145314216614
	],
	"8. right_ankle": [
		0.428607702255249,
		0.8450056314468384,
		-0.06873298436403275,
		0.9768489599227905
	],
	"14. left_shoulder": [
		0.6727392673492432,
		0.7670171856880188,
		0.003819183213636279,
		0.9999956488609314
	],
	"15. left_elbow": [
		0.6772889494895935,
		0.8379173874855042,
		-0.08393342792987823,
		0.9771111607551575
	],
	"16. left_wrist": [
		0.676561713218689,
		0.867329478263855,
		-0.23719587922096252,
		0.9867742657661438
	],
	"19. right_shoulder": [
		0.6219186782836914,
		0.7044156193733215,
		0.009851808659732342,
		0.9999658465385437
	],
	"20. right_elbow": [
		0.5727342367172241,
		0.6995519995689392,
		0.01574048399925232,
		0.979489803314209
	],
	"21. right_wrist": [
		0.5365800261497498,
		0.6580397486686707,
		-0.029837071895599365,
		0.9686316847801208
	],
	"24. nose": [
		0.6482028365135193,
		0.6823759078979492,
		-0.09634856134653091,
		0.9999626278877258
	],
	"25. left_eye": [
		0.6563236713409424,
		0.6709825992584229,
		-0.09530461579561234,
		0.9998615384101868
	],
	"26. right_eye": [
		0.6464965343475342,
		0.6698136329650879,
		-0.08693153411149979,
		0.9997883439064026
	],
	"27. left_ear": [
		0.6653063297271729,
		0.6765702366828918,
		-0.05699481442570686,
		0.9997950196266174
	],
	"28. right_ear": [
		0.6478050947189331,
		0.6747013330459595,
		-0.013835038058459759,
		0.9998222589492798
	],
	"time stamp": 29.969946478656652
}