{
	"1. left_hip": [
		0.5703027248382568,
		0.8296544551849365,
		0.023826271295547485,
		0.9996109008789062
	],
	"2. left_knee": [
		0.502478301525116,
		0.858276903629303,
		-0.009187533520162106,
		0.7062764763832092
	],
	"3. left_ankle": [
		0.4279102683067322,
		0.8416813611984253,
		0.048138827085494995,
		0.810720682144165
	],
	"6. right_hip": [
		0.5638062953948975,
		0.7889679074287415,
		-0.023807000368833542,
		0.9991217851638794
	],
	"7. right_knee": [
		0.5095621347427368,
		0.8693333268165588,
		-0.09489782899618149,
		0.9853138327598572
	],
	"8. right_ankle": [
		0.4283132553100586,
		0.8446223735809326,
		-0.04365624859929085,
		0.9780600070953369
	],
	"14. left_shoulder": [
		0.6726518869400024,
		0.7670832872390747,
		-0.019709419459104538,
		0.9999949336051941
	],
	"15. left_elbow": [
		0.6774221658706665,
		0.8368502259254456,
		-0.1011517271399498,
		0.9793078899383545
	],
	"16. left_wrist": [
		0.6765220165252686,
		0.867401123046875,
		-0.2571513056755066,
		0.9877076148986816
	],
	"19. right_shoulder": [
		0.6218403577804565,
		0.7043410539627075,
		-0.01959376409649849,
		0.9999609589576721
	],
	"20. right_elbow": [
		0.5726920962333679,
		0.6900413036346436,
		-0.0027039162814617157,
		0.9818952083587646
	],
	"21. right_wrist": [
		0.5337656736373901,
		0.6574689149856567,
		-0.03043006919324398,
		0.9749054908752441
	],
	"24. nose": [
		0.647895097732544,
		0.6819053292274475,
		-0.12430223077535629,
		0.9999572038650513
	],
	"25. left_eye": [
		0.6557941436767578,
		0.6707861423492432,
		-0.125221848487854,
		0.9998427033424377
	],
	"26. right_eye": [
		0.6463537216186523,
		0.669522225856781,
		-0.11662765592336655,
		0.9997547268867493
	],
	"27. left_ear": [
		0.6644881963729858,
		0.6768357753753662,
		-0.08830069750547409,
		0.9997649788856506
	],
	"28. right_ear": [
		0.6479159593582153,
		0.6748344302177429,
		-0.04609322547912598,
		0.9998009204864502
	],
	"time stamp": 29.969946478656652
}