{
	"1. left_hip": [
		0.5710791945457458,
		0.826900839805603,
		0.02585165575146675,
		0.9996051788330078
	],
	"2. left_knee": [
		0.5024603605270386,
		0.8574602007865906,
		0.0032735918648540974,
		0.7014698386192322
	],
	"3. left_ankle": [
		0.42821377515792847,
		0.8416780829429626,
		0.0409335121512413,
		0.8001136183738708
	],
	"6. right_hip": [
		0.5644265413284302,
		0.7922101616859436,
		-0.02585495635867119,
		0.9991875886917114
	],
	"7. right_knee": [
		0.5096745491027832,
		0.8699398636817932,
		-0.09991168230772018,
		0.985922634601593
	],
	"8. right_ankle": [
		0.4282325804233551,
		0.844447910785675,
		-0.061096180230379105,
		0.9780051112174988
	],
	"14. left_shoulder": [
		0.6725286245346069,
		0.7648724913597107,
		0.007577045820653439,
		0.9999952912330627
	],
	"15. left_elbow": [
		0.6772080063819885,
		0.8349930644035339,
		-0.07999473065137863,
		0.9801101088523865
	],
	"16. left_wrist": [
		0.6766088604927063,
		0.8673972487449646,
		-0.24110130965709686,
		0.9888373613357544
	],
	"19. right_shoulder": [
		0.62171471118927,
		0.7041653990745544,
		0.004123636521399021,
		0.9999673366546631
	],
	"20. right_elbow": [
		0.5746458768844604,
		0.6897859573364258,
		0.008957376703619957,
		0.9831814169883728
	],
	"21. right_wrist": [
		0.5393048524856567,
		0.6720507740974426,
		-0.04052383080124855,
		0.9751630425453186
	],
	"24. nose": [
		0.6479377150535583,
		0.6814988851547241,
		-0.09841448068618774,
		0.9999628663063049
	],
	"25. left_eye": [
		0.655807614326477,
		0.6707095503807068,
		-0.09707283973693848,
		0.99986332654953
	],
	"26. right_eye": [
		0.6465545892715454,
		0.6694273948669434,
		-0.08965343981981277,
		0.9997940063476562
	],
	"27. left_ear": [
		0.6644779443740845,
		0.6768407225608826,
		-0.05441231280565262,
		0.9997992515563965
	],
	"28. right_ear": [
		0.6482821702957153,
		0.6748413443565369,
		-0.018565120175480843,
		0.9998340010643005
	],
	"time stamp": 29.969946478656652
}