{
	"1. left_hip": [
		0.5709908604621887,
		0.8279121518135071,
		0.025855880230665207,
		0.9996072053909302
	],
	"2. left_knee": [
		0.5009652376174927,
		0.8572207689285278,
		-0.020148053765296936,
		0.7130354046821594
	],
	"3. left_ankle": [
		0.4271858334541321,
		0.8416498899459839,
		-0.004587342031300068,
		0.8080540299415588
	],
	"6. right_hip": [
		0.5642366409301758,
		0.7941727638244629,
		-0.025857578963041306,
		0.9991976618766785
	],
	"7. right_knee": [
		0.5088319182395935,
		0.8701047897338867,
		-0.10278074443340302,
		0.986672580242157
	],
	"8. right_ankle": [
		0.4277730882167816,
		0.8443581461906433,
		-0.08822161704301834,
		0.9791306853294373
	],
	"14. left_shoulder": [
		0.6720341444015503,
		0.7633416652679443,
		0.0491316094994545,
		0.999995231628418
	],
	"15. left_elbow": [
		0.6763889789581299,
		0.8344905376434326,
		-0.031484439969062805,
		0.9787052869796753
	],
	"16. left_wrist": [
		0.6767055988311768,
		0.8668692708015442,
		-0.17807798087596893,
		0.988386332988739
	],
	"19. right_shoulder": [
		0.6223145127296448,
		0.7049926519393921,
		0.03813931345939636,
		0.999964714050293
	],
	"20. right_elbow": [
		0.5756906867027283,
		0.7136324644088745,
		0.01350288838148117,
		0.9801666736602783
	],
	"21. right_wrist": [
		0.5595314502716064,
		0.6714982390403748,
		-0.10028593242168427,
		0.9752211570739746
	],
	"24. nose": [
		0.6476745009422302,
		0.681274950504303,
		-0.0568920262157917,
		0.9999667406082153
	],
	"25. left_eye": [
		0.6556220054626465,
		0.6706743240356445,
		-0.05388130992650986,
		0.9998794794082642
	],
	"26. right_eye": [
		0.6464294195175171,
		0.6693659424781799,
		-0.04721640422940254,
		0.9998191595077515
	],
	"27. left_ear": [
		0.6644185185432434,
		0.6766393184661865,
		-0.010206513106822968,
		0.9998235702514648
	],
	"28. right_ear": [
		0.6479353308677673,
		0.6745855808258057,
		0.024244796484708786,
		0.999851644039154
	],
	"time stamp": 29.969946478656652
}