{
	"1. left_hip": [
		0.5707614421844482,
		0.8279212117195129,
		0.025853678584098816,
		0.9996074438095093
	],
	"2. left_knee": [
		0.49998801946640015,
		0.857111930847168,
		-0.021879274398088455,
		0.7192030549049377
	],
	"3. left_ankle": [
		0.42707905173301697,
		0.8416845798492432,
		-0.001474580611102283,
		0.8112260103225708
	],
	"6. right_hip": [
		0.5642399191856384,
		0.7945054769515991,
		-0.025856319814920425,
		0.9991976022720337
	],
	"7. right_knee": [
		0.5086202621459961,
		0.870112955570221,
		-0.10304568707942963,
		0.986823558807373
	],
	"8. right_ankle": [
		0.4277462363243103,
		0.8443266153335571,
		-0.08505890518426895,
		0.9795913696289062
	],
	"14. left_shoulder": [
		0.6717445254325867,
		0.7626129984855652,
		0.0481768473982811,
		0.9999950528144836
	],
	"15. left_elbow": [
		0.6761871576309204,
		0.8344334959983826,
		-0.03380937874317169,
		0.9779332280158997
	],
	"16. left_wrist": [
		0.6766947507858276,
		0.8663094639778137,
		-0.18040283024311066,
		0.9879425168037415
	],
	"19. right_shoulder": [
		0.622377336025238,
		0.7049861550331116,
		0.03830508887767792,
		0.9999619722366333
	],
	"20. right_elbow": [
		0.57581627368927,
		0.7166117429733276,
		0.00816700141876936,
		0.9780088067054749
	],
	"21. right_wrist": [
		0.5618802905082703,
		0.6720837354660034,
		-0.11151240020990372,
		0.9751360416412354
	],
	"24. nose": [
		0.6475551128387451,
		0.681187629699707,
		-0.05722630023956299,
		0.9999683499336243
	],
	"25. left_eye": [
		0.6554919481277466,
		0.6706029176712036,
		-0.05442464351654053,
		0.9998865723609924
	],
	"26. right_eye": [
		0.646335244178772,
		0.6693500876426697,
		-0.04747011885046959,
		0.9998310208320618
	],
	"27. left_ear": [
		0.6643301844596863,
		0.676301896572113,
		-0.011141350492835045,
		0.9998344779014587
	],
	"28. right_ear": [
		0.6476724743843079,
		0.6744281649589539,
		0.024569738656282425,
		0.9998599886894226
	],
	"time stamp": 29.969946478656652
}