{
	"1. left_hip": [
		0.5716351270675659,
		0.8377888798713684,
		0.013534540310502052,
		0.9994974136352539
	],
	"2. left_knee": [
		0.5004771947860718,
		0.8588932752609253,
		-0.04888584092259407,
		0.7855170369148254
	],
	"3. left_ankle": [
		0.42810750007629395,
		0.8443920612335205,
		0.009219763800501823,
		0.8356382846832275
	],
	"6. right_hip": [
		0.5618042945861816,
		0.7919398546218872,
		-0.013499262742698193,
		0.9990265965461731
	],
	"7. right_knee": [
		0.5084876418113708,
		0.8686625957489014,
		-0.10433389991521835,
		0.9859647750854492
	],
	"8. right_ankle": [
		0.4293130040168762,
		0.8446319699287415,
		-0.055021531879901886,
		0.9809340834617615
	],
	"14. left_shoulder": [
		0.6721786856651306,
		0.7620291113853455,
		0.02775333821773529,
		0.9999840259552002
	],
	"15. left_elbow": [
		0.6748781800270081,
		0.8383359313011169,
		-0.06781037896871567,
		0.9744135737419128
	],
	"16. left_wrist": [
		0.6772516965866089,
		0.8656445741653442,
		-0.21575912833213806,
		0.985061526298523
	],
	"19. right_shoulder": [
		0.6237180829048157,
		0.7051708698272705,
		0.02647647261619568,
		0.9998424649238586
	],
	"20. right_elbow": [
		0.5815049409866333,
		0.740070104598999,
		-0.05145462229847908,
		0.9703991413116455
	],
	"21. right_wrist": [
		0.5995959639549255,
		0.6878361105918884,
		-0.2090613842010498,
		0.9816398024559021
	],
	"24. nose": [
		0.6499620676040649,
		0.680061399936676,
		-0.08053800463676453,
		0.9999034404754639
	],
	"25. left_eye": [
		0.6586604118347168,
		0.6697038412094116,
		-0.07837173342704773,
		0.9997297525405884
	],
	"26. right_eye": [
		0.6482483148574829,
		0.6680105924606323,
		-0.06991499662399292,
		0.9996397495269775
	],
	"27. left_ear": [
		0.6671262979507446,
		0.6760144829750061,
		-0.033629678189754486,
		0.9996278882026672
	],
	"28. right_ear": [
		0.6481200456619263,
		0.6731301546096802,
		0.008494549430906773,
		0.9995014071464539
	],
	"time stamp": 29.969946478656652
}