{
	"1. left_hip": [
		0.5716186761856079,
		0.8374994993209839,
		0.013906881213188171,
		0.9994305968284607
	],
	"2. left_knee": [
		0.5005591511726379,
		0.8588842749595642,
		-0.04723456874489784,
		0.8157846331596375
	],
	"3. left_ankle": [
		0.4285987317562103,
		0.8443619012832642,
		0.013008082285523415,
		0.8464340567588806
	],
	"6. right_hip": [
		0.5619713068008423,
		0.7918795943260193,
		-0.013883931562304497,
		0.998938262462616
	],
	"7. right_knee": [
		0.5084918141365051,
		0.8686357140541077,
		-0.10685554891824722,
		0.9858437776565552
	],
	"8. right_ankle": [
		0.42938655614852905,
		0.8447058796882629,
		-0.05783217027783394,
		0.9814310073852539
	],
	"14. left_shoulder": [
		0.6730619072914124,
		0.7623975872993469,
		0.02680193819105625,
		0.9999756813049316
	],
	"15. left_elbow": [
		0.6748721599578857,
		0.8385553359985352,
		-0.07177021354436874,
		0.9723861813545227
	],
	"16. left_wrist": [
		0.6772659420967102,
		0.8657214641571045,
		-0.21668636798858643,
		0.9837595224380493
	],
	"19. right_shoulder": [
		0.6238576173782349,
		0.7051157355308533,
		0.02696491777896881,
		0.9997180700302124
	],
	"20. right_elbow": [
		0.581383228302002,
		0.74269700050354,
		-0.04500669986009598,
		0.9610934257507324
	],
	"21. right_wrist": [
		0.5993360877037048,
		0.6895312070846558,
		-0.20223987102508545,
		0.9826317429542542
	],
	"24. nose": [
		0.6498759388923645,
		0.679902195930481,
		-0.07286183536052704,
		0.9998140335083008
	],
	"25. left_eye": [
		0.6585097908973694,
		0.6697301864624023,
		-0.07230186462402344,
		0.9995338916778564
	],
	"26. right_eye": [
		0.6482540965080261,
		0.6675741672515869,
		-0.0627792477607727,
		0.999378502368927
	],
	"27. left_ear": [
		0.6669968366622925,
		0.676278293132782,
		-0.033285826444625854,
		0.9993681311607361
	],
	"28. right_ear": [
		0.6483892798423767,
		0.67295902967453,
		0.014007704332470894,
		0.999073326587677
	],
	"time stamp": 29.969946478656652
}