{
	"1. left_hip": [
		0.5760859251022339,
		0.8419528603553772,
		0.003569094929844141,
		0.9994801878929138
	],
	"2. left_knee": [
		0.5064226388931274,
		0.8584745526313782,
		-0.07427126169204712,
		0.8700348734855652
	],
	"3. left_ankle": [
		0.4319663941860199,
		0.8457322716712952,
		-0.046529851853847504,
		0.8696348071098328
	],
	"6. right_hip": [
		0.5636637806892395,
		0.7893704175949097,
		-0.003464437322691083,
		0.9990664720535278
	],
	"7. right_knee": [
		0.505770742893219,
		0.8478451371192932,
		-0.11461134999990463,
		0.9860175251960754
	],
	"8. right_ankle": [
		0.42905035614967346,
		0.8444153666496277,
		-0.10152087360620499,
		0.9830762147903442
	],
	"14. left_shoulder": [
		0.6730234622955322,
		0.7665975093841553,
		0.037533603608608246,
		0.9999791383743286
	],
	"15. left_elbow": [
		0.6762980222702026,
		0.8423236608505249,
		-0.04765760526061058,
		0.9773019552230835
	],
	"16. left_wrist": [
		0.677429735660553,
		0.8675687313079834,
		-0.18630149960517883,
		0.9838341474533081
	],
	"19. right_shoulder": [
		0.6234133243560791,
		0.7055996656417847,
		0.04932991787791252,
		0.9997643232345581
	],
	"20. right_elbow": [
		0.5832384824752808,
		0.7434069514274597,
		-0.005930168088525534,
		0.9540504813194275
	],
	"21. right_wrist": [
		0.5900070667266846,
		0.7185885310173035,
		-0.1453058123588562,
		0.9831949472427368
	],
	"24. nose": [
		0.6491672396659851,
		0.6842321753501892,
		-0.05971243232488632,
		0.9998767971992493
	],
	"25. left_eye": [
		0.6576681733131409,
		0.6734664440155029,
		-0.05729304626584053,
		0.9996916651725769
	],
	"26. right_eye": [
		0.6474325060844421,
		0.6711342930793762,
		-0.04845438152551651,
		0.9995905756950378
	],
	"27. left_ear": [
		0.6666735410690308,
		0.6786791682243347,
		-0.014084023423492908,
		0.9995814561843872
	],
	"28. right_ear": [
		0.6473547220230103,
		0.6747831702232361,
		0.030865710228681564,
		0.999380886554718
	],
	"time stamp": 29.969946478656652
}