{
	"1. left_hip": [
		0.5761612057685852,
		0.8391008973121643,
		-0.01245750393718481,
		0.9994384050369263
	],
	"2. left_knee": [
		0.49672284722328186,
		0.857171356678009,
		-0.09974420815706253,
		0.8798656463623047
	],
	"3. left_ankle": [
		0.44035714864730835,
		0.8440766930580139,
		0.04370803385972977,
		0.8420067429542542
	],
	"6. right_hip": [
		0.5652088522911072,
		0.7795050144195557,
		0.012415217235684395,
		0.998875617980957
	],
	"7. right_knee": [
		0.4920728802680969,
		0.8153023719787598,
		-0.049618352204561234,
		0.9715118408203125
	],
	"8. right_ankle": [
		0.41961926221847534,
		0.8425200581550598,
		0.010834009386599064,
		0.9650081992149353
	],
	"14. left_shoulder": [
		0.675775408744812,
		0.7694160342216492,
		-0.010566087439656258,
		0.9999777674674988
	],
	"15. left_elbow": [
		0.6780728101730347,
		0.841892421245575,
		-0.09839804470539093,
		0.98014897108078
	],
	"16. left_wrist": [
		0.6776096224784851,
		0.8683291077613831,
		-0.2585321366786957,
		0.9849441647529602
	],
	"19. right_shoulder": [
		0.6252577900886536,
		0.7050095200538635,
		0.03619825094938278,
		0.999603807926178
	],
	"20. right_elbow": [
		0.5840650796890259,
		0.7365140914916992,
		0.06198905035853386,
		0.9081361293792725
	],
	"21. right_wrist": [
		0.5612842440605164,
		0.7604548335075378,
		0.008399184793233871,
		0.9509648680686951
	],
	"24. nose": [
		0.6496420502662659,
		0.6850547790527344,
		-0.087314173579216,
		0.9998356103897095
	],
	"25. left_eye": [
		0.658084511756897,
		0.674474835395813,
		-0.0874631255865097,
		0.9996122121810913
	],
	"26. right_eye": [
		0.6479657888412476,
		0.671919047832489,
		-0.07588602602481842,
		0.999355673789978
	],
	"27. left_ear": [
		0.6676362156867981,
		0.6795963644981384,
		-0.05237635225057602,
		0.9994530081748962
	],
	"28. right_ear": [
		0.6495808362960815,
		0.6762634515762329,
		0.005070525221526623,
		0.9990056157112122
	],
	"time stamp": 29.969946478656652
}