{
	"1. left_hip": [
		0.573329508304596,
		0.8373469114303589,
		-0.011028321459889412,
		0.9994834661483765
	],
	"2. left_knee": [
		0.49513086676597595,
		0.8601827621459961,
		-0.11988013982772827,
		0.8934348225593567
	],
	"3. left_ankle": [
		0.44376832246780396,
		0.8469190001487732,
		0.06759415566921234,
		0.8085334300994873
	],
	"6. right_hip": [
		0.562874436378479,
		0.7773870825767517,
		0.01096373237669468,
		0.9989824891090393
	],
	"7. right_knee": [
		0.48494067788124084,
		0.8127565979957581,
		-0.03226233273744583,
		0.966974139213562
	],
	"8. right_ankle": [
		0.4125930368900299,
		0.8437511920928955,
		0.0285171065479517,
		0.95551598072052
	],
	"14. left_shoulder": [
		0.6758691072463989,
		0.7701485753059387,
		-0.0032753851264715195,
		0.9999789595603943
	],
	"15. left_elbow": [
		0.6782034635543823,
		0.8418054580688477,
		-0.09285212308168411,
		0.9824888706207275
	],
	"16. left_wrist": [
		0.6775916814804077,
		0.8682863712310791,
		-0.2540835440158844,
		0.9865401387214661
	],
	"19. right_shoulder": [
		0.625869631767273,
		0.7036983370780945,
		0.03173019364476204,
		0.9996539354324341
	],
	"20. right_elbow": [
		0.5841110348701477,
		0.7294830083847046,
		0.02945171669125557,
		0.9152216911315918
	],
	"21. right_wrist": [
		0.5570300817489624,
		0.7606106996536255,
		-0.07681400328874588,
		0.9544134140014648
	],
	"24. nose": [
		0.6517124772071838,
		0.684168815612793,
		-0.08569635450839996,
		0.9998487830162048
	],
	"25. left_eye": [
		0.660589337348938,
		0.6741954684257507,
		-0.08511143922805786,
		0.999640941619873
	],
	"26. right_eye": [
		0.6502381563186646,
		0.6715443730354309,
		-0.0734001025557518,
		0.999402642250061
	],
	"27. left_ear": [
		0.6695270538330078,
		0.6796915531158447,
		-0.04609578102827072,
		0.9994850158691406
	],
	"28. right_ear": [
		0.6517249941825867,
		0.6762208342552185,
		0.00865096040070057,
		0.9990866184234619
	],
	"time stamp": 29.969946478656652
}