{
	"1. left_hip": [
		0.5729497671127319,
		0.8371606469154358,
		-0.012304466217756271,
		0.9995115399360657
	],
	"2. left_knee": [
		0.5010888576507568,
		0.8605145215988159,
		-0.1696118265390396,
		0.9016334414482117
	],
	"3. left_ankle": [
		0.46294641494750977,
		0.8492048382759094,
		0.06078847125172615,
		0.7982799410820007
	],
	"6. right_hip": [
		0.5597805976867676,
		0.7773862481117249,
		0.012242278084158897,
		0.9990546107292175
	],
	"7. right_knee": [
		0.4816277027130127,
		0.811737596988678,
		-0.05089506506919861,
		0.9676418900489807
	],
	"8. right_ankle": [
		0.40683674812316895,
		0.8445691466331482,
		-0.0009149991674348712,
		0.9555904865264893
	],
	"14. left_shoulder": [
		0.6754766702651978,
		0.7729310989379883,
		-0.006599644664674997,
		0.9999798536300659
	],
	"15. left_elbow": [
		0.677595853805542,
		0.8437224626541138,
		-0.09129621088504791,
		0.9832755327224731
	],
	"16. left_wrist": [
		0.6774185299873352,
		0.8690242171287537,
		-0.24700391292572021,
		0.9868142604827881
	],
	"19. right_shoulder": [
		0.6254554390907288,
		0.7005847692489624,
		0.02085760049521923,
		0.9996850490570068
	],
	"20. right_elbow": [
		0.580137312412262,
		0.7252899408340454,
		0.021830391138792038,
		0.9220563173294067
	],
	"21. right_wrist": [
		0.5490487813949585,
		0.7613381147384644,
		-0.06623180210590363,
		0.9574190974235535
	],
	"24. nose": [
		0.6527136564254761,
		0.6818384528160095,
		-0.08360407501459122,
		0.9998629093170166
	],
	"25. left_eye": [
		0.6618167757987976,
		0.6735228300094604,
		-0.08302092552185059,
		0.9996740818023682
	],
	"26. right_eye": [
		0.6517667174339294,
		0.6697425246238708,
		-0.07188145071268082,
		0.9994587898254395
	],
	"27. left_ear": [
		0.6704126000404358,
		0.6797084212303162,
		-0.04751179367303848,
		0.9995326995849609
	],
	"28. right_ear": [
		0.6528259515762329,
		0.6749107241630554,
		0.005760709755122662,
		0.9991738796234131
	],
	"time stamp": 29.969946478656652
}