{
	"1. left_hip": [
		0.569994330406189,
		0.8359547257423401,
		-0.015385702252388,
		0.9995481371879578
	],
	"2. left_knee": [
		0.5116552114486694,
		0.858712911605835,
		-0.18622025847434998,
		0.9096609354019165
	],
	"3. left_ankle": [
		0.4730348587036133,
		0.8499311804771423,
		0.039473287761211395,
		0.7900278568267822
	],
	"6. right_hip": [
		0.5542690753936768,
		0.7766647934913635,
		0.015326377935707569,
		0.9991363286972046
	],
	"7. right_knee": [
		0.4769510328769684,
		0.812943696975708,
		-0.03751860558986664,
		0.9686682820320129
	],
	"8. right_ankle": [
		0.400797039270401,
		0.8485322594642639,
		0.006464520934969187,
		0.9568403959274292
	],
	"14. left_shoulder": [
		0.6742053627967834,
		0.774693489074707,
		-0.01969052106142044,
		0.999980628490448
	],
	"15. left_elbow": [
		0.6762716174125671,
		0.8437098860740662,
		-0.1005253940820694,
		0.9841690063476562
	],
	"16. left_wrist": [
		0.6776350736618042,
		0.8695193529129028,
		-0.25371113419532776,
		0.9871431589126587
	],
	"19. right_shoulder": [
		0.6239029765129089,
		0.6963434815406799,
		0.012933346442878246,
		0.9997139573097229
	],
	"20. right_elbow": [
		0.5759050846099854,
		0.7207043170928955,
		0.007576973643153906,
		0.9282625317573547
	],
	"21. right_wrist": [
		0.5417600870132446,
		0.7608047723770142,
		-0.07055602222681046,
		0.9604105353355408
	],
	"24. nose": [
		0.6530255079269409,
		0.6773040294647217,
		-0.09137657284736633,
		0.9998757243156433
	],
	"25. left_eye": [
		0.6622740030288696,
		0.6710978150367737,
		-0.09191486239433289,
		0.9997038841247559
	],
	"26. right_eye": [
		0.6525197625160217,
		0.666622519493103,
		-0.0803053006529808,
		0.9995090961456299
	],
	"27. left_ear": [
		0.6704468131065369,
		0.6792877316474915,
		-0.060660313814878464,
		0.9995760917663574
	],
	"28. right_ear": [
		0.6533387303352356,
		0.6727957129478455,
		-0.0036192056722939014,
		0.9992520213127136
	],
	"time stamp": 29.969946478656652
}