{
	"1. left_hip": [
		0.5656492114067078,
		0.8357622623443604,
		-0.019810428842902184,
		0.999585747718811
	],
	"2. left_knee": [
		0.5075732469558716,
		0.8598347306251526,
		-0.19456720352172852,
		0.9161617755889893
	],
	"3. left_ankle": [
		0.4847266674041748,
		0.8498049974441528,
		0.04940756410360336,
		0.760507345199585
	],
	"6. right_hip": [
		0.5481026768684387,
		0.776000440120697,
		0.019795704632997513,
		0.9992166757583618
	],
	"7. right_knee": [
		0.4683912694454193,
		0.8156925439834595,
		-0.021166479215025902,
		0.968677282333374
	],
	"8. right_ankle": [
		0.39481139183044434,
		0.851933479309082,
		0.025425637140870094,
		0.9575797319412231
	],
	"14. left_shoulder": [
		0.6692643761634827,
		0.7770753502845764,
		-0.027186816558241844,
		0.9999816417694092
	],
	"15. left_elbow": [
		0.6654378175735474,
		0.8458117842674255,
		-0.1019713282585144,
		0.985034704208374
	],
	"16. left_wrist": [
		0.676139235496521,
		0.869899332523346,
		-0.2492750883102417,
		0.9874802827835083
	],
	"19. right_shoulder": [
		0.620339035987854,
		0.6922749280929565,
		0.010953477583825588,
		0.9997413754463196
	],
	"20. right_elbow": [
		0.5716798901557922,
		0.7193320989608765,
		0.005091396160423756,
		0.9334005117416382
	],
	"21. right_wrist": [
		0.5348260402679443,
		0.7624029517173767,
		-0.06811422109603882,
		0.9630598425865173
	],
	"24. nose": [
		0.653032124042511,
		0.6736437678337097,
		-0.09835861623287201,
		0.9998877644538879
	],
	"25. left_eye": [
		0.662441611289978,
		0.6695019006729126,
		-0.09834663569927216,
		0.9997320175170898
	],
	"26. right_eye": [
		0.6528245210647583,
		0.6632957458496094,
		-0.08664273470640182,
		0.9995561838150024
	],
	"27. left_ear": [
		0.6703318953514099,
		0.6792840361595154,
		-0.06665122509002686,
		0.999616801738739
	],
	"28. right_ear": [
		0.6531497836112976,
		0.6704229712486267,
		-0.009447136893868446,
		0.9993245601654053
	],
	"time stamp": 29.969946478656652
}