{
	"1. left_hip": [
		0.5525287985801697,
		0.8214815855026245,
		-0.0022926197852939367,
		0.9997265338897705
	],
	"2. left_knee": [
		0.5448674559593201,
		0.8483588099479675,
		-0.2643294930458069,
		0.9480165839195251
	],
	"3. left_ankle": [
		0.4797489047050476,
		0.8564519882202148,
		-0.14244282245635986,
		0.7435600757598877
	],
	"6. right_hip": [
		0.5295798778533936,
		0.7681491374969482,
		0.002271910896524787,
		0.9995425939559937
	],
	"7. right_knee": [
		0.45793232321739197,
		0.817861020565033,
		-0.05398746207356453,
		0.9713517427444458
	],
	"8. right_ankle": [
		0.37907224893569946,
		0.8539801836013794,
		-0.015810972079634666,
		0.9586089849472046
	],
	"14. left_shoulder": [
		0.6404417753219604,
		0.7643787860870361,
		-0.01748485490679741,
		0.9999775290489197
	],
	"15. left_elbow": [
		0.6496637463569641,
		0.8391152024269104,
		-0.08707861602306366,
		0.9877985119819641
	],
	"16. left_wrist": [
		0.6710492372512817,
		0.8717526793479919,
		-0.2236778438091278,
		0.982928454875946
	],
	"19. right_shoulder": [
		0.5901070237159729,
		0.6764415502548218,
		-0.01778961345553398,
		0.9998657703399658
	],
	"20. right_elbow": [
		0.5441204905509949,
		0.7198799848556519,
		-0.025906607508659363,
		0.9573233127593994
	],
	"21. right_wrist": [
		0.5063445568084717,
		0.7595908045768738,
		-0.06102524325251579,
		0.9642362594604492
	],
	"24. nose": [
		0.6369459629058838,
		0.6566645503044128,
		-0.1065976470708847,
		0.9999439120292664
	],
	"25. left_eye": [
		0.6451164484024048,
		0.6579237580299377,
		-0.10128064453601837,
		0.9998632669448853
	],
	"26. right_eye": [
		0.6369295120239258,
		0.6484642624855042,
		-0.0951828882098198,
		0.9997773170471191
	],
	"27. left_ear": [
		0.6487030386924744,
		0.673937976360321,
		-0.058705560863018036,
		0.9998046159744263
	],
	"28. right_ear": [
		0.6337344646453857,
		0.6590752005577087,
		-0.02641460858285427,
		0.999661922454834
	],
	"time stamp": 29.969946478656652
}