{
	"1. left_hip": [
		0.5483677387237549,
		0.8178880214691162,
		-0.0009113149717450142,
		0.9997589588165283
	],
	"2. left_knee": [
		0.5409942865371704,
		0.8481543660163879,
		-0.2790103256702423,
		0.9619621634483337
	],
	"3. left_ankle": [
		0.48011326789855957,
		0.8603430986404419,
		-0.1377442479133606,
		0.7861617207527161
	],
	"6. right_hip": [
		0.5206590890884399,
		0.7682242393493652,
		0.0009250308503396809,
		0.9996350407600403
	],
	"7. right_knee": [
		0.45750337839126587,
		0.817311704158783,
		-0.0789356678724289,
		0.976966381072998
	],
	"8. right_ankle": [
		0.38008081912994385,
		0.854670524597168,
		-0.03893042355775833,
		0.965681791305542
	],
	"14. left_shoulder": [
		0.6207754611968994,
		0.7356906533241272,
		-0.0914841741323471,
		0.9999672174453735
	],
	"15. left_elbow": [
		0.6412450075149536,
		0.8099134564399719,
		-0.06999266892671585,
		0.9902905821800232
	],
	"16. left_wrist": [
		0.6671372652053833,
		0.8687683343887329,
		-0.12240877002477646,
		0.9792770147323608
	],
	"19. right_shoulder": [
		0.5687355995178223,
		0.6549091935157776,
		-0.10080639272928238,
		0.9998952150344849
	],
	"20. right_elbow": [
		0.5275828838348389,
		0.7100005745887756,
		-0.1129850521683693,
		0.9653053283691406
	],
	"21. right_wrist": [
		0.49258312582969666,
		0.7588424682617188,
		-0.16619059443473816,
		0.9517191648483276
	],
	"24. nose": [
		0.6193045377731323,
		0.6318718194961548,
		-0.21579906344413757,
		0.9999618530273438
	],
	"25. left_eye": [
		0.6279674172401428,
		0.634236216545105,
		-0.20619957149028778,
		0.999903678894043
	],
	"26. right_eye": [
		0.6204839944839478,
		0.6213493943214417,
		-0.20386412739753723,
		0.9998493790626526
	],
	"27. left_ear": [
		0.6309255361557007,
		0.6496031880378723,
		-0.1452532559633255,
		0.9998648762702942
	],
	"28. right_ear": [
		0.6160256266593933,
		0.6263526678085327,
		-0.13267801702022552,
		0.999768853187561
	],
	"time stamp": 29.969946478656652
}