{
	"1. left_hip": [
		0.5465478897094727,
		0.8175780177116394,
		-0.007463208399713039,
		0.9997178912162781
	],
	"2. left_knee": [
		0.5397237539291382,
		0.851517379283905,
		-0.30067718029022217,
		0.9693377017974854
	],
	"3. left_ankle": [
		0.4813222885131836,
		0.8596004843711853,
		-0.11277268826961517,
		0.8107472658157349
	],
	"6. right_hip": [
		0.5148252248764038,
		0.7744614481925964,
		0.00741558987647295,
		0.9996763467788696
	],
	"7. right_knee": [
		0.4586605131626129,
		0.8132240176200867,
		-0.1192692369222641,
		0.9813619256019592
	],
	"8. right_ankle": [
		0.3821977972984314,
		0.8559530377388,
		-0.06463141739368439,
		0.9729000329971313
	],
	"14. left_shoulder": [
		0.6065021753311157,
		0.7129227519035339,
		-0.12281668186187744,
		0.9999524354934692
	],
	"15. left_elbow": [
		0.6277936697006226,
		0.7945128679275513,
		-0.1125280112028122,
		0.9909331202507019
	],
	"16. left_wrist": [
		0.6560625433921814,
		0.8654005527496338,
		-0.14983072876930237,
		0.9716314673423767
	],
	"19. right_shoulder": [
		0.5496525168418884,
		0.6428832411766052,
		-0.11550530046224594,
		0.9999097585678101
	],
	"20. right_elbow": [
		0.5129588842391968,
		0.7053345441818237,
		-0.1376233696937561,
		0.9649254083633423
	],
	"21. right_wrist": [
		0.48293009400367737,
		0.7589775323867798,
		-0.2132144719362259,
		0.9331961870193481
	],
	"24. nose": [
		0.5982542037963867,
		0.6067508459091187,
		-0.2377820461988449,
		0.9999706745147705
	],
	"25. left_eye": [
		0.6067322492599487,
		0.6076640486717224,
		-0.22769233584403992,
		0.9999216198921204
	],
	"26. right_eye": [
		0.5980401635169983,
		0.5952848792076111,
		-0.22484631836414337,
		0.9998859763145447
	],
	"27. left_ear": [
		0.6097335815429688,
		0.623810350894928,
		-0.16895952820777893,
		0.999894380569458
	],
	"28. right_ear": [
		0.5939924716949463,
		0.5999464988708496,
		-0.15358151495456696,
		0.9998205304145813
	],
	"time stamp": 29.969946478656652
}