{
	"1. left_hip": [
		0.5463603734970093,
		0.8171271681785583,
		-0.00798979215323925,
		0.9997104406356812
	],
	"2. left_knee": [
		0.540022611618042,
		0.8514407873153687,
		-0.30264419317245483,
		0.971683144569397
	],
	"3. left_ankle": [
		0.48154863715171814,
		0.8579984307289124,
		-0.11176862567663193,
		0.8208510875701904
	],
	"6. right_hip": [
		0.5131701231002808,
		0.77716064453125,
		0.007934469729661942,
		0.9996895790100098
	],
	"7. right_knee": [
		0.45874589681625366,
		0.8094460368156433,
		-0.14410875737667084,
		0.9827218651771545
	],
	"8. right_ankle": [
		0.38477253913879395,
		0.8561146259307861,
		-0.08875119686126709,
		0.9751677513122559
	],
	"14. left_shoulder": [
		0.6006604433059692,
		0.7042416334152222,
		-0.11068896949291229,
		0.9999522566795349
	],
	"15. left_elbow": [
		0.6208020448684692,
		0.7909813523292542,
		-0.10174499452114105,
		0.990959882736206
	],
	"16. left_wrist": [
		0.6452108025550842,
		0.8598960041999817,
		-0.140060156583786,
		0.9692521095275879
	],
	"19. right_shoulder": [
		0.5429614782333374,
		0.640873908996582,
		-0.10292903333902359,
		0.9999163746833801
	],
	"20. right_elbow": [
		0.5082478523254395,
		0.7062238454818726,
		-0.12758293747901917,
		0.965068519115448
	],
	"21. right_wrist": [
		0.47912725806236267,
		0.7597697973251343,
		-0.20759248733520508,
		0.9326502084732056
	],
	"24. nose": [
		0.5925660729408264,
		0.6005525588989258,
		-0.22703325748443604,
		0.9999732971191406
	],
	"25. left_eye": [
		0.6007106900215149,
		0.601489782333374,
		-0.21530494093894958,
		0.9999276399612427
	],
	"26. right_eye": [
		0.5922355651855469,
		0.5888447165489197,
		-0.2130296528339386,
		0.9998965859413147
	],
	"27. left_ear": [
		0.6042600274085999,
		0.6179197430610657,
		-0.15289011597633362,
		0.9999032020568848
	],
	"28. right_ear": [
		0.5871193408966064,
		0.5918828248977661,
		-0.1403554528951645,
		0.9998363256454468
	],
	"time stamp": 29.969946478656652
}