{
	"1. left_hip": [
		0.5424614548683167,
		0.8161337971687317,
		-0.014478301629424095,
		0.9997983574867249
	],
	"2. left_knee": [
		0.532798707485199,
		0.8493638634681702,
		-0.2735729217529297,
		0.9818883538246155
	],
	"3. left_ankle": [
		0.4819762706756592,
		0.856296956539154,
		-0.07572871446609497,
		0.8536359071731567
	],
	"6. right_hip": [
		0.5097895264625549,
		0.7827244400978088,
		0.014490790665149689,
		0.9998049139976501
	],
	"7. right_knee": [
		0.46875786781311035,
		0.7809321284294128,
		-0.16400422155857086,
		0.9879348278045654
	],
	"8. right_ankle": [
		0.3953552842140198,
		0.8503013849258423,
		-0.11637155711650848,
		0.984358549118042
	],
	"14. left_shoulder": [
		0.5810028314590454,
		0.6733128428459167,
		-0.08291204273700714,
		0.9999631643295288
	],
	"15. left_elbow": [
		0.5945068001747131,
		0.7663601636886597,
		-0.07468832284212112,
		0.9932500123977661
	],
	"16. left_wrist": [
		0.6070773601531982,
		0.8472362160682678,
		-0.11014367640018463,
		0.9704045057296753
	],
	"19. right_shoulder": [
		0.5232275724411011,
		0.6394011974334717,
		-0.04393952339887619,
		0.9999387264251709
	],
	"20. right_elbow": [
		0.4990455210208893,
		0.7085171341896057,
		-0.06099645048379898,
		0.9324700832366943
	],
	"21. right_wrist": [
		0.4762997627258301,
		0.7592021226882935,
		-0.158920556306839,
		0.9074180126190186
	],
	"24. nose": [
		0.5614291429519653,
		0.5769478678703308,
		-0.16804471611976624,
		0.9999828934669495
	],
	"25. left_eye": [
		0.5706256628036499,
		0.5759486556053162,
		-0.15738488733768463,
		0.9999504089355469
	],
	"26. right_eye": [
		0.5603953003883362,
		0.5668872594833374,
		-0.15304574370384216,
		0.9999384880065918
	],
	"27. left_ear": [
		0.5754936933517456,
		0.5914559960365295,
		-0.1026478037238121,
		0.9999401569366455
	],
	"28. right_ear": [
		0.5568161606788635,
		0.573544979095459,
		-0.08276177197694778,
		0.9998939633369446
	],
	"time stamp": 29.969946478656652
}