{
	"1. left_hip": [
		0.543036699295044,
		0.810854434967041,
		-0.01362696010619402,
		0.9998388886451721
	],
	"2. left_knee": [
		0.5293517708778381,
		0.8486812114715576,
		-0.2482907772064209,
		0.9851347804069519
	],
	"3. left_ankle": [
		0.4777175784111023,
		0.8558613061904907,
		-0.06382519006729126,
		0.8712504506111145
	],
	"6. right_hip": [
		0.5101777911186218,
		0.7816711664199829,
		0.013683539815247059,
		0.9998448491096497
	],
	"7. right_knee": [
		0.471953809261322,
		0.775846004486084,
		-0.14689138531684875,
		0.9893487095832825
	],
	"8. right_ankle": [
		0.41146498918533325,
		0.8482244610786438,
		-0.08936422318220139,
		0.9874659180641174
	],
	"14. left_shoulder": [
		0.5695585012435913,
		0.6614125370979309,
		-0.07447941601276398,
		0.9999640583992004
	],
	"15. left_elbow": [
		0.5837985873222351,
		0.7582955360412598,
		-0.07122033834457397,
		0.9927551746368408
	],
	"16. left_wrist": [
		0.5961132049560547,
		0.8391314148902893,
		-0.11595817655324936,
		0.9681031107902527
	],
	"19. right_shoulder": [
		0.5128344297409058,
		0.642079770565033,
		-0.042124971747398376,
		0.9999325275421143
	],
	"20. right_elbow": [
		0.497941255569458,
		0.7116040587425232,
		-0.08140531927347183,
		0.8898943662643433
	],
	"21. right_wrist": [
		0.47864341735839844,
		0.7446154356002808,
		-0.2132948935031891,
		0.8974395394325256
	],
	"24. nose": [
		0.5429830551147461,
		0.574572741985321,
		-0.16477051377296448,
		0.9999858140945435
	],
	"25. left_eye": [
		0.5509140491485596,
		0.5710356831550598,
		-0.15208621323108673,
		0.9999598860740662
	],
	"26. right_eye": [
		0.5397180318832397,
		0.5652424693107605,
		-0.14904560148715973,
		0.9999518990516663
	],
	"27. left_ear": [
		0.5577734112739563,
		0.5841106176376343,
		-0.09199110418558121,
		0.999954104423523
	],
	"28. right_ear": [
		0.5349447131156921,
		0.5729588270187378,
		-0.07849656045436859,
		0.9999128580093384
	],
	"time stamp": 29.969946478656652
}