{
	"1. left_hip": [
		0.5432942509651184,
		0.8064793944358826,
		-0.00867789052426815,
		0.9998716711997986
	],
	"2. left_knee": [
		0.5301044583320618,
		0.8472611904144287,
		-0.24878796935081482,
		0.9867854118347168
	],
	"3. left_ankle": [
		0.4762977063655853,
		0.8557128310203552,
		-0.07226234674453735,
		0.8772302865982056
	],
	"6. right_hip": [
		0.5106289386749268,
		0.7810057997703552,
		0.008677594363689423,
		0.999876856803894
	],
	"7. right_knee": [
		0.48248428106307983,
		0.7583457827568054,
		-0.15507808327674866,
		0.9903303980827332
	],
	"8. right_ankle": [
		0.42428556084632874,
		0.8438529372215271,
		-0.0947403609752655,
		0.9891285300254822
	],
	"14. left_shoulder": [
		0.5635878443717957,
		0.6557398438453674,
		-0.049817152321338654,
		0.9999549388885498
	],
	"15. left_elbow": [
		0.5785406231880188,
		0.7491098046302795,
		-0.04402455314993858,
		0.9899301528930664
	],
	"16. left_wrist": [
		0.5904331803321838,
		0.8272267580032349,
		-0.08740140497684479,
		0.9479504823684692
	],
	"19. right_shoulder": [
		0.5051142573356628,
		0.6514743566513062,
		-0.04061252251267433,
		0.9999127388000488
	],
	"20. right_elbow": [
		0.493990957736969,
		0.7277683615684509,
		-0.0972878560423851,
		0.866381049156189
	],
	"21. right_wrist": [
		0.48800235986709595,
		0.741784393787384,
		-0.23404113948345184,
		0.8746375441551208
	],
	"24. nose": [
		0.5320680737495422,
		0.5734298229217529,
		-0.1517261117696762,
		0.9999887943267822
	],
	"25. left_eye": [
		0.5399309396743774,
		0.5680603981018066,
		-0.1370709240436554,
		0.9999688267707825
	],
	"26. right_eye": [
		0.5274971723556519,
		0.5647030472755432,
		-0.13713203370571136,
		0.9999639987945557
	],
	"27. left_ear": [
		0.5466074347496033,
		0.5791813135147095,
		-0.07023511826992035,
		0.999965250492096
	],
	"28. right_ear": [
		0.5223902463912964,
		0.5738882422447205,
		-0.07009775936603546,
		0.9999340772628784
	],
	"time stamp": 29.969946478656652
}