{
	"1. left_hip": [
		0.5438111424446106,
		0.8025115132331848,
		-0.004940088838338852,
		0.999882161617279
	],
	"2. left_knee": [
		0.5313601493835449,
		0.8462052941322327,
		-0.25170862674713135,
		0.9872139096260071
	],
	"3. left_ankle": [
		0.4763193726539612,
		0.8556883931159973,
		-0.08545878529548645,
		0.8788543939590454
	],
	"6. right_hip": [
		0.5106514096260071,
		0.7800934910774231,
		0.004948793910443783,
		0.9998860359191895
	],
	"7. right_knee": [
		0.48660245537757874,
		0.7537543177604675,
		-0.17508919537067413,
		0.9907444715499878
	],
	"8. right_ankle": [
		0.43021878600120544,
		0.8441563844680786,
		-0.12644988298416138,
		0.9896332025527954
	],
	"14. left_shoulder": [
		0.5611578822135925,
		0.6519562005996704,
		-0.02423269860446453,
		0.9999548196792603
	],
	"15. left_elbow": [
		0.5758799314498901,
		0.7386994361877441,
		-0.01445802766829729,
		0.9885424375534058
	],
	"16. left_wrist": [
		0.5855870246887207,
		0.8160706162452698,
		-0.05810566619038582,
		0.9402896761894226
	],
	"19. right_shoulder": [
		0.503400444984436,
		0.6539159417152405,
		-0.024350132793188095,
		0.9999090433120728
	],
	"20. right_elbow": [
		0.4935483932495117,
		0.7324970960617065,
		-0.08980131149291992,
		0.8595346808433533
	],
	"21. right_wrist": [
		0.490591824054718,
		0.7404171228408813,
		-0.22586508095264435,
		0.8652808666229248
	],
	"24. nose": [
		0.5278835296630859,
		0.5742731690406799,
		-0.13320961594581604,
		0.9999897480010986
	],
	"25. left_eye": [
		0.5347581505775452,
		0.56812983751297,
		-0.11747944355010986,
		0.9999716281890869
	],
	"26. right_eye": [
		0.5227572917938232,
		0.565666675567627,
		-0.11840762943029404,
		0.9999674558639526
	],
	"27. left_ear": [
		0.5415410995483398,
		0.5778658390045166,
		-0.047557178884744644,
		0.9999684691429138
	],
	"28. right_ear": [
		0.5177438855171204,
		0.5745456218719482,
		-0.050896286964416504,
		0.9999402761459351
	],
	"time stamp": 29.969946478656652
}