{
	"1. left_hip": [
		0.5464107394218445,
		0.8034008741378784,
		-0.0051772198639810085,
		0.9998912811279297
	],
	"2. left_knee": [
		0.5321497917175293,
		0.8462594747543335,
		-0.25251299142837524,
		0.9872505068778992
	],
	"3. left_ankle": [
		0.4764331877231598,
		0.8563973307609558,
		-0.12540438771247864,
		0.8789395689964294
	],
	"6. right_hip": [
		0.5129120349884033,
		0.7806354761123657,
		0.005204395856708288,
		0.9998944401741028
	],
	"7. right_knee": [
		0.49483004212379456,
		0.7474073767662048,
		-0.18269987404346466,
		0.9910537004470825
	],
	"8. right_ankle": [
		0.4378966689109802,
		0.8484358787536621,
		-0.1687183678150177,
		0.9897422790527344
	],
	"14. left_shoulder": [
		0.5606675744056702,
		0.6506285071372986,
		0.006808508187532425,
		0.9999539256095886
	],
	"15. left_elbow": [
		0.5743647217750549,
		0.7378494143486023,
		0.020048437640070915,
		0.9822196960449219
	],
	"16. left_wrist": [
		0.582504153251648,
		0.8145908713340759,
		-0.02247031033039093,
		0.9109513759613037
	],
	"19. right_shoulder": [
		0.502013087272644,
		0.6570009589195251,
		0.005457262974232435,
		0.9999061822891235
	],
	"20. right_elbow": [
		0.4929041266441345,
		0.7415725588798523,
		-0.050502896308898926,
		0.841580867767334
	],
	"21. right_wrist": [
		0.4979709982872009,
		0.7415494322776794,
		-0.1907418668270111,
		0.8345851302146912
	],
	"24. nose": [
		0.5245007276535034,
		0.5750195980072021,
		-0.11106906831264496,
		0.9999907612800598
	],
	"25. left_eye": [
		0.530927300453186,
		0.5682860612869263,
		-0.09406889975070953,
		0.9999743700027466
	],
	"26. right_eye": [
		0.5187448263168335,
		0.5663160681724548,
		-0.09515853226184845,
		0.9999706745147705
	],
	"27. left_ear": [
		0.5379698276519775,
		0.5769096612930298,
		-0.019642645493149757,
		0.9999715685844421
	],
	"28. right_ear": [
		0.5136755704879761,
		0.5754410624504089,
		-0.023148711770772934,
		0.9999461770057678
	],
	"time stamp": 29.969946478656652
}