{
	"1. left_hip": [
		0.5483862161636353,
		0.801654577255249,
		-0.0022918458562344313,
		0.9999034404754639
	],
	"2. left_knee": [
		0.5324887037277222,
		0.8464213013648987,
		-0.2542099058628082,
		0.9830874800682068
	],
	"3. left_ankle": [
		0.4810122847557068,
		0.8594174981117249,
		-0.1283016949892044,
		0.8479136824607849
	],
	"6. right_hip": [
		0.5133315324783325,
		0.7830952405929565,
		0.0023131011985242367,
		0.9999026656150818
	],
	"7. right_knee": [
		0.5041472315788269,
		0.7479461431503296,
		-0.17868873476982117,
		0.989130973815918
	],
	"8. right_ankle": [
		0.45187997817993164,
		0.8503628373146057,
		-0.1507512629032135,
		0.9868543744087219
	],
	"14. left_shoulder": [
		0.5605008006095886,
		0.6477421522140503,
		0.020134929567575455,
		0.9999508857727051
	],
	"15. left_elbow": [
		0.5734421610832214,
		0.7354684472084045,
		0.036058731377124786,
		0.9625367522239685
	],
	"16. left_wrist": [
		0.5777772665023804,
		0.8099983930587769,
		-0.009565834887325764,
		0.8465679883956909
	],
	"19. right_shoulder": [
		0.5001925826072693,
		0.6581777930259705,
		0.01517287828028202,
		0.9998995661735535
	],
	"20. right_elbow": [
		0.4938737452030182,
		0.7435782551765442,
		-0.03659776598215103,
		0.8173049092292786
	],
	"21. right_wrist": [
		0.501289427280426,
		0.7413743734359741,
		-0.16700778901576996,
		0.7892418503761292
	],
	"24. nose": [
		0.523133397102356,
		0.5755372643470764,
		-0.09981377422809601,
		0.9999923706054688
	],
	"25. left_eye": [
		0.5290761590003967,
		0.5671427845954895,
		-0.08332811295986176,
		0.9999788999557495
	],
	"26. right_eye": [
		0.5167902112007141,
		0.5669615268707275,
		-0.08395706117153168,
		0.9999760985374451
	],
	"27. left_ear": [
		0.5351824760437012,
		0.5742904543876648,
		-0.009043639525771141,
		0.9999766945838928
	],
	"28. right_ear": [
		0.5120040774345398,
		0.5764896869659424,
		-0.01016901433467865,
		0.9999560117721558
	],
	"time stamp": 29.969946478656652
}