{
	"1. left_hip": [
		0.548345148563385,
		0.8010722398757935,
		-0.002489931881427765,
		0.9999063611030579
	],
	"2. left_knee": [
		0.5338329672813416,
		0.8475114703178406,
		-0.25661471486091614,
		0.9800583124160767
	],
	"3. left_ankle": [
		0.48457974195480347,
		0.8600257635116577,
		-0.11655820906162262,
		0.8246239423751831
	],
	"6. right_hip": [
		0.5132614374160767,
		0.7830636501312256,
		0.002509566955268383,
		0.9999042749404907
	],
	"7. right_knee": [
		0.5093177556991577,
		0.7461488246917725,
		-0.17965655028820038,
		0.9877886176109314
	],
	"8. right_ankle": [
		0.458449125289917,
		0.8509232997894287,
		-0.13835665583610535,
		0.9845799207687378
	],
	"14. left_shoulder": [
		0.5605028867721558,
		0.646390974521637,
		0.011440342292189598,
		0.9999432563781738
	],
	"15. left_elbow": [
		0.5720561742782593,
		0.7348753213882446,
		0.024530576542019844,
		0.9463141560554504
	],
	"16. left_wrist": [
		0.5751916170120239,
		0.8111566305160522,
		-0.01794235222041607,
		0.798152506351471
	],
	"19. right_shoulder": [
		0.5010708570480347,
		0.6575124859809875,
		0.016880251467227936,
		0.9998816847801208
	],
	"20. right_elbow": [
		0.4942771792411804,
		0.7402699589729309,
		-0.03315205127000809,
		0.7964387536048889
	],
	"21. right_wrist": [
		0.5047560930252075,
		0.7349684834480286,
		-0.15976592898368835,
		0.7565326690673828
	],
	"24. nose": [
		0.5219376087188721,
		0.5757109522819519,
		-0.09617255628108978,
		0.9999929070472717
	],
	"25. left_eye": [
		0.5273631811141968,
		0.5673430562019348,
		-0.0823865681886673,
		0.9999805688858032
	],
	"26. right_eye": [
		0.515363872051239,
		0.5681590437889099,
		-0.08123943209648132,
		0.9999781847000122
	],
	"27. left_ear": [
		0.5337878465652466,
		0.573553740978241,
		-0.015438146889209747,
		0.9999786615371704
	],
	"28. right_ear": [
		0.5116723775863647,
		0.577794075012207,
		-0.007948393933475018,
		0.9999597072601318
	],
	"time stamp": 29.969946478656652
}