{
	"1. left_hip": [
		0.5485751032829285,
		0.7989327907562256,
		0.014910487458109856,
		0.9999285936355591
	],
	"2. left_knee": [
		0.54408860206604,
		0.851010799407959,
		-0.2049192637205124,
		0.9693007469177246
	],
	"3. left_ankle": [
		0.48817697167396545,
		0.8510838747024536,
		-0.07227278500795364,
		0.7836376428604126
	],
	"6. right_hip": [
		0.5150904059410095,
		0.7851869463920593,
		-0.014852832071483135,
		0.999926745891571
	],
	"7. right_knee": [
		0.5237131118774414,
		0.7766014337539673,
		-0.2118932455778122,
		0.98665452003479
	],
	"8. right_ankle": [
		0.48053789138793945,
		0.8533318638801575,
		-0.12509050965309143,
		0.9750130772590637
	],
	"14. left_shoulder": [
		0.559794545173645,
		0.6400468349456787,
		0.03423763066530228,
		0.9999154806137085
	],
	"15. left_elbow": [
		0.566473126411438,
		0.7261896133422852,
		0.048062216490507126,
		0.8302063345909119
	],
	"16. left_wrist": [
		0.5733562111854553,
		0.8155239820480347,
		0.000623245956376195,
		0.6436260938644409
	],
	"19. right_shoulder": [
		0.5035620927810669,
		0.6550251245498657,
		-0.017044004052877426,
		0.999870240688324
	],
	"20. right_elbow": [
		0.49578070640563965,
		0.7273867130279541,
		-0.0908639207482338,
		0.8087360262870789
	],
	"21. right_wrist": [
		0.5151302814483643,
		0.7257172465324402,
		-0.21172335743904114,
		0.7713732123374939
	],
	"24. nose": [
		0.5278199315071106,
		0.5778043270111084,
		-0.10578520596027374,
		0.9999945163726807
	],
	"25. left_eye": [
		0.5304445624351501,
		0.5673524737358093,
		-0.09004243463277817,
		0.9999858736991882
	],
	"26. right_eye": [
		0.5195621252059937,
		0.5736575126647949,
		-0.09281004965305328,
		0.9999849796295166
	],
	"27. left_ear": [
		0.5338815450668335,
		0.5709741711616516,
		-0.01110037975013256,
		0.9999846816062927
	],
	"28. right_ear": [
		0.5147134065628052,
		0.587077260017395,
		-0.022667814046144485,
		0.9999722838401794
	],
	"time stamp": 29.969946478656652
}