{
	"1. left_hip": [
		0.5437988042831421,
		0.7934616804122925,
		0.01710720732808113,
		0.9999643564224243
	],
	"2. left_knee": [
		0.5676754713058472,
		0.8159840106964111,
		-0.23194178938865662,
		0.9794578552246094
	],
	"3. left_ankle": [
		0.49913397431373596,
		0.8606205582618713,
		-0.179105743765831,
		0.8732302188873291
	],
	"6. right_hip": [
		0.5113863348960876,
		0.7950121760368347,
		-0.01696927472949028,
		0.9999524354934692
	],
	"7. right_knee": [
		0.5460389852523804,
		0.7665417194366455,
		-0.2259151041507721,
		0.983626127243042
	],
	"8. right_ankle": [
		0.5421427488327026,
		0.8557191491127014,
		-0.15089567005634308,
		0.8864496350288391
	],
	"14. left_shoulder": [
		0.55643630027771,
		0.6392940282821655,
		0.08028264343738556,
		0.9998924732208252
	],
	"15. left_elbow": [
		0.5646241903305054,
		0.7297747135162354,
		0.08669830858707428,
		0.6963963508605957
	],
	"16. left_wrist": [
		0.5705046653747559,
		0.8186418414115906,
		0.040430013090372086,
		0.44518232345581055
	],
	"19. right_shoulder": [
		0.5072911381721497,
		0.6428805589675903,
		0.03408842533826828,
		0.9994941353797913
	],
	"20. right_elbow": [
		0.5146760940551758,
		0.7216476202011108,
		-0.002405371982604265,
		0.7133155465126038
	],
	"21. right_wrist": [
		0.5426709055900574,
		0.7210315465927124,
		-0.06686162948608398,
		0.6517911553382874
	],
	"24. nose": [
		0.5289007425308228,
		0.5882434248924255,
		-0.055957090109586716,
		0.999991774559021
	],
	"25. left_eye": [
		0.5294643044471741,
		0.5749045610427856,
		-0.041349660605192184,
		0.9999903440475464
	],
	"26. right_eye": [
		0.5199675559997559,
		0.5828137397766113,
		-0.04229211062192917,
		0.9999842047691345
	],
	"27. left_ear": [
		0.532292366027832,
		0.5756744146347046,
		0.03487446531653404,
		0.9999908208847046
	],
	"28. right_ear": [
		0.5147312879562378,
		0.5926533341407776,
		0.0332348458468914,
		0.9999672174453735
	],
	"time stamp": 29.969946478656652
}