{
	"1. left_hip": [
		0.5438593029975891,
		0.7934623956680298,
		0.01784680411219597,
		0.999966561794281
	],
	"2. left_knee": [
		0.5731743574142456,
		0.8169944882392883,
		-0.22058382630348206,
		0.9801159501075745
	],
	"3. left_ankle": [
		0.5000782012939453,
		0.8617030382156372,
		-0.18140004575252533,
		0.8800095915794373
	],
	"6. right_hip": [
		0.5114354491233826,
		0.7947967648506165,
		-0.017726294696331024,
		0.9999532699584961
	],
	"7. right_knee": [
		0.5426427125930786,
		0.7677752375602722,
		-0.22443857789039612,
		0.9837348461151123
	],
	"8. right_ankle": [
		0.5236882567405701,
		0.8559364080429077,
		-0.1742672175168991,
		0.8848918080329895
	],
	"14. left_shoulder": [
		0.5564360618591309,
		0.6387995481491089,
		0.07990629971027374,
		0.9999014735221863
	],
	"15. left_elbow": [
		0.565205991268158,
		0.7296949028968811,
		0.08817634731531143,
		0.7109683156013489
	],
	"16. left_wrist": [
		0.5736465454101562,
		0.8194566369056702,
		0.03706904128193855,
		0.47302499413490295
	],
	"19. right_shoulder": [
		0.5074502825737,
		0.6428380608558655,
		0.03350824490189552,
		0.9995254874229431
	],
	"20. right_elbow": [
		0.5142005681991577,
		0.71570885181427,
		-0.004718824289739132,
		0.7020299434661865
	],
	"21. right_wrist": [
		0.5410941243171692,
		0.7190451622009277,
		-0.11685959994792938,
		0.6493774652481079
	],
	"24. nose": [
		0.5277248620986938,
		0.5886486768722534,
		-0.0630667507648468,
		0.9999924898147583
	],
	"25. left_eye": [
		0.5281215906143188,
		0.5748447179794312,
		-0.048295699059963226,
		0.999991238117218
	],
	"26. right_eye": [
		0.5189400911331177,
		0.5836188197135925,
		-0.04926096275448799,
		0.9999855756759644
	],
	"27. left_ear": [
		0.5312374830245972,
		0.5753774642944336,
		0.03009958565235138,
		0.9999917149543762
	],
	"28. right_ear": [
		0.5139126777648926,
		0.5934311151504517,
		0.029001835733652115,
		0.999970018863678
	],
	"time stamp": 29.969946478656652
}