{
	"1. left_hip": [
		0.5453247427940369,
		0.7916833758354187,
		0.012615899555385113,
		0.9999678134918213
	],
	"2. left_knee": [
		0.5706192255020142,
		0.8175262212753296,
		-0.23606331646442413,
		0.9814707040786743
	],
	"3. left_ankle": [
		0.4996497631072998,
		0.8623896241188049,
		-0.18593160808086395,
		0.8870137333869934
	],
	"6. right_hip": [
		0.5130153298377991,
		0.7918038964271545,
		-0.012398654595017433,
		0.9999528527259827
	],
	"7. right_knee": [
		0.5345438122749329,
		0.7826038002967834,
		-0.224217489361763,
		0.9843693375587463
	],
	"8. right_ankle": [
		0.5320819020271301,
		0.8559255003929138,
		-0.14886963367462158,
		0.879334032535553
	],
	"14. left_shoulder": [
		0.5559953451156616,
		0.6366841793060303,
		0.07857974618673325,
		0.9999068975448608
	],
	"15. left_elbow": [
		0.5656098127365112,
		0.7263217568397522,
		0.08444157987833023,
		0.722843587398529
	],
	"16. left_wrist": [
		0.5738269686698914,
		0.8104471564292908,
		0.03947153687477112,
		0.49017608165740967
	],
	"19. right_shoulder": [
		0.5080081224441528,
		0.6408566236495972,
		0.04637541621923447,
		0.9995521306991577
	],
	"20. right_elbow": [
		0.5130314230918884,
		0.7133204340934753,
		0.0016970863798633218,
		0.7112212777137756
	],
	"21. right_wrist": [
		0.5412563681602478,
		0.7195301651954651,
		-0.08078189194202423,
		0.6597627401351929
	],
	"24. nose": [
		0.5258203148841858,
		0.5886191725730896,
		-0.039908748120069504,
		0.9999929666519165
	],
	"25. left_eye": [
		0.5260694026947021,
		0.5743513703346252,
		-0.02604582905769348,
		0.9999918341636658
	],
	"26. right_eye": [
		0.5169865489006042,
		0.5836218595504761,
		-0.025493213906884193,
		0.999986469745636
	],
	"27. left_ear": [
		0.5296586751937866,
		0.5741639137268066,
		0.042580217123031616,
		0.999992311000824
	],
	"28. right_ear": [
		0.5124823451042175,
		0.5935578942298889,
		0.04786478355526924,
		0.9999719858169556
	],
	"time stamp": 29.969946478656652
}