{
	"1. left_hip": [
		0.5460336208343506,
		0.7899195551872253,
		0.010539377108216286,
		0.9999685883522034
	],
	"2. left_knee": [
		0.569291889667511,
		0.8179348707199097,
		-0.23660454154014587,
		0.9826182723045349
	],
	"3. left_ankle": [
		0.49942904710769653,
		0.8628823757171631,
		-0.18615368008613586,
		0.8928379416465759
	],
	"6. right_hip": [
		0.5137917995452881,
		0.7898073196411133,
		-0.010299742221832275,
		0.9999516606330872
	],
	"7. right_knee": [
		0.5314330458641052,
		0.7914145588874817,
		-0.22344925999641418,
		0.984853982925415
	],
	"8. right_ankle": [
		0.5318928956985474,
		0.8567248582839966,
		-0.1382763683795929,
		0.8720525503158569
	],
	"14. left_shoulder": [
		0.5557397603988647,
		0.6361663341522217,
		0.0786396935582161,
		0.9999117255210876
	],
	"15. left_elbow": [
		0.5658173561096191,
		0.7253487706184387,
		0.08419130742549896,
		0.7323309183120728
	],
	"16. left_wrist": [
		0.5740848779678345,
		0.80809485912323,
		0.04080480709671974,
		0.5022950172424316
	],
	"19. right_shoulder": [
		0.5083740949630737,
		0.6402574777603149,
		0.04709746316075325,
		0.9995697140693665
	],
	"20. right_elbow": [
		0.5124994516372681,
		0.7119976282119751,
		0.00620615528896451,
		0.7134023308753967
	],
	"21. right_wrist": [
		0.5413170456886292,
		0.7198447585105896,
		-0.0691755935549736,
		0.6610105633735657
	],
	"24. nose": [
		0.525510311126709,
		0.5885588526725769,
		-0.03886713087558746,
		0.9999933242797852
	],
	"25. left_eye": [
		0.5255414843559265,
		0.5740950107574463,
		-0.024962875992059708,
		0.999992311000824
	],
	"26. right_eye": [
		0.5165812373161316,
		0.5837023854255676,
		-0.024825766682624817,
		0.9999871253967285
	],
	"27. left_ear": [
		0.5289875268936157,
		0.5737289190292358,
		0.04380247741937637,
		0.999992847442627
	],
	"28. right_ear": [
		0.5120822787284851,
		0.5938253402709961,
		0.047191232442855835,
		0.9999734163284302
	],
	"time stamp": 29.969946478656652
}