{
	"1. left_hip": [
		0.5462678670883179,
		0.7892926335334778,
		0.01165150199085474,
		0.9999690651893616
	],
	"2. left_knee": [
		0.5686026811599731,
		0.8179915547370911,
		-0.22664794325828552,
		0.9828630089759827
	],
	"3. left_ankle": [
		0.4991987347602844,
		0.8635327816009521,
		-0.17068438231945038,
		0.896274745464325
	],
	"6. right_hip": [
		0.5140079259872437,
		0.7885292768478394,
		-0.01143984030932188,
		0.9999492764472961
	],
	"7. right_knee": [
		0.5402931571006775,
		0.7890351414680481,
		-0.22068437933921814,
		0.9842937588691711
	],
	"8. right_ankle": [
		0.5145512819290161,
		0.8573221564292908,
		-0.14640720188617706,
		0.8702878355979919
	],
	"14. left_shoulder": [
		0.5553135275840759,
		0.6356634497642517,
		0.07618317008018494,
		0.9999179244041443
	],
	"15. left_elbow": [
		0.5660222768783569,
		0.7216965556144714,
		0.08180215209722519,
		0.7384527921676636
	],
	"16. left_wrist": [
		0.5747772455215454,
		0.803464949131012,
		0.04025930166244507,
		0.5174204707145691
	],
	"19. right_shoulder": [
		0.5081760883331299,
		0.6403900384902954,
		0.04200895130634308,
		0.9995786547660828
	],
	"20. right_elbow": [
		0.5130095481872559,
		0.7131907343864441,
		-0.003909318707883358,
		0.6953060030937195
	],
	"21. right_wrist": [
		0.5408549308776855,
		0.723530650138855,
		-0.09635619819164276,
		0.6496034860610962
	],
	"24. nose": [
		0.5254158973693848,
		0.5883150100708008,
		-0.04915696755051613,
		0.9999933838844299
	],
	"25. left_eye": [
		0.5248440504074097,
		0.5736174583435059,
		-0.034995920956134796,
		0.9999924302101135
	],
	"26. right_eye": [
		0.5162683725357056,
		0.5836459398269653,
		-0.03535575419664383,
		0.9999871253967285
	],
	"27. left_ear": [
		0.5277712941169739,
		0.5736185312271118,
		0.037285953760147095,
		0.999993085861206
	],
	"28. right_ear": [
		0.5115417242050171,
		0.5937715172767639,
		0.03842885047197342,
		0.9999728202819824
	],
	"time stamp": 29.969946478656652
}