{
	"1. left_hip": [
		0.545361340045929,
		0.7918118238449097,
		0.021689515560865402,
		0.9999718070030212
	],
	"2. left_knee": [
		0.5750865340232849,
		0.8243918418884277,
		-0.17038573324680328,
		0.9786880612373352
	],
	"3. left_ankle": [
		0.5160925984382629,
		0.8611423969268799,
		-0.10863884538412094,
		0.8884693384170532
	],
	"6. right_hip": [
		0.5139483213424683,
		0.7887464761734009,
		-0.021541599184274673,
		0.9999498128890991
	],
	"7. right_knee": [
		0.5481303930282593,
		0.7869099378585815,
		-0.2145709991455078,
		0.9833323955535889
	],
	"8. right_ankle": [
		0.4959893822669983,
		0.8582952618598938,
		-0.14398792386054993,
		0.8683006763458252
	],
	"14. left_shoulder": [
		0.5545567274093628,
		0.6350375413894653,
		0.07227664440870285,
		0.9999314546585083
	],
	"15. left_elbow": [
		0.5677667856216431,
		0.719177782535553,
		0.0754794329404831,
		0.7534903287887573
	],
	"16. left_wrist": [
		0.577224850654602,
		0.800369918346405,
		0.019267600029706955,
		0.5593271851539612
	],
	"19. right_shoulder": [
		0.507776141166687,
		0.6424916386604309,
		-0.006107058376073837,
		0.999629020690918
	],
	"20. right_elbow": [
		0.5175020098686218,
		0.7131600975990295,
		-0.050441496074199677,
		0.697724461555481
	],
	"21. right_wrist": [
		0.5426839590072632,
		0.7354161739349365,
		-0.10268554836511612,
		0.6557771563529968
	],
	"24. nose": [
		0.5253385901451111,
		0.587983250617981,
		-0.07227210700511932,
		0.9999939203262329
	],
	"25. left_eye": [
		0.524668276309967,
		0.5729331374168396,
		-0.05673419311642647,
		0.9999930262565613
	],
	"26. right_eye": [
		0.5157907605171204,
		0.5835415124893188,
		-0.06048184633255005,
		0.9999881386756897
	],
	"27. left_ear": [
		0.527349591255188,
		0.5732553005218506,
		0.020518677309155464,
		0.9999937415122986
	],
	"28. right_ear": [
		0.5106173753738403,
		0.5941628217697144,
		0.0075307912193238735,
		0.9999746084213257
	],
	"time stamp": 29.969946478656652
}