{
	"1. left_hip": [
		0.545388400554657,
		0.7884366512298584,
		0.020636944100260735,
		0.9999726414680481
	],
	"2. left_knee": [
		0.5727242231369019,
		0.8212360143661499,
		-0.19074976444244385,
		0.9708403944969177
	],
	"3. left_ankle": [
		0.5105063319206238,
		0.8691056370735168,
		-0.11169958114624023,
		0.8814709186553955
	],
	"6. right_hip": [
		0.5158719420433044,
		0.7857121825218201,
		-0.020471172407269478,
		0.9999434351921082
	],
	"7. right_knee": [
		0.5354755520820618,
		0.8180422186851501,
		-0.21467360854148865,
		0.9826403856277466
	],
	"8. right_ankle": [
		0.4913110136985779,
		0.8626821041107178,
		-0.11199885606765747,
		0.8592165112495422
	],
	"14. left_shoulder": [
		0.5540814399719238,
		0.6336894035339355,
		0.017335372045636177,
		0.9999432563781738
	],
	"15. left_elbow": [
		0.5679481625556946,
		0.719123899936676,
		0.02971326746046543,
		0.7819814682006836
	],
	"16. left_wrist": [
		0.5790201425552368,
		0.7997779250144958,
		-0.016872117295861244,
		0.6196385025978088
	],
	"19. right_shoulder": [
		0.5081969499588013,
		0.6420657634735107,
		-0.05127989500761032,
		0.9996824860572815
	],
	"20. right_elbow": [
		0.5194799900054932,
		0.7144434452056885,
		-0.07667599618434906,
		0.7416327595710754
	],
	"21. right_wrist": [
		0.5430585145950317,
		0.7435975074768066,
		-0.1154242604970932,
		0.6977583169937134
	],
	"24. nose": [
		0.5238634943962097,
		0.5876758694648743,
		-0.12241189181804657,
		0.9999943971633911
	],
	"25. left_eye": [
		0.5233551859855652,
		0.5725512504577637,
		-0.10887900739908218,
		0.9999933838844299
	],
	"26. right_eye": [
		0.5143552422523499,
		0.5835061073303223,
		-0.1114068478345871,
		0.999988853931427
	],
	"27. left_ear": [
		0.526744544506073,
		0.5728288292884827,
		-0.037150971591472626,
		0.9999940991401672
	],
	"28. right_ear": [
		0.5096451640129089,
		0.5941423773765564,
		-0.045472800731658936,
		0.9999762177467346
	],
	"time stamp": 29.969946478656652
}