{
	"1. left_hip": [
		0.5458764433860779,
		0.7919039130210876,
		0.016447888687253,
		0.9999732375144958
	],
	"2. left_knee": [
		0.5679376721382141,
		0.8297275900840759,
		-0.19857999682426453,
		0.9701536893844604
	],
	"3. left_ankle": [
		0.5111039876937866,
		0.8718551397323608,
		-0.1077083945274353,
		0.8798636198043823
	],
	"6. right_hip": [
		0.5161256790161133,
		0.7859551906585693,
		-0.016262473538517952,
		0.9999417066574097
	],
	"7. right_knee": [
		0.5333400964736938,
		0.8082996010780334,
		-0.214525505900383,
		0.9825592637062073
	],
	"8. right_ankle": [
		0.4921684265136719,
		0.8630532026290894,
		-0.11468889564275742,
		0.8607473969459534
	],
	"14. left_shoulder": [
		0.5540452003479004,
		0.6337119340896606,
		0.028265293687582016,
		0.9999483823776245
	],
	"15. left_elbow": [
		0.5679424405097961,
		0.7193971276283264,
		0.0333089679479599,
		0.7942095398902893
	],
	"16. left_wrist": [
		0.5786992311477661,
		0.8003377318382263,
		-0.015127492137253284,
		0.645129919052124
	],
	"19. right_shoulder": [
		0.5077155232429504,
		0.6423963308334351,
		-0.02199842408299446,
		0.9996923804283142
	],
	"20. right_elbow": [
		0.5185121297836304,
		0.7149850726127625,
		-0.05261751264333725,
		0.7435224652290344
	],
	"21. right_wrist": [
		0.5430170297622681,
		0.7480406165122986,
		-0.07989102602005005,
		0.6922554969787598
	],
	"24. nose": [
		0.523602306842804,
		0.5874160528182983,
		-0.10027430951595306,
		0.9999945759773254
	],
	"25. left_eye": [
		0.5231243371963501,
		0.5723350644111633,
		-0.08657599985599518,
		0.9999935626983643
	],
	"26. right_eye": [
		0.514035701751709,
		0.5834292769432068,
		-0.08837342262268066,
		0.9999889135360718
	],
	"27. left_ear": [
		0.5265551209449768,
		0.5725735425949097,
		-0.015994993969798088,
		0.9999942183494568
	],
	"28. right_ear": [
		0.5092620253562927,
		0.5941435694694519,
		-0.020499171689152718,
		0.9999760985374451
	],
	"time stamp": 29.969946478656652
}