{
	"1. left_hip": [
		0.545245349407196,
		0.799828827381134,
		0.033203668892383575,
		0.9999650716781616
	],
	"2. left_knee": [
		0.5793828368186951,
		0.8446974754333496,
		-0.12362007796764374,
		0.9495013952255249
	],
	"3. left_ankle": [
		0.5204881429672241,
		0.8685503602027893,
		-0.026592954993247986,
		0.7968401908874512
	],
	"6. right_hip": [
		0.5151091814041138,
		0.7957486510276794,
		-0.033070679754018784,
		0.9999381303787231
	],
	"7. right_knee": [
		0.5387896299362183,
		0.8191197514533997,
		-0.22386471927165985,
		0.9853344559669495
	],
	"8. right_ankle": [
		0.4978419840335846,
		0.8747490048408508,
		-0.08600010722875595,
		0.8591027855873108
	],
	"14. left_shoulder": [
		0.5515949726104736,
		0.6324037313461304,
		0.010387043468654156,
		0.9999346137046814
	],
	"15. left_elbow": [
		0.5632233023643494,
		0.7192049622535706,
		0.013660004362463951,
		0.7212646007537842
	],
	"16. left_wrist": [
		0.5731825232505798,
		0.7932866215705872,
		-0.033796899020671844,
		0.5905907154083252
	],
	"19. right_shoulder": [
		0.5086343288421631,
		0.645730197429657,
		-0.10205937922000885,
		0.999739944934845
	],
	"20. right_elbow": [
		0.5269894003868103,
		0.7253819704055786,
		-0.11360584199428558,
		0.8087010383605957
	],
	"21. right_wrist": [
		0.5531266927719116,
		0.7868501543998718,
		-0.10980174690485,
		0.7314642071723938
	],
	"24. nose": [
		0.523466169834137,
		0.581261157989502,
		-0.1389763057231903,
		0.9999696016311646
	],
	"25. left_eye": [
		0.5230220556259155,
		0.5689566731452942,
		-0.12583580613136292,
		0.9999526739120483
	],
	"26. right_eye": [
		0.5138589143753052,
		0.5809620022773743,
		-0.13125044107437134,
		0.9999530911445618
	],
	"27. left_ear": [
		0.5258310437202454,
		0.5706925392150879,
		-0.05639125779271126,
		0.9999436736106873
	],
	"28. right_ear": [
		0.5086463689804077,
		0.5937851071357727,
		-0.0776299461722374,
		0.999911367893219
	],
	"time stamp": 29.969946478656652
}