{
	"1. left_hip": [
		0.5445059537887573,
		0.8007669448852539,
		0.03575173765420914,
		0.9999567866325378
	],
	"2. left_knee": [
		0.577600359916687,
		0.861710786819458,
		-0.1246376782655716,
		0.9380077719688416
	],
	"3. left_ankle": [
		0.5105471611022949,
		0.8692241907119751,
		-0.03727782517671585,
		0.7404221296310425
	],
	"6. right_hip": [
		0.515731930732727,
		0.7985410094261169,
		-0.035605061799287796,
		0.9999306201934814
	],
	"7. right_knee": [
		0.5369752645492554,
		0.8410417437553406,
		-0.21430949866771698,
		0.9875692129135132
	],
	"8. right_ankle": [
		0.49620527029037476,
		0.8631260991096497,
		-0.07457716017961502,
		0.8409631252288818
	],
	"14. left_shoulder": [
		0.5511034727096558,
		0.6301813125610352,
		0.021768245846033096,
		0.999904453754425
	],
	"15. left_elbow": [
		0.5628042817115784,
		0.7172491550445557,
		0.032216884195804596,
		0.6506441235542297
	],
	"16. left_wrist": [
		0.5701636672019958,
		0.7894884943962097,
		-0.008785964921116829,
		0.5322259664535522
	],
	"19. right_shoulder": [
		0.5126183032989502,
		0.6494449377059937,
		-0.09513092786073685,
		0.99976646900177
	],
	"20. right_elbow": [
		0.5315362215042114,
		0.7398180365562439,
		-0.10903926193714142,
		0.8565009832382202
	],
	"21. right_wrist": [
		0.552925705909729,
		0.7886604070663452,
		-0.10991509258747101,
		0.7757298946380615
	],
	"24. nose": [
		0.5248355865478516,
		0.5764271020889282,
		-0.12837880849838257,
		0.9999610781669617
	],
	"25. left_eye": [
		0.5233311653137207,
		0.5657338500022888,
		-0.11411373317241669,
		0.9999327063560486
	],
	"26. right_eye": [
		0.5148975253105164,
		0.5763939023017883,
		-0.12377671897411346,
		0.9999454021453857
	],
	"27. left_ear": [
		0.525767982006073,
		0.5695213079452515,
		-0.044898901134729385,
		0.9999080896377563
	],
	"28. right_ear": [
		0.5091549158096313,
		0.5920184254646301,
		-0.07328348606824875,
		0.9998980164527893
	],
	"time stamp": 29.969946478656652
}