{
	"1. left_hip": [
		0.5607205033302307,
		0.7848420143127441,
		0.01355068851262331,
		0.9998538494110107
	],
	"2. left_knee": [
		0.550731897354126,
		0.8481196761131287,
		-0.1303773820400238,
		0.8442785739898682
	],
	"3. left_ankle": [
		0.519148588180542,
		0.8370174169540405,
		0.06529460847377777,
		0.4279424846172333
	],
	"6. right_hip": [
		0.5283395051956177,
		0.7787232398986816,
		-0.013627653941512108,
		0.9998162388801575
	],
	"7. right_knee": [
		0.5138007402420044,
		0.8460680842399597,
		-0.14816534519195557,
		0.96341472864151
	],
	"8. right_ankle": [
		0.45966848731040955,
		0.8677663207054138,
		-0.024715928360819817,
		0.6715378761291504
	],
	"14. left_shoulder": [
		0.5848662853240967,
		0.6552470326423645,
		-0.13087902963161469,
		0.9999204277992249
	],
	"15. left_elbow": [
		0.586590051651001,
		0.75129634141922,
		-0.12341127544641495,
		0.8146069049835205
	],
	"16. left_wrist": [
		0.5914227962493896,
		0.8388575315475464,
		-0.17799478769302368,
		0.6901234984397888
	],
	"19. right_shoulder": [
		0.5268514752388,
		0.6611595153808594,
		-0.16339710354804993,
		0.9998980760574341
	],
	"20. right_elbow": [
		0.5117864012718201,
		0.7424550652503967,
		-0.18306949734687805,
		0.9378843903541565
	],
	"21. right_wrist": [
		0.5133252739906311,
		0.820438027381897,
		-0.23258933424949646,
		0.8949227333068848
	],
	"24. nose": [
		0.5482918620109558,
		0.6108928918838501,
		-0.26235947012901306,
		0.9999700784683228
	],
	"25. left_eye": [
		0.5525625348091125,
		0.5944371223449707,
		-0.2544753849506378,
		0.9999266266822815
	],
	"26. right_eye": [
		0.5407631993293762,
		0.6018314957618713,
		-0.2532401382923126,
		0.99994295835495
	],
	"27. left_ear": [
		0.5582262277603149,
		0.5935669541358948,
		-0.193663090467453,
		0.9998932480812073
	],
	"28. right_ear": [
		0.5375405550003052,
		0.6060989499092102,
		-0.1860865354537964,
		0.9998961687088013
	],
	"time stamp": 29.969946478656652
}