{
	"1. left_hip": [
		0.5642732381820679,
		0.7859695553779602,
		0.011752192862331867,
		0.9998630881309509
	],
	"2. left_knee": [
		0.562931478023529,
		0.8383586406707764,
		-0.08075908571481705,
		0.8396570682525635
	],
	"3. left_ankle": [
		0.5470247268676758,
		0.8134538531303406,
		0.13668003678321838,
		0.4021153151988983
	],
	"6. right_hip": [
		0.5297017693519592,
		0.780830979347229,
		-0.011854060925543308,
		0.9998332858085632
	],
	"7. right_knee": [
		0.5028098821640015,
		0.8547622561454773,
		-0.10271338373422623,
		0.9640952348709106
	],
	"8. right_ankle": [
		0.460040807723999,
		0.8601738214492798,
		0.028299536556005478,
		0.6830592155456543
	],
	"14. left_shoulder": [
		0.5885187387466431,
		0.6603223085403442,
		-0.14412197470664978,
		0.9999256134033203
	],
	"15. left_elbow": [
		0.5900112986564636,
		0.752333402633667,
		-0.13585004210472107,
		0.8161977529525757
	],
	"16. left_wrist": [
		0.5908890962600708,
		0.8434751033782959,
		-0.1807883381843567,
		0.6880151629447937
	],
	"19. right_shoulder": [
		0.5296282172203064,
		0.6705929636955261,
		-0.16977447271347046,
		0.9999081492424011
	],
	"20. right_elbow": [
		0.5126639604568481,
		0.7526113986968994,
		-0.18425752222537994,
		0.9433191418647766
	],
	"21. right_wrist": [
		0.5139185190200806,
		0.8395940065383911,
		-0.22781014442443848,
		0.9036223888397217
	],
	"24. nose": [
		0.5521782636642456,
		0.6180053949356079,
		-0.2661627233028412,
		0.9999723434448242
	],
	"25. left_eye": [
		0.5567869544029236,
		0.6008569598197937,
		-0.25961804389953613,
		0.999931275844574
	],
	"26. right_eye": [
		0.5444052815437317,
		0.6086382865905762,
		-0.2575327754020691,
		0.9999474883079529
	],
	"27. left_ear": [
		0.5628348588943481,
		0.6000036001205444,
		-0.2036592960357666,
		0.9998976588249207
	],
	"28. right_ear": [
		0.5411444902420044,
		0.6137270331382751,
		-0.19269345700740814,
		0.9999052286148071
	],
	"time stamp": 29.969946478656652
}