{
	"1. left_hip": [
		0.5609546899795532,
		0.8075701594352722,
		0.009355684742331505,
		0.9999004602432251
	],
	"2. left_knee": [
		0.5574682950973511,
		0.8373613953590393,
		-0.20526893436908722,
		0.8400315642356873
	],
	"3. left_ankle": [
		0.5055240392684937,
		0.8234724402427673,
		-7.748101779725403e-05,
		0.3466523587703705
	],
	"6. right_hip": [
		0.525444507598877,
		0.805329442024231,
		-0.009483485482633114,
		0.9998845458030701
	],
	"7. right_knee": [
		0.5060296654701233,
		0.8739363551139832,
		-0.11785918474197388,
		0.969348132610321
	],
	"8. right_ankle": [
		0.4572945237159729,
		0.8394551873207092,
		0.05369232967495918,
		0.7227423191070557
	],
	"14. left_shoulder": [
		0.5917167663574219,
		0.6764245629310608,
		-0.13759222626686096,
		0.9999440908432007
	],
	"15. left_elbow": [
		0.5903984904289246,
		0.7670233845710754,
		-0.13033759593963623,
		0.8114941120147705
	],
	"16. left_wrist": [
		0.5902315974235535,
		0.8552717566490173,
		-0.18853941559791565,
		0.6898547410964966
	],
	"19. right_shoulder": [
		0.5322088003158569,
		0.6861541271209717,
		-0.1707218438386917,
		0.9999390244483948
	],
	"20. right_elbow": [
		0.5144146084785461,
		0.7791936993598938,
		-0.1953018605709076,
		0.9619395732879639
	],
	"21. right_wrist": [
		0.5169023871421814,
		0.8696455359458923,
		-0.2483706921339035,
		0.9341696500778198
	],
	"24. nose": [
		0.5561912655830383,
		0.6331635117530823,
		-0.28110358119010925,
		0.9999799728393555
	],
	"25. left_eye": [
		0.5624744892120361,
		0.617823600769043,
		-0.2709079384803772,
		0.9999474883079529
	],
	"26. right_eye": [
		0.5494524240493774,
		0.621069610118866,
		-0.268757700920105,
		0.9999628067016602
	],
	"27. left_ear": [
		0.5703812837600708,
		0.6182498335838318,
		-0.2038373202085495,
		0.9999173879623413
	],
	"28. right_ear": [
		0.545771062374115,
		0.6240808367729187,
		-0.19160732626914978,
		0.9999346137046814
	],
	"time stamp": 29.969946478656652
}