{
	"1. left_hip": [
		0.5596886277198792,
		0.8106089234352112,
		-0.0029463220853358507,
		0.9999091625213623
	],
	"2. left_knee": [
		0.5542658567428589,
		0.8444588780403137,
		-0.23736600577831268,
		0.8478214740753174
	],
	"3. left_ankle": [
		0.4990277886390686,
		0.8313148617744446,
		-0.04169906675815582,
		0.35153189301490784
	],
	"6. right_hip": [
		0.5235684514045715,
		0.8065004944801331,
		0.002824189607053995,
		0.9998935461044312
	],
	"7. right_knee": [
		0.4915854334831238,
		0.8817147016525269,
		-0.07128376513719559,
		0.9637666344642639
	],
	"8. right_ankle": [
		0.4591495096683502,
		0.836608350276947,
		0.1523682177066803,
		0.6767694354057312
	],
	"14. left_shoulder": [
		0.5907782316207886,
		0.6827237606048584,
		-0.16067233681678772,
		0.9999449849128723
	],
	"15. left_elbow": [
		0.5898174047470093,
		0.7717447280883789,
		-0.15715360641479492,
		0.8036541938781738
	],
	"16. left_wrist": [
		0.5893979668617249,
		0.8556827306747437,
		-0.2090950310230255,
		0.6682300567626953
	],
	"19. right_shoulder": [
		0.5291167497634888,
		0.6870924830436707,
		-0.17631304264068604,
		0.9999437928199768
	],
	"20. right_elbow": [
		0.5110093355178833,
		0.7845497727394104,
		-0.2011052668094635,
		0.9649634957313538
	],
	"21. right_wrist": [
		0.5169875621795654,
		0.872977614402771,
		-0.25487029552459717,
		0.9378991723060608
	],
	"24. nose": [
		0.5545231699943542,
		0.6323976516723633,
		-0.2948695421218872,
		0.9999812245368958
	],
	"25. left_eye": [
		0.5604628920555115,
		0.6170165538787842,
		-0.28553420305252075,
		0.9999502301216125
	],
	"26. right_eye": [
		0.5479718446731567,
		0.62058424949646,
		-0.28225311636924744,
		0.9999653697013855
	],
	"27. left_ear": [
		0.5688362121582031,
		0.6178865432739258,
		-0.22107741236686707,
		0.9999207854270935
	],
	"28. right_ear": [
		0.5441425442695618,
		0.6230915784835815,
		-0.20316031575202942,
		0.9999390244483948
	],
	"time stamp": 29.969946478656652
}