{
	"1. left_hip": [
		0.5592219233512878,
		0.810207724571228,
		-0.007201445288956165,
		0.9999165534973145
	],
	"2. left_knee": [
		0.549177348613739,
		0.8626461625099182,
		-0.23601320385932922,
		0.8581506013870239
	],
	"3. left_ankle": [
		0.4999476969242096,
		0.8378505110740662,
		-0.025599908083677292,
		0.36566123366355896
	],
	"6. right_hip": [
		0.5224789977073669,
		0.8067994713783264,
		0.007101203314960003,
		0.999900758266449
	],
	"7. right_knee": [
		0.4789619445800781,
		0.882540225982666,
		-0.07065995037555695,
		0.9631034731864929
	],
	"8. right_ankle": [
		0.4601832926273346,
		0.8373109698295593,
		0.17762592434883118,
		0.6361783146858215
	],
	"14. left_shoulder": [
		0.5901886224746704,
		0.6835153102874756,
		-0.1746142953634262,
		0.9999447464942932
	],
	"15. left_elbow": [
		0.5895012617111206,
		0.7740612626075745,
		-0.17177286744117737,
		0.8016862869262695
	],
	"16. left_wrist": [
		0.5889807343482971,
		0.8570857644081116,
		-0.22676801681518555,
		0.6516759395599365
	],
	"19. right_shoulder": [
		0.5273177027702332,
		0.6882455348968506,
		-0.18553437292575836,
		0.9999469518661499
	],
	"20. right_elbow": [
		0.510075032711029,
		0.7864367365837097,
		-0.20730559527873993,
		0.9675168395042419
	],
	"21. right_wrist": [
		0.5170532464981079,
		0.8728381395339966,
		-0.26447322964668274,
		0.9404090046882629
	],
	"24. nose": [
		0.5539042949676514,
		0.6321372389793396,
		-0.31105664372444153,
		0.9999826550483704
	],
	"25. left_eye": [
		0.560076117515564,
		0.6166401505470276,
		-0.30204683542251587,
		0.9999538660049438
	],
	"26. right_eye": [
		0.5475196242332458,
		0.6200864315032959,
		-0.29886242747306824,
		0.9999681115150452
	],
	"27. left_ear": [
		0.5684553384780884,
		0.6174962520599365,
		-0.2358456552028656,
		0.9999260306358337
	],
	"28. right_ear": [
		0.5435272455215454,
		0.6224731206893921,
		-0.21852250397205353,
		0.9999437928199768
	],
	"time stamp": 29.969946478656652
}