{
	"1. left_hip": [
		0.5551353096961975,
		0.8087812662124634,
		-0.006396593991667032,
		0.9999239444732666
	],
	"2. left_knee": [
		0.5494550466537476,
		0.8640782833099365,
		-0.22336570918560028,
		0.8655112981796265
	],
	"3. left_ankle": [
		0.503235936164856,
		0.8376830220222473,
		0.011524858884513378,
		0.3624733090400696
	],
	"6. right_hip": [
		0.5194932818412781,
		0.8054534196853638,
		0.006247417069971561,
		0.9999088644981384
	],
	"7. right_knee": [
		0.4826292097568512,
		0.8793904781341553,
		-0.02586156129837036,
		0.9588626027107239
	],
	"8. right_ankle": [
		0.4661957323551178,
		0.8316134810447693,
		0.21078462898731232,
		0.5943043828010559
	],
	"14. left_shoulder": [
		0.5848372578620911,
		0.6839163303375244,
		-0.17600125074386597,
		0.9999457001686096
	],
	"15. left_elbow": [
		0.5879793763160706,
		0.7730920314788818,
		-0.18492121994495392,
		0.8065325021743774
	],
	"16. left_wrist": [
		0.5884689688682556,
		0.8559210300445557,
		-0.23876360058784485,
		0.6404389142990112
	],
	"19. right_shoulder": [
		0.520541787147522,
		0.6880533695220947,
		-0.18693965673446655,
		0.9999509453773499
	],
	"20. right_elbow": [
		0.5083898305892944,
		0.7866125106811523,
		-0.2118651568889618,
		0.9690736532211304
	],
	"21. right_wrist": [
		0.5169855356216431,
		0.8745964765548706,
		-0.26360684633255005,
		0.941739559173584
	],
	"24. nose": [
		0.5506402850151062,
		0.6312915086746216,
		-0.29357701539993286,
		0.9999841451644897
	],
	"25. left_eye": [
		0.5585629343986511,
		0.6156277656555176,
		-0.28538209199905396,
		0.9999579191207886
	],
	"26. right_eye": [
		0.5443926453590393,
		0.6184418797492981,
		-0.28229209780693054,
		0.9999710321426392
	],
	"27. left_ear": [
		0.5679527521133423,
		0.6187587976455688,
		-0.22645863890647888,
		0.9999322295188904
	],
	"28. right_ear": [
		0.5398439168930054,
		0.6217707991600037,
		-0.20948317646980286,
		0.9999488592147827
	],
	"time stamp": 29.969946478656652
}