{
	"1. left_hip": [
		0.5474053621292114,
		0.7812471985816956,
		-0.0115213543176651,
		0.999947726726532
	],
	"2. left_knee": [
		0.5416164994239807,
		0.8392221331596375,
		-0.2515602111816406,
		0.8826703429222107
	],
	"3. left_ankle": [
		0.5460415482521057,
		0.8543863892555237,
		-0.02962561510503292,
		0.33942338824272156
	],
	"6. right_hip": [
		0.5108425617218018,
		0.792647123336792,
		0.01131588127464056,
		0.9999312162399292
	],
	"7. right_knee": [
		0.4803531765937805,
		0.868603527545929,
		-0.1679868847131729,
		0.9236681461334229
	],
	"8. right_ankle": [
		0.5137861371040344,
		0.8400804996490479,
		0.061923958361148834,
		0.4014228284358978
	],
	"14. left_shoulder": [
		0.5483927130699158,
		0.6543217301368713,
		-0.17864154279232025,
		0.9999234676361084
	],
	"15. left_elbow": [
		0.5653000473976135,
		0.7604532837867737,
		-0.19557538628578186,
		0.8752648234367371
	],
	"16. left_wrist": [
		0.5847588181495667,
		0.8412950038909912,
		-0.24003255367279053,
		0.733646810054779
	],
	"19. right_shoulder": [
		0.4855612814426422,
		0.6572046279907227,
		-0.15116827189922333,
		0.9999066591262817
	],
	"20. right_elbow": [
		0.5030021667480469,
		0.7670897841453552,
		-0.15833885967731476,
		0.9536844491958618
	],
	"21. right_wrist": [
		0.5130775570869446,
		0.8545790910720825,
		-0.21110162138938904,
		0.8976843357086182
	],
	"24. nose": [
		0.5073133707046509,
		0.5885305404663086,
		-0.2515302300453186,
		0.9999868869781494
	],
	"25. left_eye": [
		0.5155831575393677,
		0.576679527759552,
		-0.2409346103668213,
		0.9999682903289795
	],
	"26. right_eye": [
		0.5038965940475464,
		0.5751439332962036,
		-0.2413770854473114,
		0.999973714351654
	],
	"27. left_ear": [
		0.5265147089958191,
		0.5843473672866821,
		-0.2006111443042755,
		0.9999451041221619
	],
	"28. right_ear": [
		0.5031601190567017,
		0.5802835822105408,
		-0.17456692457199097,
		0.9999403357505798
	],
	"time stamp": 29.969946478656652
}