{
	"1. left_hip": [
		0.5308188199996948,
		0.7260981798171997,
		-0.0490005761384964,
		0.9999697804450989
	],
	"2. left_knee": [
		0.5200878381729126,
		0.8699726462364197,
		-0.12966294586658478,
		0.9352143406867981
	],
	"3. left_ankle": [
		0.5789764523506165,
		0.8408034443855286,
		0.07612358778715134,
		0.5268346071243286
	],
	"6. right_hip": [
		0.5009915828704834,
		0.737201452255249,
		0.04904477670788765,
		0.9999598860740662
	],
	"7. right_knee": [
		0.47961345314979553,
		0.8588134050369263,
		0.023833099752664566,
		0.9226676225662231
	],
	"8. right_ankle": [
		0.5441886782646179,
		0.832490086555481,
		0.1833604872226715,
		0.29524487257003784
	],
	"14. left_shoulder": [
		0.5080364346504211,
		0.5656962990760803,
		-0.1517200767993927,
		0.9999340176582336
	],
	"15. left_elbow": [
		0.5311946868896484,
		0.6600008010864258,
		-0.14141032099723816,
		0.9244449734687805
	],
	"16. left_wrist": [
		0.538206934928894,
		0.7488653659820557,
		-0.1756441295146942,
		0.7658239603042603
	],
	"19. right_shoulder": [
		0.4509221911430359,
		0.5723149180412292,
		-0.02699340507388115,
		0.9999268651008606
	],
	"20. right_elbow": [
		0.4574308395385742,
		0.6614958047866821,
		0.003486513625830412,
		0.8468701839447021
	],
	"21. right_wrist": [
		0.47645917534828186,
		0.7254797220230103,
		-0.0603884682059288,
		0.7103271484375
	],
	"24. nose": [
		0.4710928499698639,
		0.490914523601532,
		-0.2126772701740265,
		0.9999814629554749
	],
	"25. left_eye": [
		0.4808279871940613,
		0.48476189374923706,
		-0.20613166689872742,
		0.999960720539093
	],
	"26. right_eye": [
		0.4714098870754242,
		0.47876641154289246,
		-0.19670292735099792,
		0.9999602437019348
	],
	"27. left_ear": [
		0.49055367708206177,
		0.4975191354751587,
		-0.15331503748893738,
		0.9999321699142456
	],
	"28. right_ear": [
		0.47163066267967224,
		0.4854816496372223,
		-0.1128682866692543,
		0.9999372959136963
	],
	"time stamp": 29.969946478656652
}