{
	"1. left_hip": [
		0.5206308364868164,
		0.7165929079055786,
		-0.06877264380455017,
		0.9999741315841675
	],
	"2. left_knee": [
		0.4998132586479187,
		0.8700360655784607,
		-0.14949707686901093,
		0.9516904354095459
	],
	"3. left_ankle": [
		0.5714150071144104,
		0.8400716185569763,
		0.02417921833693981,
		0.6292773485183716
	],
	"6. right_hip": [
		0.49870190024375916,
		0.7196904420852661,
		0.06874175369739532,
		0.9999646544456482
	],
	"7. right_knee": [
		0.4799705147743225,
		0.8588473200798035,
		0.037519413977861404,
		0.8774309158325195
	],
	"8. right_ankle": [
		0.5523878335952759,
		0.8341538906097412,
		0.17491956055164337,
		0.27521228790283203
	],
	"14. left_shoulder": [
		0.4944020211696625,
		0.5484104752540588,
		-0.16506342589855194,
		0.9999501705169678
	],
	"15. left_elbow": [
		0.521683394908905,
		0.6399441957473755,
		-0.17365166544914246,
		0.9446112513542175
	],
	"16. left_wrist": [
		0.5270204544067383,
		0.7277414202690125,
		-0.1910473257303238,
		0.8273530602455139
	],
	"19. right_shoulder": [
		0.4504201412200928,
		0.5404234528541565,
		0.031213810667395592,
		0.9999212026596069
	],
	"20. right_elbow": [
		0.44010764360427856,
		0.6238417625427246,
		0.07730460911989212,
		0.8111640214920044
	],
	"21. right_wrist": [
		0.4490295946598053,
		0.6842759251594543,
		0.009750688448548317,
		0.7219941020011902
	],
	"24. nose": [
		0.4589817523956299,
		0.47600528597831726,
		-0.1899603307247162,
		0.9999812841415405
	],
	"25. left_eye": [
		0.46942782402038574,
		0.4670010507106781,
		-0.1841890513896942,
		0.9999660849571228
	],
	"26. right_eye": [
		0.4595569670200348,
		0.46206361055374146,
		-0.17184165120124817,
		0.9999572038650513
	],
	"27. left_ear": [
		0.48053956031799316,
		0.47515755891799927,
		-0.13407951593399048,
		0.9999439716339111
	],
	"28. right_ear": [
		0.46203380823135376,
		0.4651409685611725,
		-0.0799127072095871,
		0.9999378323554993
	],
	"time stamp": 29.969946478656652
}