{
	"1. left_hip": [
		0.5053428411483765,
		0.71367347240448,
		-0.0759059265255928,
		0.9999223351478577
	],
	"2. left_knee": [
		0.43550658226013184,
		0.7901762127876282,
		-0.16039539873600006,
		0.9681998491287231
	],
	"3. left_ankle": [
		0.497314453125,
		0.828522264957428,
		-0.019773809239268303,
		0.7567525506019592
	],
	"6. right_hip": [
		0.48953890800476074,
		0.7124976515769958,
		0.07582191377878189,
		0.9999479651451111
	],
	"7. right_knee": [
		0.4495019316673279,
		0.7956788539886475,
		0.06197018548846245,
		0.8236547112464905
	],
	"8. right_ankle": [
		0.5524148941040039,
		0.8245652914047241,
		0.10995342582464218,
		0.47722911834716797
	],
	"14. left_shoulder": [
		0.4804278016090393,
		0.5432111024856567,
		-0.15226168930530548,
		0.9998403191566467
	],
	"15. left_elbow": [
		0.48750510811805725,
		0.6492146849632263,
		-0.16843916475772858,
		0.9608948230743408
	],
	"16. left_wrist": [
		0.4752471446990967,
		0.7190902829170227,
		-0.1858283430337906,
		0.8705339431762695
	],
	"19. right_shoulder": [
		0.45204657316207886,
		0.5408071875572205,
		0.0622548870742321,
		0.9998629093170166
	],
	"20. right_elbow": [
		0.44867271184921265,
		0.6292800903320312,
		0.12317980825901031,
		0.6848644018173218
	],
	"21. right_wrist": [
		0.4183155596256256,
		0.6626487970352173,
		0.06942443549633026,
		0.7469706535339355
	],
	"24. nose": [
		0.4451634883880615,
		0.4714875817298889,
		-0.17593474686145782,
		0.9999673366546631
	],
	"25. left_eye": [
		0.45420020818710327,
		0.45898866653442383,
		-0.16973397135734558,
		0.9999539852142334
	],
	"26. right_eye": [
		0.44580912590026855,
		0.4574856162071228,
		-0.15491728484630585,
		0.999921441078186
	],
	"27. left_ear": [
		0.46670159697532654,
		0.46760961413383484,
		-0.12089456617832184,
		0.9999351501464844
	],
	"28. right_ear": [
		0.4527505338191986,
		0.46011561155319214,
		-0.05630240589380264,
		0.9999061822891235
	],
	"time stamp": 29.969946478656652
}