{
	"1. left_hip": [
		0.5041885375976562,
		0.7215156555175781,
		-0.07483372837305069,
		0.9999240040779114
	],
	"2. left_knee": [
		0.4598464369773865,
		0.8332809209823608,
		-0.1639946550130844,
		0.9711246490478516
	],
	"3. left_ankle": [
		0.5309454202651978,
		0.8477843403816223,
		-0.03804359212517738,
		0.7799103260040283
	],
	"6. right_hip": [
		0.48564261198043823,
		0.7145024538040161,
		0.07485141605138779,
		0.9999504685401917
	],
	"7. right_knee": [
		0.42450857162475586,
		0.757477343082428,
		-0.012844575569033623,
		0.8386669754981995
	],
	"8. right_ankle": [
		0.48087793588638306,
		0.8278495073318481,
		0.02201329730451107,
		0.5265631079673767
	],
	"14. left_shoulder": [
		0.47498399019241333,
		0.5484800338745117,
		-0.15534956753253937,
		0.9998281598091125
	],
	"15. left_elbow": [
		0.46691423654556274,
		0.6514673233032227,
		-0.1727631390094757,
		0.9632185697555542
	],
	"16. left_wrist": [
		0.4416406750679016,
		0.7040538191795349,
		-0.1788405179977417,
		0.8778887987136841
	],
	"19. right_shoulder": [
		0.4531157612800598,
		0.5439029932022095,
		0.07706058025360107,
		0.999855101108551
	],
	"20. right_elbow": [
		0.45050445199012756,
		0.6334103345870972,
		0.16047099232673645,
		0.6244505643844604
	],
	"21. right_wrist": [
		0.4175833761692047,
		0.6619590520858765,
		0.12339695543050766,
		0.6980087161064148
	],
	"24. nose": [
		0.44299763441085815,
		0.4731060564517975,
		-0.1745082139968872,
		0.9999674558639526
	],
	"25. left_eye": [
		0.452500581741333,
		0.4607239067554474,
		-0.16954007744789124,
		0.9999526739120483
	],
	"26. right_eye": [
		0.4431871771812439,
		0.45861321687698364,
		-0.15373802185058594,
		0.999923825263977
	],
	"27. left_ear": [
		0.46502789855003357,
		0.4703137278556824,
		-0.12194643169641495,
		0.9999340772628784
	],
	"28. right_ear": [
		0.4503381848335266,
		0.46189257502555847,
		-0.051987599581480026,
		0.9999071955680847
	],
	"time stamp": 29.969946478656652
}