{
	"1. left_hip": [
		0.4571164548397064,
		0.6266530156135559,
		-0.06695713102817535,
		0.999655544757843
	],
	"2. left_knee": [
		0.4111318588256836,
		0.7323470115661621,
		-0.039149895310401917,
		0.9656649231910706
	],
	"3. left_ankle": [
		0.43655309081077576,
		0.8650546669960022,
		0.04644528776407242,
		0.9458178281784058
	],
	"6. right_hip": [
		0.4786621630191803,
		0.6191682815551758,
		0.06682761013507843,
		0.9999189972877502
	],
	"7. right_knee": [
		0.4828832149505615,
		0.7660508751869202,
		0.04711566120386124,
		0.9235815405845642
	],
	"8. right_ankle": [
		0.5532091856002808,
		0.8301767110824585,
		0.06865669041872025,
		0.8895912170410156
	],
	"14. left_shoulder": [
		0.419288694858551,
		0.45385780930519104,
		-0.07217417657375336,
		0.9997414946556091
	],
	"15. left_elbow": [
		0.4019562304019928,
		0.5684614777565002,
		-0.07249011099338531,
		0.9631571173667908
	],
	"16. left_wrist": [
		0.3934083580970764,
		0.6538092494010925,
		0.03935618698596954,
		0.8459653854370117
	],
	"19. right_shoulder": [
		0.4580499529838562,
		0.43117555975914,
		0.1359243094921112,
		0.9998582601547241
	],
	"20. right_elbow": [
		0.46587157249450684,
		0.5422368049621582,
		0.19049356877803802,
		0.2328704595565796
	],
	"21. right_wrist": [
		0.45088839530944824,
		0.6154477596282959,
		0.24433167278766632,
		0.3141469955444336
	],
	"24. nose": [
		0.41560205817222595,
		0.37968796491622925,
		0.11766467243432999,
		0.9999319314956665
	],
	"25. left_eye": [
		0.4162290692329407,
		0.36838921904563904,
		0.09452621638774872,
		0.9999208450317383
	],
	"26. right_eye": [
		0.4189736247062683,
		0.3656933307647705,
		0.11293395608663559,
		0.9999164342880249
	],
	"27. left_ear": [
		0.4227368235588074,
		0.3762497007846832,
		0.014200484380126,
		0.9998820424079895
	],
	"28. right_ear": [
		0.42983072996139526,
		0.3712262809276581,
		0.09464187175035477,
		0.9999163150787354
	],
	"time stamp": 29.969946478656652
}