{
	"1. left_hip": [
		0.4448980391025543,
		0.5529332160949707,
		-0.027568304911255836,
		0.999782919883728
	],
	"2. left_knee": [
		0.43712273240089417,
		0.7177772521972656,
		-0.058502353727817535,
		0.9820033311843872
	],
	"3. left_ankle": [
		0.4370950758457184,
		0.8658044338226318,
		-0.04437023028731346,
		0.9732538461685181
	],
	"6. right_hip": [
		0.4849638342857361,
		0.5487679243087769,
		0.027485674247145653,
		0.9998233914375305
	],
	"7. right_knee": [
		0.48290833830833435,
		0.7067989110946655,
		0.024956725537776947,
		0.9542225003242493
	],
	"8. right_ankle": [
		0.4924718737602234,
		0.861092209815979,
		0.03509051725268364,
		0.9438971877098083
	],
	"14. left_shoulder": [
		0.41794371604919434,
		0.38673141598701477,
		-0.0166360754519701,
		0.9998655915260315
	],
	"15. left_elbow": [
		0.40689101815223694,
		0.5030518174171448,
		-0.03929968178272247,
		0.9807834625244141
	],
	"16. left_wrist": [
		0.410372257232666,
		0.6025573015213013,
		-0.008452380076050758,
		0.9060214161872864
	],
	"19. right_shoulder": [
		0.4774898588657379,
		0.3615339994430542,
		0.07821594178676605,
		0.9996107220649719
	],
	"20. right_elbow": [
		0.4958101212978363,
		0.46291384100914,
		0.09511508047580719,
		0.37221410870552063
	],
	"21. right_wrist": [
		0.4920934736728668,
		0.5273668766021729,
		0.11511600017547607,
		0.20566163957118988
	],
	"24. nose": [
		0.43939971923828125,
		0.30788755416870117,
		0.1786462366580963,
		0.9998144507408142
	],
	"25. left_eye": [
		0.4327471852302551,
		0.2985691428184509,
		0.1531580239534378,
		0.9998236894607544
	],
	"26. right_eye": [
		0.44394364953041077,
		0.2949308454990387,
		0.15956276655197144,
		0.9997495412826538
	],
	"27. left_ear": [
		0.42679744958877563,
		0.3061051070690155,
		0.06022775173187256,
		0.9998196959495544
	],
	"28. right_ear": [
		0.44902700185775757,
		0.29970741271972656,
		0.09097876399755478,
		0.999658465385437
	],
	"time stamp": 29.969946478656652
}