{
	"1. left_hip": [
		0.4441942572593689,
		0.5439832806587219,
		0.016787759959697723,
		0.9998346567153931
	],
	"2. left_knee": [
		0.4453791081905365,
		0.7096456289291382,
		-0.018375203013420105,
		0.9878244400024414
	],
	"3. left_ankle": [
		0.4407212734222412,
		0.8636519312858582,
		-0.03653929382562637,
		0.9813093543052673
	],
	"6. right_hip": [
		0.48574432730674744,
		0.5422079563140869,
		-0.01691475324332714,
		0.9998221397399902
	],
	"7. right_knee": [
		0.48543986678123474,
		0.7090648412704468,
		-0.012654456309974194,
		0.9689548015594482
	],
	"8. right_ankle": [
		0.4911351203918457,
		0.8616282343864441,
		-0.02194756641983986,
		0.9615020155906677
	],
	"14. left_shoulder": [
		0.4189280867576599,
		0.3794778287410736,
		0.1028997078537941,
		0.9999023079872131
	],
	"15. left_elbow": [
		0.4146009087562561,
		0.4890184700489044,
		0.08671228587627411,
		0.9847552180290222
	],
	"16. left_wrist": [
		0.41971930861473083,
		0.5797730088233948,
		0.09915761649608612,
		0.9053091406822205
	],
	"19. right_shoulder": [
		0.48207324743270874,
		0.34687405824661255,
		0.06924420595169067,
		0.9996532201766968
	],
	"20. right_elbow": [
		0.5038697123527527,
		0.4475093483924866,
		0.040216412395238876,
		0.5699504017829895
	],
	"21. right_wrist": [
		0.5091428160667419,
		0.5176406502723694,
		0.03936261311173439,
		0.302065908908844
	],
	"24. nose": [
		0.45551353693008423,
		0.2948864698410034,
		0.26100897789001465,
		0.9998390078544617
	],
	"25. left_eye": [
		0.4495430588722229,
		0.2844550907611847,
		0.2413547933101654,
		0.9998495578765869
	],
	"26. right_eye": [
		0.4590958058834076,
		0.28328937292099,
		0.23714685440063477,
		0.9997938871383667
	],
	"27. left_ear": [
		0.44076839089393616,
		0.289885938167572,
		0.1584727019071579,
		0.9998522400856018
	],
	"28. right_ear": [
		0.45974451303482056,
		0.28721514344215393,
		0.13792845606803894,
		0.9997167587280273
	],
	"time stamp": 29.969946478656652
}