{
	"1. left_hip": [
		0.4451640248298645,
		0.5438291430473328,
		0.02778744325041771,
		0.99985271692276
	],
	"2. left_knee": [
		0.44862985610961914,
		0.707452654838562,
		0.0006269865552894771,
		0.9895889163017273
	],
	"3. left_ankle": [
		0.44265037775039673,
		0.862248420715332,
		0.010460728779435158,
		0.9832843542098999
	],
	"6. right_hip": [
		0.4890429973602295,
		0.5432350039482117,
		-0.027909988537430763,
		0.9998224377632141
	],
	"7. right_knee": [
		0.48867082595825195,
		0.7095657587051392,
		-0.00527180265635252,
		0.9738855361938477
	],
	"8. right_ankle": [
		0.4900948405265808,
		0.8634300231933594,
		-0.005679982714354992,
		0.9673852920532227
	],
	"14. left_shoulder": [
		0.42793434858322144,
		0.3654343783855438,
		0.08682826906442642,
		0.9999142289161682
	],
	"15. left_elbow": [
		0.42699679732322693,
		0.467959463596344,
		0.07765932381153107,
		0.9815149307250977
	],
	"16. left_wrist": [
		0.4248120188713074,
		0.5737334489822388,
		0.08159156143665314,
		0.88564532995224
	],
	"19. right_shoulder": [
		0.4911874234676361,
		0.34578678011894226,
		0.013927343301475048,
		0.9996972680091858
	],
	"20. right_elbow": [
		0.5085757374763489,
		0.4507067799568176,
		0.012407357804477215,
		0.647110104560852
	],
	"21. right_wrist": [
		0.5158129930496216,
		0.5230586528778076,
		0.05320874601602554,
		0.38405027985572815
	],
	"24. nose": [
		0.4678874909877777,
		0.28908196091651917,
		0.21336126327514648,
		0.9998376965522766
	],
	"25. left_eye": [
		0.46155625581741333,
		0.2766757607460022,
		0.1951543390750885,
		0.9998549818992615
	],
	"26. right_eye": [
		0.47005313634872437,
		0.276650995016098,
		0.1896151304244995,
		0.9998036623001099
	],
	"27. left_ear": [
		0.4538668990135193,
		0.28061291575431824,
		0.1210775226354599,
		0.9998575448989868
	],
	"28. right_ear": [
		0.4700055718421936,
		0.2815802991390228,
		0.0917845219373703,
		0.9997402429580688
	],
	"time stamp": 29.969946478656652
}