{
	"1. left_hip": [
		0.45014968514442444,
		0.5493274927139282,
		0.04560159146785736,
		0.999849259853363
	],
	"2. left_knee": [
		0.4561285972595215,
		0.710154116153717,
		0.02883940562605858,
		0.9915820956230164
	],
	"3. left_ankle": [
		0.44455891847610474,
		0.8626391887664795,
		0.04116879031062126,
		0.9843137264251709
	],
	"6. right_hip": [
		0.49223846197128296,
		0.5486486554145813,
		-0.045762207359075546,
		0.9997616410255432
	],
	"7. right_knee": [
		0.49418553709983826,
		0.7127444744110107,
		-0.01210946124047041,
		0.9807168841362
	],
	"8. right_ankle": [
		0.49113789200782776,
		0.8663979172706604,
		0.009004497900605202,
		0.9748353362083435
	],
	"14. left_shoulder": [
		0.434673011302948,
		0.3680197298526764,
		0.09169638156890869,
		0.9999150633811951
	],
	"15. left_elbow": [
		0.4326498508453369,
		0.4631085693836212,
		0.09133253246545792,
		0.968384861946106
	],
	"16. left_wrist": [
		0.42906421422958374,
		0.5617275834083557,
		0.09414194524288177,
		0.8098373413085938
	],
	"19. right_shoulder": [
		0.5001873970031738,
		0.3483944833278656,
		-0.028175894170999527,
		0.9997373223304749
	],
	"20. right_elbow": [
		0.511189341545105,
		0.45233216881752014,
		-0.025191839784383774,
		0.7601513266563416
	],
	"21. right_wrist": [
		0.5198551416397095,
		0.5305206179618835,
		0.031472429633140564,
		0.4869860112667084
	],
	"24. nose": [
		0.47608137130737305,
		0.2854967415332794,
		0.18443801999092102,
		0.9998087882995605
	],
	"25. left_eye": [
		0.46995043754577637,
		0.2719453275203705,
		0.16975077986717224,
		0.9998462200164795
	],
	"26. right_eye": [
		0.47913020849227905,
		0.2721100449562073,
		0.15980525314807892,
		0.9997969269752502
	],
	"27. left_ear": [
		0.461723268032074,
		0.27773162722587585,
		0.10230819880962372,
		0.9998478293418884
	],
	"28. right_ear": [
		0.4795457720756531,
		0.27757641673088074,
		0.058883558958768845,
		0.9997602701187134
	],
	"time stamp": 29.969946478656652
}