{
	"1. left_hip": [
		0.4546182155609131,
		0.5509936213493347,
		0.048662327229976654,
		0.9998262524604797
	],
	"2. left_knee": [
		0.4595209062099457,
		0.711054801940918,
		0.05330023914575577,
		0.9915362000465393
	],
	"3. left_ankle": [
		0.44827136397361755,
		0.867040753364563,
		0.08397238701581955,
		0.9831417798995972
	],
	"6. right_hip": [
		0.49423569440841675,
		0.549802303314209,
		-0.04886581376194954,
		0.9997013807296753
	],
	"7. right_knee": [
		0.49492254853248596,
		0.7141627073287964,
		-0.01070503331720829,
		0.9838133454322815
	],
	"8. right_ankle": [
		0.4913620054721832,
		0.8698806762695312,
		0.02335919253528118,
		0.9782110452651978
	],
	"14. left_shoulder": [
		0.4381375312805176,
		0.3652149736881256,
		0.06997865438461304,
		0.9999154210090637
	],
	"15. left_elbow": [
		0.4329264163970947,
		0.46424606442451477,
		0.06475101411342621,
		0.9595159292221069
	],
	"16. left_wrist": [
		0.4306868016719818,
		0.5622164607048035,
		0.06614213436841965,
		0.751979649066925
	],
	"19. right_shoulder": [
		0.5041337013244629,
		0.3507000207901001,
		-0.05340830236673355,
		0.9997876882553101
	],
	"20. right_elbow": [
		0.5151233077049255,
		0.4542219936847687,
		-0.053798992186784744,
		0.8218995332717896
	],
	"21. right_wrist": [
		0.5250188112258911,
		0.5348447561264038,
		0.0007459208136424422,
		0.584818959236145
	],
	"24. nose": [
		0.4806548058986664,
		0.2804974615573883,
		0.14960242807865143,
		0.9998130202293396
	],
	"25. left_eye": [
		0.4743207097053528,
		0.2668594717979431,
		0.13416913151741028,
		0.9998544454574585
	],
	"26. right_eye": [
		0.48407039046287537,
		0.26760801672935486,
		0.1240510493516922,
		0.9998133182525635
	],
	"27. left_ear": [
		0.46608391404151917,
		0.27282392978668213,
		0.07435723394155502,
		0.9998499751091003
	],
	"28. right_ear": [
		0.48466452956199646,
		0.27522286772727966,
		0.028742721304297447,
		0.9997975826263428
	],
	"time stamp": 29.969946478656652
}