{
	"1. left_hip": [
		0.4592438340187073,
		0.55241858959198,
		0.0394618958234787,
		0.9997925758361816
	],
	"2. left_knee": [
		0.4675893187522888,
		0.711437463760376,
		0.06531092524528503,
		0.9900478720664978
	],
	"3. left_ankle": [
		0.4631544053554535,
		0.8668592572212219,
		0.11632893234491348,
		0.9803354740142822
	],
	"6. right_hip": [
		0.4990254044532776,
		0.5515673160552979,
		-0.039628300815820694,
		0.9996307492256165
	],
	"7. right_knee": [
		0.49608659744262695,
		0.7171826958656311,
		0.011881018057465553,
		0.9861215949058533
	],
	"8. right_ankle": [
		0.4913245737552643,
		0.8698697686195374,
		0.07057024538516998,
		0.9804822206497192
	],
	"14. left_shoulder": [
		0.4424656927585602,
		0.3621136546134949,
		0.0582098662853241,
		0.9999055862426758
	],
	"15. left_elbow": [
		0.4345227777957916,
		0.46045705676078796,
		0.05246097967028618,
		0.9577612280845642
	],
	"16. left_wrist": [
		0.4339730739593506,
		0.563621461391449,
		0.049747880548238754,
		0.7048198580741882
	],
	"19. right_shoulder": [
		0.5111616849899292,
		0.35020920634269714,
		-0.042833708226680756,
		0.9998366236686707
	],
	"20. right_elbow": [
		0.523014485836029,
		0.4549315571784973,
		-0.04551050066947937,
		0.8803486824035645
	],
	"21. right_wrist": [
		0.53160160779953,
		0.54831463098526,
		0.00479483837261796,
		0.6875554919242859
	],
	"24. nose": [
		0.4851447641849518,
		0.2738238275051117,
		0.15268589556217194,
		0.99980628490448
	],
	"25. left_eye": [
		0.4782010018825531,
		0.261074960231781,
		0.13567130267620087,
		0.999847948551178
	],
	"26. right_eye": [
		0.4896630644798279,
		0.26195698976516724,
		0.12759214639663696,
		0.999815046787262
	],
	"27. left_ear": [
		0.4704364240169525,
		0.2682892084121704,
		0.06958753615617752,
		0.9998341202735901
	],
	"28. right_ear": [
		0.49207496643066406,
		0.26945197582244873,
		0.03328646719455719,
		0.9998239278793335
	],
	"time stamp": 29.969946478656652
}