{
	"1. left_hip": [
		0.4609993100166321,
		0.5527037978172302,
		0.027968576177954674,
		0.9997796416282654
	],
	"2. left_knee": [
		0.468036413192749,
		0.7116714715957642,
		0.05547332018613815,
		0.99072265625
	],
	"3. left_ankle": [
		0.4654172956943512,
		0.866121232509613,
		0.10236956179141998,
		0.9812865257263184
	],
	"6. right_hip": [
		0.5003265142440796,
		0.5527911186218262,
		-0.028120627626776695,
		0.9996010065078735
	],
	"7. right_knee": [
		0.49604830145835876,
		0.7175232172012329,
		0.02446562796831131,
		0.9874288439750671
	],
	"8. right_ankle": [
		0.4913718104362488,
		0.8695089817047119,
		0.08011706918478012,
		0.9822118282318115
	],
	"14. left_shoulder": [
		0.44355541467666626,
		0.3614584505558014,
		0.04832841083407402,
		0.9999003410339355
	],
	"15. left_elbow": [
		0.4353850781917572,
		0.4608147144317627,
		0.04378470405936241,
		0.9578271508216858
	],
	"16. left_wrist": [
		0.4351564943790436,
		0.5626351237297058,
		0.046682942658662796,
		0.6937841773033142
	],
	"19. right_shoulder": [
		0.5132567286491394,
		0.3506219983100891,
		-0.03647146373987198,
		0.9998501539230347
	],
	"20. right_elbow": [
		0.5232580304145813,
		0.4571278989315033,
		-0.037561800330877304,
		0.9013621807098389
	],
	"21. right_wrist": [
		0.5316572189331055,
		0.5539554357528687,
		0.002380490070208907,
		0.7279530763626099
	],
	"24. nose": [
		0.48663464188575745,
		0.2742719352245331,
		0.15983514487743378,
		0.9998060464859009
	],
	"25. left_eye": [
		0.47964414954185486,
		0.26146945357322693,
		0.13945165276527405,
		0.9998463988304138
	],
	"26. right_eye": [
		0.4913538098335266,
		0.26263660192489624,
		0.13330259919166565,
		0.9998162984848022
	],
	"27. left_ear": [
		0.47222933173179626,
		0.26831507682800293,
		0.06914831697940826,
		0.999829888343811
	],
	"28. right_ear": [
		0.4937427043914795,
		0.27004140615463257,
		0.03705310449004173,
		0.99983149766922
	],
	"time stamp": 29.969946478656652
}