{
	"1. left_hip": [
		0.4615603983402252,
		0.5529239177703857,
		0.011062068864703178,
		0.9997745752334595
	],
	"2. left_knee": [
		0.46766066551208496,
		0.7129456996917725,
		0.04074864834547043,
		0.991435706615448
	],
	"3. left_ankle": [
		0.4652588963508606,
		0.8661088943481445,
		0.09488166868686676,
		0.9825084209442139
	],
	"6. right_hip": [
		0.5011082887649536,
		0.5541978478431702,
		-0.011189403012394905,
		0.9995843768119812
	],
	"7. right_knee": [
		0.4966217875480652,
		0.7178220152854919,
		0.03960942104458809,
		0.9882234334945679
	],
	"8. right_ankle": [
		0.49145880341529846,
		0.8693546652793884,
		0.09453662484884262,
		0.9833039045333862
	],
	"14. left_shoulder": [
		0.44410890340805054,
		0.36142438650131226,
		0.02349170669913292,
		0.9999008774757385
	],
	"15. left_elbow": [
		0.436162531375885,
		0.46094971895217896,
		0.01836535707116127,
		0.9598104953765869
	],
	"16. left_wrist": [
		0.4355894923210144,
		0.5629676580429077,
		0.029047638177871704,
		0.6985481381416321
	],
	"19. right_shoulder": [
		0.5143017768859863,
		0.3527795374393463,
		-0.020558370277285576,
		0.9998552799224854
	],
	"20. right_elbow": [
		0.5240758061408997,
		0.4618174135684967,
		-0.03219348564743996,
		0.9101994037628174
	],
	"21. right_wrist": [
		0.5313374996185303,
		0.5601125359535217,
		-0.002654866548255086,
		0.7454741597175598
	],
	"24. nose": [
		0.48633408546447754,
		0.27449992299079895,
		0.16010254621505737,
		0.9998123645782471
	],
	"25. left_eye": [
		0.47960227727890015,
		0.2617110311985016,
		0.13917173445224762,
		0.9998499155044556
	],
	"26. right_eye": [
		0.4912194609642029,
		0.26287841796875,
		0.13406138122081757,
		0.9998220205307007
	],
	"27. left_ear": [
		0.47249990701675415,
		0.2683938443660736,
		0.0589587464928627,
		0.999833881855011
	],
	"28. right_ear": [
		0.4937377870082855,
		0.27008581161499023,
		0.03861849755048752,
		0.9998376369476318
	],
	"time stamp": 29.969946478656652
}