{
	"1. left_hip": [
		0.46179765462875366,
		0.5530439615249634,
		-0.00048513044021092355,
		0.9997650980949402
	],
	"2. left_knee": [
		0.46721380949020386,
		0.7136659622192383,
		0.024596184492111206,
		0.9921399354934692
	],
	"3. left_ankle": [
		0.4656180441379547,
		0.8662213087081909,
		0.07063375413417816,
		0.9837234020233154
	],
	"6. right_hip": [
		0.5021451711654663,
		0.5552342534065247,
		0.00038178061367943883,
		0.9995592832565308
	],
	"7. right_knee": [
		0.4970948100090027,
		0.7179974317550659,
		0.04848214611411095,
		0.9889447689056396
	],
	"8. right_ankle": [
		0.4914742410182953,
		0.8690042495727539,
		0.09983427822589874,
		0.9843403100967407
	],
	"14. left_shoulder": [
		0.44468313455581665,
		0.36153846979141235,
		0.004464325495064259,
		0.9998990297317505
	],
	"15. left_elbow": [
		0.43670421838760376,
		0.4612635374069214,
		0.0011443097610026598,
		0.9616655707359314
	],
	"16. left_wrist": [
		0.43579500913619995,
		0.5630690455436707,
		0.01653461530804634,
		0.7058709859848022
	],
	"19. right_shoulder": [
		0.5154067277908325,
		0.35485967993736267,
		-0.012476285919547081,
		0.9998556971549988
	],
	"20. right_elbow": [
		0.523982048034668,
		0.4651798605918884,
		-0.029475316405296326,
		0.9173330068588257
	],
	"21. right_wrist": [
		0.5308806896209717,
		0.5630184412002563,
		-0.014157859608530998,
		0.7586260437965393
	],
	"24. nose": [
		0.4856370985507965,
		0.2743102014064789,
		0.15486834943294525,
		0.9998175501823425
	],
	"25. left_eye": [
		0.4788843095302582,
		0.2618370056152344,
		0.1319407969713211,
		0.9998521208763123
	],
	"26. right_eye": [
		0.4906690716743469,
		0.2629450559616089,
		0.1302289366722107,
		0.9998263120651245
	],
	"27. left_ear": [
		0.4720059931278229,
		0.26871874928474426,
		0.04645813629031181,
		0.9998366236686707
	],
	"28. right_ear": [
		0.49331721663475037,
		0.2702377438545227,
		0.03796284645795822,
		0.9998417496681213
	],
	"time stamp": 29.969946478656652
}