{
	"1. left_hip": [
		0.46234679222106934,
		0.55278480052948,
		-0.005982573144137859,
		0.999699056148529
	],
	"2. left_knee": [
		0.4679311215877533,
		0.7188370823860168,
		0.009442872367799282,
		0.9941915273666382
	],
	"3. left_ankle": [
		0.4687648415565491,
		0.8645037412643433,
		0.06079258769750595,
		0.9872470498085022
	],
	"6. right_hip": [
		0.5046606659889221,
		0.5531719923019409,
		0.005950908176600933,
		0.9993890523910522
	],
	"7. right_knee": [
		0.4949272572994232,
		0.7204163670539856,
		0.050903208553791046,
		0.9904945492744446
	],
	"8. right_ankle": [
		0.48814329504966736,
		0.8671560287475586,
		0.09494474530220032,
		0.9867307543754578
	],
	"14. left_shoulder": [
		0.4484085440635681,
		0.36193037033081055,
		-0.009623697027564049,
		0.9998872876167297
	],
	"15. left_elbow": [
		0.44032201170921326,
		0.46349093317985535,
		-0.01817825250327587,
		0.9699651002883911
	],
	"16. left_wrist": [
		0.4362185597419739,
		0.5617313981056213,
		0.005930502898991108,
		0.7531884908676147
	],
	"19. right_shoulder": [
		0.5163403749465942,
		0.3588421642780304,
		-0.01062740571796894,
		0.9998271465301514
	],
	"20. right_elbow": [
		0.5267192721366882,
		0.4679716229438782,
		-0.04680432751774788,
		0.9435489773750305
	],
	"21. right_wrist": [
		0.5311400294303894,
		0.5643740892410278,
		-0.049118198454380035,
		0.8024439215660095
	],
	"24. nose": [
		0.4857660233974457,
		0.2764066159725189,
		0.15043622255325317,
		0.9998278021812439
	],
	"25. left_eye": [
		0.4787421226501465,
		0.2646310329437256,
		0.12573742866516113,
		0.9998538494110107
	],
	"26. right_eye": [
		0.49098220467567444,
		0.2645680606365204,
		0.12706761062145233,
		0.9998314380645752
	],
	"27. left_ear": [
		0.4728737771511078,
		0.2717630863189697,
		0.03201865777373314,
		0.999846875667572
	],
	"28. right_ear": [
		0.49408966302871704,
		0.2720760703086853,
		0.03631984069943428,
		0.9998506307601929
	],
	"time stamp": 29.969946478656652
}