{
	"1. left_hip": [
		0.4620300233364105,
		0.5511354207992554,
		-0.00586765306070447,
		0.999683141708374
	],
	"2. left_knee": [
		0.4665747582912445,
		0.7190581560134888,
		0.013786112889647484,
		0.9956233501434326
	],
	"3. left_ankle": [
		0.46755170822143555,
		0.8617915511131287,
		0.058887969702482224,
		0.98935467004776
	],
	"6. right_hip": [
		0.5047850012779236,
		0.5516224503517151,
		0.005768177565187216,
		0.9993333220481873
	],
	"7. right_knee": [
		0.4964706301689148,
		0.7216602563858032,
		0.04979583993554115,
		0.9925051331520081
	],
	"8. right_ankle": [
		0.4900479316711426,
		0.8669185042381287,
		0.0952310785651207,
		0.9881721138954163
	],
	"14. left_shoulder": [
		0.45112165808677673,
		0.3620312213897705,
		0.01629924401640892,
		0.9998992681503296
	],
	"15. left_elbow": [
		0.4399940073490143,
		0.46377304196357727,
		0.004147919360548258,
		0.9784716963768005
	],
	"16. left_wrist": [
		0.43487006425857544,
		0.55859375,
		0.02124198153614998,
		0.7840057611465454
	],
	"19. right_shoulder": [
		0.518204391002655,
		0.3628646433353424,
		0.018232597038149834,
		0.9998086094856262
	],
	"20. right_elbow": [
		0.5265249013900757,
		0.47027358412742615,
		0.009368172846734524,
		0.9598680138587952
	],
	"21. right_wrist": [
		0.5317596197128296,
		0.5597987174987793,
		0.03777679055929184,
		0.7748255133628845
	],
	"24. nose": [
		0.48456230759620667,
		0.28008833527565,
		0.18480364978313446,
		0.9998536109924316
	],
	"25. left_eye": [
		0.4783424437046051,
		0.26852256059646606,
		0.16191202402114868,
		0.9998776316642761
	],
	"26. right_eye": [
		0.4907342493534088,
		0.26768749952316284,
		0.16143642365932465,
		0.9998587369918823
	],
	"27. left_ear": [
		0.4736812710762024,
		0.2751007378101349,
		0.07435528188943863,
		0.9998762607574463
	],
	"28. right_ear": [
		0.4946019649505615,
		0.2753688097000122,
		0.06954105198383331,
		0.9998792409896851
	],
	"time stamp": 29.969946478656652
}