{
	"1. left_hip": [
		0.461916983127594,
		0.5511453151702881,
		-0.004963918123394251,
		0.9996899962425232
	],
	"2. left_knee": [
		0.4665257930755615,
		0.7185688614845276,
		0.02732309140264988,
		0.9959714412689209
	],
	"3. left_ankle": [
		0.46743178367614746,
		0.8605276346206665,
		0.08103033900260925,
		0.9898888468742371
	],
	"6. right_hip": [
		0.5047397613525391,
		0.5517334342002869,
		0.004878432955592871,
		0.9993458390235901
	],
	"7. right_knee": [
		0.49657756090164185,
		0.721644401550293,
		0.05177741125226021,
		0.9928910732269287
	],
	"8. right_ankle": [
		0.4899429380893707,
		0.8657264709472656,
		0.1089826449751854,
		0.9885585904121399
	],
	"14. left_shoulder": [
		0.4512527883052826,
		0.36206161975860596,
		0.013442416675388813,
		0.9999052286148071
	],
	"15. left_elbow": [
		0.4398458003997803,
		0.4639835059642792,
		-0.0011112955398857594,
		0.980979859828949
	],
	"16. left_wrist": [
		0.4344809949398041,
		0.558563768863678,
		0.008311943151056767,
		0.7971419095993042
	],
	"19. right_shoulder": [
		0.5185626745223999,
		0.3628324866294861,
		0.013149119913578033,
		0.9998127222061157
	],
	"20. right_elbow": [
		0.5263806581497192,
		0.47031450271606445,
		0.0017938020173460245,
		0.9647467732429504
	],
	"21. right_wrist": [
		0.5316974520683289,
		0.5590635538101196,
		0.017203178256750107,
		0.7780696153640747
	],
	"24. nose": [
		0.4847544729709625,
		0.279941588640213,
		0.18315908312797546,
		0.9998636245727539
	],
	"25. left_eye": [
		0.47850027680397034,
		0.2682882845401764,
		0.15930715203285217,
		0.9998859167098999
	],
	"26. right_eye": [
		0.4908508360385895,
		0.267633318901062,
		0.15938475728034973,
		0.9998682737350464
	],
	"27. left_ear": [
		0.47389882802963257,
		0.27473872900009155,
		0.06962607055902481,
		0.9998853802680969
	],
	"28. right_ear": [
		0.4950076937675476,
		0.27533790469169617,
		0.06588813662528992,
		0.9998892545700073
	],
	"time stamp": 29.969946478656652
}