{
	"1. left_hip": [
		0.4610191881656647,
		0.5527752637863159,
		-0.001083622919395566,
		0.9996755719184875
	],
	"2. left_knee": [
		0.4682248532772064,
		0.719246506690979,
		0.034125037491321564,
		0.9953705072402954
	],
	"3. left_ankle": [
		0.4718852639198303,
		0.8595669865608215,
		0.08821333199739456,
		0.9902506470680237
	],
	"6. right_hip": [
		0.5005977749824524,
		0.5534347295761108,
		0.0010697722900658846,
		0.9992526769638062
	],
	"7. right_knee": [
		0.4910072684288025,
		0.7212040424346924,
		0.04805493727326393,
		0.9903172850608826
	],
	"8. right_ankle": [
		0.48556867241859436,
		0.8605737686157227,
		0.10824465751647949,
		0.9877417087554932
	],
	"14. left_shoulder": [
		0.450472891330719,
		0.3650956451892853,
		0.020049918442964554,
		0.9999220371246338
	],
	"15. left_elbow": [
		0.4408720135688782,
		0.4650132358074188,
		0.007409817073494196,
		0.9855567812919617
	],
	"16. left_wrist": [
		0.43552011251449585,
		0.5591185092926025,
		0.017644774168729782,
		0.8100584149360657
	],
	"19. right_shoulder": [
		0.5176725387573242,
		0.3655015826225281,
		0.005454815458506346,
		0.9996891617774963
	],
	"20. right_elbow": [
		0.5265175104141235,
		0.47420746088027954,
		0.00524276914075017,
		0.9714266061782837
	],
	"21. right_wrist": [
		0.5314310789108276,
		0.5592458844184875,
		0.0555371418595314,
		0.7507264018058777
	],
	"24. nose": [
		0.4883195757865906,
		0.2795340120792389,
		0.1824529618024826,
		0.9998493194580078
	],
	"25. left_eye": [
		0.48222118616104126,
		0.2675394117832184,
		0.15897397696971893,
		0.9998788237571716
	],
	"26. right_eye": [
		0.4934256970882416,
		0.2674444913864136,
		0.15749061107635498,
		0.9998446702957153
	],
	"27. left_ear": [
		0.4770321249961853,
		0.2743965685367584,
		0.06768254935741425,
		0.9998853802680969
	],
	"28. right_ear": [
		0.49568071961402893,
		0.2756422758102417,
		0.05845027416944504,
		0.9998791217803955
	],
	"time stamp": 29.969946478656652
}