{
	"1. left_hip": [
		0.46078166365623474,
		0.552826464176178,
		0.0010876312153413892,
		0.9996849894523621
	],
	"2. left_knee": [
		0.46796855330467224,
		0.7198445796966553,
		0.030576622113585472,
		0.9956044554710388
	],
	"3. left_ankle": [
		0.4710868299007416,
		0.8599758744239807,
		0.08729712665081024,
		0.9904836416244507
	],
	"6. right_hip": [
		0.5008532404899597,
		0.5534345507621765,
		-0.0010854786960408092,
		0.9992704391479492
	],
	"7. right_knee": [
		0.49111634492874146,
		0.721630334854126,
		0.04402688890695572,
		0.9907873272895813
	],
	"8. right_ankle": [
		0.48594778776168823,
		0.8607043623924255,
		0.09836456179618835,
		0.9878963828086853
	],
	"14. left_shoulder": [
		0.45007237792015076,
		0.3650401532649994,
		0.02867893874645233,
		0.9999265670776367
	],
	"15. left_elbow": [
		0.440302312374115,
		0.4643954932689667,
		0.015313258394598961,
		0.9872179627418518
	],
	"16. left_wrist": [
		0.4350230097770691,
		0.5574833154678345,
		0.02434922568500042,
		0.8129075169563293
	],
	"19. right_shoulder": [
		0.5175045728683472,
		0.3648984134197235,
		0.005763687659054995,
		0.9996951222419739
	],
	"20. right_elbow": [
		0.5257975459098816,
		0.47279930114746094,
		0.0074557950720191,
		0.9747545123100281
	],
	"21. right_wrist": [
		0.5313777327537537,
		0.5587145090103149,
		0.05577736347913742,
		0.7497414946556091
	],
	"24. nose": [
		0.4885896146297455,
		0.2795489430427551,
		0.18904396891593933,
		0.9998607635498047
	],
	"25. left_eye": [
		0.4821837544441223,
		0.267517626285553,
		0.1662186086177826,
		0.9998904466629028
	],
	"26. right_eye": [
		0.4936266541481018,
		0.267442524433136,
		0.16378481686115265,
		0.9998588562011719
	],
	"27. left_ear": [
		0.47691306471824646,
		0.27421483397483826,
		0.07600963115692139,
		0.9998972415924072
	],
	"28. right_ear": [
		0.4956696927547455,
		0.2755447328090668,
		0.06406448781490326,
		0.9998921155929565
	],
	"time stamp": 29.969946478656652
}