{
	"1. left_hip": [
		0.4593264162540436,
		0.5526444911956787,
		0.00043267180444672704,
		0.9996857047080994
	],
	"2. left_knee": [
		0.4631117880344391,
		0.7202146053314209,
		0.028180042281746864,
		0.996406614780426
	],
	"3. left_ankle": [
		0.466723769903183,
		0.8625508546829224,
		0.06908367574214935,
		0.9906883835792542
	],
	"6. right_hip": [
		0.5012935996055603,
		0.5532833933830261,
		-0.0004465824458748102,
		0.9993032217025757
	],
	"7. right_knee": [
		0.4940536618232727,
		0.7221047282218933,
		0.04976806044578552,
		0.9915280342102051
	],
	"8. right_ankle": [
		0.489990770816803,
		0.8640662431716919,
		0.1023346409201622,
		0.9874621033668518
	],
	"14. left_shoulder": [
		0.4481273591518402,
		0.3634161949157715,
		0.02449660561978817,
		0.9999310374259949
	],
	"15. left_elbow": [
		0.43620339035987854,
		0.46353399753570557,
		0.010665702633559704,
		0.9893726110458374
	],
	"16. left_wrist": [
		0.4308815896511078,
		0.5571286082267761,
		0.0201689712703228,
		0.8155758380889893
	],
	"19. right_shoulder": [
		0.5153858661651611,
		0.3623146414756775,
		0.011682691983878613,
		0.9997413158416748
	],
	"20. right_elbow": [
		0.523386538028717,
		0.47154781222343445,
		0.015332669019699097,
		0.9788963198661804
	],
	"21. right_wrist": [
		0.5314410924911499,
		0.5564628839492798,
		0.06257957965135574,
		0.7456474304199219
	],
	"24. nose": [
		0.48665863275527954,
		0.2790682017803192,
		0.18447525799274445,
		0.9998807907104492
	],
	"25. left_eye": [
		0.4797189235687256,
		0.2673127353191376,
		0.16253556311130524,
		0.9999077916145325
	],
	"26. right_eye": [
		0.49233561754226685,
		0.2672404944896698,
		0.16008701920509338,
		0.9998832941055298
	],
	"27. left_ear": [
		0.4738272726535797,
		0.2736976146697998,
		0.07458668947219849,
		0.9999135136604309
	],
	"28. right_ear": [
		0.4949726164340973,
		0.2751315236091614,
		0.06466694176197052,
		0.99991375207901
	],
	"time stamp": 29.969946478656652
}