{
	"1. left_hip": [
		0.45770224928855896,
		0.552372932434082,
		-0.006328089628368616,
		0.9996709823608398
	],
	"2. left_knee": [
		0.4621086120605469,
		0.7201040387153625,
		0.006914276629686356,
		0.996990442276001
	],
	"3. left_ankle": [
		0.4649946689605713,
		0.8638600707054138,
		0.03458115831017494,
		0.9911954998970032
	],
	"6. right_hip": [
		0.5007172226905823,
		0.5530288815498352,
		0.0062521398067474365,
		0.9993067383766174
	],
	"7. right_knee": [
		0.4947090744972229,
		0.7220563888549805,
		0.05049123242497444,
		0.9923011660575867
	],
	"8. right_ankle": [
		0.49180570244789124,
		0.8656312823295593,
		0.08734579384326935,
		0.9875084161758423
	],
	"14. left_shoulder": [
		0.4467741847038269,
		0.36292940378189087,
		0.029080117121338844,
		0.9999324679374695
	],
	"15. left_elbow": [
		0.4335899353027344,
		0.4626738131046295,
		0.020315958186984062,
		0.9901015758514404
	],
	"16. left_wrist": [
		0.42867511510849,
		0.5569124221801758,
		0.03686673566699028,
		0.8076208233833313
	],
	"19. right_shoulder": [
		0.5134037733078003,
		0.36229944229125977,
		0.025280561298131943,
		0.9997826814651489
	],
	"20. right_elbow": [
		0.5229552984237671,
		0.4708694517612457,
		0.02159281261265278,
		0.9817143082618713
	],
	"21. right_wrist": [
		0.5318530201911926,
		0.5561097264289856,
		0.057579390704631805,
		0.7592730522155762
	],
	"24. nose": [
		0.4836832880973816,
		0.27897584438323975,
		0.18712298572063446,
		0.9998973608016968
	],
	"25. left_eye": [
		0.47674840688705444,
		0.2673233449459076,
		0.16549938917160034,
		0.999919593334198
	],
	"26. right_eye": [
		0.48967990279197693,
		0.26726481318473816,
		0.16380436718463898,
		0.9999010562896729
	],
	"27. left_ear": [
		0.47095435857772827,
		0.2735704183578491,
		0.08209186792373657,
		0.9999237656593323
	],
	"28. right_ear": [
		0.4934285283088684,
		0.2750440239906311,
		0.07397257536649704,
		0.9999265670776367
	],
	"time stamp": 29.969946478656652
}