{
	"1. left_hip": [
		0.45687493681907654,
		0.5518392324447632,
		-0.011234358884394169,
		0.999662458896637
	],
	"2. left_knee": [
		0.4612967073917389,
		0.7206628322601318,
		0.002026426838710904,
		0.9974490404129028
	],
	"3. left_ankle": [
		0.4641656279563904,
		0.8680797815322876,
		0.0286306943744421,
		0.9915890693664551
	],
	"6. right_hip": [
		0.49959617853164673,
		0.5529718399047852,
		0.011172033846378326,
		0.9992969036102295
	],
	"7. right_knee": [
		0.49456578493118286,
		0.7222570776939392,
		0.053150586783885956,
		0.9929870367050171
	],
	"8. right_ankle": [
		0.49169641733169556,
		0.86603182554245,
		0.08904155343770981,
		0.9874337911605835
	],
	"14. left_shoulder": [
		0.44596415758132935,
		0.362259179353714,
		0.02402585744857788,
		0.9999345541000366
	],
	"15. left_elbow": [
		0.4320600628852844,
		0.4615015387535095,
		0.01601049304008484,
		0.9910984039306641
	],
	"16. left_wrist": [
		0.4256877899169922,
		0.5556625723838806,
		0.03350377082824707,
		0.8044334053993225
	],
	"19. right_shoulder": [
		0.5123301148414612,
		0.3626823127269745,
		0.029257718473672867,
		0.9998137354850769
	],
	"20. right_elbow": [
		0.522728681564331,
		0.4709608852863312,
		0.02899317815899849,
		0.9843311905860901
	],
	"21. right_wrist": [
		0.531474232673645,
		0.5578757524490356,
		0.06209609657526016,
		0.7718034386634827
	],
	"24. nose": [
		0.4821086823940277,
		0.2790367007255554,
		0.18381580710411072,
		0.999910831451416
	],
	"25. left_eye": [
		0.47546130418777466,
		0.2673550844192505,
		0.16173547506332397,
		0.9999293684959412
	],
	"26. right_eye": [
		0.4880024492740631,
		0.2673240602016449,
		0.16128069162368774,
		0.9999158978462219
	],
	"27. left_ear": [
		0.4697982370853424,
		0.2734888792037964,
		0.07916738092899323,
		0.9999321699142456
	],
	"28. right_ear": [
		0.4915637969970703,
		0.2750040590763092,
		0.07408348470926285,
		0.9999367594718933
	],
	"time stamp": 29.969946478656652
}