{
	"1. left_hip": [
		0.45673108100891113,
		0.551670253276825,
		-0.012974588200449944,
		0.9996588826179504
	],
	"2. left_knee": [
		0.46098312735557556,
		0.7211004495620728,
		-0.0029640377033501863,
		0.9975502490997314
	],
	"3. left_ankle": [
		0.46399617195129395,
		0.8690733313560486,
		0.02141869254410267,
		0.9916495680809021
	],
	"6. right_hip": [
		0.49941572546958923,
		0.5529491305351257,
		0.012918772175908089,
		0.9992832541465759
	],
	"7. right_knee": [
		0.4943820834159851,
		0.7224346399307251,
		0.05333058908581734,
		0.9931501150131226
	],
	"8. right_ankle": [
		0.4917474687099457,
		0.8664699792861938,
		0.08680464327335358,
		0.9872379899024963
	],
	"14. left_shoulder": [
		0.4455098509788513,
		0.36211687326431274,
		0.023880843073129654,
		0.9999349117279053
	],
	"15. left_elbow": [
		0.43183279037475586,
		0.46150216460227966,
		0.016397418454289436,
		0.9913022518157959
	],
	"16. left_wrist": [
		0.4251023828983307,
		0.5551697015762329,
		0.03773905336856842,
		0.8020367622375488
	],
	"19. right_shoulder": [
		0.5123472809791565,
		0.3630891442298889,
		0.03474187105894089,
		0.9998199939727783
	],
	"20. right_elbow": [
		0.5224815607070923,
		0.47095853090286255,
		0.03236151486635208,
		0.984985888004303
	],
	"21. right_wrist": [
		0.5308579206466675,
		0.5593820810317993,
		0.06116073578596115,
		0.7731812596321106
	],
	"24. nose": [
		0.4806838631629944,
		0.27903518080711365,
		0.18698354065418243,
		0.999914288520813
	],
	"25. left_eye": [
		0.4743090569972992,
		0.2673862874507904,
		0.16442140936851501,
		0.9999319911003113
	],
	"26. right_eye": [
		0.48677414655685425,
		0.26732492446899414,
		0.16474582254886627,
		0.9999197721481323
	],
	"27. left_ear": [
		0.46900635957717896,
		0.27348271012306213,
		0.07925403118133545,
		0.9999346137046814
	],
	"28. right_ear": [
		0.49088364839553833,
		0.2749212086200714,
		0.07821118086576462,
		0.9999392032623291
	],
	"time stamp": 29.969946478656652
}