{
	"1. left_hip": [
		0.4564310610294342,
		0.5511479377746582,
		-0.015616369433701038,
		0.999653160572052
	],
	"2. left_knee": [
		0.4607553482055664,
		0.7220443487167358,
		-0.005642941687256098,
		0.9977730512619019
	],
	"3. left_ankle": [
		0.46381059288978577,
		0.8698451519012451,
		0.01929767057299614,
		0.9917147755622864
	],
	"6. right_hip": [
		0.4988529682159424,
		0.5527409315109253,
		0.015574008226394653,
		0.999257504940033
	],
	"7. right_knee": [
		0.4935452938079834,
		0.7228660583496094,
		0.056144602596759796,
		0.9933822154998779
	],
	"8. right_ankle": [
		0.49180665612220764,
		0.8664727210998535,
		0.0875273048877716,
		0.9868228435516357
	],
	"14. left_shoulder": [
		0.44465142488479614,
		0.3618759214878082,
		0.023632820695638657,
		0.999936044216156
	],
	"15. left_elbow": [
		0.43146711587905884,
		0.4613177478313446,
		0.01829470880329609,
		0.9917585253715515
	],
	"16. left_wrist": [
		0.42428168654441833,
		0.5545520186424255,
		0.04218258708715439,
		0.801283597946167
	],
	"19. right_shoulder": [
		0.5120889544487,
		0.3632946312427521,
		0.04052813723683357,
		0.9998297691345215
	],
	"20. right_elbow": [
		0.5218786001205444,
		0.4703245460987091,
		0.03805945813655853,
		0.9860438704490662
	],
	"21. right_wrist": [
		0.5299076437950134,
		0.5606262683868408,
		0.06476786732673645,
		0.7739325165748596
	],
	"24. nose": [
		0.47822731733322144,
		0.27898237109184265,
		0.193951815366745,
		0.9999203085899353
	],
	"25. left_eye": [
		0.4722205102443695,
		0.2674795687198639,
		0.17114153504371643,
		0.9999364614486694
	],
	"26. right_eye": [
		0.48449191451072693,
		0.26724737882614136,
		0.17164339125156403,
		0.9999263882637024
	],
	"27. left_ear": [
		0.4673498570919037,
		0.2734058201313019,
		0.08352889865636826,
		0.9999390840530396
	],
	"28. right_ear": [
		0.4893125593662262,
		0.2743777334690094,
		0.08407090604305267,
		0.9999434947967529
	],
	"time stamp": 29.969946478656652
}