{
	"1. left_hip": [
		0.4563271999359131,
		0.5510979890823364,
		-0.015557914972305298,
		0.9996475577354431
	],
	"2. left_knee": [
		0.46074050664901733,
		0.7223396301269531,
		-0.005852865055203438,
		0.9978262186050415
	],
	"3. left_ankle": [
		0.4637145400047302,
		0.8701720237731934,
		0.018713761121034622,
		0.9917067289352417
	],
	"6. right_hip": [
		0.4986127018928528,
		0.5527135729789734,
		0.015508008189499378,
		0.999237060546875
	],
	"7. right_knee": [
		0.49326878786087036,
		0.7230876684188843,
		0.055800147354602814,
		0.9934659004211426
	],
	"8. right_ankle": [
		0.4920111298561096,
		0.8664354681968689,
		0.08641976863145828,
		0.9865105748176575
	],
	"14. left_shoulder": [
		0.4442654252052307,
		0.3618275225162506,
		0.02335130237042904,
		0.9999363422393799
	],
	"15. left_elbow": [
		0.4311879277229309,
		0.46133944392204285,
		0.017674291506409645,
		0.9918947815895081
	],
	"16. left_wrist": [
		0.4239622950553894,
		0.5545653700828552,
		0.040032826364040375,
		0.798126220703125
	],
	"19. right_shoulder": [
		0.511686384677887,
		0.36318841576576233,
		0.039146002382040024,
		0.9998326301574707
	],
	"20. right_elbow": [
		0.5215898752212524,
		0.46977150440216064,
		0.03505456820130348,
		0.9865645170211792
	],
	"21. right_wrist": [
		0.5294955372810364,
		0.5607081055641174,
		0.05911024287343025,
		0.7735642194747925
	],
	"24. nose": [
		0.47764793038368225,
		0.2789023816585541,
		0.1937238872051239,
		0.9999218583106995
	],
	"25. left_eye": [
		0.47167348861694336,
		0.2674848139286041,
		0.1707446128129959,
		0.9999375939369202
	],
	"26. right_eye": [
		0.48389166593551636,
		0.26717960834503174,
		0.17120051383972168,
		0.9999282956123352
	],
	"27. left_ear": [
		0.46677231788635254,
		0.2733924984931946,
		0.08248268067836761,
		0.9999402761459351
	],
	"28. right_ear": [
		0.48883384466171265,
		0.2740561068058014,
		0.08293342590332031,
		0.9999443292617798
	],
	"time stamp": 29.969946478656652
}