{
	"1. left_hip": [
		0.4558402895927429,
		0.5512902736663818,
		-0.013940580189228058,
		0.999653160572052
	],
	"2. left_knee": [
		0.46087080240249634,
		0.7220982313156128,
		-0.0009241802617907524,
		0.9980158805847168
	],
	"3. left_ankle": [
		0.463440477848053,
		0.8703073263168335,
		0.024214204400777817,
		0.9919893741607666
	],
	"6. right_hip": [
		0.4975086748600006,
		0.5526760816574097,
		0.013863529078662395,
		0.9992089867591858
	],
	"7. right_knee": [
		0.49327826499938965,
		0.7232866287231445,
		0.052062295377254486,
		0.9942771196365356
	],
	"8. right_ankle": [
		0.4939771592617035,
		0.8665910363197327,
		0.08079559355974197,
		0.9864825010299683
	],
	"14. left_shoulder": [
		0.4437727928161621,
		0.3621963858604431,
		0.030352234840393066,
		0.9999440908432007
	],
	"15. left_elbow": [
		0.4309898316860199,
		0.4615539610385895,
		0.022800080478191376,
		0.9932233691215515
	],
	"16. left_wrist": [
		0.42057809233665466,
		0.5566231608390808,
		0.043127477169036865,
		0.8258202075958252
	],
	"19. right_shoulder": [
		0.5106359720230103,
		0.3629401624202728,
		0.04723936691880226,
		0.9998486638069153
	],
	"20. right_elbow": [
		0.5216021537780762,
		0.4675397574901581,
		0.03782312944531441,
		0.9886603951454163
	],
	"21. right_wrist": [
		0.5294188261032104,
		0.5606752038002014,
		0.050985269248485565,
		0.7909946441650391
	],
	"24. nose": [
		0.47682905197143555,
		0.2783970534801483,
		0.2050866335630417,
		0.9999346137046814
	],
	"25. left_eye": [
		0.4709005355834961,
		0.2674811780452728,
		0.18169325590133667,
		0.9999467134475708
	],
	"26. right_eye": [
		0.4829637110233307,
		0.26676732301712036,
		0.18264290690422058,
		0.9999398589134216
	],
	"27. left_ear": [
		0.46605151891708374,
		0.27336227893829346,
		0.09042640030384064,
		0.9999487996101379
	],
	"28. right_ear": [
		0.48796582221984863,
		0.2735801339149475,
		0.09348011761903763,
		0.9999499320983887
	],
	"time stamp": 29.969946478656652
}