{
	"1. left_hip": [
		0.4552212357521057,
		0.5525587201118469,
		-0.012680405750870705,
		0.9996658563613892
	],
	"2. left_knee": [
		0.46394914388656616,
		0.7202436923980713,
		0.013853877782821655,
		0.9981764554977417
	],
	"3. left_ankle": [
		0.46547985076904297,
		0.8659719824790955,
		0.061527837067842484,
		0.9922093749046326
	],
	"6. right_hip": [
		0.4963095784187317,
		0.5526782870292664,
		0.012585984542965889,
		0.999214231967926
	],
	"7. right_knee": [
		0.4937756061553955,
		0.7219021916389465,
		0.054231517016887665,
		0.9948136806488037
	],
	"8. right_ankle": [
		0.4945901036262512,
		0.8664721250534058,
		0.10210181772708893,
		0.9872910976409912
	],
	"14. left_shoulder": [
		0.4434414505958557,
		0.36326488852500916,
		0.014014573767781258,
		0.9999478459358215
	],
	"15. left_elbow": [
		0.43038153648376465,
		0.46216776967048645,
		-0.00010110525181517005,
		0.9942753314971924
	],
	"16. left_wrist": [
		0.41477131843566895,
		0.5574769973754883,
		0.016047166660428047,
		0.8579950928688049
	],
	"19. right_shoulder": [
		0.5099685788154602,
		0.3633594810962677,
		0.03085985779762268,
		0.9998445510864258
	],
	"20. right_elbow": [
		0.5220915675163269,
		0.46695348620414734,
		0.0016913252184167504,
		0.9891270399093628
	],
	"21. right_wrist": [
		0.5297622084617615,
		0.55925452709198,
		-0.007110929582268,
		0.804305374622345
	],
	"24. nose": [
		0.47580772638320923,
		0.27814990282058716,
		0.1896205097436905,
		0.9999428391456604
	],
	"25. left_eye": [
		0.46961498260498047,
		0.26801422238349915,
		0.16564372181892395,
		0.9999526143074036
	],
	"26. right_eye": [
		0.48203325271606445,
		0.2666134238243103,
		0.16669800877571106,
		0.9999465942382812
	],
	"27. left_ear": [
		0.4648650586605072,
		0.2736281454563141,
		0.07282976806163788,
		0.999955415725708
	],
	"28. right_ear": [
		0.48748698830604553,
		0.2728348970413208,
		0.07609818130731583,
		0.99995356798172
	],
	"time stamp": 29.969946478656652
}