{
	"1. left_hip": [
		0.4537692070007324,
		0.5538570880889893,
		-0.013028925284743309,
		0.999670147895813
	],
	"2. left_knee": [
		0.4651053845882416,
		0.7202596068382263,
		0.013095776550471783,
		0.9981690049171448
	],
	"3. left_ankle": [
		0.46662911772727966,
		0.8650275468826294,
		0.05999361723661423,
		0.9920768737792969
	],
	"6. right_hip": [
		0.49521011114120483,
		0.5531454682350159,
		0.012945955619215965,
		0.9992251396179199
	],
	"7. right_knee": [
		0.49357905983924866,
		0.7215076088905334,
		0.05569709464907646,
		0.9948053359985352
	],
	"8. right_ankle": [
		0.4945709705352783,
		0.8657287359237671,
		0.10445688664913177,
		0.9872736930847168
	],
	"14. left_shoulder": [
		0.4428904950618744,
		0.36438310146331787,
		0.011504570953547955,
		0.9999482035636902
	],
	"15. left_elbow": [
		0.4298921525478363,
		0.46499404311180115,
		-0.00531295221298933,
		0.9945775866508484
	],
	"16. left_wrist": [
		0.4120482802391052,
		0.5575200319290161,
		0.012821793556213379,
		0.866382896900177
	],
	"19. right_shoulder": [
		0.5085231065750122,
		0.36473023891448975,
		0.03231852129101753,
		0.9998418092727661
	],
	"20. right_elbow": [
		0.5223907828330994,
		0.467826247215271,
		-0.0012180001940578222,
		0.9891950488090515
	],
	"21. right_wrist": [
		0.5295880436897278,
		0.5592201352119446,
		-0.020876694470643997,
		0.807384192943573
	],
	"24. nose": [
		0.4749884605407715,
		0.27895933389663696,
		0.1906452775001526,
		0.9999452829360962
	],
	"25. left_eye": [
		0.4686500132083893,
		0.2690880298614502,
		0.16645053029060364,
		0.9999546408653259
	],
	"26. right_eye": [
		0.481119304895401,
		0.26750627160072327,
		0.16784606873989105,
		0.9999488592147827
	],
	"27. left_ear": [
		0.46375927329063416,
		0.2745463252067566,
		0.07255613058805466,
		0.9999579191207886
	],
	"28. right_ear": [
		0.48670536279678345,
		0.27314332127571106,
		0.07748890668153763,
		0.9999554753303528
	],
	"time stamp": 29.969946478656652
}