{
	"1. left_hip": [
		0.45111212134361267,
		0.5588096380233765,
		-0.007580036763101816,
		0.9996723532676697
	],
	"2. left_knee": [
		0.4664642810821533,
		0.7199424505233765,
		0.01761026307940483,
		0.9980322122573853
	],
	"3. left_ankle": [
		0.46692222356796265,
		0.8635815382003784,
		0.06664548814296722,
		0.9916842579841614
	],
	"6. right_hip": [
		0.49325886368751526,
		0.5561261773109436,
		0.007479005493223667,
		0.9992426633834839
	],
	"7. right_knee": [
		0.4926345944404602,
		0.7209141850471497,
		0.05170166492462158,
		0.9946410059928894
	],
	"8. right_ankle": [
		0.49454912543296814,
		0.8650990128517151,
		0.10130530595779419,
		0.987308144569397
	],
	"14. left_shoulder": [
		0.4407062530517578,
		0.36625662446022034,
		0.009031804278492928,
		0.9999459981918335
	],
	"15. left_elbow": [
		0.4272107481956482,
		0.4700488746166229,
		-0.008457176387310028,
		0.9950267672538757
	],
	"16. left_wrist": [
		0.4083314538002014,
		0.558164656162262,
		0.006534399930387735,
		0.8797785639762878
	],
	"19. right_shoulder": [
		0.5060979127883911,
		0.36741289496421814,
		0.014010998420417309,
		0.9998359680175781
	],
	"20. right_elbow": [
		0.5225673913955688,
		0.46909672021865845,
		-0.01589791104197502,
		0.9894992709159851
	],
	"21. right_wrist": [
		0.5294649004936218,
		0.5584545731544495,
		-0.02320629358291626,
		0.816506028175354
	],
	"24. nose": [
		0.4739241600036621,
		0.28108298778533936,
		0.18355190753936768,
		0.9999488592147827
	],
	"25. left_eye": [
		0.467166006565094,
		0.27127817273139954,
		0.1585443764925003,
		0.9999575018882751
	],
	"26. right_eye": [
		0.4799118936061859,
		0.2696429491043091,
		0.15956434607505798,
		0.9999520778656006
	],
	"27. left_ear": [
		0.46150293946266174,
		0.2766537666320801,
		0.06301649659872055,
		0.9999616146087646
	],
	"28. right_ear": [
		0.48516884446144104,
		0.27448219060897827,
		0.06621959805488586,
		0.9999582171440125
	],
	"time stamp": 29.969946478656652
}