{
	"1. left_hip": [
		0.4294772148132324,
		0.5619655847549438,
		0.07449129223823547,
		0.9988992214202881
	],
	"2. left_knee": [
		0.4450971186161041,
		0.6993671655654907,
		0.07376231998205185,
		0.6948238611221313
	],
	"3. left_ankle": [
		0.43116846680641174,
		0.8424217104911804,
		0.1137503832578659,
		0.8173012733459473
	],
	"6. right_hip": [
		0.41255027055740356,
		0.5640740394592285,
		-0.074546217918396,
		0.9987550973892212
	],
	"7. right_knee": [
		0.44929343461990356,
		0.6988969445228577,
		-0.10000121593475342,
		0.9682592749595642
	],
	"8. right_ankle": [
		0.43356186151504517,
		0.8512033820152283,
		-0.06272128969430923,
		0.9755797982215881
	],
	"14. left_shoulder": [
		0.4534320831298828,
		0.3737238943576813,
		0.08070388436317444,
		0.999204695224762
	],
	"15. left_elbow": [
		0.5016951560974121,
		0.33734869956970215,
		0.09321807324886322,
		0.6710262298583984
	],
	"16. left_wrist": [
		0.5465657114982605,
		0.30679062008857727,
		0.034060586243867874,
		0.6071025133132935
	],
	"19. right_shoulder": [
		0.40506190061569214,
		0.37891897559165955,
		-0.13266006112098694,
		0.9997639656066895
	],
	"20. right_elbow": [
		0.4078424870967865,
		0.42715543508529663,
		-0.26948654651641846,
		0.9548951387405396
	],
	"21. right_wrist": [
		0.429169237613678,
		0.43944069743156433,
		-0.3877052366733551,
		0.8116981387138367
	],
	"24. nose": [
		0.44338974356651306,
		0.29821139574050903,
		-0.09957079589366913,
		0.999855101108551
	],
	"25. left_eye": [
		0.4429112374782562,
		0.28864672780036926,
		-0.08041684329509735,
		0.999829113483429
	],
	"26. right_eye": [
		0.4353596270084381,
		0.2881973385810852,
		-0.0998663678765297,
		0.9998741149902344
	],
	"27. left_ear": [
		0.4365762770175934,
		0.2961376905441284,
		0.006718235556036234,
		0.9997616410255432
	],
	"28. right_ear": [
		0.42256850004196167,
		0.29741209745407104,
		-0.08286633342504501,
		0.9999012351036072
	],
	"time stamp": 29.969946478656652
}