{
	"1. left_hip": [
		0.4304371774196625,
		0.550534188747406,
		0.0690527930855751,
		0.9991495013237
	],
	"2. left_knee": [
		0.44056010246276855,
		0.6982316970825195,
		0.006486962549388409,
		0.702337384223938
	],
	"3. left_ankle": [
		0.43025264143943787,
		0.8463769555091858,
		0.04484904929995537,
		0.8130927681922913
	],
	"6. right_hip": [
		0.4013819694519043,
		0.548430323600769,
		-0.06917568296194077,
		0.999000072479248
	],
	"7. right_knee": [
		0.4162943363189697,
		0.6945208311080933,
		-0.11366923898458481,
		0.9712452292442322
	],
	"8. right_ankle": [
		0.3820120096206665,
		0.8212239742279053,
		-0.04850442707538605,
		0.975920557975769
	],
	"14. left_shoulder": [
		0.44875746965408325,
		0.35932520031929016,
		0.1279093474149704,
		0.9994010329246521
	],
	"15. left_elbow": [
		0.48243218660354614,
		0.2941708564758301,
		0.07989198714494705,
		0.7487171292304993
	],
	"16. left_wrist": [
		0.5103021860122681,
		0.22548086941242218,
		-0.006983655504882336,
		0.709637463092804
	],
	"19. right_shoulder": [
		0.39005446434020996,
		0.3725613057613373,
		-0.043251585215330124,
		0.9997838735580444
	],
	"20. right_elbow": [
		0.41278600692749023,
		0.40690892934799194,
		-0.2280445098876953,
		0.9570884108543396
	],
	"21. right_wrist": [
		0.43111294507980347,
		0.43268823623657227,
		-0.3640153706073761,
		0.8424047231674194
	],
	"24. nose": [
		0.4227721691131592,
		0.2980993688106537,
		-0.0592782087624073,
		0.9998929500579834
	],
	"25. left_eye": [
		0.42694348096847534,
		0.2884187400341034,
		-0.04731142893433571,
		0.999872088432312
	],
	"26. right_eye": [
		0.41566014289855957,
		0.28792205452919006,
		-0.05129344388842583,
		0.9999065399169922
	],
	"27. left_ear": [
		0.4294632375240326,
		0.2969333231449127,
		0.076457679271698,
		0.9998225569725037
	],
	"28. right_ear": [
		0.40725868940353394,
		0.29812267422676086,
		0.0076208291575312614,
		0.9999269247055054
	],
	"time stamp": 29.969946478656652
}