{
	"1. left_hip": [
		0.42306002974510193,
		0.5468515753746033,
		0.04615429416298866,
		0.9992986917495728
	],
	"2. left_knee": [
		0.4385662078857422,
		0.7003161907196045,
		0.00846004206687212,
		0.7511431574821472
	],
	"3. left_ankle": [
		0.4320767819881439,
		0.8491961359977722,
		0.08312998712062836,
		0.8427848219871521
	],
	"6. right_hip": [
		0.3883349895477295,
		0.5434104800224304,
		-0.04618820548057556,
		0.9991650581359863
	],
	"7. right_knee": [
		0.3728218376636505,
		0.698074996471405,
		-0.1007947325706482,
		0.9744833111763
	],
	"8. right_ankle": [
		0.3437231183052063,
		0.8270858526229858,
		0.00921779777854681,
		0.9790981411933899
	],
	"14. left_shoulder": [
		0.4280267357826233,
		0.35488003492355347,
		0.10836441814899445,
		0.9994478225708008
	],
	"15. left_elbow": [
		0.4419679045677185,
		0.2709778845310211,
		0.0018736524507403374,
		0.7826338410377502
	],
	"16. left_wrist": [
		0.43632403016090393,
		0.18011339008808136,
		-0.12017102539539337,
		0.7572552561759949
	],
	"19. right_shoulder": [
		0.3748834729194641,
		0.3609100878238678,
		-0.04643092676997185,
		0.9997881054878235
	],
	"20. right_elbow": [
		0.3974496126174927,
		0.4013045132160187,
		-0.13237498700618744,
		0.9605445265769958
	],
	"21. right_wrist": [
		0.42186442017555237,
		0.38324248790740967,
		-0.14136452972888947,
		0.860308051109314
	],
	"24. nose": [
		0.4014902114868164,
		0.301134318113327,
		-0.07326791435480118,
		0.9999087452888489
	],
	"25. left_eye": [
		0.4097057282924652,
		0.2922760546207428,
		-0.052358560264110565,
		0.9998853206634521
	],
	"26. right_eye": [
		0.3974439203739166,
		0.2890250086784363,
		-0.06609945744276047,
		0.999920129776001
	],
	"27. left_ear": [
		0.41582101583480835,
		0.2991686463356018,
		0.054756343364715576,
		0.9998331665992737
	],
	"28. right_ear": [
		0.39371371269226074,
		0.2952367961406708,
		-0.009282058104872704,
		0.9999387264251709
	],
	"time stamp": 29.969946478656652
}