{
	"1. left_hip": [
		0.39232635498046875,
		0.5947746634483337,
		0.010406548157334328,
		0.9995618462562561
	],
	"2. left_knee": [
		0.42428508400917053,
		0.716697096824646,
		-0.040622055530548096,
		0.8611080050468445
	],
	"3. left_ankle": [
		0.4424428939819336,
		0.8446823954582214,
		0.09064500033855438,
		0.910896360874176
	],
	"6. right_hip": [
		0.35259750485420227,
		0.5883850455284119,
		-0.0104519696906209,
		0.9994651675224304
	],
	"7. right_knee": [
		0.3390564024448395,
		0.7302969098091125,
		-0.014498640783131123,
		0.9834617972373962
	],
	"8. right_ankle": [
		0.3266485929489136,
		0.8536417484283447,
		0.1034587025642395,
		0.9858863949775696
	],
	"14. left_shoulder": [
		0.4144898056983948,
		0.3998083770275116,
		-0.04234332591295242,
		0.9987325072288513
	],
	"15. left_elbow": [
		0.40615296363830566,
		0.30564746260643005,
		-0.004776657093316317,
		0.8518511652946472
	],
	"16. left_wrist": [
		0.3656284213066101,
		0.3105723261833191,
		0.1241442933678627,
		0.6726598143577576
	],
	"19. right_shoulder": [
		0.35960838198661804,
		0.4093255400657654,
		-0.07905276864767075,
		0.9990432858467102
	],
	"20. right_elbow": [
		0.3791808485984802,
		0.37758368253707886,
		-0.034035664051771164,
		0.9413636326789856
	],
	"21. right_wrist": [
		0.4118514657020569,
		0.35738855600357056,
		0.06913676857948303,
		0.7411546111106873
	],
	"24. nose": [
		0.37379056215286255,
		0.3545433580875397,
		-0.2362876832485199,
		0.9998623132705688
	],
	"25. left_eye": [
		0.3818863034248352,
		0.338578462600708,
		-0.22165140509605408,
		0.9997931122779846
	],
	"26. right_eye": [
		0.3692914843559265,
		0.3429430425167084,
		-0.21839690208435059,
		0.999799370765686
	],
	"27. left_ear": [
		0.3943381905555725,
		0.33986979722976685,
		-0.12835779786109924,
		0.9997678399085999
	],
	"28. right_ear": [
		0.3691277801990509,
		0.3456905484199524,
		-0.10896186530590057,
		0.9998161792755127
	],
	"time stamp": 29.969946478656652
}