{
	"1. left_hip": [
		0.3959754407405853,
		0.5744893550872803,
		-0.0029633475933223963,
		0.9997678399085999
	],
	"2. left_knee": [
		0.43118834495544434,
		0.7087187767028809,
		-0.038497842848300934,
		0.943112850189209
	],
	"3. left_ankle": [
		0.4500083029270172,
		0.8417467474937439,
		0.057559262961149216,
		0.9618368148803711
	],
	"6. right_hip": [
		0.3575524687767029,
		0.5704802870750427,
		0.0028298499528318644,
		0.9996926188468933
	],
	"7. right_knee": [
		0.3400585651397705,
		0.7216596007347107,
		-0.017253629863262177,
		0.9895947575569153
	],
	"8. right_ankle": [
		0.32462966442108154,
		0.8513627052307129,
		0.07839783281087875,
		0.9900418519973755
	],
	"14. left_shoulder": [
		0.40998202562332153,
		0.3838014304637909,
		-0.09451078623533249,
		0.9993478059768677
	],
	"15. left_elbow": [
		0.4083840250968933,
		0.28096503019332886,
		-0.13798686861991882,
		0.9214844107627869
	],
	"16. left_wrist": [
		0.3830387592315674,
		0.24673135578632355,
		-0.14315733313560486,
		0.7938857078552246
	],
	"19. right_shoulder": [
		0.36108967661857605,
		0.38821664452552795,
		-0.07642664760351181,
		0.9993329644203186
	],
	"20. right_elbow": [
		0.3427618145942688,
		0.3215506970882416,
		-0.06825144588947296,
		0.9111027717590332
	],
	"21. right_wrist": [
		0.3331896662712097,
		0.2887031137943268,
		-0.11951000988483429,
		0.7996546030044556
	],
	"24. nose": [
		0.37852707505226135,
		0.35271766781806946,
		-0.22345492243766785,
		0.9999136328697205
	],
	"25. left_eye": [
		0.38424399495124817,
		0.3405563533306122,
		-0.211598202586174,
		0.9998764991760254
	],
	"26. right_eye": [
		0.3729565739631653,
		0.3446502387523651,
		-0.206067755818367,
		0.9998465776443481
	],
	"27. left_ear": [
		0.39197587966918945,
		0.3395227789878845,
		-0.12971751391887665,
		0.9998726844787598
	],
	"28. right_ear": [
		0.37163931131362915,
		0.34538137912750244,
		-0.10327450931072235,
		0.9998090863227844
	],
	"time stamp": 29.969946478656652
}