{
	"1. left_hip": [
		0.40142202377319336,
		0.568793535232544,
		0.00042569852666929364,
		0.9997884035110474
	],
	"2. left_knee": [
		0.4339071214199066,
		0.7059460282325745,
		-0.01830938272178173,
		0.9523946046829224
	],
	"3. left_ankle": [
		0.45038318634033203,
		0.8395792841911316,
		0.08070330321788788,
		0.9677239656448364
	],
	"6. right_hip": [
		0.36395448446273804,
		0.5657241940498352,
		-0.0005577952251769602,
		0.9997156858444214
	],
	"7. right_knee": [
		0.34246793389320374,
		0.7178744077682495,
		-0.015891818329691887,
		0.9904152750968933
	],
	"8. right_ankle": [
		0.3251210153102875,
		0.8500552773475647,
		0.08342096209526062,
		0.990416407585144
	],
	"14. left_shoulder": [
		0.41290283203125,
		0.37547051906585693,
		-0.14489586651325226,
		0.9993777871131897
	],
	"15. left_elbow": [
		0.41600117087364197,
		0.28236526250839233,
		-0.20763254165649414,
		0.9348369836807251
	],
	"16. left_wrist": [
		0.3979283273220062,
		0.23783718049526215,
		-0.26996278762817383,
		0.8277713656425476
	],
	"19. right_shoulder": [
		0.36366182565689087,
		0.3785563111305237,
		-0.13670620322227478,
		0.999241054058075
	],
	"20. right_elbow": [
		0.34839245676994324,
		0.30266839265823364,
		-0.160775825381279,
		0.923539936542511
	],
	"21. right_wrist": [
		0.341236412525177,
		0.24559684097766876,
		-0.19409438967704773,
		0.8205894827842712
	],
	"24. nose": [
		0.3864629566669464,
		0.3447306454181671,
		-0.3061794638633728,
		0.9999273419380188
	],
	"25. left_eye": [
		0.39072519540786743,
		0.3336646258831024,
		-0.2922216057777405,
		0.9998956918716431
	],
	"26. right_eye": [
		0.3798561692237854,
		0.3367970883846283,
		-0.29190921783447266,
		0.9998692870140076
	],
	"27. left_ear": [
		0.3968232274055481,
		0.33065053820610046,
		-0.1961490511894226,
		0.9998929500579834
	],
	"28. right_ear": [
		0.37644752860069275,
		0.3352120816707611,
		-0.1912355273962021,
		0.9998393654823303
	],
	"time stamp": 29.969946478656652
}