{
	"1. left_hip": [
		0.4065074920654297,
		0.5638836622238159,
		0.00032677530543878675,
		0.9998060464859009
	],
	"2. left_knee": [
		0.4358670115470886,
		0.7050994038581848,
		-0.02229393646121025,
		0.9563964009284973
	],
	"3. left_ankle": [
		0.4510575234889984,
		0.8395341634750366,
		0.09624433517456055,
		0.9700145721435547
	],
	"6. right_hip": [
		0.3689601421356201,
		0.5627673864364624,
		-0.0004977287026122212,
		0.9997401237487793
	],
	"7. right_knee": [
		0.34635069966316223,
		0.716499924659729,
		-0.007661594543606043,
		0.9907997250556946
	],
	"8. right_ankle": [
		0.32559069991111755,
		0.8500008583068848,
		0.1022750735282898,
		0.9904248118400574
	],
	"14. left_shoulder": [
		0.4143621027469635,
		0.37314632534980774,
		-0.122581347823143,
		0.9994117021560669
	],
	"15. left_elbow": [
		0.42715024948120117,
		0.28986072540283203,
		-0.2996269464492798,
		0.9406313896179199
	],
	"16. left_wrist": [
		0.4122590124607086,
		0.2315562516450882,
		-0.4529893398284912,
		0.8424249887466431
	],
	"19. right_shoulder": [
		0.3641977310180664,
		0.36965370178222656,
		-0.12876884639263153,
		0.9993026852607727
	],
	"20. right_elbow": [
		0.35406166315078735,
		0.28585511445999146,
		-0.2952238917350769,
		0.9309736490249634
	],
	"21. right_wrist": [
		0.35681697726249695,
		0.21396228671073914,
		-0.4206084609031677,
		0.838146984577179
	],
	"24. nose": [
		0.3908839523792267,
		0.339417040348053,
		-0.24621888995170593,
		0.9999343156814575
	],
	"25. left_eye": [
		0.3959394693374634,
		0.33053144812583923,
		-0.23225298523902893,
		0.9999057054519653
	],
	"26. right_eye": [
		0.3852445185184479,
		0.3300078213214874,
		-0.23270034790039062,
		0.9998818635940552
	],
	"27. left_ear": [
		0.4004599153995514,
		0.3286498486995697,
		-0.14227494597434998,
		0.9999033212661743
	],
	"28. right_ear": [
		0.38092178106307983,
		0.32814791798591614,
		-0.1417352855205536,
		0.9998551607131958
	],
	"time stamp": 29.969946478656652
}