{
	"1. left_hip": [
		0.41639798879623413,
		0.5649734735488892,
		0.00549462391063571,
		0.9996315836906433
	],
	"2. left_knee": [
		0.43628305196762085,
		0.715531051158905,
		0.0185603816062212,
		0.963338315486908
	],
	"3. left_ankle": [
		0.44867581129074097,
		0.8478431701660156,
		0.13853400945663452,
		0.9745636582374573
	],
	"6. right_hip": [
		0.3785656988620758,
		0.5728068947792053,
		-0.00548176746815443,
		0.9996887445449829
	],
	"7. right_knee": [
		0.3512571454048157,
		0.7171542048454285,
		-0.008621822111308575,
		0.9891884326934814
	],
	"8. right_ankle": [
		0.3455456793308258,
		0.850875198841095,
		0.10621471703052521,
		0.9911826252937317
	],
	"14. left_shoulder": [
		0.4148532450199127,
		0.37997710704803467,
		0.032138850539922714,
		0.9978278875350952
	],
	"15. left_elbow": [
		0.4381744861602783,
		0.297904372215271,
		0.06583698093891144,
		0.9272489547729492
	],
	"16. left_wrist": [
		0.42021965980529785,
		0.23485052585601807,
		0.07647618651390076,
		0.779009222984314
	],
	"19. right_shoulder": [
		0.3663424849510193,
		0.36727336049079895,
		-0.103334441781044,
		0.999290943145752
	],
	"20. right_elbow": [
		0.37529104948043823,
		0.27562135457992554,
		-0.11859734356403351,
		0.9485410451889038
	],
	"21. right_wrist": [
		0.4039636254310608,
		0.20878389477729797,
		-0.04000389948487282,
		0.8760766983032227
	],
	"24. nose": [
		0.39803263545036316,
		0.326127827167511,
		-0.13677605986595154,
		0.9999181032180786
	],
	"25. left_eye": [
		0.40517354011535645,
		0.32040923833847046,
		-0.11753933131694794,
		0.9998151659965515
	],
	"26. right_eye": [
		0.3949117064476013,
		0.31333357095718384,
		-0.13364997506141663,
		0.9998596906661987
	],
	"27. left_ear": [
		0.40860462188720703,
		0.32625842094421387,
		-0.022221870720386505,
		0.9998164772987366
	],
	"28. right_ear": [
		0.3899075388908386,
		0.3156028985977173,
		-0.0987950935959816,
		0.9998666644096375
	],
	"time stamp": 29.969946478656652
}