{
	"1. left_hip": [
		0.4237200617790222,
		0.5940515398979187,
		-0.0043870266526937485,
		0.9992772340774536
	],
	"2. left_knee": [
		0.43939071893692017,
		0.7329508662223816,
		0.013670901767909527,
		0.9716252684593201
	],
	"3. left_ankle": [
		0.4532627463340759,
		0.8531901240348816,
		0.13366827368736267,
		0.9786434769630432
	],
	"6. right_hip": [
		0.3845900893211365,
		0.602683424949646,
		0.0043125515803694725,
		0.9995536208152771
	],
	"7. right_knee": [
		0.35211795568466187,
		0.7227143049240112,
		0.009047800675034523,
		0.9906972646713257
	],
	"8. right_ankle": [
		0.3384437561035156,
		0.8508681654930115,
		0.1439252495765686,
		0.9924697279930115
	],
	"14. left_shoulder": [
		0.4198898375034332,
		0.40708020329475403,
		-0.08215201646089554,
		0.9928701519966125
	],
	"15. left_elbow": [
		0.4447409510612488,
		0.3383959233760834,
		-0.08593906462192535,
		0.9302878975868225
	],
	"16. left_wrist": [
		0.4248334765434265,
		0.30220213532447815,
		-0.07016631215810776,
		0.7315129041671753
	],
	"19. right_shoulder": [
		0.36867958307266235,
		0.38938239216804504,
		-0.1296701729297638,
		0.998651385307312
	],
	"20. right_elbow": [
		0.37356168031692505,
		0.2923520505428314,
		-0.1594635248184204,
		0.9613205194473267
	],
	"21. right_wrist": [
		0.40702787041664124,
		0.27169838547706604,
		-0.09418127685785294,
		0.8766571879386902
	],
	"24. nose": [
		0.4026004374027252,
		0.3407491445541382,
		-0.2538469433784485,
		0.9997701048851013
	],
	"25. left_eye": [
		0.41024190187454224,
		0.33989638090133667,
		-0.23463597893714905,
		0.9992671608924866
	],
	"26. right_eye": [
		0.39768701791763306,
		0.3279980421066284,
		-0.24320748448371887,
		0.9996169209480286
	],
	"27. left_ear": [
		0.4143369197845459,
		0.35273343324661255,
		-0.12996190786361694,
		0.9990984797477722
	],
	"28. right_ear": [
		0.3905288279056549,
		0.3345242738723755,
		-0.16629809141159058,
		0.9997267723083496
	],
	"time stamp": 29.969946478656652
}