{
	"1. left_hip": [
		0.4243125915527344,
		0.6007348299026489,
		-0.008778299205005169,
		0.9992840886116028
	],
	"2. left_knee": [
		0.4394100308418274,
		0.7351154088973999,
		-0.005678397137671709,
		0.9760522246360779
	],
	"3. left_ankle": [
		0.45248499512672424,
		0.8523145318031311,
		0.11231394112110138,
		0.9818029999732971
	],
	"6. right_hip": [
		0.3857349753379822,
		0.6096770763397217,
		0.008760442025959492,
		0.9995683431625366
	],
	"7. right_knee": [
		0.35177111625671387,
		0.7293902039527893,
		0.005884563084691763,
		0.9917871356010437
	],
	"8. right_ankle": [
		0.33743295073509216,
		0.8514538407325745,
		0.12883809208869934,
		0.9934201240539551
	],
	"14. left_shoulder": [
		0.4229629933834076,
		0.41787096858024597,
		-0.05732607841491699,
		0.9931327104568481
	],
	"15. left_elbow": [
		0.4492212235927582,
		0.3515900671482086,
		-0.03435182198882103,
		0.9389275312423706
	],
	"16. left_wrist": [
		0.42072901129722595,
		0.32597991824150085,
		0.047056131064891815,
		0.6775516867637634
	],
	"19. right_shoulder": [
		0.3683164715766907,
		0.4020189642906189,
		-0.07760658115148544,
		0.9983868598937988
	],
	"20. right_elbow": [
		0.3607504069805145,
		0.30052417516708374,
		-0.05349041149020195,
		0.9667766690254211
	],
	"21. right_wrist": [
		0.40420904755592346,
		0.30748850107192993,
		0.07950760424137115,
		0.8002336025238037
	],
	"24. nose": [
		0.4021925926208496,
		0.34398236870765686,
		-0.21631845831871033,
		0.9997718334197998
	],
	"25. left_eye": [
		0.41009005904197693,
		0.34454989433288574,
		-0.2000199258327484,
		0.9992900490760803
	],
	"26. right_eye": [
		0.39799031615257263,
		0.33346205949783325,
		-0.2115565985441208,
		0.9996002912521362
	],
	"27. left_ear": [
		0.4151751399040222,
		0.3593786358833313,
		-0.1043284684419632,
		0.9991883635520935
	],
	"28. right_ear": [
		0.3916672468185425,
		0.34081023931503296,
		-0.12679985165596008,
		0.999738335609436
	],
	"time stamp": 29.969946478656652
}