{
	"1. left_hip": [
		0.4239397943019867,
		0.6048281192779541,
		-0.011996487155556679,
		0.999319851398468
	],
	"2. left_knee": [
		0.43925046920776367,
		0.7377002239227295,
		-0.01132065150886774,
		0.9777624607086182
	],
	"3. left_ankle": [
		0.4521285593509674,
		0.852627158164978,
		0.09559980034828186,
		0.9831613302230835
	],
	"6. right_hip": [
		0.385990709066391,
		0.6134850978851318,
		0.011901840567588806,
		0.9995960593223572
	],
	"7. right_knee": [
		0.35170477628707886,
		0.7310813069343567,
		-0.030591417104005814,
		0.9923170804977417
	],
	"8. right_ankle": [
		0.33610451221466064,
		0.852208137512207,
		0.0574362576007843,
		0.9938982129096985
	],
	"14. left_shoulder": [
		0.42395105957984924,
		0.42443278431892395,
		-0.06103922799229622,
		0.9935950636863708
	],
	"15. left_elbow": [
		0.44875049591064453,
		0.35138458013534546,
		-0.028972622007131577,
		0.942899763584137
	],
	"16. left_wrist": [
		0.419599711894989,
		0.35521548986434937,
		0.09093654155731201,
		0.6357992887496948
	],
	"19. right_shoulder": [
		0.3676627576351166,
		0.410842627286911,
		-0.06575530767440796,
		0.9984356760978699
	],
	"20. right_elbow": [
		0.3550295829772949,
		0.31588488817214966,
		-0.006110561080276966,
		0.9676076173782349
	],
	"21. right_wrist": [
		0.3890077471733093,
		0.351217120885849,
		0.14145076274871826,
		0.7336335778236389
	],
	"24. nose": [
		0.40116411447525024,
		0.34841862320899963,
		-0.20991584658622742,
		0.9997890591621399
	],
	"25. left_eye": [
		0.40967172384262085,
		0.34736162424087524,
		-0.19739820063114166,
		0.9993455410003662
	],
	"26. right_eye": [
		0.3975726366043091,
		0.3401990234851837,
		-0.1997716873884201,
		0.999629020690918
	],
	"27. left_ear": [
		0.414421409368515,
		0.3629487454891205,
		-0.10582034289836884,
		0.9992607235908508
	],
	"28. right_ear": [
		0.3916165828704834,
		0.3498983681201935,
		-0.11870694160461426,
		0.9997599124908447
	],
	"time stamp": 29.969946478656652
}