{
	"1. left_hip": [
		0.406657874584198,
		0.6167712807655334,
		0.00544604379683733,
		0.9995331764221191
	],
	"2. left_knee": [
		0.4360892176628113,
		0.7374856472015381,
		-0.034917399287223816,
		0.9867030382156372
	],
	"3. left_ankle": [
		0.45140641927719116,
		0.8484983444213867,
		0.07338935881853104,
		0.9907050132751465
	],
	"6. right_hip": [
		0.36635297536849976,
		0.6200364232063293,
		-0.005660328082740307,
		0.9997206330299377
	],
	"7. right_knee": [
		0.34588924050331116,
		0.7573362588882446,
		-0.04992847889661789,
		0.9959397912025452
	],
	"8. right_ankle": [
		0.3203919529914856,
		0.8555442094802856,
		0.03410147503018379,
		0.9964365363121033
	],
	"14. left_shoulder": [
		0.41298943758010864,
		0.42685046792030334,
		-0.0751405879855156,
		0.996359646320343
	],
	"15. left_elbow": [
		0.4337237775325775,
		0.3397059440612793,
		-0.07923434674739838,
		0.9620758295059204
	],
	"16. left_wrist": [
		0.39814621210098267,
		0.38021957874298096,
		-0.01885072886943817,
		0.4251498579978943
	],
	"19. right_shoulder": [
		0.35369041562080383,
		0.43655598163604736,
		-0.1097717434167862,
		0.9989272952079773
	],
	"20. right_elbow": [
		0.31824368238449097,
		0.3676563799381256,
		-0.07764114439487457,
		0.9819028973579407
	],
	"21. right_wrist": [
		0.3552077114582062,
		0.388876348733902,
		0.05988235026597977,
		0.46809184551239014
	],
	"24. nose": [
		0.38065579533576965,
		0.3570968508720398,
		-0.20641067624092102,
		0.9998682737350464
	],
	"25. left_eye": [
		0.3852720558643341,
		0.35007867217063904,
		-0.19719621539115906,
		0.9996059536933899
	],
	"26. right_eye": [
		0.37261125445365906,
		0.3532867729663849,
		-0.1986292451620102,
		0.9997439384460449
	],
	"27. left_ear": [
		0.3926542401313782,
		0.36242175102233887,
		-0.1332170069217682,
		0.9996068477630615
	],
	"28. right_ear": [
		0.3650996685028076,
		0.37079259753227234,
		-0.13344816863536835,
		0.9998603463172913
	],
	"time stamp": 29.969946478656652
}