{
	"1. left_hip": [
		0.3947595953941345,
		0.6159325242042542,
		0.009015602059662342,
		0.9995977282524109
	],
	"2. left_knee": [
		0.4283096194267273,
		0.7325820922851562,
		0.008171066641807556,
		0.9888006448745728
	],
	"3. left_ankle": [
		0.45083513855934143,
		0.8473114967346191,
		0.09913754463195801,
		0.9921771883964539
	],
	"6. right_hip": [
		0.3554501533508301,
		0.612801194190979,
		-0.009283519349992275,
		0.9997202157974243
	],
	"7. right_knee": [
		0.34170666337013245,
		0.7568919658660889,
		0.0001687235780991614,
		0.996508002281189
	],
	"8. right_ankle": [
		0.32112419605255127,
		0.8542400598526001,
		0.10700293630361557,
		0.9963728189468384
	],
	"14. left_shoulder": [
		0.40760931372642517,
		0.41849806904792786,
		-0.06346505880355835,
		0.9971933960914612
	],
	"15. left_elbow": [
		0.4283617436885834,
		0.3324163258075714,
		-0.17130090296268463,
		0.9645321369171143
	],
	"16. left_wrist": [
		0.38951411843299866,
		0.3775600492954254,
		-0.16908404231071472,
		0.3835388422012329
	],
	"19. right_shoulder": [
		0.3489665389060974,
		0.4340321719646454,
		-0.09159199893474579,
		0.9990918040275574
	],
	"20. right_elbow": [
		0.31135982275009155,
		0.37279361486434937,
		-0.2533826529979706,
		0.9854264259338379
	],
	"21. right_wrist": [
		0.3486536741256714,
		0.3879784941673279,
		-0.3447875678539276,
		0.4363524317741394
	],
	"24. nose": [
		0.37142425775527954,
		0.3575873374938965,
		-0.19104436039924622,
		0.999889075756073
	],
	"25. left_eye": [
		0.3747560381889343,
		0.34967997670173645,
		-0.18052645027637482,
		0.9996781349182129
	],
	"26. right_eye": [
		0.36344289779663086,
		0.35337531566619873,
		-0.1800011694431305,
		0.9997759461402893
	],
	"27. left_ear": [
		0.3824908435344696,
		0.35743653774261475,
		-0.10591413825750351,
		0.9996931552886963
	],
	"28. right_ear": [
		0.357278972864151,
		0.369739830493927,
		-0.10094579309225082,
		0.9998850226402283
	],
	"time stamp": 29.969946478656652
}