{
	"1. left_hip": [
		0.3836880624294281,
		0.6074575185775757,
		0.010536407120525837,
		0.9996705651283264
	],
	"2. left_knee": [
		0.4203263223171234,
		0.7281066179275513,
		-0.011327159591019154,
		0.9906473755836487
	],
	"3. left_ankle": [
		0.4483185410499573,
		0.8466742634773254,
		0.07650275528430939,
		0.9932363629341125
	],
	"6. right_hip": [
		0.3441140055656433,
		0.599614143371582,
		-0.010814225301146507,
		0.9997547268867493
	],
	"7. right_knee": [
		0.33584725856781006,
		0.747416079044342,
		-0.01031470950692892,
		0.996355414390564
	],
	"8. right_ankle": [
		0.3199070394039154,
		0.8537850975990295,
		0.09105737507343292,
		0.9957054853439331
	],
	"14. left_shoulder": [
		0.4017612934112549,
		0.41119155287742615,
		-0.07831835746765137,
		0.9979315996170044
	],
	"15. left_elbow": [
		0.4295485019683838,
		0.3342650234699249,
		-0.13426777720451355,
		0.9728541374206543
	],
	"16. left_wrist": [
		0.3880961239337921,
		0.35587170720100403,
		-0.08416754007339478,
		0.49459779262542725
	],
	"19. right_shoulder": [
		0.3444959223270416,
		0.43025195598602295,
		-0.09230992943048477,
		0.9993048310279846
	],
	"20. right_elbow": [
		0.3075733780860901,
		0.3888089060783386,
		-0.2439030408859253,
		0.9883598685264587
	],
	"21. right_wrist": [
		0.3384990096092224,
		0.3828732669353485,
		-0.3659348785877228,
		0.5308708548545837
	],
	"24. nose": [
		0.36482396721839905,
		0.35740241408348083,
		-0.21141032874584198,
		0.9999178647994995
	],
	"25. left_eye": [
		0.3678824305534363,
		0.34665167331695557,
		-0.2021331489086151,
		0.999762773513794
	],
	"26. right_eye": [
		0.35639455914497375,
		0.35266610980033875,
		-0.19682037830352783,
		0.9998337626457214
	],
	"27. left_ear": [
		0.3738754987716675,
		0.3487188220024109,
		-0.12444037199020386,
		0.9997751116752625
	],
	"28. right_ear": [
		0.35132575035095215,
		0.3687457740306854,
		-0.1046123057603836,
		0.9999145865440369
	],
	"time stamp": 29.969946478656652
}