{
	"1. left_hip": [
		0.3800101578235626,
		0.5826672315597534,
		0.027684282511472702,
		0.9997570514678955
	],
	"2. left_knee": [
		0.4195360541343689,
		0.7101238965988159,
		-0.032297614961862564,
		0.9908647537231445
	],
	"3. left_ankle": [
		0.4338551461696625,
		0.8471354246139526,
		0.03827317804098129,
		0.9928015470504761
	],
	"6. right_hip": [
		0.3434443771839142,
		0.5800085067749023,
		-0.02777663804590702,
		0.9998046159744263
	],
	"7. right_knee": [
		0.3316570520401001,
		0.7232858538627625,
		-0.04818404093384743,
		0.9950211048126221
	],
	"8. right_ankle": [
		0.31989800930023193,
		0.8527729511260986,
		0.030318010598421097,
		0.9950466156005859
	],
	"14. left_shoulder": [
		0.3897208571434021,
		0.3886549174785614,
		0.0699174776673317,
		0.9985995888710022
	],
	"15. left_elbow": [
		0.4199002683162689,
		0.412826269865036,
		-0.031080301851034164,
		0.9775837063789368
	],
	"16. left_wrist": [
		0.39078283309936523,
		0.34287455677986145,
		-0.14095178246498108,
		0.6534862518310547
	],
	"19. right_shoulder": [
		0.33509835600852966,
		0.4018201231956482,
		-0.003914124798029661,
		0.999518096446991
	],
	"20. right_elbow": [
		0.320295512676239,
		0.4373856782913208,
		-0.13380222022533417,
		0.9906530380249023
	],
	"21. right_wrist": [
		0.3302691876888275,
		0.36133357882499695,
		-0.26307469606399536,
		0.6884623169898987
	],
	"24. nose": [
		0.35911470651626587,
		0.3446550667285919,
		-0.10011494159698486,
		0.999944806098938
	],
	"25. left_eye": [
		0.363006055355072,
		0.32934680581092834,
		-0.08472548425197601,
		0.9998419284820557
	],
	"26. right_eye": [
		0.3518252968788147,
		0.3336032032966614,
		-0.088065966963768,
		0.9998890161514282
	],
	"27. left_ear": [
		0.36824601888656616,
		0.3306531310081482,
		0.009131692349910736,
		0.999850332736969
	],
	"28. right_ear": [
		0.34499603509902954,
		0.33933746814727783,
		-0.005169173702597618,
		0.999942421913147
	],
	"time stamp": 29.969946478656652
}