{
	"1. left_hip": [
		0.39289942383766174,
		0.5643236041069031,
		0.007320841308683157,
		0.9998103976249695
	],
	"2. left_knee": [
		0.420013427734375,
		0.7067478895187378,
		-0.016698477789759636,
		0.9929265975952148
	],
	"3. left_ankle": [
		0.43670862913131714,
		0.8383302688598633,
		0.1080785021185875,
		0.9937999248504639
	],
	"6. right_hip": [
		0.35319983959198,
		0.5696359872817993,
		-0.007252643816173077,
		0.9997924566268921
	],
	"7. right_knee": [
		0.3339318633079529,
		0.7198540568351746,
		-0.04362111911177635,
		0.9956197738647461
	],
	"8. right_ankle": [
		0.31974005699157715,
		0.8497294783592224,
		0.07903715968132019,
		0.9957321882247925
	],
	"14. left_shoulder": [
		0.38912221789360046,
		0.3774960935115814,
		0.055535297840833664,
		0.999241828918457
	],
	"15. left_elbow": [
		0.4123605191707611,
		0.45772284269332886,
		-0.03495574742555618,
		0.977270781993866
	],
	"16. left_wrist": [
		0.42592114210128784,
		0.40775200724601746,
		-0.20983543992042542,
		0.8118358850479126
	],
	"19. right_shoulder": [
		0.32961663603782654,
		0.38664916157722473,
		0.009711950086057186,
		0.9996376633644104
	],
	"20. right_elbow": [
		0.3343678116798401,
		0.4735443592071533,
		-0.1173136979341507,
		0.9676753878593445
	],
	"21. right_wrist": [
		0.3316788971424103,
		0.37979066371917725,
		-0.30206626653671265,
		0.8239142894744873
	],
	"24. nose": [
		0.36366644501686096,
		0.31773489713668823,
		-0.10920413583517075,
		0.9999691843986511
	],
	"25. left_eye": [
		0.368979275226593,
		0.3082989454269409,
		-0.09157281368970871,
		0.9999141097068787
	],
	"26. right_eye": [
		0.3590528964996338,
		0.3040980100631714,
		-0.09819198399782181,
		0.9999379515647888
	],
	"27. left_ear": [
		0.37071844935417175,
		0.31544822454452515,
		0.009305787272751331,
		0.9999181032180786
	],
	"28. right_ear": [
		0.34662291407585144,
		0.3071644902229309,
		-0.02154083363711834,
		0.9999653697013855
	],
	"time stamp": 29.969946478656652
}