{
	"1. left_hip": [
		0.39950689673423767,
		0.577202558517456,
		0.002994954353198409,
		0.9997909665107727
	],
	"2. left_knee": [
		0.4210146367549896,
		0.7219483852386475,
		-0.014728652313351631,
		0.9938115477561951
	],
	"3. left_ankle": [
		0.43675726652145386,
		0.8413403630256653,
		0.11039601266384125,
		0.9942799210548401
	],
	"6. right_hip": [
		0.3594032824039459,
		0.5834498405456543,
		-0.0029620639979839325,
		0.9997580051422119
	],
	"7. right_knee": [
		0.3355749547481537,
		0.721055269241333,
		-0.029953211545944214,
		0.9959670901298523
	],
	"8. right_ankle": [
		0.31989091634750366,
		0.8495651483535767,
		0.09673440456390381,
		0.9959664940834045
	],
	"14. left_shoulder": [
		0.3915698826313019,
		0.3907124102115631,
		0.013845441862940788,
		0.9993769526481628
	],
	"15. left_elbow": [
		0.42422398924827576,
		0.46428272128105164,
		-0.031387995928525925,
		0.9791401028633118
	],
	"16. left_wrist": [
		0.4532352387905121,
		0.43197911977767944,
		-0.18736532330513,
		0.846756637096405
	],
	"19. right_shoulder": [
		0.33032241463661194,
		0.3934828042984009,
		-0.03213410824537277,
		0.9996429085731506
	],
	"20. right_elbow": [
		0.32986563444137573,
		0.4865083396434784,
		-0.15384700894355774,
		0.9704766273498535
	],
	"21. right_wrist": [
		0.33298054337501526,
		0.3977697193622589,
		-0.3409331142902374,
		0.856019914150238
	],
	"24. nose": [
		0.37313181161880493,
		0.31861016154289246,
		-0.15328869223594666,
		0.9999737739562988
	],
	"25. left_eye": [
		0.37777745723724365,
		0.31113559007644653,
		-0.1345430314540863,
		0.9999275207519531
	],
	"26. right_eye": [
		0.3675767779350281,
		0.30669450759887695,
		-0.1429036557674408,
		0.9999468326568604
	],
	"27. left_ear": [
		0.3779491186141968,
		0.3190315365791321,
		-0.037118326872587204,
		0.9999279975891113
	],
	"28. right_ear": [
		0.3574102818965912,
		0.3110591769218445,
		-0.07579213380813599,
		0.9999657869338989
	],
	"time stamp": 29.969946478656652
}