{
	"1. left_hip": [
		0.40932098031044006,
		0.5933516025543213,
		0.005115497391670942,
		0.9996883869171143
	],
	"2. left_knee": [
		0.4224165380001068,
		0.7376413941383362,
		0.00034604143002070487,
		0.9940615892410278
	],
	"3. left_ankle": [
		0.4370199739933014,
		0.8506903648376465,
		0.13629357516765594,
		0.9942305684089661
	],
	"6. right_hip": [
		0.37143832445144653,
		0.5993638634681702,
		-0.005178718827664852,
		0.9996572136878967
	],
	"7. right_knee": [
		0.34060218930244446,
		0.730351448059082,
		-0.031370047479867935,
		0.9960200786590576
	],
	"8. right_ankle": [
		0.32005029916763306,
		0.8514000773429871,
		0.09856416285037994,
		0.9958916902542114
	],
	"14. left_shoulder": [
		0.40240365266799927,
		0.41624483466148376,
		-0.007977133616805077,
		0.999498724937439
	],
	"15. left_elbow": [
		0.4416077733039856,
		0.4711471199989319,
		0.008049949072301388,
		0.9799388647079468
	],
	"16. left_wrist": [
		0.48009204864501953,
		0.44598618149757385,
		-0.07454981654882431,
		0.8857628107070923
	],
	"19. right_shoulder": [
		0.3445270359516144,
		0.40803849697113037,
		-0.05391071364283562,
		0.999640703201294
	],
	"20. right_elbow": [
		0.32719165086746216,
		0.48610547184944153,
		-0.17049123346805573,
		0.9750387668609619
	],
	"21. right_wrist": [
		0.3367031216621399,
		0.41420185565948486,
		-0.3477814793586731,
		0.8918035626411438
	],
	"24. nose": [
		0.38310301303863525,
		0.33212628960609436,
		-0.19076643884181976,
		0.9999780654907227
	],
	"25. left_eye": [
		0.38886022567749023,
		0.32712817192077637,
		-0.17218835651874542,
		0.999936044216156
	],
	"26. right_eye": [
		0.376636803150177,
		0.3207235038280487,
		-0.1775018870830536,
		0.9999551177024841
	],
	"27. left_ear": [
		0.39117300510406494,
		0.33745139837265015,
		-0.07338141649961472,
		0.9999199509620667
	],
	"28. right_ear": [
		0.3685031533241272,
		0.3273855745792389,
		-0.10033166408538818,
		0.9999641180038452
	],
	"time stamp": 29.969946478656652
}