{
	"1. left_hip": [
		0.41882839798927307,
		0.5938745141029358,
		-0.017730634659528732,
		0.9996497631072998
	],
	"2. left_knee": [
		0.4259536862373352,
		0.7372866868972778,
		-0.017879031598567963,
		0.9938141703605652
	],
	"3. left_ankle": [
		0.43697014451026917,
		0.8531427979469299,
		0.10959173738956451,
		0.9934004545211792
	],
	"6. right_hip": [
		0.3835914731025696,
		0.599800169467926,
		0.01771167479455471,
		0.999653160572052
	],
	"7. right_knee": [
		0.34821397066116333,
		0.7311393022537231,
		-0.01767701841890812,
		0.9951267838478088
	],
	"8. right_ankle": [
		0.32520249485969543,
		0.8528249263763428,
		0.07972290366888046,
		0.9952884316444397
	],
	"14. left_shoulder": [
		0.41496461629867554,
		0.422048956155777,
		-0.04782615974545479,
		0.9996050000190735
	],
	"15. left_elbow": [
		0.4611953794956207,
		0.4508810341358185,
		-0.05316869169473648,
		0.9842015504837036
	],
	"16. left_wrist": [
		0.5058912634849548,
		0.4422105550765991,
		-0.14799851179122925,
		0.9154204726219177
	],
	"19. right_shoulder": [
		0.35773569345474243,
		0.42027947306632996,
		-0.048852309584617615,
		0.9996833205223083
	],
	"20. right_elbow": [
		0.3256458342075348,
		0.47002142667770386,
		-0.1639026552438736,
		0.9797630310058594
	],
	"21. right_wrist": [
		0.3399967849254608,
		0.4191969931125641,
		-0.3557709753513336,
		0.9187385439872742
	],
	"24. nose": [
		0.39315730333328247,
		0.33739155530929565,
		-0.21448154747486115,
		0.9999827742576599
	],
	"25. left_eye": [
		0.3993373513221741,
		0.3307983875274658,
		-0.19689449667930603,
		0.9999480843544006
	],
	"26. right_eye": [
		0.38645508885383606,
		0.325348436832428,
		-0.19835618138313293,
		0.9999648928642273
	],
	"27. left_ear": [
		0.40183553099632263,
		0.341516375541687,
		-0.10103698819875717,
		0.9999321699142456
	],
	"28. right_ear": [
		0.37969717383384705,
		0.3340049088001251,
		-0.10954542458057404,
		0.999970018863678
	],
	"time stamp": 29.969946478656652
}