{
	"1. left_hip": [
		0.4106101989746094,
		0.5701754689216614,
		0.01554892398416996,
		0.9996153116226196
	],
	"2. left_knee": [
		0.4277389943599701,
		0.7156171202659607,
		0.0032340604811906815,
		0.9928770661354065
	],
	"3. left_ankle": [
		0.43718117475509644,
		0.84752357006073,
		0.08289577811956406,
		0.9933391213417053
	],
	"6. right_hip": [
		0.369841068983078,
		0.571796715259552,
		-0.015655484050512314,
		0.999641478061676
	],
	"7. right_knee": [
		0.3572581112384796,
		0.7225205302238464,
		-0.03805408999323845,
		0.9947474002838135
	],
	"8. right_ankle": [
		0.3359166383743286,
		0.8431942462921143,
		0.04336021840572357,
		0.9946235418319702
	],
	"14. left_shoulder": [
		0.4231905937194824,
		0.39533352851867676,
		-0.01650412194430828,
		0.9997363090515137
	],
	"15. left_elbow": [
		0.46579137444496155,
		0.4165981411933899,
		-0.039048418402671814,
		0.9901067614555359
	],
	"16. left_wrist": [
		0.5134683847427368,
		0.41209331154823303,
		-0.15340831875801086,
		0.9532684087753296
	],
	"19. right_shoulder": [
		0.35774368047714233,
		0.38789716362953186,
		-0.05710012838244438,
		0.9997435808181763
	],
	"20. right_elbow": [
		0.32171204686164856,
		0.4213995933532715,
		-0.16521203517913818,
		0.9875108003616333
	],
	"21. right_wrist": [
		0.3085440993309021,
		0.3948374092578888,
		-0.35704147815704346,
		0.9549612998962402
	],
	"24. nose": [
		0.3934267461299896,
		0.32148006558418274,
		-0.18704140186309814,
		0.9999876618385315
	],
	"25. left_eye": [
		0.39894598722457886,
		0.3097742199897766,
		-0.17147503793239594,
		0.99996018409729
	],
	"26. right_eye": [
		0.3868167996406555,
		0.31235867738723755,
		-0.17269298434257507,
		0.9999743700027466
	],
	"27. left_ear": [
		0.4017188549041748,
		0.3180887997150421,
		-0.08113931119441986,
		0.9999399185180664
	],
	"28. right_ear": [
		0.3787347674369812,
		0.32323217391967773,
		-0.08871956169605255,
		0.9999714493751526
	],
	"time stamp": 29.969946478656652
}