{
	"1. left_hip": [
		0.40825575590133667,
		0.5699331760406494,
		0.01985284313559532,
		0.9996148347854614
	],
	"2. left_knee": [
		0.4276757836341858,
		0.7162050604820251,
		0.012745819985866547,
		0.9927226901054382
	],
	"3. left_ankle": [
		0.43714776635169983,
		0.8467208743095398,
		0.10377795994281769,
		0.9933264255523682
	],
	"6. right_hip": [
		0.36804988980293274,
		0.5710740089416504,
		-0.01996580883860588,
		0.9996241331100464
	],
	"7. right_knee": [
		0.35838907957077026,
		0.7232031226158142,
		-0.038953572511672974,
		0.9947698712348938
	],
	"8. right_ankle": [
		0.33646002411842346,
		0.8439302444458008,
		0.0514494851231575,
		0.9944888949394226
	],
	"14. left_shoulder": [
		0.4218920171260834,
		0.3943110704421997,
		-0.0004491035360842943,
		0.9997560381889343
	],
	"15. left_elbow": [
		0.4651201665401459,
		0.4151060879230499,
		-0.004073369782418013,
		0.9907076358795166
	],
	"16. left_wrist": [
		0.5128383040428162,
		0.4102819263935089,
		-0.09483736753463745,
		0.957476794719696
	],
	"19. right_shoulder": [
		0.35753297805786133,
		0.38745495676994324,
		-0.04824012145400047,
		0.999753475189209
	],
	"20. right_elbow": [
		0.3181951940059662,
		0.42176565527915955,
		-0.1526276171207428,
		0.9882150292396545
	],
	"21. right_wrist": [
		0.30734074115753174,
		0.39403271675109863,
		-0.3399704396724701,
		0.9587458968162537
	],
	"24. nose": [
		0.3931029438972473,
		0.3212389349937439,
		-0.17204245924949646,
		0.9999883770942688
	],
	"25. left_eye": [
		0.3984895646572113,
		0.309943825006485,
		-0.15596595406532288,
		0.999962568283081
	],
	"26. right_eye": [
		0.38644272089004517,
		0.31162118911743164,
		-0.1577400267124176,
		0.9999756813049316
	],
	"27. left_ear": [
		0.4012884497642517,
		0.317668616771698,
		-0.06573744863271713,
		0.9999425411224365
	],
	"28. right_ear": [
		0.3782573640346527,
		0.32172778248786926,
		-0.075243279337883,
		0.9999722838401794
	],
	"time stamp": 29.969946478656652
}