{
	"1. left_hip": [
		0.37480804324150085,
		0.6034466028213501,
		0.03193122521042824,
		0.9996429085731506
	],
	"2. left_knee": [
		0.4281613230705261,
		0.7003262042999268,
		-0.04571392387151718,
		0.9862659573554993
	],
	"3. left_ankle": [
		0.4260193705558777,
		0.8447510004043579,
		0.03607219457626343,
		0.9879816174507141
	],
	"6. right_hip": [
		0.3386692702770233,
		0.600138783454895,
		-0.031923674046993256,
		0.999415934085846
	],
	"7. right_knee": [
		0.3472958505153656,
		0.7384079098701477,
		-0.05637214332818985,
		0.9931771159172058
	],
	"8. right_ankle": [
		0.3372163772583008,
		0.8492176532745361,
		0.07134376466274261,
		0.986626148223877
	],
	"14. left_shoulder": [
		0.40894514322280884,
		0.42345720529556274,
		-0.05253167822957039,
		0.9998510479927063
	],
	"15. left_elbow": [
		0.45785436034202576,
		0.4384167194366455,
		-0.06340675055980682,
		0.9948993921279907
	],
	"16. left_wrist": [
		0.5018776655197144,
		0.4197598695755005,
		-0.15192458033561707,
		0.9803305864334106
	],
	"19. right_shoulder": [
		0.3369584083557129,
		0.41933372616767883,
		-0.0993136614561081,
		0.9997522234916687
	],
	"20. right_elbow": [
		0.28366008400917053,
		0.4222019612789154,
		-0.09627453982830048,
		0.9920868873596191
	],
	"21. right_wrist": [
		0.24258343875408173,
		0.41295355558395386,
		-0.18984097242355347,
		0.977883517742157
	],
	"24. nose": [
		0.3696494698524475,
		0.3625735342502594,
		-0.23160283267498016,
		0.9999792575836182
	],
	"25. left_eye": [
		0.37629491090774536,
		0.34931644797325134,
		-0.21752533316612244,
		0.9999470710754395
	],
	"26. right_eye": [
		0.36469221115112305,
		0.35071900486946106,
		-0.21892647445201874,
		0.9999240636825562
	],
	"27. left_ear": [
		0.38356107473373413,
		0.3516901135444641,
		-0.12929530441761017,
		0.9999196529388428
	],
	"28. right_ear": [
		0.360734760761261,
		0.3533489406108856,
		-0.13514640927314758,
		0.999902069568634
	],
	"time stamp": 29.969946478656652
}