{
	"1. left_hip": [
		0.3736127018928528,
		0.6043137311935425,
		0.03330767899751663,
		0.9996446371078491
	],
	"2. left_knee": [
		0.4260239601135254,
		0.700859010219574,
		-0.04880932718515396,
		0.9858115911483765
	],
	"3. left_ankle": [
		0.42580023407936096,
		0.8450514674186707,
		0.0348978228867054,
		0.9876713752746582
	],
	"6. right_hip": [
		0.3378358781337738,
		0.6022699475288391,
		-0.03328642621636391,
		0.9993818402290344
	],
	"7. right_knee": [
		0.34650325775146484,
		0.7407704591751099,
		-0.05548601597547531,
		0.993160605430603
	],
	"8. right_ankle": [
		0.3372468948364258,
		0.8495966792106628,
		0.08433075249195099,
		0.9863226413726807
	],
	"14. left_shoulder": [
		0.4063345789909363,
		0.42360061407089233,
		-0.049087271094322205,
		0.9998660087585449
	],
	"15. left_elbow": [
		0.45490971207618713,
		0.43786051869392395,
		-0.0583198145031929,
		0.9955366849899292
	],
	"16. left_wrist": [
		0.5001403093338013,
		0.42068931460380554,
		-0.1507108509540558,
		0.9832800626754761
	],
	"19. right_shoulder": [
		0.33395862579345703,
		0.41934582591056824,
		-0.09721428155899048,
		0.999750554561615
	],
	"20. right_elbow": [
		0.28101444244384766,
		0.4191078543663025,
		-0.09875445067882538,
		0.992872416973114
	],
	"21. right_wrist": [
		0.24050024151802063,
		0.4134131669998169,
		-0.1699862778186798,
		0.979490339756012
	],
	"24. nose": [
		0.36650627851486206,
		0.36443892121315,
		-0.2347736656665802,
		0.9999764561653137
	],
	"25. left_eye": [
		0.3730437159538269,
		0.35132288932800293,
		-0.2211771011352539,
		0.9999402165412903
	],
	"26. right_eye": [
		0.36171525716781616,
		0.3529842495918274,
		-0.22211365401744843,
		0.9999048113822937
	],
	"27. left_ear": [
		0.3810977339744568,
		0.3538512885570526,
		-0.13121072947978973,
		0.9999088644981384
	],
	"28. right_ear": [
		0.3578391373157501,
		0.3558691143989563,
		-0.13477100431919098,
		0.9998781085014343
	],
	"time stamp": 29.969946478656652
}