{
	"1. left_hip": [
		0.3724163770675659,
		0.6036883592605591,
		0.035335373133420944,
		0.9996562004089355
	],
	"2. left_knee": [
		0.4242326617240906,
		0.7001619935035706,
		-0.048187412321567535,
		0.9858701825141907
	],
	"3. left_ankle": [
		0.42624354362487793,
		0.8452299237251282,
		0.029376626014709473,
		0.9878501892089844
	],
	"6. right_hip": [
		0.3366752564907074,
		0.602625846862793,
		-0.03531571477651596,
		0.9993699789047241
	],
	"7. right_knee": [
		0.3462062478065491,
		0.7408571243286133,
		-0.06125793978571892,
		0.9931607842445374
	],
	"8. right_ankle": [
		0.33716651797294617,
		0.8496721982955933,
		0.07657717168331146,
		0.9860809445381165
	],
	"14. left_shoulder": [
		0.4030347764492035,
		0.4227204918861389,
		-0.04330940544605255,
		0.9998838901519775
	],
	"15. left_elbow": [
		0.4516604542732239,
		0.43739891052246094,
		-0.052297890186309814,
		0.9960986375808716
	],
	"16. left_wrist": [
		0.49750009179115295,
		0.42048776149749756,
		-0.145136296749115,
		0.9857891201972961
	],
	"19. right_shoulder": [
		0.3312247097492218,
		0.42005616426467896,
		-0.10028757154941559,
		0.9997652173042297
	],
	"20. right_elbow": [
		0.27946966886520386,
		0.420113742351532,
		-0.1005229502916336,
		0.9935997724533081
	],
	"21. right_wrist": [
		0.23803384602069855,
		0.41355785727500916,
		-0.1766798496246338,
		0.9811344146728516
	],
	"24. nose": [
		0.3634604811668396,
		0.3649614453315735,
		-0.23480816185474396,
		0.9999759197235107
	],
	"25. left_eye": [
		0.3695865273475647,
		0.3521570563316345,
		-0.22087311744689941,
		0.999938428401947
	],
	"26. right_eye": [
		0.35887789726257324,
		0.35398006439208984,
		-0.22266221046447754,
		0.9998971223831177
	],
	"27. left_ear": [
		0.3777233958244324,
		0.3540848195552826,
		-0.12905730307102203,
		0.9999066591262817
	],
	"28. right_ear": [
		0.3555089831352234,
		0.35685431957244873,
		-0.13605500757694244,
		0.9998708367347717
	],
	"time stamp": 29.969946478656652
}