{
	"1. left_hip": [
		0.37313777208328247,
		0.6013479232788086,
		0.025821005925536156,
		0.9997338056564331
	],
	"2. left_knee": [
		0.4233928620815277,
		0.6987447142601013,
		-0.08789201080799103,
		0.9869201183319092
	],
	"3. left_ankle": [
		0.4266919493675232,
		0.8442494869232178,
		0.012885483913123608,
		0.9860561490058899
	],
	"6. right_hip": [
		0.3368084132671356,
		0.5992899537086487,
		-0.025850871577858925,
		0.99948650598526
	],
	"7. right_knee": [
		0.3442383110523224,
		0.7422419190406799,
		-0.049474164843559265,
		0.9904727339744568
	],
	"8. right_ankle": [
		0.3370192050933838,
		0.8498311638832092,
		0.11617907136678696,
		0.9765914678573608
	],
	"14. left_shoulder": [
		0.39837998151779175,
		0.4137248694896698,
		-0.01065359078347683,
		0.9999147057533264
	],
	"15. left_elbow": [
		0.43324169516563416,
		0.48522037267684937,
		-0.08442725241184235,
		0.9954548478126526
	],
	"16. left_wrist": [
		0.4562465250492096,
		0.4161912202835083,
		-0.23413777351379395,
		0.9884885549545288
	],
	"19. right_shoulder": [
		0.3315643072128296,
		0.42039477825164795,
		-0.04518287628889084,
		0.9998404383659363
	],
	"20. right_elbow": [
		0.3001129925251007,
		0.4969429075717926,
		-0.12550321221351624,
		0.994179368019104
	],
	"21. right_wrist": [
		0.27799078822135925,
		0.42095327377319336,
		-0.2982252240180969,
		0.9879918694496155
	],
	"24. nose": [
		0.3601877987384796,
		0.3571883738040924,
		-0.1921292245388031,
		0.999979555606842
	],
	"25. left_eye": [
		0.36681634187698364,
		0.34136462211608887,
		-0.179469034075737,
		0.9999513030052185
	],
	"26. right_eye": [
		0.3554482161998749,
		0.34340915083885193,
		-0.17838779091835022,
		0.9999173879623413
	],
	"27. left_ear": [
		0.37548476457595825,
		0.3437882959842682,
		-0.0905456691980362,
		0.9999251365661621
	],
	"28. right_ear": [
		0.352106511592865,
		0.3474220633506775,
		-0.08506999164819717,
		0.9999020099639893
	],
	"time stamp": 29.969946478656652
}