{
	"1. left_hip": [
		0.37326130270957947,
		0.6007182002067566,
		0.02605433762073517,
		0.9997484683990479
	],
	"2. left_knee": [
		0.42339634895324707,
		0.6984899640083313,
		-0.08175655454397202,
		0.9871480464935303
	],
	"3. left_ankle": [
		0.4267265200614929,
		0.8438205122947693,
		0.01178918406367302,
		0.9857956767082214
	],
	"6. right_hip": [
		0.3369392454624176,
		0.5988864302635193,
		-0.026079604402184486,
		0.9995075464248657
	],
	"7. right_knee": [
		0.3442831337451935,
		0.7420376539230347,
		-0.05172821879386902,
		0.9901270866394043
	],
	"8. right_ankle": [
		0.3370135724544525,
		0.8497183918952942,
		0.11105159670114517,
		0.9751383066177368
	],
	"14. left_shoulder": [
		0.39775294065475464,
		0.41327154636383057,
		-0.0032204941380769014,
		0.999920666217804
	],
	"15. left_elbow": [
		0.4319322109222412,
		0.48206108808517456,
		-0.06849060207605362,
		0.9954414963722229
	],
	"16. left_wrist": [
		0.45737186074256897,
		0.41969141364097595,
		-0.21648761630058289,
		0.9891835451126099
	],
	"19. right_shoulder": [
		0.33097043633461,
		0.4196482300758362,
		-0.03857027739286423,
		0.9998517036437988
	],
	"20. right_elbow": [
		0.29955950379371643,
		0.49323466420173645,
		-0.12061043083667755,
		0.9941903352737427
	],
	"21. right_wrist": [
		0.2754647135734558,
		0.42110583186149597,
		-0.29253965616226196,
		0.9888938069343567
	],
	"24. nose": [
		0.36006006598472595,
		0.3571723997592926,
		-0.1828075796365738,
		0.999981164932251
	],
	"25. left_eye": [
		0.3667716085910797,
		0.3413861393928528,
		-0.1693800985813141,
		0.9999553561210632
	],
	"26. right_eye": [
		0.35512465238571167,
		0.3432484269142151,
		-0.16871026158332825,
		0.9999243021011353
	],
	"27. left_ear": [
		0.37521272897720337,
		0.3437444567680359,
		-0.08001019060611725,
		0.999931275844574
	],
	"28. right_ear": [
		0.35146352648735046,
		0.3470408618450165,
		-0.0770842432975769,
		0.9999101161956787
	],
	"time stamp": 29.969946478656652
}