{
	"1. left_hip": [
		0.37929826974868774,
		0.5720168352127075,
		0.01536635309457779,
		0.999708890914917
	],
	"2. left_knee": [
		0.4197317957878113,
		0.6982964277267456,
		-0.04083232954144478,
		0.980363130569458
	],
	"3. left_ankle": [
		0.4260779917240143,
		0.8437943458557129,
		0.05444198101758957,
		0.9808734655380249
	],
	"6. right_hip": [
		0.34141188859939575,
		0.5705971121788025,
		-0.015400692820549011,
		0.999489963054657
	],
	"7. right_knee": [
		0.34321337938308716,
		0.7182723879814148,
		-0.06569866836071014,
		0.9864292144775391
	],
	"8. right_ankle": [
		0.3369519114494324,
		0.8463935852050781,
		0.047381073236465454,
		0.9716492891311646
	],
	"14. left_shoulder": [
		0.39838308095932007,
		0.3868764340877533,
		-0.02590770088136196,
		0.9999387860298157
	],
	"15. left_elbow": [
		0.4314482808113098,
		0.4573707580566406,
		-0.11511454731225967,
		0.9955893158912659
	],
	"16. left_wrist": [
		0.43541377782821655,
		0.3864584267139435,
		-0.2962225079536438,
		0.9926792979240417
	],
	"19. right_shoulder": [
		0.33401069045066833,
		0.3939628601074219,
		-0.03914644196629524,
		0.9999092221260071
	],
	"20. right_elbow": [
		0.2985450327396393,
		0.4661606550216675,
		-0.1245209127664566,
		0.995088517665863
	],
	"21. right_wrist": [
		0.2976105809211731,
		0.39526283740997314,
		-0.3238704800605774,
		0.9940398335456848
	],
	"24. nose": [
		0.3619246780872345,
		0.32661792635917664,
		-0.20910409092903137,
		0.9999890327453613
	],
	"25. left_eye": [
		0.369859516620636,
		0.31376343965530396,
		-0.19602647423744202,
		0.9999755620956421
	],
	"26. right_eye": [
		0.3557366728782654,
		0.31330567598342896,
		-0.19447031617164612,
		0.999961256980896
	],
	"27. left_ear": [
		0.37662771344184875,
		0.3174648880958557,
		-0.10312743484973907,
		0.9999615550041199
	],
	"28. right_ear": [
		0.3521516025066376,
		0.3174043595790863,
		-0.09878427535295486,
		0.9999557733535767
	],
	"time stamp": 29.969946478656652
}