{
	"1. left_hip": [
		0.38082194328308105,
		0.5689681172370911,
		0.014939971268177032,
		0.9997115135192871
	],
	"2. left_knee": [
		0.4179989695549011,
		0.6988496780395508,
		-0.04276040568947792,
		0.9799620509147644
	],
	"3. left_ankle": [
		0.4255126416683197,
		0.8439137935638428,
		0.044746626168489456,
		0.9806554913520813
	],
	"6. right_hip": [
		0.34255534410476685,
		0.5665426254272461,
		-0.014991877600550652,
		0.9994961619377136
	],
	"7. right_knee": [
		0.3430628478527069,
		0.7160489559173584,
		-0.05942520499229431,
		0.9859960079193115
	],
	"8. right_ankle": [
		0.33684679865837097,
		0.8454174399375916,
		0.048970870673656464,
		0.971476674079895
	],
	"14. left_shoulder": [
		0.3984101116657257,
		0.3840453624725342,
		-0.024664100259542465,
		0.9999387860298157
	],
	"15. left_elbow": [
		0.42605072259902954,
		0.45765313506126404,
		-0.12467136234045029,
		0.995440661907196
	],
	"16. left_wrist": [
		0.4271569848060608,
		0.387265682220459,
		-0.3163970708847046,
		0.992835283279419
	],
	"19. right_shoulder": [
		0.33492976427078247,
		0.3903898596763611,
		-0.03882681950926781,
		0.9999123811721802
	],
	"20. right_elbow": [
		0.30770835280418396,
		0.47150248289108276,
		-0.12714771926403046,
		0.9948269128799438
	],
	"21. right_wrist": [
		0.30537766218185425,
		0.39626452326774597,
		-0.3247911334037781,
		0.9942355155944824
	],
	"24. nose": [
		0.36321884393692017,
		0.32341286540031433,
		-0.20604307949543,
		0.9999896883964539
	],
	"25. left_eye": [
		0.37123122811317444,
		0.31099891662597656,
		-0.19278395175933838,
		0.9999772310256958
	],
	"26. right_eye": [
		0.35683372616767883,
		0.3098725974559784,
		-0.19171775877475739,
		0.99996417760849
	],
	"27. left_ear": [
		0.3774571716785431,
		0.31538864970207214,
		-0.10086166858673096,
		0.9999639987945557
	],
	"28. right_ear": [
		0.35280802845954895,
		0.31426554918289185,
		-0.0969417542219162,
		0.9999590516090393
	],
	"time stamp": 29.969946478656652
}