{
	"1. left_hip": [
		0.3852367401123047,
		0.5723089575767517,
		0.014374067075550556,
		0.999697744846344
	],
	"2. left_knee": [
		0.415362685918808,
		0.7013162970542908,
		-0.01989739015698433,
		0.9800195693969727
	],
	"3. left_ankle": [
		0.42420339584350586,
		0.8446886539459229,
		0.060253389179706573,
		0.9810271263122559
	],
	"6. right_hip": [
		0.3470314145088196,
		0.5701578259468079,
		-0.014416937716305256,
		0.9995057582855225
	],
	"7. right_knee": [
		0.3453722596168518,
		0.718062162399292,
		-0.03555773198604584,
		0.9865556955337524
	],
	"8. right_ankle": [
		0.33664175868034363,
		0.8455292582511902,
		0.05578077957034111,
		0.9734165072441101
	],
	"14. left_shoulder": [
		0.3994132876396179,
		0.3853398263454437,
		-0.02847907319664955,
		0.9999348521232605
	],
	"15. left_elbow": [
		0.42371663451194763,
		0.4604508578777313,
		-0.12338565289974213,
		0.9951014518737793
	],
	"16. left_wrist": [
		0.4322037696838379,
		0.3906570076942444,
		-0.3060278296470642,
		0.9934684634208679
	],
	"19. right_shoulder": [
		0.33711129426956177,
		0.39217469096183777,
		-0.039466433227062225,
		0.9999198317527771
	],
	"20. right_elbow": [
		0.31099051237106323,
		0.4729002118110657,
		-0.12581557035446167,
		0.9948578476905823
	],
	"21. right_wrist": [
		0.29931139945983887,
		0.3965878486633301,
		-0.31529977917671204,
		0.9948830604553223
	],
	"24. nose": [
		0.36656996607780457,
		0.32505670189857483,
		-0.2054690569639206,
		0.9999909400939941
	],
	"25. left_eye": [
		0.37413668632507324,
		0.31301847100257874,
		-0.19203007221221924,
		0.999980092048645
	],
	"26. right_eye": [
		0.3603915572166443,
		0.3119482100009918,
		-0.19141408801078796,
		0.9999693036079407
	],
	"27. left_ear": [
		0.3795072138309479,
		0.31780725717544556,
		-0.09880976378917694,
		0.9999673962593079
	],
	"28. right_ear": [
		0.354667067527771,
		0.31646451354026794,
		-0.09776312112808228,
		0.9999646544456482
	],
	"time stamp": 29.969946478656652
}