{
	"1. left_hip": [
		0.3972066044807434,
		0.5897810459136963,
		0.016780031844973564,
		0.9997553825378418
	],
	"2. left_knee": [
		0.42911967635154724,
		0.7007552981376648,
		-0.06909177452325821,
		0.9855746626853943
	],
	"3. left_ankle": [
		0.42983317375183105,
		0.811419665813446,
		0.08260466903448105,
		0.985828161239624
	],
	"6. right_hip": [
		0.3598797023296356,
		0.5905317068099976,
		-0.016840342432260513,
		0.9996041655540466
	],
	"7. right_knee": [
		0.355298787355423,
		0.7286093235015869,
		-0.045737337321043015,
		0.9902206659317017
	],
	"8. right_ankle": [
		0.33753421902656555,
		0.8464650511741638,
		0.0838831216096878,
		0.9809971451759338
	],
	"14. left_shoulder": [
		0.41024360060691833,
		0.41215384006500244,
		-0.024697815999388695,
		0.999950110912323
	],
	"15. left_elbow": [
		0.42564916610717773,
		0.4913583993911743,
		-0.0647895559668541,
		0.9894043207168579
	],
	"16. left_wrist": [
		0.45145049691200256,
		0.5126769542694092,
		-0.21735763549804688,
		0.9934455752372742
	],
	"19. right_shoulder": [
		0.3441365957260132,
		0.4084576368331909,
		-0.03155650198459625,
		0.999940037727356
	],
	"20. right_elbow": [
		0.317253440618515,
		0.47919392585754395,
		-0.06538647413253784,
		0.995522141456604
	],
	"21. right_wrist": [
		0.29082781076431274,
		0.5227991938591003,
		-0.15934573113918304,
		0.9955108761787415
	],
	"24. nose": [
		0.3787713348865509,
		0.3305670917034149,
		-0.18302655220031738,
		0.9999939799308777
	],
	"25. left_eye": [
		0.38509878516197205,
		0.31984245777130127,
		-0.16726678609848022,
		0.9999868273735046
	],
	"26. right_eye": [
		0.3735754191875458,
		0.3198116719722748,
		-0.1676686406135559,
		0.9999799132347107
	],
	"27. left_ear": [
		0.39099952578544617,
		0.3290134072303772,
		-0.0794447734951973,
		0.9999777674674988
	],
	"28. right_ear": [
		0.36612802743911743,
		0.3286220133304596,
		-0.08240248262882233,
		0.9999760389328003
	],
	"time stamp": 29.969946478656652
}