{
	"1. left_hip": [
		0.4311695098876953,
		0.5609605312347412,
		0.004434619098901749,
		0.9998123645782471
	],
	"2. left_knee": [
		0.45645537972450256,
		0.6979448795318604,
		-0.013310229405760765,
		0.9915279150009155
	],
	"3. left_ankle": [
		0.4800635874271393,
		0.8042572140693665,
		0.1475091278553009,
		0.9914166331291199
	],
	"6. right_hip": [
		0.39356687664985657,
		0.5626639723777771,
		-0.004451228305697441,
		0.9997060894966125
	],
	"7. right_knee": [
		0.3691139817237854,
		0.7118197083473206,
		-0.020571086555719376,
		0.9940995573997498
	],
	"8. right_ankle": [
		0.3432115614414215,
		0.8384653925895691,
		0.11632373183965683,
		0.9891850352287292
	],
	"14. left_shoulder": [
		0.43567514419555664,
		0.3838462829589844,
		-0.043876148760318756,
		0.9999585747718811
	],
	"15. left_elbow": [
		0.4411255717277527,
		0.4727233350276947,
		0.011565952561795712,
		0.9724026918411255
	],
	"16. left_wrist": [
		0.45404690504074097,
		0.542095959186554,
		-0.05965263396501541,
		0.9659918546676636
	],
	"19. right_shoulder": [
		0.3750135898590088,
		0.3860647976398468,
		-0.08704913407564163,
		0.9997392296791077
	],
	"20. right_elbow": [
		0.3718264102935791,
		0.4290905296802521,
		-0.06053991988301277,
		0.9803277254104614
	],
	"21. right_wrist": [
		0.375763475894928,
		0.5134572982788086,
		-0.1342434138059616,
		0.9569136500358582
	],
	"24. nose": [
		0.4095674455165863,
		0.31019893288612366,
		-0.2482500970363617,
		0.9999953508377075
	],
	"25. left_eye": [
		0.4145086407661438,
		0.3002559542655945,
		-0.23182865977287292,
		0.9999902844429016
	],
	"26. right_eye": [
		0.4025396406650543,
		0.3001033365726471,
		-0.23878958821296692,
		0.9999855160713196
	],
	"27. left_ear": [
		0.4190978407859802,
		0.3085409700870514,
		-0.12524357438087463,
		0.999983549118042
	],
	"28. right_ear": [
		0.3965185880661011,
		0.3109055757522583,
		-0.15962323546409607,
		0.9999775290489197
	],
	"time stamp": 29.969946478656652
}