{
	"1. left_hip": [
		0.48423781991004944,
		0.5622214078903198,
		-0.00901105348020792,
		0.9997485280036926
	],
	"2. left_knee": [
		0.4877205789089203,
		0.7060890793800354,
		-0.02028673142194748,
		0.9929041266441345
	],
	"3. left_ankle": [
		0.4886595606803894,
		0.8178761601448059,
		0.07134956866502762,
		0.9898724555969238
	],
	"6. right_hip": [
		0.4494221806526184,
		0.571826696395874,
		0.009023123420774937,
		0.9995720386505127
	],
	"7. right_knee": [
		0.4663752615451813,
		0.7089919447898865,
		0.011908911168575287,
		0.9881990551948547
	],
	"8. right_ankle": [
		0.48396778106689453,
		0.7962070107460022,
		0.15014547109603882,
		0.9674686789512634
	],
	"14. left_shoulder": [
		0.48824819922447205,
		0.4013332426548004,
		-0.0644647553563118,
		0.9997668266296387
	],
	"15. left_elbow": [
		0.513258159160614,
		0.4690075218677521,
		-0.07326866686344147,
		0.9396050572395325
	],
	"16. left_wrist": [
		0.5453256368637085,
		0.5060877203941345,
		-0.2027324140071869,
		0.8291313648223877
	],
	"19. right_shoulder": [
		0.42136350274086,
		0.4101860523223877,
		-0.04714568704366684,
		0.99885094165802
	],
	"20. right_elbow": [
		0.39688292145729065,
		0.468058317899704,
		-0.05811045318841934,
		0.9311392307281494
	],
	"21. right_wrist": [
		0.3701893985271454,
		0.5025231242179871,
		-0.18486511707305908,
		0.8166225552558899
	],
	"24. nose": [
		0.45701202750205994,
		0.32702985405921936,
		-0.19813549518585205,
		0.9999465942382812
	],
	"25. left_eye": [
		0.4631196856498718,
		0.31985756754875183,
		-0.1834176778793335,
		0.9999088644981384
	],
	"26. right_eye": [
		0.45269227027893066,
		0.3177715837955475,
		-0.18568897247314453,
		0.999824047088623
	],
	"27. left_ear": [
		0.4681624472141266,
		0.32938435673713684,
		-0.10013936460018158,
		0.9998818635940552
	],
	"28. right_ear": [
		0.4467596113681793,
		0.32708972692489624,
		-0.1123390793800354,
		0.9997026920318604
	],
	"time stamp": 29.969946478656652
}