{
	"1. left_hip": [
		0.4869866371154785,
		0.5616750717163086,
		-0.01392130833119154,
		0.9997537136077881
	],
	"2. left_knee": [
		0.49069851636886597,
		0.7055864930152893,
		-0.024658937007188797,
		0.9930367469787598
	],
	"3. left_ankle": [
		0.49215608835220337,
		0.8161581158638,
		0.06634016335010529,
		0.9894769191741943
	],
	"6. right_hip": [
		0.45336437225341797,
		0.5716890096664429,
		0.013982795178890228,
		0.9995789527893066
	],
	"7. right_knee": [
		0.4696473479270935,
		0.7077959775924683,
		0.01607585698366165,
		0.9873469471931458
	],
	"8. right_ankle": [
		0.4867292046546936,
		0.7970716953277588,
		0.13703036308288574,
		0.9666029810905457
	],
	"14. left_shoulder": [
		0.4883515238761902,
		0.4013548493385315,
		-0.016368813812732697,
		0.9997889995574951
	],
	"15. left_elbow": [
		0.5198764801025391,
		0.4423697590827942,
		-0.10491843521595001,
		0.9446893930435181
	],
	"16. left_wrist": [
		0.5527888536453247,
		0.4440095126628876,
		-0.293302983045578,
		0.8455855846405029
	],
	"19. right_shoulder": [
		0.4243404269218445,
		0.40885746479034424,
		0.009088035672903061,
		0.9989554286003113
	],
	"20. right_elbow": [
		0.3947857916355133,
		0.4379006624221802,
		-0.0643303245306015,
		0.9371408820152283
	],
	"21. right_wrist": [
		0.3662106692790985,
		0.4362400770187378,
		-0.23752161860466003,
		0.834270715713501
	],
	"24. nose": [
		0.4609284996986389,
		0.3278619349002838,
		-0.12734004855155945,
		0.9999514222145081
	],
	"25. left_eye": [
		0.4665606915950775,
		0.32141798734664917,
		-0.11229614168405533,
		0.9999169111251831
	],
	"26. right_eye": [
		0.4559503495693207,
		0.31886419653892517,
		-0.11457133293151855,
		0.9998401403427124
	],
	"27. left_ear": [
		0.47093287110328674,
		0.3309346139431,
		-0.031762637197971344,
		0.9998928308486938
	],
	"28. right_ear": [
		0.449887752532959,
		0.32834556698799133,
		-0.043337978422641754,
		0.9997304081916809
	],
	"time stamp": 29.969946478656652
}