{
	"1. left_hip": [
		0.48937565088272095,
		0.5466666221618652,
		-0.020038645714521408,
		0.9997795820236206
	],
	"2. left_knee": [
		0.4951176047325134,
		0.6881826519966125,
		-0.019698919728398323,
		0.9926704168319702
	],
	"3. left_ankle": [
		0.5002855658531189,
		0.8037482500076294,
		0.08202643692493439,
		0.9891797304153442
	],
	"6. right_hip": [
		0.4570445418357849,
		0.5585166811943054,
		0.02004888653755188,
		0.9996252059936523
	],
	"7. right_knee": [
		0.4722785949707031,
		0.6983855962753296,
		0.023583820089697838,
		0.9869511127471924
	],
	"8. right_ankle": [
		0.48761576414108276,
		0.8002517819404602,
		0.11906082928180695,
		0.9682254195213318
	],
	"14. left_shoulder": [
		0.48934096097946167,
		0.38343530893325806,
		-0.01231027115136385,
		0.9998161792755127
	],
	"15. left_elbow": [
		0.5197340846061707,
		0.36062443256378174,
		-0.16476762294769287,
		0.9531542658805847
	],
	"16. left_wrist": [
		0.5396473407745361,
		0.3093160092830658,
		-0.3558223843574524,
		0.8732447028160095
	],
	"19. right_shoulder": [
		0.43182167410850525,
		0.3872549831867218,
		0.02336200699210167,
		0.9991069436073303
	],
	"20. right_elbow": [
		0.39597755670547485,
		0.3740127980709076,
		-0.08605119585990906,
		0.9487103819847107
	],
	"21. right_wrist": [
		0.37635621428489685,
		0.3058488965034485,
		-0.19440703094005585,
		0.865382969379425
	],
	"24. nose": [
		0.46940430998802185,
		0.3188278079032898,
		-0.09820707142353058,
		0.9999600052833557
	],
	"25. left_eye": [
		0.47487711906433105,
		0.31164976954460144,
		-0.08218436688184738,
		0.9999315738677979
	],
	"26. right_eye": [
		0.46303385496139526,
		0.30916517972946167,
		-0.08092384040355682,
		0.9998689293861389
	],
	"27. left_ear": [
		0.47843414545059204,
		0.3215733766555786,
		-0.008353526704013348,
		0.9999122023582458
	],
	"28. right_ear": [
		0.45752596855163574,
		0.318185418844223,
		-0.001403781003318727,
		0.9997802376747131
	],
	"time stamp": 29.969946478656652
}