{
	"1. left_hip": [
		0.49082082509994507,
		0.5341364741325378,
		-0.005989744793623686,
		0.9997984766960144
	],
	"2. left_knee": [
		0.49431711435317993,
		0.6773282289505005,
		-0.005909597035497427,
		0.9923303723335266
	],
	"3. left_ankle": [
		0.5005157589912415,
		0.7946697473526001,
		0.09870254248380661,
		0.9881736636161804
	],
	"6. right_hip": [
		0.45794183015823364,
		0.5449210405349731,
		0.005937292240560055,
		0.9996658563613892
	],
	"7. right_knee": [
		0.4714370667934418,
		0.6847547888755798,
		0.006278377026319504,
		0.9863203763961792
	],
	"8. right_ankle": [
		0.48498043417930603,
		0.7998663187026978,
		0.10493393987417221,
		0.9685445427894592
	],
	"14. left_shoulder": [
		0.4914027750492096,
		0.3675428628921509,
		0.004156779497861862,
		0.9997221231460571
	],
	"15. left_elbow": [
		0.5107471346855164,
		0.319670706987381,
		-0.12808012962341309,
		0.9486733675003052
	],
	"16. left_wrist": [
		0.5346572995185852,
		0.2607365548610687,
		-0.2789423167705536,
		0.884240448474884
	],
	"19. right_shoulder": [
		0.4347217082977295,
		0.37192684412002563,
		-0.004973830655217171,
		0.9991453886032104
	],
	"20. right_elbow": [
		0.4094812273979187,
		0.3397189974784851,
		-0.17570792138576508,
		0.957405686378479
	],
	"21. right_wrist": [
		0.40770477056503296,
		0.2684190571308136,
		-0.31928175687789917,
		0.8894506692886353
	],
	"24. nose": [
		0.47112831473350525,
		0.3024895191192627,
		-0.10951463133096695,
		0.9999659061431885
	],
	"25. left_eye": [
		0.4765046238899231,
		0.2963086664676666,
		-0.0912659615278244,
		0.999942421913147
	],
	"26. right_eye": [
		0.46454039216041565,
		0.29441559314727783,
		-0.09589634835720062,
		0.9998918175697327
	],
	"27. left_ear": [
		0.48080840706825256,
		0.3066796064376831,
		-0.006582404021173716,
		0.9999269247055054
	],
	"28. right_ear": [
		0.45762690901756287,
		0.3023197054862976,
		-0.02611861750483513,
		0.99982088804245
	],
	"time stamp": 29.969946478656652
}