{
	"1. left_hip": [
		0.4943573474884033,
		0.5827669501304626,
		-0.012008419260382652,
		0.9995794892311096
	],
	"2. left_knee": [
		0.4924343228340149,
		0.7116902470588684,
		-0.02963341772556305,
		0.988161563873291
	],
	"3. left_ankle": [
		0.49275287985801697,
		0.7989240884780884,
		0.12368707358837128,
		0.9828630685806274
	],
	"6. right_hip": [
		0.46567994356155396,
		0.5848394632339478,
		0.012021174654364586,
		0.9992669224739075
	],
	"7. right_knee": [
		0.46977734565734863,
		0.7108301520347595,
		0.011088168248534203,
		0.9833287596702576
	],
	"8. right_ankle": [
		0.4751895070075989,
		0.803369402885437,
		0.14979656040668488,
		0.9698185324668884
	],
	"14. left_shoulder": [
		0.5031007528305054,
		0.4110969603061676,
		-0.022222397848963737,
		0.998736560344696
	],
	"15. left_elbow": [
		0.5252124071121216,
		0.4296129047870636,
		-0.1409282386302948,
		0.9073517322540283
	],
	"16. left_wrist": [
		0.4852123260498047,
		0.42472636699676514,
		-0.2557501792907715,
		0.8667663335800171
	],
	"19. right_shoulder": [
		0.4492303431034088,
		0.4326227307319641,
		-0.0009930927772074938,
		0.9981474876403809
	],
	"20. right_elbow": [
		0.43361324071884155,
		0.4995543658733368,
		-0.11110459268093109,
		0.8363857865333557
	],
	"21. right_wrist": [
		0.4618724286556244,
		0.4497585594654083,
		-0.23877057433128357,
		0.8140881061553955
	],
	"24. nose": [
		0.46811366081237793,
		0.37174856662750244,
		-0.12200422585010529,
		0.9991372227668762
	],
	"25. left_eye": [
		0.47301554679870605,
		0.3594769835472107,
		-0.1107625961303711,
		0.9981470108032227
	],
	"26. right_eye": [
		0.4642553925514221,
		0.3629261553287506,
		-0.10750206559896469,
		0.9981058239936829
	],
	"27. left_ear": [
		0.47999653220176697,
		0.3610227704048157,
		-0.04364069551229477,
		0.9978926777839661
	],
	"28. right_ear": [
		0.4621818959712982,
		0.36796441674232483,
		-0.027021298184990883,
		0.9975830316543579
	],
	"time stamp": 29.969946478656652
}