{
	"1. left_hip": [
		0.49438586831092834,
		0.5872499942779541,
		-0.009399502538144588,
		0.9995949864387512
	],
	"2. left_knee": [
		0.4951251447200775,
		0.7111127376556396,
		-0.003938047681003809,
		0.9876386523246765
	],
	"3. left_ankle": [
		0.49265462160110474,
		0.7943829894065857,
		0.16456738114356995,
		0.9813876152038574
	],
	"6. right_hip": [
		0.4641985297203064,
		0.5886290073394775,
		0.009313265793025494,
		0.9993008375167847
	],
	"7. right_knee": [
		0.4693361222743988,
		0.7118202447891235,
		0.029038477689027786,
		0.9836350679397583
	],
	"8. right_ankle": [
		0.4747230112552643,
		0.8034069538116455,
		0.17470085620880127,
		0.9706557989120483
	],
	"14. left_shoulder": [
		0.5068885684013367,
		0.4189588725566864,
		-0.06653426587581635,
		0.9987691640853882
	],
	"15. left_elbow": [
		0.5411211252212524,
		0.4278653860092163,
		-0.16998444497585297,
		0.9156933426856995
	],
	"16. left_wrist": [
		0.505905270576477,
		0.4116285443305969,
		-0.27197951078414917,
		0.8742545247077942
	],
	"19. right_shoulder": [
		0.4489348828792572,
		0.4364832639694214,
		-0.04954779893159866,
		0.9982839226722717
	],
	"20. right_elbow": [
		0.42895275354385376,
		0.5039978623390198,
		-0.1346234828233719,
		0.852022111415863
	],
	"21. right_wrist": [
		0.4521610140800476,
		0.46200641989707947,
		-0.26311519742012024,
		0.8318095207214355
	],
	"24. nose": [
		0.46811443567276,
		0.3791564404964447,
		-0.18199416995048523,
		0.9991982579231262
	],
	"25. left_eye": [
		0.47303327918052673,
		0.36505216360092163,
		-0.17287245392799377,
		0.9982688426971436
	],
	"26. right_eye": [
		0.4640909731388092,
		0.3714503347873688,
		-0.16778086125850677,
		0.9982520341873169
	],
	"27. left_ear": [
		0.4805620610713959,
		0.3658709228038788,
		-0.10819076001644135,
		0.998023509979248
	],
	"28. right_ear": [
		0.461934894323349,
		0.37572529911994934,
		-0.08349137753248215,
		0.9977825284004211
	],
	"time stamp": 29.969946478656652
}