{
	"1. left_hip": [
		0.49605369567871094,
		0.5809611678123474,
		0.003911764360964298,
		0.9996147155761719
	],
	"2. left_knee": [
		0.5132306814193726,
		0.7011070251464844,
		-0.0698840543627739,
		0.9885392785072327
	],
	"3. left_ankle": [
		0.4989343583583832,
		0.7734782695770264,
		0.12715420126914978,
		0.9796119928359985
	],
	"6. right_hip": [
		0.4638850688934326,
		0.5834873914718628,
		-0.004090423695743084,
		0.9993802309036255
	],
	"7. right_knee": [
		0.4687546193599701,
		0.7103937268257141,
		-0.027290184050798416,
		0.9851951599121094
	],
	"8. right_ankle": [
		0.47326523065567017,
		0.8034337162971497,
		0.09775818884372711,
		0.9738096594810486
	],
	"14. left_shoulder": [
		0.5102606415748596,
		0.4216729998588562,
		-0.09475148469209671,
		0.9989466071128845
	],
	"15. left_elbow": [
		0.55388343334198,
		0.4243759214878082,
		-0.21106472611427307,
		0.9312760233879089
	],
	"16. left_wrist": [
		0.5239948034286499,
		0.4026227593421936,
		-0.32267531752586365,
		0.8957903385162354
	],
	"19. right_shoulder": [
		0.4522123336791992,
		0.4389427602291107,
		-0.08705183118581772,
		0.9985761046409607
	],
	"20. right_elbow": [
		0.42082756757736206,
		0.47219619154930115,
		-0.19488701224327087,
		0.879519522190094
	],
	"21. right_wrist": [
		0.42623433470726013,
		0.4451655149459839,
		-0.32426831126213074,
		0.862376868724823
	],
	"24. nose": [
		0.46963486075401306,
		0.37601643800735474,
		-0.2053336799144745,
		0.9993278384208679
	],
	"25. left_eye": [
		0.4738589823246002,
		0.3615226745605469,
		-0.19508379697799683,
		0.9985381960868835
	],
	"26. right_eye": [
		0.46448150277137756,
		0.3690372109413147,
		-0.19123956561088562,
		0.9985339045524597
	],
	"27. left_ear": [
		0.4822273850440979,
		0.36334678530693054,
		-0.13087043166160583,
		0.9983429908752441
	],
	"28. right_ear": [
		0.4631217420101166,
		0.37583282589912415,
		-0.11240290105342865,
		0.9981529116630554
	],
	"time stamp": 29.969946478656652
}