{
	"1. left_hip": [
		0.5380605459213257,
		0.5990169644355774,
		-0.037426553666591644,
		0.9992403388023376
	],
	"2. left_knee": [
		0.5454185009002686,
		0.7126023173332214,
		-0.09542028605937958,
		0.9948151111602783
	],
	"3. left_ankle": [
		0.5574243068695068,
		0.8079241514205933,
		-0.0009537044097669423,
		0.9912896156311035
	],
	"6. right_hip": [
		0.5130592584609985,
		0.6059094667434692,
		0.03752345219254494,
		0.9996724724769592
	],
	"7. right_knee": [
		0.462527334690094,
		0.6848748326301575,
		-0.09713014960289001,
		0.9929673075675964
	],
	"8. right_ankle": [
		0.482729434967041,
		0.8060494065284729,
		0.006798689719289541,
		0.9898724555969238
	],
	"14. left_shoulder": [
		0.5288475751876831,
		0.4630257487297058,
		-0.13725869357585907,
		0.9981464147567749
	],
	"15. left_elbow": [
		0.5433012843132019,
		0.5345694422721863,
		-0.15973947942256927,
		0.9269407987594604
	],
	"16. left_wrist": [
		0.5694912672042847,
		0.5886716246604919,
		-0.24392881989479065,
		0.8636179566383362
	],
	"19. right_shoulder": [
		0.4836936593055725,
		0.4401942789554596,
		-0.055650096386671066,
		0.9993668794631958
	],
	"20. right_elbow": [
		0.4449429512023926,
		0.4560870826244354,
		-0.034985605627298355,
		0.9656601548194885
	],
	"21. right_wrist": [
		0.41313689947128296,
		0.5001548528671265,
		-0.1013851910829544,
		0.9591213464736938
	],
	"24. nose": [
		0.5102606415748596,
		0.3874574303627014,
		-0.253208726644516,
		0.9997977614402771
	],
	"25. left_eye": [
		0.5190580487251282,
		0.38562634587287903,
		-0.24116909503936768,
		0.9995211958885193
	],
	"26. right_eye": [
		0.5134355425834656,
		0.37744849920272827,
		-0.23803143203258514,
		0.9995546340942383
	],
	"27. left_ear": [
		0.5248413681983948,
		0.3972041606903076,
		-0.16118136048316956,
		0.999412477016449
	],
	"28. right_ear": [
		0.5139565467834473,
		0.38482123613357544,
		-0.149882972240448,
		0.9994480609893799
	],
	"time stamp": 29.969946478656652
}