{
	"1. left_hip": [
		0.5387589931488037,
		0.5626404285430908,
		-0.024503419175744057,
		0.9995151162147522
	],
	"2. left_knee": [
		0.5491510629653931,
		0.6926931142807007,
		-0.03781525045633316,
		0.9933163523674011
	],
	"3. left_ankle": [
		0.5569511651992798,
		0.8046607971191406,
		0.04408103972673416,
		0.9920880794525146
	],
	"6. right_hip": [
		0.504426121711731,
		0.5708995461463928,
		0.024541210383176804,
		0.9997820258140564
	],
	"7. right_knee": [
		0.47379541397094727,
		0.6899012923240662,
		-0.0070708198472857475,
		0.9890696406364441
	],
	"8. right_ankle": [
		0.47765207290649414,
		0.8045750856399536,
		0.09165811538696289,
		0.988681972026825
	],
	"14. left_shoulder": [
		0.5343230962753296,
		0.40424296259880066,
		-0.03736264258623123,
		0.9990794658660889
	],
	"15. left_elbow": [
		0.5697227120399475,
		0.3669223487377167,
		-0.1515122503042221,
		0.9630867838859558
	],
	"16. left_wrist": [
		0.5788547992706299,
		0.314863920211792,
		-0.29372555017471313,
		0.9288861155509949
	],
	"19. right_shoulder": [
		0.47922199964523315,
		0.4100520610809326,
		0.01068518590182066,
		0.9996622800827026
	],
	"20. right_elbow": [
		0.465083509683609,
		0.47843635082244873,
		0.05213337391614914,
		0.9597105383872986
	],
	"21. right_wrist": [
		0.47210097312927246,
		0.5287182927131653,
		0.03473870828747749,
		0.9241349697113037
	],
	"24. nose": [
		0.5057623386383057,
		0.3436465561389923,
		-0.13752709329128265,
		0.999886155128479
	],
	"25. left_eye": [
		0.5140582323074341,
		0.33897730708122253,
		-0.12358464300632477,
		0.9997085928916931
	],
	"26. right_eye": [
		0.5075706243515015,
		0.33366158604621887,
		-0.12244381755590439,
		0.9997398853302002
	],
	"27. left_ear": [
		0.5200467705726624,
		0.3491041958332062,
		-0.05151912569999695,
		0.9996117949485779
	],
	"28. right_ear": [
		0.5073593258857727,
		0.34051576256752014,
		-0.047224365174770355,
		0.9996796250343323
	],
	"time stamp": 29.969946478656652
}