{
	"1. left_hip": [
		0.5162278413772583,
		0.5553696155548096,
		0.02430264838039875,
		0.9997164607048035
	],
	"2. left_knee": [
		0.548302412033081,
		0.6745506525039673,
		-0.005124553572386503,
		0.9910182952880859
	],
	"3. left_ankle": [
		0.542397141456604,
		0.7948129177093506,
		0.07524101436138153,
		0.9914081692695618
	],
	"6. right_hip": [
		0.4855547845363617,
		0.5555456876754761,
		-0.024313390254974365,
		0.9998127222061157
	],
	"7. right_knee": [
		0.4766307473182678,
		0.6889082193374634,
		-0.027353405952453613,
		0.9925508499145508
	],
	"8. right_ankle": [
		0.46578502655029297,
		0.802216112613678,
		0.03975284844636917,
		0.9918895363807678
	],
	"14. left_shoulder": [
		0.5240424871444702,
		0.37272945046424866,
		0.03319772332906723,
		0.9994465112686157
	],
	"15. left_elbow": [
		0.5557278394699097,
		0.3541962206363678,
		-0.08758065849542618,
		0.9734086394309998
	],
	"16. left_wrist": [
		0.5734303593635559,
		0.3543418347835541,
		-0.26507678627967834,
		0.947273850440979
	],
	"19. right_shoulder": [
		0.4747184216976166,
		0.4000193774700165,
		-0.01982632838189602,
		0.9996800422668457
	],
	"20. right_elbow": [
		0.4828464984893799,
		0.47794654965400696,
		-0.10683219134807587,
		0.9479889273643494
	],
	"21. right_wrist": [
		0.489406019449234,
		0.5043016076087952,
		-0.224050834774971,
		0.9130476713180542
	],
	"24. nose": [
		0.4899577498435974,
		0.3345264494419098,
		-0.11763019859790802,
		0.999934732913971
	],
	"25. left_eye": [
		0.4949895739555359,
		0.32400983572006226,
		-0.10314664989709854,
		0.9998331665992737
	],
	"26. right_eye": [
		0.48340797424316406,
		0.32671383023262024,
		-0.1046462431550026,
		0.999851405620575
	],
	"27. left_ear": [
		0.5022100806236267,
		0.3280126452445984,
		-0.016146447509527206,
		0.9997736215591431
	],
	"28. right_ear": [
		0.48004084825515747,
		0.33438166975975037,
		-0.022631926462054253,
		0.999820351600647
	],
	"time stamp": 29.969946478656652
}