{
	"1. left_hip": [
		0.5105152726173401,
		0.5669107437133789,
		0.02564314939081669,
		0.99974125623703
	],
	"2. left_knee": [
		0.5499663352966309,
		0.6759024858474731,
		-0.07589738816022873,
		0.9910354614257812
	],
	"3. left_ankle": [
		0.5407973527908325,
		0.7951357364654541,
		-0.019377466291189194,
		0.991255521774292
	],
	"6. right_hip": [
		0.4809325337409973,
		0.5602470636367798,
		-0.025613635778427124,
		0.9998056292533875
	],
	"7. right_knee": [
		0.4763740003108978,
		0.6932992339134216,
		-0.017864320427179337,
		0.9926487803459167
	],
	"8. right_ankle": [
		0.46472597122192383,
		0.8048310279846191,
		0.08503936231136322,
		0.9914007782936096
	],
	"14. left_shoulder": [
		0.5199131369590759,
		0.380401611328125,
		0.0352916456758976,
		0.9994931817054749
	],
	"15. left_elbow": [
		0.556567907333374,
		0.37112757563591003,
		-0.05428999662399292,
		0.9748867154121399
	],
	"16. left_wrist": [
		0.5790337324142456,
		0.4033409059047699,
		-0.21596519649028778,
		0.9512796401977539
	],
	"19. right_shoulder": [
		0.474334716796875,
		0.4102035164833069,
		-0.017701055854558945,
		0.9995386600494385
	],
	"20. right_elbow": [
		0.484569787979126,
		0.4831703305244446,
		-0.08798188716173172,
		0.9453681707382202
	],
	"21. right_wrist": [
		0.5040213465690613,
		0.4739198088645935,
		-0.18996542692184448,
		0.9145378470420837
	],
	"24. nose": [
		0.48130297660827637,
		0.340443879365921,
		-0.10513889789581299,
		0.9999321103096008
	],
	"25. left_eye": [
		0.48691636323928833,
		0.3262559175491333,
		-0.0923999696969986,
		0.999840259552002
	],
	"26. right_eye": [
		0.4774129390716553,
		0.33306488394737244,
		-0.09233526885509491,
		0.9998428225517273
	],
	"27. left_ear": [
		0.4958091676235199,
		0.33171719312667847,
		-0.01401655562222004,
		0.9997851848602295
	],
	"28. right_ear": [
		0.47783517837524414,
		0.33939746022224426,
		-0.011377893388271332,
		0.99979168176651
	],
	"time stamp": 29.969946478656652
}