{
	"1. left_hip": [
		0.49973759055137634,
		0.5997204780578613,
		0.01368529349565506,
		0.9998162388801575
	],
	"2. left_knee": [
		0.5498807430267334,
		0.6761133670806885,
		-0.1308394968509674,
		0.989784836769104
	],
	"3. left_ankle": [
		0.5406100153923035,
		0.7999709248542786,
		-0.06768365204334259,
		0.990454375743866
	],
	"6. right_hip": [
		0.4685124456882477,
		0.5941410064697266,
		-0.013687828555703163,
		0.9997908473014832
	],
	"7. right_knee": [
		0.4706479012966156,
		0.7102929353713989,
		-0.050735097378492355,
		0.9911838173866272
	],
	"8. right_ankle": [
		0.46459341049194336,
		0.8090121150016785,
		0.04906727373600006,
		0.988856315612793
	],
	"14. left_shoulder": [
		0.519715428352356,
		0.4261774718761444,
		0.0021095103584229946,
		0.9996638298034668
	],
	"15. left_elbow": [
		0.5549912452697754,
		0.4729549288749695,
		-0.014486195519566536,
		0.9819849133491516
	],
	"16. left_wrist": [
		0.5742383599281311,
		0.5305755734443665,
		-0.13634315133094788,
		0.9657202363014221
	],
	"19. right_shoulder": [
		0.46783146262168884,
		0.4538106322288513,
		0.0013684927253052592,
		0.9995907545089722
	],
	"20. right_elbow": [
		0.4569251537322998,
		0.5335869789123535,
		-0.02954837679862976,
		0.9446212649345398
	],
	"21. right_wrist": [
		0.4265149235725403,
		0.5428000092506409,
		-0.1692110002040863,
		0.9365224838256836
	],
	"24. nose": [
		0.4805676341056824,
		0.3818323016166687,
		-0.13480040431022644,
		0.9999520778656006
	],
	"25. left_eye": [
		0.4846826493740082,
		0.3673306405544281,
		-0.12432487308979034,
		0.999888002872467
	],
	"26. right_eye": [
		0.47400516271591187,
		0.3771199584007263,
		-0.11947009712457657,
		0.9998782873153687
	],
	"27. left_ear": [
		0.49420031905174255,
		0.36852937936782837,
		-0.05631696432828903,
		0.9998499751091003
	],
	"28. right_ear": [
		0.4729110300540924,
		0.3861019015312195,
		-0.035077787935733795,
		0.9997973442077637
	],
	"time stamp": 29.969946478656652
}