{
	"1. left_hip": [
		0.5048881769180298,
		0.5680310130119324,
		0.02205383963882923,
		0.9997708797454834
	],
	"2. left_knee": [
		0.541835606098175,
		0.677878201007843,
		-0.03574267774820328,
		0.9861897230148315
	],
	"3. left_ankle": [
		0.5382686257362366,
		0.8042303323745728,
		0.04658990353345871,
		0.9889474511146545
	],
	"6. right_hip": [
		0.47187942266464233,
		0.5638975501060486,
		-0.02207481488585472,
		0.9996979236602783
	],
	"7. right_knee": [
		0.4682772159576416,
		0.6939782500267029,
		-0.05141383409500122,
		0.9895709753036499
	],
	"8. right_ankle": [
		0.4648131728172302,
		0.8089590072631836,
		0.02948707342147827,
		0.9883965253829956
	],
	"14. left_shoulder": [
		0.5265287756919861,
		0.40458887815475464,
		-0.01471165381371975,
		0.9996950626373291
	],
	"15. left_elbow": [
		0.539199709892273,
		0.4746439754962921,
		0.000920374586712569,
		0.9748374819755554
	],
	"16. left_wrist": [
		0.5420669317245483,
		0.5383760929107666,
		-0.050226591527462006,
		0.947850227355957
	],
	"19. right_shoulder": [
		0.4689103066921234,
		0.4087841510772705,
		-0.054058246314525604,
		0.9993736743927002
	],
	"20. right_elbow": [
		0.4373416304588318,
		0.3948877453804016,
		-0.15748853981494904,
		0.9629574418067932
	],
	"21. right_wrist": [
		0.431497722864151,
		0.33264946937561035,
		-0.3143143951892853,
		0.9582337141036987
	],
	"24. nose": [
		0.49522504210472107,
		0.3381633758544922,
		-0.1601945161819458,
		0.9998424053192139
	],
	"25. left_eye": [
		0.4931813180446625,
		0.33294451236724854,
		-0.1483830362558365,
		0.999721109867096
	],
	"26. right_eye": [
		0.48694315552711487,
		0.3392144739627838,
		-0.14902065694332123,
		0.9996840357780457
	],
	"27. left_ear": [
		0.4945368766784668,
		0.34224605560302734,
		-0.07618623226881027,
		0.9997014999389648
	],
	"28. right_ear": [
		0.4800380766391754,
		0.35435497760772705,
		-0.07607964426279068,
		0.9994677305221558
	],
	"time stamp": 29.969946478656652
}