{
	"1. left_hip": [
		0.5221913456916809,
		0.5459397435188293,
		0.0029892618767917156,
		0.9997543692588806
	],
	"2. left_knee": [
		0.5349961519241333,
		0.6760770678520203,
		-0.0011406054254621267,
		0.9885682463645935
	],
	"3. left_ankle": [
		0.5457034111022949,
		0.7977491617202759,
		0.10328588634729385,
		0.9904358983039856
	],
	"6. right_hip": [
		0.4875740110874176,
		0.5435980558395386,
		-0.0030570703092962503,
		0.9997400045394897
	],
	"7. right_knee": [
		0.4698789119720459,
		0.680015504360199,
		-0.01987368054687977,
		0.9903227090835571
	],
	"8. right_ankle": [
		0.4737015664577484,
		0.799593448638916,
		0.0824425145983696,
		0.9904335737228394
	],
	"14. left_shoulder": [
		0.5327627062797546,
		0.3898129463195801,
		-0.0067147077061235905,
		0.9996855854988098
	],
	"15. left_elbow": [
		0.5351022481918335,
		0.4704853892326355,
		0.026386326178908348,
		0.9487049579620361
	],
	"16. left_wrist": [
		0.5326517224311829,
		0.5433790683746338,
		0.015079508535563946,
		0.9187231063842773
	],
	"19. right_shoulder": [
		0.47611919045448303,
		0.36876949667930603,
		-0.03255511075258255,
		0.9994465708732605
	],
	"20. right_elbow": [
		0.4404834806919098,
		0.3529263138771057,
		-0.14095847308635712,
		0.9636909365653992
	],
	"21. right_wrist": [
		0.4304508566856384,
		0.34057384729385376,
		-0.2992035150527954,
		0.952795147895813
	],
	"24. nose": [
		0.5083073377609253,
		0.31049999594688416,
		-0.14975516498088837,
		0.999879002571106
	],
	"25. left_eye": [
		0.5109595060348511,
		0.3028024137020111,
		-0.13686421513557434,
		0.9997861385345459
	],
	"26. right_eye": [
		0.501595139503479,
		0.30613869428634644,
		-0.13843202590942383,
		0.9997562766075134
	],
	"27. left_ear": [
		0.5135805010795593,
		0.31167224049568176,
		-0.05484950542449951,
		0.9997750520706177
	],
	"28. right_ear": [
		0.49254924058914185,
		0.3188498616218567,
		-0.06808684766292572,
		0.9995947480201721
	],
	"time stamp": 29.969946478656652
}