{
	"1. left_hip": [
		0.5256796479225159,
		0.5488828420639038,
		-0.007656418718397617,
		0.9995972514152527
	],
	"2. left_knee": [
		0.5365374088287354,
		0.6807110905647278,
		-0.02079879119992256,
		0.9897563457489014
	],
	"3. left_ankle": [
		0.547871470451355,
		0.7975978255271912,
		0.08331213146448135,
		0.9910697340965271
	],
	"6. right_hip": [
		0.4928201735019684,
		0.5474515557289124,
		0.007581105921417475,
		0.9997403621673584
	],
	"7. right_knee": [
		0.4696078300476074,
		0.6783815622329712,
		-0.036550432443618774,
		0.9911264181137085
	],
	"8. right_ankle": [
		0.4794054925441742,
		0.798963189125061,
		0.07276035845279694,
		0.9917407631874084
	],
	"14. left_shoulder": [
		0.5340296626091003,
		0.3911619782447815,
		-0.021971380338072777,
		0.9992212057113647
	],
	"15. left_elbow": [
		0.5327277779579163,
		0.4740636944770813,
		-0.012419184669852257,
		0.9008414149284363
	],
	"16. left_wrist": [
		0.5314498543739319,
		0.545578122138977,
		-0.05534820631146431,
		0.8542960286140442
	],
	"19. right_shoulder": [
		0.4783715307712555,
		0.36731016635894775,
		-0.030902113765478134,
		0.9994142055511475
	],
	"20. right_elbow": [
		0.44181084632873535,
		0.36062222719192505,
		-0.1277117133140564,
		0.9579581618309021
	],
	"21. right_wrist": [
		0.4247058033943176,
		0.3440115451812744,
		-0.3045350909233093,
		0.942150354385376
	],
	"24. nose": [
		0.5134479403495789,
		0.3158115744590759,
		-0.16163292527198792,
		0.9998905062675476
	],
	"25. left_eye": [
		0.5168605446815491,
		0.30764666199684143,
		-0.1479249894618988,
		0.999799907207489
	],
	"26. right_eye": [
		0.5073040723800659,
		0.3085704445838928,
		-0.1504892259836197,
		0.9997800588607788
	],
	"27. left_ear": [
		0.5197023749351501,
		0.31680697202682495,
		-0.06399301439523697,
		0.9997937083244324
	],
	"28. right_ear": [
		0.4989592432975769,
		0.31909042596817017,
		-0.07778659462928772,
		0.9996422529220581
	],
	"time stamp": 29.969946478656652
}