{
	"1. left_hip": [
		0.5415351986885071,
		0.5921263098716736,
		-0.04032466188073158,
		0.9995660185813904
	],
	"2. left_knee": [
		0.5431618094444275,
		0.7092239260673523,
		-0.10384766757488251,
		0.9935529828071594
	],
	"3. left_ankle": [
		0.5539408922195435,
		0.811940610408783,
		-0.0022855016868561506,
		0.993878960609436
	],
	"6. right_hip": [
		0.5118148326873779,
		0.6016390323638916,
		0.04049306362867355,
		0.9997643232345581
	],
	"7. right_knee": [
		0.46577948331832886,
		0.6906882524490356,
		-0.08446843177080154,
		0.9900137186050415
	],
	"8. right_ankle": [
		0.48471251130104065,
		0.8141505122184753,
		0.023175310343503952,
		0.9908006191253662
	],
	"14. left_shoulder": [
		0.5371260046958923,
		0.4582512378692627,
		-0.11830823123455048,
		0.9995979070663452
	],
	"15. left_elbow": [
		0.5668480396270752,
		0.5195217728614807,
		-0.17698565125465393,
		0.9348653554916382
	],
	"16. left_wrist": [
		0.5987743139266968,
		0.485270231962204,
		-0.3106992840766907,
		0.9133574366569519
	],
	"19. right_shoulder": [
		0.48257169127464294,
		0.43584030866622925,
		-0.040756531059741974,
		0.9996935725212097
	],
	"20. right_elbow": [
		0.45681244134902954,
		0.5020585656166077,
		-0.005121414549648762,
		0.9726324081420898
	],
	"21. right_wrist": [
		0.4432121217250824,
		0.5634053349494934,
		-0.06886835396289825,
		0.9616324305534363
	],
	"24. nose": [
		0.522874653339386,
		0.3751174509525299,
		-0.2200384885072708,
		0.9999432563781738
	],
	"25. left_eye": [
		0.5273634195327759,
		0.37327584624290466,
		-0.2083154171705246,
		0.9998904466629028
	],
	"26. right_eye": [
		0.5197491645812988,
		0.36390602588653564,
		-0.20535123348236084,
		0.999882161617279
	],
	"27. left_ear": [
		0.5299794673919678,
		0.3865043520927429,
		-0.1371462494134903,
		0.9998839497566223
	],
	"28. right_ear": [
		0.5159484148025513,
		0.37144824862480164,
		-0.12741883099079132,
		0.999815046787262
	],
	"time stamp": 29.969946478656652
}