{
	"1. left_hip": [
		0.5393564701080322,
		0.5706728100776672,
		-0.03965291753411293,
		0.9996452331542969
	],
	"2. left_knee": [
		0.5465903282165527,
		0.6953158378601074,
		-0.0736067146062851,
		0.9931743144989014
	],
	"3. left_ankle": [
		0.5539734363555908,
		0.8068978786468506,
		0.046010810881853104,
		0.9944926500320435
	],
	"6. right_hip": [
		0.5080145597457886,
		0.576999843120575,
		0.03971436619758606,
		0.9998137950897217
	],
	"7. right_knee": [
		0.4712536334991455,
		0.6888803839683533,
		-0.04849546402692795,
		0.9890546202659607
	],
	"8. right_ankle": [
		0.4842708110809326,
		0.8092691898345947,
		0.07039253413677216,
		0.9907050728797913
	],
	"14. left_shoulder": [
		0.5414284467697144,
		0.4195162057876587,
		-0.13786542415618896,
		0.9997235536575317
	],
	"15. left_elbow": [
		0.5782217979431152,
		0.4147665798664093,
		-0.2527093291282654,
		0.9569214582443237
	],
	"16. left_wrist": [
		0.5891393423080444,
		0.3592976927757263,
		-0.4012053906917572,
		0.9400840997695923
	],
	"19. right_shoulder": [
		0.48265957832336426,
		0.4144432842731476,
		-0.043434642255306244,
		0.9997884035110474
	],
	"20. right_elbow": [
		0.4708302915096283,
		0.48300981521606445,
		0.001043112250044942,
		0.9591830372810364
	],
	"21. right_wrist": [
		0.46718382835388184,
		0.5440558791160583,
		-0.030946487560868263,
		0.9251033067703247
	],
	"24. nose": [
		0.5126152038574219,
		0.34050869941711426,
		-0.2171226441860199,
		0.9999599456787109
	],
	"25. left_eye": [
		0.5217131972312927,
		0.338733971118927,
		-0.20969164371490479,
		0.9999189972877502
	],
	"26. right_eye": [
		0.516364336013794,
		0.3326032757759094,
		-0.20223447680473328,
		0.9999145865440369
	],
	"27. left_ear": [
		0.5280128121376038,
		0.3550027310848236,
		-0.15630453824996948,
		0.9999114871025085
	],
	"28. right_ear": [
		0.5166636109352112,
		0.3408178687095642,
		-0.12172143161296844,
		0.9998739957809448
	],
	"time stamp": 29.969946478656652
}