{
	"1. left_hip": [
		0.5288013219833374,
		0.5437284111976624,
		-0.01058117114007473,
		0.9997149109840393
	],
	"2. left_knee": [
		0.5435328483581543,
		0.67654949426651,
		-0.024710508063435555,
		0.9929428696632385
	],
	"3. left_ankle": [
		0.5522655248641968,
		0.7935467958450317,
		0.08153771609067917,
		0.9942672252655029
	],
	"6. right_hip": [
		0.4941070079803467,
		0.5442485809326172,
		0.010555689223110676,
		0.999822199344635
	],
	"7. right_knee": [
		0.4791019856929779,
		0.6821616888046265,
		-0.0017381471116095781,
		0.9909054040908813
	],
	"8. right_ankle": [
		0.4736066460609436,
		0.7995455265045166,
		0.09951229393482208,
		0.992253839969635
	],
	"14. left_shoulder": [
		0.5406819581985474,
		0.3709315359592438,
		-0.01973227970302105,
		0.9997696280479431
	],
	"15. left_elbow": [
		0.5761286020278931,
		0.3507210910320282,
		-0.13348500430583954,
		0.9667410254478455
	],
	"16. left_wrist": [
		0.5837909579277039,
		0.3352090120315552,
		-0.31013223528862,
		0.9487890005111694
	],
	"19. right_shoulder": [
		0.48113998770713806,
		0.38047701120376587,
		0.009251104667782784,
		0.9998120069503784
	],
	"20. right_elbow": [
		0.4714582562446594,
		0.45636677742004395,
		-0.00640479102730751,
		0.9578762054443359
	],
	"21. right_wrist": [
		0.45687347650527954,
		0.5089008808135986,
		-0.09745880216360092,
		0.9343668222427368
	],
	"24. nose": [
		0.5071829557418823,
		0.30823177099227905,
		-0.13634783029556274,
		0.9999685287475586
	],
	"25. left_eye": [
		0.5149260759353638,
		0.3009805679321289,
		-0.12283626943826675,
		0.9999332427978516
	],
	"26. right_eye": [
		0.5059289932250977,
		0.29915717244148254,
		-0.1216449961066246,
		0.9999306201934814
	],
	"27. left_ear": [
		0.5238751173019409,
		0.3106413185596466,
		-0.04536448046565056,
		0.9999228119850159
	],
	"28. right_ear": [
		0.5050495862960815,
		0.3067246377468109,
		-0.03973394259810448,
		0.9998999834060669
	],
	"time stamp": 29.969946478656652
}