{
	"1. left_hip": [
		0.5210379958152771,
		0.5389005541801453,
		-0.015237445943057537,
		0.9997603893280029
	],
	"2. left_knee": [
		0.5343413352966309,
		0.6792039275169373,
		-0.04282817617058754,
		0.9924802184104919
	],
	"3. left_ankle": [
		0.5469422340393066,
		0.7928635478019714,
		0.06035270169377327,
		0.9937294125556946
	],
	"6. right_hip": [
		0.4866872727870941,
		0.5379995107650757,
		0.015195535495877266,
		0.99977707862854
	],
	"7. right_knee": [
		0.47986260056495667,
		0.676840603351593,
		-0.0012807047460228205,
		0.9917203783988953
	],
	"8. right_ankle": [
		0.4726945757865906,
		0.7991045713424683,
		0.09078527987003326,
		0.9927778244018555
	],
	"14. left_shoulder": [
		0.5385309457778931,
		0.35822007060050964,
		-0.026824066415429115,
		0.9998273253440857
	],
	"15. left_elbow": [
		0.5780371427536011,
		0.3803538382053375,
		-0.09524350613355637,
		0.9750885963439941
	],
	"16. left_wrist": [
		0.5856672525405884,
		0.42724981904029846,
		-0.23967435956001282,
		0.9600332379341125
	],
	"19. right_shoulder": [
		0.479865163564682,
		0.38069191575050354,
		0.06363392621278763,
		0.9998117089271545
	],
	"20. right_elbow": [
		0.46155405044555664,
		0.45094162225723267,
		0.023677514865994453,
		0.9628028869628906
	],
	"21. right_wrist": [
		0.42650508880615234,
		0.43028587102890015,
		-0.14983150362968445,
		0.949971616268158
	],
	"24. nose": [
		0.4914919435977936,
		0.30907928943634033,
		-0.11635667085647583,
		0.999975860118866
	],
	"25. left_eye": [
		0.497694194316864,
		0.2983461022377014,
		-0.10993988811969757,
		0.9999475479125977
	],
	"26. right_eye": [
		0.48864442110061646,
		0.30026373267173767,
		-0.10027210414409637,
		0.9999443292617798
	],
	"27. left_ear": [
		0.5093332529067993,
		0.3033137321472168,
		-0.05220673233270645,
		0.9999386668205261
	],
	"28. right_ear": [
		0.48979154229164124,
		0.3068297505378723,
		-0.007371238432824612,
		0.9999150633811951
	],
	"time stamp": 29.969946478656652
}