{
	"1. left_hip": [
		0.5080293416976929,
		0.5717706680297852,
		-0.009832816198468208,
		0.9997857213020325
	],
	"2. left_knee": [
		0.5145989656448364,
		0.70012366771698,
		-0.02586829662322998,
		0.9930265545845032
	],
	"3. left_ankle": [
		0.5413166284561157,
		0.7976255416870117,
		0.12031159549951553,
		0.9937955141067505
	],
	"6. right_hip": [
		0.4735938012599945,
		0.5741690397262573,
		0.010012788698077202,
		0.9997860789299011
	],
	"7. right_knee": [
		0.47692328691482544,
		0.7029861211776733,
		0.017934715375304222,
		0.9932336211204529
	],
	"8. right_ankle": [
		0.4751681685447693,
		0.8090411424636841,
		0.15236370265483856,
		0.9937087893486023
	],
	"14. left_shoulder": [
		0.5260493755340576,
		0.4118572175502777,
		-0.07602935284376144,
		0.9998908042907715
	],
	"15. left_elbow": [
		0.5428415536880493,
		0.48676934838294983,
		-0.07310473173856735,
		0.984323263168335
	],
	"16. left_wrist": [
		0.5465371608734131,
		0.5535969138145447,
		-0.12657175958156586,
		0.972503125667572
	],
	"19. right_shoulder": [
		0.46563562750816345,
		0.4171931743621826,
		-0.014140437357127666,
		0.9998286962509155
	],
	"20. right_elbow": [
		0.4327229857444763,
		0.4344358742237091,
		-0.06823291629552841,
		0.9715752005577087
	],
	"21. right_wrist": [
		0.41482582688331604,
		0.3826844394207001,
		-0.22860312461853027,
		0.9677053093910217
	],
	"24. nose": [
		0.48240628838539124,
		0.3558986783027649,
		-0.17977575957775116,
		0.9999825954437256
	],
	"25. left_eye": [
		0.48679956793785095,
		0.3411591351032257,
		-0.17343516647815704,
		0.9999608397483826
	],
	"26. right_eye": [
		0.47603338956832886,
		0.3507049083709717,
		-0.1659129559993744,
		0.9999531507492065
	],
	"27. left_ear": [
		0.49739256501197815,
		0.3420279324054718,
		-0.11471684277057648,
		0.9999575018882751
	],
	"28. right_ear": [
		0.47530418634414673,
		0.35756465792655945,
		-0.07846793532371521,
		0.9999060034751892
	],
	"time stamp": 29.969946478656652
}