{
	"1. left_hip": [
		0.5054579973220825,
		0.5749199986457825,
		-0.031125370413064957,
		0.9997901320457458
	],
	"2. left_knee": [
		0.5036488175392151,
		0.7015345096588135,
		-0.05395615100860596,
		0.9935095906257629
	],
	"3. left_ankle": [
		0.5354561805725098,
		0.7782753705978394,
		0.13133330643177032,
		0.9936981797218323
	],
	"6. right_hip": [
		0.47314968705177307,
		0.5770751237869263,
		0.031081628054380417,
		0.9997913241386414
	],
	"7. right_knee": [
		0.47342056035995483,
		0.7052034139633179,
		0.04228664189577103,
		0.9926568865776062
	],
	"8. right_ankle": [
		0.4757118225097656,
		0.8093428611755371,
		0.1783326417207718,
		0.9937018752098083
	],
	"14. left_shoulder": [
		0.5226128101348877,
		0.41626501083374023,
		-0.0940127819776535,
		0.9999011158943176
	],
	"15. left_elbow": [
		0.535076916217804,
		0.4922914206981659,
		-0.08330139517784119,
		0.9858074188232422
	],
	"16. left_wrist": [
		0.5240453481674194,
		0.5584876537322998,
		-0.13406838476657867,
		0.9750117063522339
	],
	"19. right_shoulder": [
		0.4667969346046448,
		0.4220843017101288,
		-0.0015504781622439623,
		0.9998239278793335
	],
	"20. right_elbow": [
		0.43688565492630005,
		0.457184374332428,
		-0.06014864519238472,
		0.9718320369720459
	],
	"21. right_wrist": [
		0.42409801483154297,
		0.4023173451423645,
		-0.2514558732509613,
		0.9700592756271362
	],
	"24. nose": [
		0.4832056164741516,
		0.36120402812957764,
		-0.1932983696460724,
		0.9999831318855286
	],
	"25. left_eye": [
		0.487037718296051,
		0.3476674556732178,
		-0.1869305670261383,
		0.9999622702598572
	],
	"26. right_eye": [
		0.4770793318748474,
		0.35735201835632324,
		-0.17866365611553192,
		0.9999526739120483
	],
	"27. left_ear": [
		0.4965423047542572,
		0.348908007144928,
		-0.12434011697769165,
		0.9999606013298035
	],
	"28. right_ear": [
		0.4750325679779053,
		0.3669935464859009,
		-0.0851796343922615,
		0.9998956918716431
	],
	"time stamp": 29.969946478656652
}