{
	"1. left_hip": [
		0.5046541690826416,
		0.5740320682525635,
		-0.033761315047740936,
		0.9997791051864624
	],
	"2. left_knee": [
		0.5023632645606995,
		0.7009305357933044,
		-0.053843338042497635,
		0.9938129186630249
	],
	"3. left_ankle": [
		0.5341529250144958,
		0.7738247513771057,
		0.12610819935798645,
		0.9932809472084045
	],
	"6. right_hip": [
		0.47293543815612793,
		0.5763733386993408,
		0.03368256241083145,
		0.9997920393943787
	],
	"7. right_knee": [
		0.4720119833946228,
		0.7049878239631653,
		0.03829319030046463,
		0.9918183088302612
	],
	"8. right_ankle": [
		0.4761696457862854,
		0.8095346093177795,
		0.16042885184288025,
		0.9935212731361389
	],
	"14. left_shoulder": [
		0.5225785374641418,
		0.4156039357185364,
		-0.08906633406877518,
		0.9999092221260071
	],
	"15. left_elbow": [
		0.5339515209197998,
		0.4929327666759491,
		-0.08100109547376633,
		0.9870617389678955
	],
	"16. left_wrist": [
		0.521902859210968,
		0.5593395829200745,
		-0.10883457958698273,
		0.9770552515983582
	],
	"19. right_shoulder": [
		0.4674784541130066,
		0.42155393958091736,
		-0.0008533548680134118,
		0.9998199343681335
	],
	"20. right_elbow": [
		0.4391460418701172,
		0.46179503202438354,
		-0.05629643052816391,
		0.970481276512146
	],
	"21. right_wrist": [
		0.4295615553855896,
		0.40855228900909424,
		-0.24493901431560516,
		0.9721068143844604
	],
	"24. nose": [
		0.4825301170349121,
		0.3621727526187897,
		-0.18048129975795746,
		0.9999821186065674
	],
	"25. left_eye": [
		0.48624563217163086,
		0.3492576479911804,
		-0.17507599294185638,
		0.9999604225158691
	],
	"26. right_eye": [
		0.4763832986354828,
		0.35830166935920715,
		-0.1662757843732834,
		0.9999474287033081
	],
	"27. left_ear": [
		0.49555620551109314,
		0.3499357998371124,
		-0.11805610358715057,
		0.9999619722366333
	],
	"28. right_ear": [
		0.474653959274292,
		0.36691123247146606,
		-0.07532183080911636,
		0.9998687505722046
	],
	"time stamp": 29.969946478656652
}