{
	"1. left_hip": [
		0.5038794279098511,
		0.5711914300918579,
		-0.03234044834971428,
		0.9997828602790833
	],
	"2. left_knee": [
		0.4761812686920166,
		0.6470438838005066,
		-0.28354543447494507,
		0.9944283366203308
	],
	"3. left_ankle": [
		0.5029784440994263,
		0.7484616041183472,
		-0.24416086077690125,
		0.9910207390785217
	],
	"6. right_hip": [
		0.47037458419799805,
		0.5739694237709045,
		0.03231612592935562,
		0.9998118877410889
	],
	"7. right_knee": [
		0.46279019117355347,
		0.7004950046539307,
		-0.023773999884724617,
		0.9786468744277954
	],
	"8. right_ankle": [
		0.47821974754333496,
		0.8105282187461853,
		0.021657582372426987,
		0.9871851205825806
	],
	"14. left_shoulder": [
		0.5153595805168152,
		0.4081772565841675,
		0.01959199830889702,
		0.9998606443405151
	],
	"15. left_elbow": [
		0.5023248791694641,
		0.44147545099258423,
		-0.06178176403045654,
		0.968902051448822
	],
	"16. left_wrist": [
		0.46241456270217896,
		0.454982727766037,
		-0.09677552431821823,
		0.9192109704017639
	],
	"19. right_shoulder": [
		0.4661402702331543,
		0.41852229833602905,
		0.0731518566608429,
		0.9997225999832153
	],
	"20. right_elbow": [
		0.46052685379981995,
		0.47159263491630554,
		-0.06152094155550003,
		0.9428226947784424
	],
	"21. right_wrist": [
		0.48840856552124023,
		0.4460684359073639,
		-0.177153542637825,
		0.9389674067497253
	],
	"24. nose": [
		0.483102411031723,
		0.3651471436023712,
		-0.04332771152257919,
		0.9999404549598694
	],
	"25. left_eye": [
		0.48648419976234436,
		0.3529050946235657,
		-0.03208133950829506,
		0.9998994469642639
	],
	"26. right_eye": [
		0.476342111825943,
		0.3611975908279419,
		-0.02810855582356453,
		0.9998529553413391
	],
	"27. left_ear": [
		0.49314194917678833,
		0.3539532721042633,
		0.03162972629070282,
		0.999930739402771
	],
	"28. right_ear": [
		0.4719281792640686,
		0.3699883818626404,
		0.05203121900558472,
		0.9996846914291382
	],
	"time stamp": 29.969946478656652
}