{
	"1. left_hip": [
		0.49719691276550293,
		0.5724585652351379,
		-0.06704500317573547,
		0.9998657703399658
	],
	"2. left_knee": [
		0.4798828661441803,
		0.6960718631744385,
		-0.14761555194854736,
		0.9951422214508057
	],
	"3. left_ankle": [
		0.5069425106048584,
		0.8302072882652283,
		-0.20357969403266907,
		0.9920625686645508
	],
	"6. right_hip": [
		0.47332963347435,
		0.578143298625946,
		0.06711756438016891,
		0.999835729598999
	],
	"7. right_knee": [
		0.4553954601287842,
		0.6997511386871338,
		0.05500558018684387,
		0.9152714610099792
	],
	"8. right_ankle": [
		0.4852215647697449,
		0.8092031478881836,
		0.12680873274803162,
		0.950644850730896
	],
	"14. left_shoulder": [
		0.5129492282867432,
		0.39592403173446655,
		-0.046876948326826096,
		0.9999060034751892
	],
	"15. left_elbow": [
		0.5192328691482544,
		0.4799594581127167,
		-0.08773408830165863,
		0.9800049066543579
	],
	"16. left_wrist": [
		0.5401136875152588,
		0.5367323160171509,
		-0.18560472130775452,
		0.9390408396720886
	],
	"19. right_shoulder": [
		0.469987690448761,
		0.41974711418151855,
		0.11389680206775665,
		0.9995722770690918
	],
	"20. right_elbow": [
		0.44837847352027893,
		0.47875267267227173,
		0.13107207417488098,
		0.770403265953064
	],
	"21. right_wrist": [
		0.4171522557735443,
		0.5154977440834045,
		0.049292005598545074,
		0.8486966490745544
	],
	"24. nose": [
		0.4863024652004242,
		0.35821443796157837,
		-0.10222633183002472,
		0.9999006986618042
	],
	"25. left_eye": [
		0.4883860647678375,
		0.3424462378025055,
		-0.0945611298084259,
		0.9999071359634399
	],
	"26. right_eye": [
		0.47828245162963867,
		0.35193032026290894,
		-0.08516743034124374,
		0.9998161196708679
	],
	"27. left_ear": [
		0.4928227365016937,
		0.3432111442089081,
		-0.03463848680257797,
		0.9999477863311768
	],
	"28. right_ear": [
		0.47283634543418884,
		0.3602392077445984,
		0.008354374207556248,
		0.9996953010559082
	],
	"time stamp": 29.969946478656652
}