{
	"1. left_hip": [
		0.4949072003364563,
		0.5803620219230652,
		-0.07190974056720734,
		0.9998858571052551
	],
	"2. left_knee": [
		0.48240500688552856,
		0.7041664123535156,
		-0.14981219172477722,
		0.995102047920227
	],
	"3. left_ankle": [
		0.5097283720970154,
		0.8394863605499268,
		-0.1528433859348297,
		0.993070125579834
	],
	"6. right_hip": [
		0.4738551080226898,
		0.583806037902832,
		0.07195897400379181,
		0.9998437762260437
	],
	"7. right_knee": [
		0.45581507682800293,
		0.7028002142906189,
		0.07317883521318436,
		0.9025385975837708
	],
	"8. right_ankle": [
		0.4873840808868408,
		0.8100461363792419,
		0.16261692345142365,
		0.9418846964836121
	],
	"14. left_shoulder": [
		0.508185088634491,
		0.4101468324661255,
		-0.08105001598596573,
		0.9999237060546875
	],
	"15. left_elbow": [
		0.5241090059280396,
		0.48743027448654175,
		-0.10771707445383072,
		0.9833488464355469
	],
	"16. left_wrist": [
		0.5584489703178406,
		0.5493316054344177,
		-0.1830216348171234,
		0.9491420388221741
	],
	"19. right_shoulder": [
		0.47149354219436646,
		0.42184728384017944,
		0.1028570905327797,
		0.9996358156204224
	],
	"20. right_elbow": [
		0.4451579451560974,
		0.48832860589027405,
		0.15242478251457214,
		0.7800045609474182
	],
	"21. right_wrist": [
		0.41125625371932983,
		0.5357253551483154,
		0.10725738853216171,
		0.8660657405853271
	],
	"24. nose": [
		0.4894954264163971,
		0.35077810287475586,
		-0.09735237061977386,
		0.999918520450592
	],
	"25. left_eye": [
		0.4902586340904236,
		0.3394947648048401,
		-0.0924144759774208,
		0.9999232888221741
	],
	"26. right_eye": [
		0.4826676845550537,
		0.3464988172054291,
		-0.08119119703769684,
		0.9998472929000854
	],
	"27. left_ear": [
		0.4931235909461975,
		0.34367823600769043,
		-0.05087326839566231,
		0.9999567270278931
	],
	"28. right_ear": [
		0.4766773283481598,
		0.35783323645591736,
		0.0008825709810480475,
		0.999747633934021
	],
	"time stamp": 29.969946478656652
}