{
	"1. left_hip": [
		0.49227839708328247,
		0.5904279351234436,
		-0.0685829222202301,
		0.999910295009613
	],
	"2. left_knee": [
		0.4840914309024811,
		0.7073714137077332,
		-0.14082804322242737,
		0.9952658414840698
	],
	"3. left_ankle": [
		0.5142544507980347,
		0.8376132249832153,
		-0.1470162272453308,
		0.9949978590011597
	],
	"6. right_hip": [
		0.4768277704715729,
		0.5926841497421265,
		0.06857754290103912,
		0.9998466968536377
	],
	"7. right_knee": [
		0.45458126068115234,
		0.7070327997207642,
		0.08084632456302643,
		0.8962177038192749
	],
	"8. right_ankle": [
		0.49022069573402405,
		0.8122851252555847,
		0.17628982663154602,
		0.9330291152000427
	],
	"14. left_shoulder": [
		0.499472439289093,
		0.4180396497249603,
		-0.08868177235126495,
		0.999949038028717
	],
	"15. left_elbow": [
		0.5016111135482788,
		0.4892958700656891,
		-0.13505813479423523,
		0.9807584285736084
	],
	"16. left_wrist": [
		0.49305644631385803,
		0.5486103296279907,
		-0.198415145277977,
		0.9419224858283997
	],
	"19. right_shoulder": [
		0.47521138191223145,
		0.4341588318347931,
		0.08392594009637833,
		0.9997174143791199
	],
	"20. right_elbow": [
		0.44584187865257263,
		0.48654523491859436,
		0.12942202389240265,
		0.7690463662147522
	],
	"21. right_wrist": [
		0.4111659526824951,
		0.5281298160552979,
		0.06899923831224442,
		0.8887876868247986
	],
	"24. nose": [
		0.48540687561035156,
		0.36316999793052673,
		-0.11451242119073868,
		0.9999216794967651
	],
	"25. left_eye": [
		0.4893829822540283,
		0.3503822684288025,
		-0.10979849100112915,
		0.9999029040336609
	],
	"26. right_eye": [
		0.48109012842178345,
		0.353318989276886,
		-0.09941418468952179,
		0.999839186668396
	],
	"27. left_ear": [
		0.49137264490127563,
		0.359072744846344,
		-0.06490875780582428,
		0.999920129776001
	],
	"28. right_ear": [
		0.47851037979125977,
		0.3630979359149933,
		-0.015335324220359325,
		0.9997555613517761
	],
	"time stamp": 29.969946478656652
}