{
	"1. left_hip": [
		0.49774283170700073,
		0.5642029047012329,
		-0.040321432054042816,
		0.9998576045036316
	],
	"2. left_knee": [
		0.4926174581050873,
		0.6998303532600403,
		-0.08124703168869019,
		0.9953633546829224
	],
	"3. left_ankle": [
		0.5083313584327698,
		0.8342390060424805,
		-0.056770216673612595,
		0.9955319762229919
	],
	"6. right_hip": [
		0.4721600413322449,
		0.5694355964660645,
		0.040316808968782425,
		0.9997596144676208
	],
	"7. right_knee": [
		0.45467060804367065,
		0.7097538113594055,
		0.0205478984862566,
		0.905078113079071
	],
	"8. right_ankle": [
		0.4894610345363617,
		0.8137122988700867,
		0.08026693761348724,
		0.9416689872741699
	],
	"14. left_shoulder": [
		0.5043619275093079,
		0.4042222201824188,
		0.03654438629746437,
		0.99985271692276
	],
	"15. left_elbow": [
		0.4962313771247864,
		0.46766844391822815,
		-0.04663222283124924,
		0.9307601451873779
	],
	"16. left_wrist": [
		0.46359533071517944,
		0.45281782746315,
		-0.12570473551750183,
		0.8289609551429749
	],
	"19. right_shoulder": [
		0.4585567116737366,
		0.41115155816078186,
		0.0677482932806015,
		0.9995201826095581
	],
	"20. right_elbow": [
		0.4473009705543518,
		0.4555119276046753,
		-0.03701159358024597,
		0.6970770955085754
	],
	"21. right_wrist": [
		0.4637320041656494,
		0.46453073620796204,
		-0.19356778264045715,
		0.7936169505119324
	],
	"24. nose": [
		0.48866671323776245,
		0.3477898836135864,
		-0.035013698041439056,
		0.9999087452888489
	],
	"25. left_eye": [
		0.4937772750854492,
		0.3376898467540741,
		-0.02005571499466896,
		0.9998933672904968
	],
	"26. right_eye": [
		0.4829177260398865,
		0.3352605700492859,
		-0.020757440477609634,
		0.9998555779457092
	],
	"27. left_ear": [
		0.4969790577888489,
		0.34260547161102295,
		0.05636860057711601,
		0.9999126195907593
	],
	"28. right_ear": [
		0.47752460837364197,
		0.3408504128456116,
		0.05225466564297676,
		0.9997913837432861
	],
	"time stamp": 29.969946478656652
}