{
	"1. left_hip": [
		0.5003045201301575,
		0.5467709302902222,
		-0.014195093885064125,
		0.9998070001602173
	],
	"2. left_knee": [
		0.49375325441360474,
		0.6876205205917358,
		-0.009923090226948261,
		0.9957324266433716
	],
	"3. left_ankle": [
		0.5011478662490845,
		0.8088628053665161,
		0.10123293101787567,
		0.9955115914344788
	],
	"6. right_hip": [
		0.46798425912857056,
		0.5480451583862305,
		0.014246543869376183,
		0.9996126890182495
	],
	"7. right_knee": [
		0.46790990233421326,
		0.691311240196228,
		0.015758272260427475,
		0.9348076581954956
	],
	"8. right_ankle": [
		0.48139864206314087,
		0.8026026487350464,
		0.12355551868677139,
		0.957876443862915
	],
	"14. left_shoulder": [
		0.5153734683990479,
		0.38375332951545715,
		-0.014251628890633583,
		0.9998741745948792
	],
	"15. left_elbow": [
		0.5298188924789429,
		0.4585738778114319,
		-0.013483216986060143,
		0.9416611194610596
	],
	"16. left_wrist": [
		0.5339351892471313,
		0.5145770907402039,
		-0.1003025621175766,
		0.859356164932251
	],
	"19. right_shoulder": [
		0.4577401578426361,
		0.381298691034317,
		-0.0026214958634227514,
		0.9994750022888184
	],
	"20. right_elbow": [
		0.446377694606781,
		0.4465326964855194,
		-0.052117396146059036,
		0.737821638584137
	],
	"21. right_wrist": [
		0.4492434859275818,
		0.4457467496395111,
		-0.2366369515657425,
		0.8056458830833435
	],
	"24. nose": [
		0.48869895935058594,
		0.3249063193798065,
		-0.16737283766269684,
		0.9999157190322876
	],
	"25. left_eye": [
		0.49397069215774536,
		0.3133128583431244,
		-0.15397129952907562,
		0.9998980760574341
	],
	"26. right_eye": [
		0.48351040482521057,
		0.31247657537460327,
		-0.1556939035654068,
		0.999876856803894
	],
	"27. left_ear": [
		0.4986138343811035,
		0.3176114559173584,
		-0.06463254243135452,
		0.9999200701713562
	],
	"28. right_ear": [
		0.47637230157852173,
		0.31611526012420654,
		-0.0744640976190567,
		0.9998236298561096
	],
	"time stamp": 29.969946478656652
}