{
	"1. left_hip": [
		0.5020896196365356,
		0.5606250166893005,
		-0.0053603933192789555,
		0.9997618198394775
	],
	"2. left_knee": [
		0.49579182267189026,
		0.6936042308807373,
		0.01444612629711628,
		0.9943418502807617
	],
	"3. left_ankle": [
		0.4966854155063629,
		0.8099946975708008,
		0.12229607254266739,
		0.9945616722106934
	],
	"6. right_hip": [
		0.4672849178314209,
		0.5553091764450073,
		0.005296005867421627,
		0.9995001554489136
	],
	"7. right_knee": [
		0.4708308279514313,
		0.6905612945556641,
		0.017185648903250694,
		0.9488734006881714
	],
	"8. right_ankle": [
		0.4733158051967621,
		0.7994651794433594,
		0.14270015060901642,
		0.9650755524635315
	],
	"14. left_shoulder": [
		0.5200068950653076,
		0.3971432149410248,
		-0.12239885330200195,
		0.9999048113822937
	],
	"15. left_elbow": [
		0.5457339882850647,
		0.4725929796695709,
		-0.09006888419389725,
		0.9546962380409241
	],
	"16. left_wrist": [
		0.5743606686592102,
		0.538118302822113,
		-0.17328138649463654,
		0.8930987119674683
	],
	"19. right_shoulder": [
		0.4586245119571686,
		0.38678401708602905,
		-0.10822580009698868,
		0.9995006322860718
	],
	"20. right_elbow": [
		0.4366735517978668,
		0.4537346661090851,
		-0.06838316470384598,
		0.7703362703323364
	],
	"21. right_wrist": [
		0.4044371247291565,
		0.5126661658287048,
		-0.1516495943069458,
		0.82919842004776
	],
	"24. nose": [
		0.4903588891029358,
		0.32527780532836914,
		-0.27213695645332336,
		0.999936044216156
	],
	"25. left_eye": [
		0.49561309814453125,
		0.3132884204387665,
		-0.26203563809394836,
		0.9999200701713562
	],
	"26. right_eye": [
		0.48509564995765686,
		0.31429293751716614,
		-0.2621781826019287,
		0.9998977780342102
	],
	"27. left_ear": [
		0.5009174346923828,
		0.32044339179992676,
		-0.18225932121276855,
		0.9999344348907471
	],
	"28. right_ear": [
		0.4780604839324951,
		0.3203389644622803,
		-0.18436560034751892,
		0.9998390674591064
	],
	"time stamp": 29.969946478656652
}