{
	"1. left_hip": [
		0.5050038695335388,
		0.5738421082496643,
		-0.009142385795712471,
		0.9997411370277405
	],
	"2. left_knee": [
		0.4973149299621582,
		0.7019840478897095,
		0.01315270084887743,
		0.9938475489616394
	],
	"3. left_ankle": [
		0.49634116888046265,
		0.8107883930206299,
		0.12698069214820862,
		0.9941887855529785
	],
	"6. right_hip": [
		0.4683520793914795,
		0.5678374767303467,
		0.009089989587664604,
		0.9994770288467407
	],
	"7. right_knee": [
		0.4725748896598816,
		0.6963545083999634,
		0.03739827871322632,
		0.9526830315589905
	],
	"8. right_ankle": [
		0.4736522138118744,
		0.799528956413269,
		0.1608162224292755,
		0.9670547842979431
	],
	"14. left_shoulder": [
		0.5215940475463867,
		0.4110208749771118,
		-0.13175375759601593,
		0.9999128580093384
	],
	"15. left_elbow": [
		0.5528102517127991,
		0.4777277708053589,
		-0.11822209507226944,
		0.9589608907699585
	],
	"16. left_wrist": [
		0.5753577947616577,
		0.5414186716079712,
		-0.21194341778755188,
		0.903171718120575
	],
	"19. right_shoulder": [
		0.4588473439216614,
		0.4048187732696533,
		-0.10586142539978027,
		0.999540388584137
	],
	"20. right_elbow": [
		0.4301113188266754,
		0.4596530497074127,
		-0.06734049320220947,
		0.792290449142456
	],
	"21. right_wrist": [
		0.3987744450569153,
		0.5180849432945251,
		-0.1365865170955658,
		0.8448774814605713
	],
	"24. nose": [
		0.4910009801387787,
		0.340253621339798,
		-0.26983770728111267,
		0.999941885471344
	],
	"25. left_eye": [
		0.49666324257850647,
		0.3271574378013611,
		-0.25971275568008423,
		0.9999262690544128
	],
	"26. right_eye": [
		0.4857744574546814,
		0.328896701335907,
		-0.25916925072669983,
		0.9999050498008728
	],
	"27. left_ear": [
		0.5019877552986145,
		0.3336513042449951,
		-0.18319007754325867,
		0.9999380111694336
	],
	"28. right_ear": [
		0.4787711501121521,
		0.33477041125297546,
		-0.18158335983753204,
		0.9998475313186646
	],
	"time stamp": 29.969946478656652
}