{
	"1. left_hip": [
		0.5088122487068176,
		0.5762736797332764,
		-0.0016796853160485625,
		0.999721884727478
	],
	"2. left_knee": [
		0.49930816888809204,
		0.7044593095779419,
		0.017851388081908226,
		0.9929641485214233
	],
	"3. left_ankle": [
		0.49676746129989624,
		0.8112943172454834,
		0.12850630283355713,
		0.9933268427848816
	],
	"6. right_hip": [
		0.47366437315940857,
		0.57200026512146,
		0.0016243371646851301,
		0.9994741082191467
	],
	"7. right_knee": [
		0.476942241191864,
		0.7001937627792358,
		0.02087508514523506,
		0.9561604261398315
	],
	"8. right_ankle": [
		0.4741513729095459,
		0.7996972799301147,
		0.14645609259605408,
		0.9681671857833862
	],
	"14. left_shoulder": [
		0.5236519575119019,
		0.4145902395248413,
		-0.1055665984749794,
		0.9999192953109741
	],
	"15. left_elbow": [
		0.547112226486206,
		0.4905446767807007,
		-0.09261570870876312,
		0.9621583223342896
	],
	"16. left_wrist": [
		0.5683714151382446,
		0.5539693832397461,
		-0.1729062795639038,
		0.9118236899375916
	],
	"19. right_shoulder": [
		0.46090880036354065,
		0.4099763333797455,
		-0.1070578545331955,
		0.9995813369750977
	],
	"20. right_elbow": [
		0.43242764472961426,
		0.46388086676597595,
		-0.08479630947113037,
		0.8122811317443848
	],
	"21. right_wrist": [
		0.40777483582496643,
		0.5271130204200745,
		-0.14515027403831482,
		0.8586219549179077
	],
	"24. nose": [
		0.4917617440223694,
		0.34609463810920715,
		-0.24893474578857422,
		0.9999473094940186
	],
	"25. left_eye": [
		0.49718013405799866,
		0.33342182636260986,
		-0.23813369870185852,
		0.9999322891235352
	],
	"26. right_eye": [
		0.4865494668483734,
		0.3354909121990204,
		-0.23875848948955536,
		0.9999127984046936
	],
	"27. left_ear": [
		0.5026065707206726,
		0.33901816606521606,
		-0.16176848113536835,
		0.9999412298202515
	],
	"28. right_ear": [
		0.4796687066555023,
		0.34139496088027954,
		-0.16650712490081787,
		0.9998593926429749
	],
	"time stamp": 29.969946478656652
}