{
	"1. left_hip": [
		0.5130413174629211,
		0.5660358667373657,
		0.05884541943669319,
		0.9995718598365784
	],
	"2. left_knee": [
		0.5261477828025818,
		0.6980241537094116,
		0.03337317705154419,
		0.8292778730392456
	],
	"3. left_ankle": [
		0.49235838651657104,
		0.7982854843139648,
		0.12626823782920837,
		0.8551688194274902
	],
	"6. right_hip": [
		0.4886654317378998,
		0.5632224082946777,
		-0.05888314172625542,
		0.9995407462120056
	],
	"7. right_knee": [
		0.5079144239425659,
		0.6932696104049683,
		-0.13854187726974487,
		0.9580678939819336
	],
	"8. right_ankle": [
		0.49319130182266235,
		0.8302853107452393,
		-0.11763782799243927,
		0.961404025554657
	],
	"14. left_shoulder": [
		0.5180692672729492,
		0.4039154052734375,
		0.07376424223184586,
		0.9998627305030823
	],
	"15. left_elbow": [
		0.5298237204551697,
		0.488966166973114,
		0.10725246369838715,
		0.7990431189537048
	],
	"16. left_wrist": [
		0.5560975074768066,
		0.5572253465652466,
		0.03279346227645874,
		0.855910062789917
	],
	"19. right_shoulder": [
		0.47190356254577637,
		0.3977832496166229,
		-0.06664420664310455,
		0.9996987581253052
	],
	"20. right_elbow": [
		0.4687248170375824,
		0.4509749412536621,
		-0.23262421786785126,
		0.9100251793861389
	],
	"21. right_wrist": [
		0.4485369622707367,
		0.4984482526779175,
		-0.29049795866012573,
		0.9013155102729797
	],
	"24. nose": [
		0.4944349229335785,
		0.3372199535369873,
		-0.14585047960281372,
		0.9998881220817566
	],
	"25. left_eye": [
		0.4986289143562317,
		0.32640403509140015,
		-0.12732090055942535,
		0.9998093843460083
	],
	"26. right_eye": [
		0.48704275488853455,
		0.3290921449661255,
		-0.13568219542503357,
		0.9997970461845398
	],
	"27. left_ear": [
		0.5035132765769958,
		0.33265843987464905,
		-0.026574358344078064,
		0.9996069669723511
	],
	"28. right_ear": [
		0.48025375604629517,
		0.3386510908603668,
		-0.06420353055000305,
		0.9997687339782715
	],
	"time stamp": 29.969946478656652
}