{
	"1. left_hip": [
		0.5067530870437622,
		0.5756855607032776,
		0.06408827006816864,
		0.9993847608566284
	],
	"2. left_knee": [
		0.5278421640396118,
		0.7008545398712158,
		0.023829737678170204,
		0.8055872321128845
	],
	"3. left_ankle": [
		0.4929840564727783,
		0.8103523254394531,
		0.09176217019557953,
		0.8396388292312622
	],
	"6. right_hip": [
		0.487592875957489,
		0.5725592970848083,
		-0.06413917988538742,
		0.999435305595398
	],
	"7. right_knee": [
		0.5066511631011963,
		0.6976140141487122,
		-0.1391202062368393,
		0.956373393535614
	],
	"8. right_ankle": [
		0.4923190474510193,
		0.8380724787712097,
		-0.11929614841938019,
		0.959958553314209
	],
	"14. left_shoulder": [
		0.5128766298294067,
		0.40512940287590027,
		0.06497981399297714,
		0.9997488260269165
	],
	"15. left_elbow": [
		0.5220757126808167,
		0.4808557331562042,
		0.13586340844631195,
		0.7281112670898438
	],
	"16. left_wrist": [
		0.5291388630867004,
		0.5507498979568481,
		0.10017676651477814,
		0.7936288118362427
	],
	"19. right_shoulder": [
		0.4741794466972351,
		0.4097742438316345,
		-0.10192401707172394,
		0.9997195601463318
	],
	"20. right_elbow": [
		0.44778212904930115,
		0.45961037278175354,
		-0.16018657386302948,
		0.9177460074424744
	],
	"21. right_wrist": [
		0.41746583580970764,
		0.5186488628387451,
		-0.263559490442276,
		0.9096545577049255
	],
	"24. nose": [
		0.4952443242073059,
		0.3460466265678406,
		-0.18601122498512268,
		0.9998928904533386
	],
	"25. left_eye": [
		0.49860525131225586,
		0.33318448066711426,
		-0.1659185141324997,
		0.9998173713684082
	],
	"26. right_eye": [
		0.48734989762306213,
		0.33703675866127014,
		-0.17686156928539276,
		0.9998129606246948
	],
	"27. left_ear": [
		0.5024136900901794,
		0.338152140378952,
		-0.05701311305165291,
		0.999626874923706
	],
	"28. right_ear": [
		0.4802798330783844,
		0.3464248478412628,
		-0.10420423746109009,
		0.999788761138916
	],
	"time stamp": 29.969946478656652
}