{
	"1. left_hip": [
		0.5068642497062683,
		0.5871986746788025,
		0.0667705088853836,
		0.9991477727890015
	],
	"2. left_knee": [
		0.5278242826461792,
		0.7073764204978943,
		0.043720778077840805,
		0.726685643196106
	],
	"3. left_ankle": [
		0.49419838190078735,
		0.8186922669410706,
		0.09905580431222916,
		0.7829264998435974
	],
	"6. right_hip": [
		0.4888579845428467,
		0.5847447514533997,
		-0.06679809838533401,
		0.999342679977417
	],
	"7. right_knee": [
		0.501883327960968,
		0.7065713405609131,
		-0.14073480665683746,
		0.9467859268188477
	],
	"8. right_ankle": [
		0.49366140365600586,
		0.8405447006225586,
		-0.14495345950126648,
		0.9576070308685303
	],
	"14. left_shoulder": [
		0.5176099538803101,
		0.4231013059616089,
		0.05744432285428047,
		0.9997007250785828
	],
	"15. left_elbow": [
		0.5334218144416809,
		0.4970252513885498,
		0.11201103031635284,
		0.6700751781463623
	],
	"16. left_wrist": [
		0.5599786639213562,
		0.5633805394172668,
		0.028072869405150414,
		0.8039610981941223
	],
	"19. right_shoulder": [
		0.4729612469673157,
		0.4249308705329895,
		-0.06132659316062927,
		0.9998029470443726
	],
	"20. right_elbow": [
		0.4436567723751068,
		0.46928849816322327,
		-0.12494535744190216,
		0.9438701868057251
	],
	"21. right_wrist": [
		0.41784530878067017,
		0.5055193305015564,
		-0.2852395176887512,
		0.9414440989494324
	],
	"24. nose": [
		0.49667081236839294,
		0.3593326210975647,
		-0.15159915387630463,
		0.9999314546585083
	],
	"25. left_eye": [
		0.499255895614624,
		0.3483428657054901,
		-0.1338951736688614,
		0.9998794794082642
	],
	"26. right_eye": [
		0.4889041781425476,
		0.3503941297531128,
		-0.14206241071224213,
		0.9998854994773865
	],
	"27. left_ear": [
		0.5016412138938904,
		0.3553371727466583,
		-0.03474174812436104,
		0.9997593760490417
	],
	"28. right_ear": [
		0.48046398162841797,
		0.36074766516685486,
		-0.07179117202758789,
		0.9998706579208374
	],
	"time stamp": 29.969946478656652
}