{
	"1. left_hip": [
		0.5077800750732422,
		0.5537981390953064,
		0.02586584910750389,
		0.9989896416664124
	],
	"2. left_knee": [
		0.5087586045265198,
		0.6843730211257935,
		-0.028563469648361206,
		0.8083789348602295
	],
	"3. left_ankle": [
		0.49368587136268616,
		0.805031418800354,
		0.06486846506595612,
		0.8055173754692078
	],
	"6. right_hip": [
		0.47253623604774475,
		0.5520681738853455,
		-0.025782635435461998,
		0.9987130761146545
	],
	"7. right_knee": [
		0.48560017347335815,
		0.6792072057723999,
		-0.05190669372677803,
		0.939258873462677
	],
	"8. right_ankle": [
		0.4698253571987152,
		0.7941824197769165,
		0.08842888474464417,
		0.9364922642707825
	],
	"14. left_shoulder": [
		0.5138534307479858,
		0.39223015308380127,
		0.05174223706126213,
		0.9995964169502258
	],
	"15. left_elbow": [
		0.5225474238395691,
		0.4615509808063507,
		0.0021396218799054623,
		0.7602408528327942
	],
	"16. left_wrist": [
		0.5035523176193237,
		0.4816639721393585,
		-0.11435798555612564,
		0.8348057866096497
	],
	"19. right_shoulder": [
		0.4561735987663269,
		0.3876245617866516,
		-0.02160503901541233,
		0.9985791444778442
	],
	"20. right_elbow": [
		0.4648420810699463,
		0.43518197536468506,
		-0.14058877527713776,
		0.9469385147094727
	],
	"21. right_wrist": [
		0.4925456941127777,
		0.37839609384536743,
		-0.27801400423049927,
		0.9168130159378052
	],
	"24. nose": [
		0.49258241057395935,
		0.3206028938293457,
		-0.09854309260845184,
		0.9982980489730835
	],
	"25. left_eye": [
		0.4954974055290222,
		0.3127501606941223,
		-0.08013247698545456,
		0.9977480173110962
	],
	"26. right_eye": [
		0.4854517877101898,
		0.3117224872112274,
		-0.088205985724926,
		0.9969954490661621
	],
	"27. left_ear": [
		0.4977130889892578,
		0.3205120861530304,
		0.014531212858855724,
		0.9967767000198364
	],
	"28. right_ear": [
		0.47618889808654785,
		0.321714848279953,
		-0.022826403379440308,
		0.9941288828849792
	],
	"time stamp": 29.969946478656652
}