{
	"1. left_hip": [
		0.5033138990402222,
		0.5508775115013123,
		0.024358803406357765,
		0.9991245269775391
	],
	"2. left_knee": [
		0.5086108446121216,
		0.6853994131088257,
		-0.013978555798530579,
		0.8397088646888733
	],
	"3. left_ankle": [
		0.49396347999572754,
		0.8056120872497559,
		0.10681848227977753,
		0.8378517627716064
	],
	"6. right_hip": [
		0.4695363938808441,
		0.5468953251838684,
		-0.024189673364162445,
		0.998818039894104
	],
	"7. right_knee": [
		0.4737528860569,
		0.6802298426628113,
		-0.04431178420782089,
		0.9454449415206909
	],
	"8. right_ankle": [
		0.46227726340293884,
		0.79606693983078,
		0.09673980623483658,
		0.9407586455345154
	],
	"14. left_shoulder": [
		0.5120946168899536,
		0.3865804374217987,
		0.026113634929060936,
		0.9996383786201477
	],
	"15. left_elbow": [
		0.5200782418251038,
		0.4616193473339081,
		0.04388689249753952,
		0.78184974193573
	],
	"16. left_wrist": [
		0.5183312296867371,
		0.5015909075737,
		-0.02251001074910164,
		0.8418776392936707
	],
	"19. right_shoulder": [
		0.4542291760444641,
		0.38150766491889954,
		-0.07668424397706985,
		0.9983893632888794
	],
	"20. right_elbow": [
		0.4621644616127014,
		0.43518951535224915,
		-0.19651569426059723,
		0.9381617903709412
	],
	"21. right_wrist": [
		0.4779399037361145,
		0.3573489189147949,
		-0.35276100039482117,
		0.9036566019058228
	],
	"24. nose": [
		0.48973479866981506,
		0.31556910276412964,
		-0.17610801756381989,
		0.9985342621803284
	],
	"25. left_eye": [
		0.49335235357284546,
		0.30730798840522766,
		-0.1571759134531021,
		0.9980545043945312
	],
	"26. right_eye": [
		0.4828225076198578,
		0.306273490190506,
		-0.16672059893608093,
		0.9973766207695007
	],
	"27. left_ear": [
		0.4960406422615051,
		0.31442779302597046,
		-0.0484367273747921,
		0.9972082376480103
	],
	"28. right_ear": [
		0.4745573401451111,
		0.3149397373199463,
		-0.09357927739620209,
		0.9948527812957764
	],
	"time stamp": 29.969946478656652
}