{
	"1. left_hip": [
		0.4890563488006592,
		0.5716760754585266,
		0.0036445781588554382,
		0.9996156096458435
	],
	"2. left_knee": [
		0.5243964195251465,
		0.6710574626922607,
		-0.1015516072511673,
		0.936426043510437
	],
	"3. left_ankle": [
		0.5168377757072449,
		0.7789427042007446,
		0.049106188118457794,
		0.9367161989212036
	],
	"6. right_hip": [
		0.4553033709526062,
		0.5707398653030396,
		-0.00373157043941319,
		0.9994216561317444
	],
	"7. right_knee": [
		0.4498400092124939,
		0.7046393156051636,
		-0.025635745376348495,
		0.9764516353607178
	],
	"8. right_ankle": [
		0.4489103853702545,
		0.810700535774231,
		0.10166893154382706,
		0.9736419320106506
	],
	"14. left_shoulder": [
		0.5092635750770569,
		0.40947338938713074,
		-0.05465452000498772,
		0.9998549222946167
	],
	"15. left_elbow": [
		0.5183759331703186,
		0.4916299283504486,
		-0.07366974651813507,
		0.9185660481452942
	],
	"16. left_wrist": [
		0.5223810076713562,
		0.5585077404975891,
		-0.1607888638973236,
		0.9365193843841553
	],
	"19. right_shoulder": [
		0.4511200785636902,
		0.4075809121131897,
		-0.020257044583559036,
		0.9992133975028992
	],
	"20. right_elbow": [
		0.4144296646118164,
		0.3833761513233185,
		-0.1342954784631729,
		0.9707790017127991
	],
	"21. right_wrist": [
		0.3935919404029846,
		0.3072345554828644,
		-0.28790467977523804,
		0.9559195041656494
	],
	"24. nose": [
		0.47648197412490845,
		0.3389454782009125,
		-0.17742297053337097,
		0.9994825720787048
	],
	"25. left_eye": [
		0.4798697531223297,
		0.32941529154777527,
		-0.164505735039711,
		0.9993074536323547
	],
	"26. right_eye": [
		0.47032079100608826,
		0.3355013430118561,
		-0.15977302193641663,
		0.9990535974502563
	],
	"27. left_ear": [
		0.4857380986213684,
		0.3355715572834015,
		-0.09139041602611542,
		0.99900221824646
	],
	"28. right_ear": [
		0.467218816280365,
		0.34601324796676636,
		-0.07117445766925812,
		0.9981143474578857
	],
	"time stamp": 29.969946478656652
}