{
	"1. left_hip": [
		0.5131283402442932,
		0.5451255440711975,
		-0.022123832255601883,
		0.9997056126594543
	],
	"2. left_knee": [
		0.528512716293335,
		0.6806170344352722,
		-0.05683156102895737,
		0.9654119610786438
	],
	"3. left_ankle": [
		0.5492783784866333,
		0.7946786880493164,
		0.04431001469492912,
		0.9651124477386475
	],
	"6. right_hip": [
		0.4826955199241638,
		0.5455030798912048,
		0.02206137217581272,
		0.9996629357337952
	],
	"7. right_knee": [
		0.45217424631118774,
		0.6770924925804138,
		-0.02834460511803627,
		0.9860261082649231
	],
	"8. right_ankle": [
		0.4619784951210022,
		0.8044815063476562,
		0.0635734423995018,
		0.9849428534507751
	],
	"14. left_shoulder": [
		0.5201138257980347,
		0.3968932628631592,
		-0.023134835064411163,
		0.9998241066932678
	],
	"15. left_elbow": [
		0.5156956911087036,
		0.4790366291999817,
		-0.05413157492876053,
		0.9326170086860657
	],
	"16. left_wrist": [
		0.5292967557907104,
		0.5494812726974487,
		-0.14778074622154236,
		0.924389123916626
	],
	"19. right_shoulder": [
		0.4713882803916931,
		0.36697638034820557,
		0.0014066480798646808,
		0.999470591545105
	],
	"20. right_elbow": [
		0.442274272441864,
		0.33567824959754944,
		-0.10341116040945053,
		0.9742345213890076
	],
	"21. right_wrist": [
		0.4241427481174469,
		0.30028098821640015,
		-0.3117034435272217,
		0.9653877019882202
	],
	"24. nose": [
		0.5037480592727661,
		0.31344130635261536,
		-0.13218742609024048,
		0.9997182488441467
	],
	"25. left_eye": [
		0.5093699097633362,
		0.30644962191581726,
		-0.11942553520202637,
		0.9996175169944763
	],
	"26. right_eye": [
		0.5017285346984863,
		0.3060095012187958,
		-0.11928059905767441,
		0.9994779229164124
	],
	"27. left_ear": [
		0.5119532346725464,
		0.317582368850708,
		-0.04393947869539261,
		0.9994605183601379
	],
	"28. right_ear": [
		0.49683013558387756,
		0.3154729902744293,
		-0.04479293152689934,
		0.9989676475524902
	],
	"time stamp": 29.969946478656652
}