{
	"1. left_hip": [
		0.531427264213562,
		0.6072921752929688,
		-0.03230815753340721,
		0.9996814727783203
	],
	"2. left_knee": [
		0.5372459888458252,
		0.7280279994010925,
		-0.07553105801343918,
		0.978143572807312
	],
	"3. left_ankle": [
		0.5515689849853516,
		0.8180506229400635,
		0.06824211776256561,
		0.9772127866744995
	],
	"6. right_hip": [
		0.5013538002967834,
		0.6118420362472534,
		0.03236566111445427,
		0.9997557401657104
	],
	"7. right_knee": [
		0.4493273198604584,
		0.6853774785995483,
		-0.08614043146371841,
		0.9881814122200012
	],
	"8. right_ankle": [
		0.46393370628356934,
		0.8145585656166077,
		0.04413796216249466,
		0.987821638584137
	],
	"14. left_shoulder": [
		0.5309841632843018,
		0.46201786398887634,
		-0.10748545825481415,
		0.9998779296875
	],
	"15. left_elbow": [
		0.5504797697067261,
		0.5436995625495911,
		-0.11728335916996002,
		0.9544385075569153
	],
	"16. left_wrist": [
		0.5868921279907227,
		0.5832593441009521,
		-0.21954064071178436,
		0.9486173391342163
	],
	"19. right_shoulder": [
		0.47923779487609863,
		0.43819376826286316,
		-0.05656425282359123,
		0.9996506571769714
	],
	"20. right_elbow": [
		0.4419047236442566,
		0.4870170056819916,
		-0.036737002432346344,
		0.9790606498718262
	],
	"21. right_wrist": [
		0.4259125590324402,
		0.5453363656997681,
		-0.15144237875938416,
		0.9717931747436523
	],
	"24. nose": [
		0.5161833167076111,
		0.3838239312171936,
		-0.22979708015918732,
		0.9998288750648499
	],
	"25. left_eye": [
		0.5238841772079468,
		0.38039329648017883,
		-0.21641333401203156,
		0.9997581243515015
	],
	"26. right_eye": [
		0.5160889029502869,
		0.370638370513916,
		-0.21672578155994415,
		0.9996736645698547
	],
	"27. left_ear": [
		0.5252783298492432,
		0.38917359709739685,
		-0.13439342379570007,
		0.9996609687805176
	],
	"28. right_ear": [
		0.5142675638198853,
		0.3746965527534485,
		-0.1391553282737732,
		0.9993663430213928
	],
	"time stamp": 29.969946478656652
}