{
	"1. left_hip": [
		0.5370189547538757,
		0.604287326335907,
		-0.04108337312936783,
		0.999697744846344
	],
	"2. left_knee": [
		0.5380762219429016,
		0.7189554572105408,
		-0.048584405332803726,
		0.9840220808982849
	],
	"3. left_ankle": [
		0.5519589185714722,
		0.8154019713401794,
		0.10677002370357513,
		0.9835888743400574
	],
	"6. right_hip": [
		0.5048245191574097,
		0.6104608774185181,
		0.04122578352689743,
		0.9998199343681335
	],
	"7. right_knee": [
		0.45459771156311035,
		0.6896795034408569,
		-0.10710006952285767,
		0.9896039366722107
	],
	"8. right_ankle": [
		0.4643267095088959,
		0.8143208026885986,
		-0.0009530922397971153,
		0.989992618560791
	],
	"14. left_shoulder": [
		0.5371570587158203,
		0.46533825993537903,
		-0.12482362985610962,
		0.999914824962616
	],
	"15. left_elbow": [
		0.5807021856307983,
		0.48330146074295044,
		-0.2021525651216507,
		0.9695354700088501
	],
	"16. left_wrist": [
		0.6013712882995605,
		0.43731144070625305,
		-0.32261496782302856,
		0.9651548266410828
	],
	"19. right_shoulder": [
		0.4782411456108093,
		0.44579264521598816,
		-0.048243504017591476,
		0.9997639656066895
	],
	"20. right_elbow": [
		0.46342283487319946,
		0.507802426815033,
		-0.007339411415159702,
		0.9633008241653442
	],
	"21. right_wrist": [
		0.456367164850235,
		0.5760465860366821,
		-0.041648171842098236,
		0.948847234249115
	],
	"24. nose": [
		0.5112396478652954,
		0.3841901123523712,
		-0.21496281027793884,
		0.9998829960823059
	],
	"25. left_eye": [
		0.5193337798118591,
		0.3828390836715698,
		-0.2057332694530487,
		0.9998213052749634
	],
	"26. right_eye": [
		0.5136321783065796,
		0.3781096041202545,
		-0.20152509212493896,
		0.9997698664665222
	],
	"27. left_ear": [
		0.5230668783187866,
		0.3952391743659973,
		-0.14585299789905548,
		0.999743640422821
	],
	"28. right_ear": [
		0.5126043558120728,
		0.3872126638889313,
		-0.12771327793598175,
		0.999567449092865
	],
	"time stamp": 29.969946478656652
}