{
	"1. left_hip": [
		0.5089362859725952,
		0.5542709231376648,
		0.02001432701945305,
		0.9997965097427368
	],
	"2. left_knee": [
		0.5349494218826294,
		0.6809458136558533,
		-0.007176360581070185,
		0.9868038296699524
	],
	"3. left_ankle": [
		0.5331655740737915,
		0.8045157790184021,
		0.06916016340255737,
		0.9882097840309143
	],
	"6. right_hip": [
		0.4770790636539459,
		0.553614616394043,
		-0.020106634125113487,
		0.9997966885566711
	],
	"7. right_knee": [
		0.4620889127254486,
		0.689570426940918,
		-0.03017190471291542,
		0.991267740726471
	],
	"8. right_ankle": [
		0.4478915333747864,
		0.8043313026428223,
		0.027188703417778015,
		0.9922635555267334
	],
	"14. left_shoulder": [
		0.5208092331886292,
		0.36518505215644836,
		0.021326465532183647,
		0.9998757243156433
	],
	"15. left_elbow": [
		0.5612434148788452,
		0.3566133379936218,
		-0.05405018478631973,
		0.9847418069839478
	],
	"16. left_wrist": [
		0.5702744722366333,
		0.3525926172733307,
		-0.21119067072868347,
		0.9630331993103027
	],
	"19. right_shoulder": [
		0.466742604970932,
		0.39171382784843445,
		-0.0008679492166265845,
		0.9997774958610535
	],
	"20. right_elbow": [
		0.4647265374660492,
		0.4663993716239929,
		-0.034280743449926376,
		0.8553096055984497
	],
	"21. right_wrist": [
		0.45386505126953125,
		0.5285662412643433,
		-0.14428044855594635,
		0.8098449110984802
	],
	"24. nose": [
		0.4831415116786957,
		0.3230401575565338,
		-0.12117473036050797,
		0.9999433755874634
	],
	"25. left_eye": [
		0.4899696409702301,
		0.3125225305557251,
		-0.1093248575925827,
		0.9998924732208252
	],
	"26. right_eye": [
		0.4799196124076843,
		0.31324541568756104,
		-0.10906125605106354,
		0.9998811483383179
	],
	"27. left_ear": [
		0.4989169239997864,
		0.31866973638534546,
		-0.030291372910141945,
		0.999824047088623
	],
	"28. right_ear": [
		0.4791378378868103,
		0.31973350048065186,
		-0.028766002506017685,
		0.9997978806495667
	],
	"time stamp": 29.969946478656652
}