{
	"1. left_hip": [
		0.487468421459198,
		0.6018206477165222,
		0.024736711755394936,
		0.9998507499694824
	],
	"2. left_knee": [
		0.5378634929656982,
		0.682477593421936,
		-0.10351593792438507,
		0.9825447797775269
	],
	"3. left_ankle": [
		0.5305418968200684,
		0.808660626411438,
		-0.04160389304161072,
		0.9854891896247864
	],
	"6. right_hip": [
		0.45828336477279663,
		0.5961102247238159,
		-0.024759070947766304,
		0.9997486472129822
	],
	"7. right_knee": [
		0.4611856937408447,
		0.7179601788520813,
		-0.03746068477630615,
		0.988049328327179
	],
	"8. right_ankle": [
		0.4468115270137787,
		0.811820924282074,
		0.08325017988681793,
		0.9833248853683472
	],
	"14. left_shoulder": [
		0.512700617313385,
		0.42130914330482483,
		0.021026430651545525,
		0.9999105930328369
	],
	"15. left_elbow": [
		0.5351412296295166,
		0.48870986700057983,
		0.014889875426888466,
		0.9824040532112122
	],
	"16. left_wrist": [
		0.5550016164779663,
		0.5446239709854126,
		-0.08625966310501099,
		0.9644736647605896
	],
	"19. right_shoulder": [
		0.4584445059299469,
		0.44526171684265137,
		0.0010498330229893327,
		0.9998013973236084
	],
	"20. right_elbow": [
		0.44149360060691833,
		0.5193898677825928,
		-0.05445624515414238,
		0.9010931253433228
	],
	"21. right_wrist": [
		0.410679429769516,
		0.5281542539596558,
		-0.18240423500537872,
		0.8805199265480042
	],
	"24. nose": [
		0.4710830748081207,
		0.3758883476257324,
		-0.12381073087453842,
		0.9999598264694214
	],
	"25. left_eye": [
		0.47522157430648804,
		0.3601054847240448,
		-0.11315455287694931,
		0.9999212026596069
	],
	"26. right_eye": [
		0.4656759202480316,
		0.36856240034103394,
		-0.10966876894235611,
		0.9999059438705444
	],
	"27. left_ear": [
		0.48546266555786133,
		0.3600599467754364,
		-0.04177756607532501,
		0.9998680353164673
	],
	"28. right_ear": [
		0.465473473072052,
		0.37514784932136536,
		-0.02403770200908184,
		0.9998258948326111
	],
	"time stamp": 29.969946478656652
}