{
	"1. left_hip": [
		0.5133806467056274,
		0.5483319759368896,
		0.022274821996688843,
		0.9997637867927551
	],
	"2. left_knee": [
		0.5376707911491394,
		0.6777251958847046,
		-0.012059582397341728,
		0.9820697903633118
	],
	"3. left_ankle": [
		0.5351449251174927,
		0.8043668866157532,
		0.07694436609745026,
		0.9874294996261597
	],
	"6. right_hip": [
		0.4786781370639801,
		0.5494295358657837,
		-0.02233724296092987,
		0.9996895790100098
	],
	"7. right_knee": [
		0.46257272362709045,
		0.6877808570861816,
		-0.041299570351839066,
		0.9888043403625488
	],
	"8. right_ankle": [
		0.4501892626285553,
		0.8039100766181946,
		0.0431029237806797,
		0.9854924082756042
	],
	"14. left_shoulder": [
		0.5183972120285034,
		0.3815998435020447,
		0.023240160197019577,
		0.9995136260986328
	],
	"15. left_elbow": [
		0.5256623029708862,
		0.4611295163631439,
		0.0567152202129364,
		0.8730921149253845
	],
	"16. left_wrist": [
		0.5283685922622681,
		0.5367987751960754,
		0.018641309812664986,
		0.8153607249259949
	],
	"19. right_shoulder": [
		0.46051979064941406,
		0.3810592591762543,
		-0.04176665097475052,
		0.9996623396873474
	],
	"20. right_elbow": [
		0.4315943717956543,
		0.3646441102027893,
		-0.1638970673084259,
		0.9494466781616211
	],
	"21. right_wrist": [
		0.4326896071434021,
		0.33139994740486145,
		-0.3485238552093506,
		0.938157856464386
	],
	"24. nose": [
		0.48499593138694763,
		0.3188111484050751,
		-0.14583492279052734,
		0.9999015927314758
	],
	"25. left_eye": [
		0.4876154959201813,
		0.30977848172187805,
		-0.13232460618019104,
		0.9998398423194885
	],
	"26. right_eye": [
		0.4768396019935608,
		0.31600648164749146,
		-0.1358558088541031,
		0.9998459219932556
	],
	"27. left_ear": [
		0.49221715331077576,
		0.3162024915218353,
		-0.04382508993148804,
		0.9997516870498657
	],
	"28. right_ear": [
		0.46980705857276917,
		0.3286452889442444,
		-0.06072758883237839,
		0.9997523427009583
	],
	"time stamp": 29.969946478656652
}