{
	"1. left_hip": [
		0.5194337368011475,
		0.5432277917861938,
		0.011725644581019878,
		0.9997758865356445
	],
	"2. left_knee": [
		0.53593909740448,
		0.6782377362251282,
		0.0038613572251051664,
		0.9835664629936218
	],
	"3. left_ankle": [
		0.5393366813659668,
		0.8035500645637512,
		0.10331623256206512,
		0.9883562326431274
	],
	"6. right_hip": [
		0.48460131883621216,
		0.5440309047698975,
		-0.011745387688279152,
		0.9997104406356812
	],
	"7. right_knee": [
		0.4626840054988861,
		0.683931827545166,
		-0.027790913358330727,
		0.9895957112312317
	],
	"8. right_ankle": [
		0.45432597398757935,
		0.8029451370239258,
		0.06866796314716339,
		0.986759603023529
	],
	"14. left_shoulder": [
		0.5209391117095947,
		0.38139450550079346,
		0.01807183399796486,
		0.9995594024658203
	],
	"15. left_elbow": [
		0.5278265476226807,
		0.4605948030948639,
		0.03608914092183113,
		0.8833122849464417
	],
	"16. left_wrist": [
		0.5358499884605408,
		0.5345200896263123,
		-0.006325208581984043,
		0.8320497274398804
	],
	"19. right_shoulder": [
		0.46245378255844116,
		0.37010833621025085,
		-0.025984693318605423,
		0.9996725916862488
	],
	"20. right_elbow": [
		0.4297212064266205,
		0.3525753617286682,
		-0.15500867366790771,
		0.953674852848053
	],
	"21. right_wrist": [
		0.4339848458766937,
		0.3306472599506378,
		-0.3189379870891571,
		0.9389188289642334
	],
	"24. nose": [
		0.4901942312717438,
		0.3105122745037079,
		-0.14087045192718506,
		0.9999109506607056
	],
	"25. left_eye": [
		0.4947165846824646,
		0.3019380271434784,
		-0.12527190148830414,
		0.999855101108551
	],
	"26. right_eye": [
		0.48360538482666016,
		0.3052685558795929,
		-0.1282092183828354,
		0.9998599290847778
	],
	"27. left_ear": [
		0.4996664524078369,
		0.31078362464904785,
		-0.03555172309279442,
		0.9997759461402893
	],
	"28. right_ear": [
		0.4762408137321472,
		0.3170459568500519,
		-0.05055277422070503,
		0.9997754693031311
	],
	"time stamp": 29.969946478656652
}