{
	"1. left_hip": [
		0.5318293571472168,
		0.5602896213531494,
		-0.01766381785273552,
		0.9997898936271667
	],
	"2. left_knee": [
		0.5358000993728638,
		0.6975694894790649,
		-0.0634000152349472,
		0.9885861277580261
	],
	"3. left_ankle": [
		0.5493472814559937,
		0.8079599738121033,
		0.04899865388870239,
		0.9912813305854797
	],
	"6. right_hip": [
		0.5001541376113892,
		0.5653766989707947,
		0.017752107232809067,
		0.9997744560241699
	],
	"7. right_knee": [
		0.459933340549469,
		0.6803886294364929,
		-0.06661500036716461,
		0.9917347431182861
	],
	"8. right_ankle": [
		0.4697355329990387,
		0.8050870299339294,
		0.038226835429668427,
		0.9903067350387573
	],
	"14. left_shoulder": [
		0.5273236632347107,
		0.4042518138885498,
		-0.004341424442827702,
		0.9996998310089111
	],
	"15. left_elbow": [
		0.5402663350105286,
		0.4896682798862457,
		-0.018489141017198563,
		0.9101484417915344
	],
	"16. left_wrist": [
		0.5691147446632385,
		0.5407871603965759,
		-0.12771663069725037,
		0.882118821144104
	],
	"19. right_shoulder": [
		0.47295767068862915,
		0.3789898455142975,
		-0.009868296794593334,
		0.9997282028198242
	],
	"20. right_elbow": [
		0.4334830641746521,
		0.39966556429862976,
		-0.09168072044849396,
		0.9622567892074585
	],
	"21. right_wrist": [
		0.4257294237613678,
		0.44756028056144714,
		-0.2558215856552124,
		0.9420050382614136
	],
	"24. nose": [
		0.5129286050796509,
		0.3393762409687042,
		-0.13565564155578613,
		0.9999394416809082
	],
	"25. left_eye": [
		0.5159363150596619,
		0.32949861884117126,
		-0.12232645601034164,
		0.99989914894104
	],
	"26. right_eye": [
		0.5061951875686646,
		0.32432252168655396,
		-0.13192562758922577,
		0.999901533126831
	],
	"27. left_ear": [
		0.5152667760848999,
		0.33476781845092773,
		-0.030450398102402687,
		0.9998476505279541
	],
	"28. right_ear": [
		0.49809885025024414,
		0.3243699073791504,
		-0.06943593919277191,
		0.9998446106910706
	],
	"time stamp": 29.969946478656652
}