{
	"1. left_hip": [
		0.5375997424125671,
		0.579669713973999,
		-0.02723780833184719,
		0.9997634291648865
	],
	"2. left_knee": [
		0.5393731594085693,
		0.7070520520210266,
		-0.10107915103435516,
		0.9902825355529785
	],
	"3. left_ankle": [
		0.5496623516082764,
		0.8145315647125244,
		0.020641176030039787,
		0.9921574592590332
	],
	"6. right_hip": [
		0.5060049891471863,
		0.5881606936454773,
		0.027335867285728455,
		0.9997859001159668
	],
	"7. right_knee": [
		0.4589713513851166,
		0.6819245219230652,
		-0.07628201693296432,
		0.992159903049469
	],
	"8. right_ankle": [
		0.4723559021949768,
		0.8120867609977722,
		0.0525946207344532,
		0.9908742308616638
	],
	"14. left_shoulder": [
		0.530042827129364,
		0.4293571412563324,
		-0.09275028854608536,
		0.9997513294219971
	],
	"15. left_elbow": [
		0.5478657484054565,
		0.5054993629455566,
		-0.1397276520729065,
		0.9238772988319397
	],
	"16. left_wrist": [
		0.5853978395462036,
		0.5307641625404358,
		-0.2813079357147217,
		0.9030408263206482
	],
	"19. right_shoulder": [
		0.47638311982154846,
		0.40623414516448975,
		-0.05688776448369026,
		0.9997692704200745
	],
	"20. right_elbow": [
		0.4360333979129791,
		0.44187813997268677,
		-0.10208727419376373,
		0.9671986699104309
	],
	"21. right_wrist": [
		0.4259416162967682,
		0.49320876598358154,
		-0.22848598659038544,
		0.9499343633651733
	],
	"24. nose": [
		0.5154706835746765,
		0.35946694016456604,
		-0.2217830866575241,
		0.9999487400054932
	],
	"25. left_eye": [
		0.5182961225509644,
		0.3502700924873352,
		-0.2082584798336029,
		0.999910831451416
	],
	"26. right_eye": [
		0.5106809139251709,
		0.34460583329200745,
		-0.21149127185344696,
		0.9999122619628906
	],
	"27. left_ear": [
		0.5191627740859985,
		0.3570748567581177,
		-0.11940543353557587,
		0.9998674988746643
	],
	"28. right_ear": [
		0.5045087933540344,
		0.3463701009750366,
		-0.13671039044857025,
		0.999865710735321
	],
	"time stamp": 29.969946478656652
}