{
	"1. left_hip": [
		0.5376662015914917,
		0.5709702968597412,
		-0.02001292072236538,
		0.9997636675834656
	],
	"2. left_knee": [
		0.5443160533905029,
		0.699415922164917,
		-0.021769056096673012,
		0.9905903935432434
	],
	"3. left_ankle": [
		0.5486035943031311,
		0.8137231469154358,
		0.10481782257556915,
		0.9916947484016418
	],
	"6. right_hip": [
		0.5031715035438538,
		0.5747330188751221,
		0.020012103021144867,
		0.9998475313186646
	],
	"7. right_knee": [
		0.4660051763057709,
		0.6904386281967163,
		-0.022215981036424637,
		0.9920966625213623
	],
	"8. right_ankle": [
		0.4661477506160736,
		0.8105438351631165,
		0.10270742326974869,
		0.9915900230407715
	],
	"14. left_shoulder": [
		0.5372243523597717,
		0.40473097562789917,
		-0.03684224933385849,
		0.9998643398284912
	],
	"15. left_elbow": [
		0.570907711982727,
		0.3967127203941345,
		-0.13711999356746674,
		0.9657102227210999
	],
	"16. left_wrist": [
		0.5747531056404114,
		0.3394021689891815,
		-0.2978319525718689,
		0.9533370733261108
	],
	"19. right_shoulder": [
		0.4778614640235901,
		0.41512176394462585,
		-0.012518989853560925,
		0.999883234500885
	],
	"20. right_elbow": [
		0.4737032353878021,
		0.4938976764678955,
		-0.0032176743261516094,
		0.9671757221221924
	],
	"21. right_wrist": [
		0.4692383408546448,
		0.5579691529273987,
		-0.09607343375682831,
		0.9433152079582214
	],
	"24. nose": [
		0.5074403285980225,
		0.3366570472717285,
		-0.16841676831245422,
		0.9999740123748779
	],
	"25. left_eye": [
		0.5162642002105713,
		0.33499330282211304,
		-0.15359368920326233,
		0.9999447464942932
	],
	"26. right_eye": [
		0.5080237984657288,
		0.32890671491622925,
		-0.15317784249782562,
		0.9999509453773499
	],
	"27. left_ear": [
		0.5218303203582764,
		0.3460223376750946,
		-0.06960058957338333,
		0.9999108910560608
	],
	"28. right_ear": [
		0.5044064521789551,
		0.33656004071235657,
		-0.07332827895879745,
		0.9999337196350098
	],
	"time stamp": 29.969946478656652
}