{
	"1. left_hip": [
		0.530898928642273,
		0.5534634590148926,
		-0.00960865430533886,
		0.9997878074645996
	],
	"2. left_knee": [
		0.5441299676895142,
		0.6866495609283447,
		-0.020606014877557755,
		0.9901829361915588
	],
	"3. left_ankle": [
		0.5486397743225098,
		0.8085117936134338,
		0.07755378633737564,
		0.991201639175415
	],
	"6. right_hip": [
		0.49694305658340454,
		0.5553451776504517,
		0.009580894373357296,
		0.9998385906219482
	],
	"7. right_knee": [
		0.4718567728996277,
		0.6891545653343201,
		-0.00651863869279623,
		0.9922752976417542
	],
	"8. right_ankle": [
		0.45839133858680725,
		0.8033387064933777,
		0.0917966291308403,
		0.9916967153549194
	],
	"14. left_shoulder": [
		0.5358301401138306,
		0.3816128671169281,
		0.004440361633896828,
		0.9998457431793213
	],
	"15. left_elbow": [
		0.5670305490493774,
		0.3677847683429718,
		-0.10295581817626953,
		0.9661043882369995
	],
	"16. left_wrist": [
		0.5604864954948425,
		0.35154399275779724,
		-0.2847023606300354,
		0.9432986378669739
	],
	"19. right_shoulder": [
		0.47725215554237366,
		0.39480623602867126,
		0.01207912527024746,
		0.9998871684074402
	],
	"20. right_elbow": [
		0.47470101714134216,
		0.4820330739021301,
		-0.0047322483733296394,
		0.9654288291931152
	],
	"21. right_wrist": [
		0.46431398391723633,
		0.5504739284515381,
		-0.09676258265972137,
		0.9425656199455261
	],
	"24. nose": [
		0.5034570693969727,
		0.3177003562450409,
		-0.12476637214422226,
		0.9999760985374451
	],
	"25. left_eye": [
		0.5107852816581726,
		0.31398507952690125,
		-0.11007232964038849,
		0.9999454617500305
	],
	"26. right_eye": [
		0.5004727840423584,
		0.3109375536441803,
		-0.1117989793419838,
		0.9999547004699707
	],
	"27. left_ear": [
		0.5166488885879517,
		0.32406294345855713,
		-0.026928359642624855,
		0.9999047517776489
	],
	"28. right_ear": [
		0.49647289514541626,
		0.31985434889793396,
		-0.034744881093502045,
		0.9999414682388306
	],
	"time stamp": 29.969946478656652
}