{
	"1. left_hip": [
		0.5167355537414551,
		0.5492125153541565,
		-0.002490439685061574,
		0.9997503161430359
	],
	"2. left_knee": [
		0.5307896733283997,
		0.6847664713859558,
		-0.02552912011742592,
		0.9886741638183594
	],
	"3. left_ankle": [
		0.543216347694397,
		0.8067499995231628,
		0.04765304550528526,
		0.9908341765403748
	],
	"6. right_hip": [
		0.48177871108055115,
		0.5495373010635376,
		0.0024425056762993336,
		0.9996078610420227
	],
	"7. right_knee": [
		0.4745310842990875,
		0.6846048831939697,
		-0.017695605754852295,
		0.9911917448043823
	],
	"8. right_ankle": [
		0.46321001648902893,
		0.8054458498954773,
		0.06933681666851044,
		0.990037202835083
	],
	"14. left_shoulder": [
		0.5242270231246948,
		0.37170419096946716,
		-0.029843389987945557,
		0.9998845458030701
	],
	"15. left_elbow": [
		0.5513978004455566,
		0.4249935448169708,
		-0.04454628750681877,
		0.9759542346000671
	],
	"16. left_wrist": [
		0.5608682036399841,
		0.4898141622543335,
		-0.15377691388130188,
		0.9526078701019287
	],
	"19. right_shoulder": [
		0.4667278826236725,
		0.39425331354141235,
		-0.008831124752759933,
		0.9997877478599548
	],
	"20. right_elbow": [
		0.4420951008796692,
		0.45939597487449646,
		-0.025286752730607986,
		0.9663544297218323
	],
	"21. right_wrist": [
		0.4043456017971039,
		0.45155829191207886,
		-0.16889294981956482,
		0.95766681432724
	],
	"24. nose": [
		0.4839126169681549,
		0.3167068660259247,
		-0.1633220613002777,
		0.9999789595603943
	],
	"25. left_eye": [
		0.4881212115287781,
		0.30780935287475586,
		-0.1530260294675827,
		0.9999464154243469
	],
	"26. right_eye": [
		0.4778275489807129,
		0.3087669909000397,
		-0.1505690962076187,
		0.999951958656311
	],
	"27. left_ear": [
		0.4958101212978363,
		0.3132191002368927,
		-0.07692867517471313,
		0.9999083876609802
	],
	"28. right_ear": [
		0.47403401136398315,
		0.31748703122138977,
		-0.06724919378757477,
		0.9999114871025085
	],
	"time stamp": 29.969946478656652
}