{
	"1. left_hip": [
		0.5116108655929565,
		0.5581080317497253,
		-0.000774908228777349,
		0.9997293949127197
	],
	"2. left_knee": [
		0.5276345014572144,
		0.6904245615005493,
		-0.014105334877967834,
		0.9889316558837891
	],
	"3. left_ankle": [
		0.5421081185340881,
		0.8070052266120911,
		0.07240135222673416,
		0.9909976124763489
	],
	"6. right_hip": [
		0.4777556359767914,
		0.5561811923980713,
		0.000697027484420687,
		0.9995670318603516
	],
	"7. right_knee": [
		0.47448697686195374,
		0.6895273327827454,
		-0.0037651346065104008,
		0.9912403225898743
	],
	"8. right_ankle": [
		0.4635480046272278,
		0.8059818744659424,
		0.10529563575983047,
		0.9898049235343933
	],
	"14. left_shoulder": [
		0.5243144035339355,
		0.3877132534980774,
		-0.042353563010692596,
		0.9998779296875
	],
	"15. left_elbow": [
		0.5434705018997192,
		0.45205119252204895,
		0.009730122052133083,
		0.974765419960022
	],
	"16. left_wrist": [
		0.5480790138244629,
		0.5120630860328674,
		0.003463253378868103,
		0.947981595993042
	],
	"19. right_shoulder": [
		0.465420663356781,
		0.39949315786361694,
		-0.03308022767305374,
		0.9997532963752747
	],
	"20. right_elbow": [
		0.43487104773521423,
		0.447712779045105,
		-0.059975553303956985,
		0.9661080837249756
	],
	"21. right_wrist": [
		0.39892077445983887,
		0.42198634147644043,
		-0.20520749688148499,
		0.9593285918235779
	],
	"24. nose": [
		0.4821011424064636,
		0.32302215695381165,
		-0.19905278086662292,
		0.9999796152114868
	],
	"25. left_eye": [
		0.4875406324863434,
		0.3092794716358185,
		-0.18815019726753235,
		0.9999484419822693
	],
	"26. right_eye": [
		0.47543150186538696,
		0.31514057517051697,
		-0.18498656153678894,
		0.9999526143074036
	],
	"27. left_ear": [
		0.496221125125885,
		0.3159171938896179,
		-0.11026376485824585,
		0.9999130368232727
	],
	"28. right_ear": [
		0.4717484414577484,
		0.32420581579208374,
		-0.09582962095737457,
		0.9999073147773743
	],
	"time stamp": 29.969946478656652
}