{
	"1. left_hip": [
		0.497849702835083,
		0.5698607563972473,
		-0.013440405018627644,
		0.9997492432594299
	],
	"2. left_knee": [
		0.5021578073501587,
		0.699885904788971,
		-0.03539052605628967,
		0.9913715720176697
	],
	"3. left_ankle": [
		0.5331164002418518,
		0.777000367641449,
		0.14964543282985687,
		0.9921115636825562
	],
	"6. right_hip": [
		0.4655965268611908,
		0.5729473829269409,
		0.013297183439135551,
		0.9996309876441956
	],
	"7. right_knee": [
		0.46422821283340454,
		0.704398512840271,
		0.0031563006341457367,
		0.9916117191314697
	],
	"8. right_ankle": [
		0.46522969007492065,
		0.8093769550323486,
		0.15224234759807587,
		0.9908749461174011
	],
	"14. left_shoulder": [
		0.5121350884437561,
		0.40596118569374084,
		-0.05354885011911392,
		0.9999030232429504
	],
	"15. left_elbow": [
		0.5233368277549744,
		0.48038214445114136,
		-0.030499935150146484,
		0.9790693521499634
	],
	"16. left_wrist": [
		0.5265719294548035,
		0.5443405508995056,
		-0.07559261471033096,
		0.955561637878418
	],
	"19. right_shoulder": [
		0.4552716612815857,
		0.410860538482666,
		-0.032642852514982224,
		0.9997050762176514
	],
	"20. right_elbow": [
		0.43000778555870056,
		0.44437360763549805,
		-0.11872416734695435,
		0.9691312909126282
	],
	"21. right_wrist": [
		0.42047905921936035,
		0.3855810761451721,
		-0.31779125332832336,
		0.9690809845924377
	],
	"24. nose": [
		0.4752078950405121,
		0.3477989733219147,
		-0.18792638182640076,
		0.9999815225601196
	],
	"25. left_eye": [
		0.47831255197525024,
		0.3331216275691986,
		-0.17729750275611877,
		0.9999536871910095
	],
	"26. right_eye": [
		0.4680258631706238,
		0.34452179074287415,
		-0.17736688256263733,
		0.9999487996101379
	],
	"27. left_ear": [
		0.486189067363739,
		0.334461510181427,
		-0.10357344150543213,
		0.9999322891235352
	],
	"28. right_ear": [
		0.46431201696395874,
		0.35338059067726135,
		-0.08859685808420181,
		0.9998713135719299
	],
	"time stamp": 29.969946478656652
}