{
	"1. left_hip": [
		0.49754342436790466,
		0.5692265629768372,
		-0.02267872542142868,
		0.9997683167457581
	],
	"2. left_knee": [
		0.4922517240047455,
		0.697343111038208,
		-0.06591929495334625,
		0.9919899702072144
	],
	"3. left_ankle": [
		0.5248993039131165,
		0.7561286687850952,
		0.16069193184375763,
		0.9917347431182861
	],
	"6. right_hip": [
		0.4645695686340332,
		0.5722328424453735,
		0.022599514573812485,
		0.9996617436408997
	],
	"7. right_knee": [
		0.46280941367149353,
		0.7048360109329224,
		0.014001565985381603,
		0.9914641976356506
	],
	"8. right_ankle": [
		0.46540504693984985,
		0.8095052242279053,
		0.1567360907793045,
		0.9911496043205261
	],
	"14. left_shoulder": [
		0.5117694735527039,
		0.405313104391098,
		-0.06309759616851807,
		0.9999120831489563
	],
	"15. left_elbow": [
		0.5212300419807434,
		0.48725345730781555,
		-0.06555270403623581,
		0.9808827042579651
	],
	"16. left_wrist": [
		0.5042133331298828,
		0.5353504419326782,
		-0.10641983896493912,
		0.9593666791915894
	],
	"19. right_shoulder": [
		0.4541434347629547,
		0.410393089056015,
		-0.013423865661025047,
		0.9996954798698425
	],
	"20. right_elbow": [
		0.4321826994419098,
		0.4463527202606201,
		-0.10645963996648788,
		0.9686475396156311
	],
	"21. right_wrist": [
		0.445936381816864,
		0.39380356669425964,
		-0.28119033575057983,
		0.9693064093589783
	],
	"24. nose": [
		0.47410544753074646,
		0.3482973575592041,
		-0.17900052666664124,
		0.9999818801879883
	],
	"25. left_eye": [
		0.47664403915405273,
		0.3339051604270935,
		-0.16996297240257263,
		0.9999554753303528
	],
	"26. right_eye": [
		0.4667368531227112,
		0.3462504744529724,
		-0.16444554924964905,
		0.9999465346336365
	],
	"27. left_ear": [
		0.48376041650772095,
		0.3353700637817383,
		-0.10192874819040298,
		0.9999377727508545
	],
	"28. right_ear": [
		0.46314606070518494,
		0.35536351799964905,
		-0.07144449651241302,
		0.9998566508293152
	],
	"time stamp": 29.969946478656652
}