{
	"1. left_hip": [
		0.49446892738342285,
		0.5658235549926758,
		-0.024791058152914047,
		0.9997685551643372
	],
	"2. left_knee": [
		0.47680386900901794,
		0.6558958292007446,
		-0.23018106818199158,
		0.992806077003479
	],
	"3. left_ankle": [
		0.5027173161506653,
		0.7394574284553528,
		-0.11758645623922348,
		0.9901912212371826
	],
	"6. right_hip": [
		0.46106916666030884,
		0.5712971687316895,
		0.024774357676506042,
		0.9996729493141174
	],
	"7. right_knee": [
		0.4592682719230652,
		0.7021771669387817,
		-0.008343631401658058,
		0.9864121079444885
	],
	"8. right_ankle": [
		0.465973436832428,
		0.8098391890525818,
		0.06889853626489639,
		0.989800214767456
	],
	"14. left_shoulder": [
		0.5102957487106323,
		0.40327948331832886,
		-0.017120681703090668,
		0.999885082244873
	],
	"15. left_elbow": [
		0.4970115125179291,
		0.47124573588371277,
		-0.11123722791671753,
		0.9752540588378906
	],
	"16. left_wrist": [
		0.45954790711402893,
		0.46338891983032227,
		-0.20523853600025177,
		0.9377355575561523
	],
	"19. right_shoulder": [
		0.4551216661930084,
		0.41151800751686096,
		0.04439200088381767,
		0.9994503259658813
	],
	"20. right_elbow": [
		0.4457419812679291,
		0.45760709047317505,
		-0.050824351608753204,
		0.8940883278846741
	],
	"21. right_wrist": [
		0.4550643861293793,
		0.46177393198013306,
		-0.18181252479553223,
		0.8926693201065063
	],
	"24. nose": [
		0.4732896685600281,
		0.3515537679195404,
		-0.07768494635820389,
		0.9999064207077026
	],
	"25. left_eye": [
		0.4751392900943756,
		0.33775627613067627,
		-0.06621263176202774,
		0.9998606443405151
	],
	"26. right_eye": [
		0.46535181999206543,
		0.3499806225299835,
		-0.06183858960866928,
		0.9997169971466064
	],
	"27. left_ear": [
		0.48142561316490173,
		0.3380441963672638,
		-0.0052860272116959095,
		0.9999011158943176
	],
	"28. right_ear": [
		0.46192461252212524,
		0.36047741770744324,
		0.017316078767180443,
		0.9993247985839844
	],
	"time stamp": 29.969946478656652
}