{
	"1. left_hip": [
		0.4942258894443512,
		0.5600540637969971,
		-0.03234906122088432,
		0.9998088479042053
	],
	"2. left_knee": [
		0.4699956774711609,
		0.6368346810340881,
		-0.2589006721973419,
		0.9929746389389038
	],
	"3. left_ankle": [
		0.49128904938697815,
		0.7580071091651917,
		-0.25437766313552856,
		0.9875645041465759
	],
	"6. right_hip": [
		0.4593590199947357,
		0.5683479905128479,
		0.032386258244514465,
		0.999713122844696
	],
	"7. right_knee": [
		0.4532623887062073,
		0.6830788254737854,
		-0.054131872951984406,
		0.9511809945106506
	],
	"8. right_ankle": [
		0.472636878490448,
		0.8087688684463501,
		-0.024163709953427315,
		0.972327709197998
	],
	"14. left_shoulder": [
		0.5079902410507202,
		0.4019295871257782,
		0.04088417813181877,
		0.9998459815979004
	],
	"15. left_elbow": [
		0.49775800108909607,
		0.4497707486152649,
		-0.06624197214841843,
		0.9612114429473877
	],
	"16. left_wrist": [
		0.46181720495224,
		0.4421141743659973,
		-0.1587589830160141,
		0.8738645911216736
	],
	"19. right_shoulder": [
		0.45311325788497925,
		0.4114171862602234,
		0.10237940400838852,
		0.9989870190620422
	],
	"20. right_elbow": [
		0.4373880922794342,
		0.4353927969932556,
		-0.019363489001989365,
		0.7425198554992676
	],
	"21. right_wrist": [
		0.4546608328819275,
		0.447549432516098,
		-0.16421546041965485,
		0.7333297729492188
	],
	"24. nose": [
		0.47296133637428284,
		0.35216203331947327,
		-0.018463505432009697,
		0.9998341202735901
	],
	"25. left_eye": [
		0.4747464060783386,
		0.33784687519073486,
		-0.0056612323969602585,
		0.9998291730880737
	],
	"26. right_eye": [
		0.4642506241798401,
		0.3494258522987366,
		-0.0018898103153333068,
		0.9996302723884583
	],
	"27. left_ear": [
		0.48026561737060547,
		0.3379892408847809,
		0.06081116944551468,
		0.9998972415924072
	],
	"28. right_ear": [
		0.45977312326431274,
		0.35908395051956177,
		0.07906506210565567,
		0.9991959929466248
	],
	"time stamp": 29.969946478656652
}