{
	"1. left_hip": [
		0.4933409094810486,
		0.5580437779426575,
		-0.04039372503757477,
		0.9998160600662231
	],
	"2. left_knee": [
		0.4704236388206482,
		0.6453735828399658,
		-0.22805576026439667,
		0.9930321574211121
	],
	"3. left_ankle": [
		0.491105854511261,
		0.7788214683532715,
		-0.24520576000213623,
		0.9874176979064941
	],
	"6. right_hip": [
		0.45925188064575195,
		0.5653026700019836,
		0.04039786383509636,
		0.9997237324714661
	],
	"7. right_knee": [
		0.4505062699317932,
		0.6848084330558777,
		-0.060593295842409134,
		0.9400613903999329
	],
	"8. right_ankle": [
		0.4760269224643707,
		0.8074045181274414,
		-0.05688106268644333,
		0.9640082120895386
	],
	"14. left_shoulder": [
		0.5055999755859375,
		0.40175193548202515,
		0.06040794402360916,
		0.999855637550354
	],
	"15. left_elbow": [
		0.4983766973018646,
		0.47587233781814575,
		-0.019795797765254974,
		0.9625784754753113
	],
	"16. left_wrist": [
		0.465340793132782,
		0.4676544964313507,
		-0.09013156592845917,
		0.8759735822677612
	],
	"19. right_shoulder": [
		0.4507583975791931,
		0.4112871289253235,
		0.1432487815618515,
		0.9990441203117371
	],
	"20. right_elbow": [
		0.43778085708618164,
		0.4542120695114136,
		0.05275043100118637,
		0.7430688142776489
	],
	"21. right_wrist": [
		0.44968611001968384,
		0.4583268463611603,
		-0.09186980873346329,
		0.7370932102203369
	],
	"24. nose": [
		0.47177213430404663,
		0.352284699678421,
		0.020037826150655746,
		0.9998428225517273
	],
	"25. left_eye": [
		0.4734686315059662,
		0.337755411863327,
		0.031124791130423546,
		0.9998385906219482
	],
	"26. right_eye": [
		0.4631836414337158,
		0.34900617599487305,
		0.03696376830339432,
		0.9996529817581177
	],
	"27. left_ear": [
		0.47841230034828186,
		0.33814477920532227,
		0.08606870472431183,
		0.99990314245224
	],
	"28. right_ear": [
		0.45863667130470276,
		0.3581165373325348,
		0.11391011625528336,
		0.9992547631263733
	],
	"time stamp": 29.969946478656652
}