{
	"1. left_hip": [
		0.4876765310764313,
		0.5663575530052185,
		-0.06392894685268402,
		0.9998348951339722
	],
	"2. left_knee": [
		0.4740547239780426,
		0.6955445408821106,
		-0.13418474793434143,
		0.9924318194389343
	],
	"3. left_ankle": [
		0.492777019739151,
		0.8283715844154358,
		-0.12524212896823883,
		0.9896693229675293
	],
	"6. right_hip": [
		0.4612705111503601,
		0.5681995153427124,
		0.0639733374118805,
		0.9997147917747498
	],
	"7. right_knee": [
		0.44693437218666077,
		0.7016729712486267,
		0.03167619928717613,
		0.9131270051002502
	],
	"8. right_ankle": [
		0.47527360916137695,
		0.8090558648109436,
		0.0978316143155098,
		0.9526870846748352
	],
	"14. left_shoulder": [
		0.49957531690597534,
		0.4059954285621643,
		-0.0910596251487732,
		0.9998922348022461
	],
	"15. left_elbow": [
		0.5044535398483276,
		0.4906153678894043,
		-0.12386077642440796,
		0.9685302972793579
	],
	"16. left_wrist": [
		0.5209671258926392,
		0.551706850528717,
		-0.1961057484149933,
		0.892489492893219
	],
	"19. right_shoulder": [
		0.4531649947166443,
		0.41284382343292236,
		0.0710279792547226,
		0.999215841293335
	],
	"20. right_elbow": [
		0.4348398745059967,
		0.4694516956806183,
		0.05919686704874039,
		0.6656630039215088
	],
	"21. right_wrist": [
		0.4101220667362213,
		0.5203272700309753,
		-0.055969350039958954,
		0.7171875238418579
	],
	"24. nose": [
		0.4688686728477478,
		0.35152068734169006,
		-0.14492429792881012,
		0.9998776912689209
	],
	"25. left_eye": [
		0.47122126817703247,
		0.3370611369609833,
		-0.1392119824886322,
		0.999875545501709
	],
	"26. right_eye": [
		0.4611482620239258,
		0.34805524349212646,
		-0.128459632396698,
		0.9997304081916809
	],
	"27. left_ear": [
		0.47693777084350586,
		0.3380613625049591,
		-0.08726198971271515,
		0.9999257326126099
	],
	"28. right_ear": [
		0.45835232734680176,
		0.3571811318397522,
		-0.03766666352748871,
		0.9994274973869324
	],
	"time stamp": 29.969946478656652
}