{
	"1. left_hip": [
		0.4839419424533844,
		0.5911231637001038,
		-0.07251835614442825,
		0.9998704791069031
	],
	"2. left_knee": [
		0.47516068816185,
		0.7123047113418579,
		-0.13396617770195007,
		0.9927945137023926
	],
	"3. left_ankle": [
		0.49720311164855957,
		0.8432579040527344,
		-0.12482567131519318,
		0.9916142821311951
	],
	"6. right_hip": [
		0.4621860384941101,
		0.5938671827316284,
		0.07248532772064209,
		0.9997522830963135
	],
	"7. right_knee": [
		0.44470715522766113,
		0.7117561101913452,
		0.09232495725154877,
		0.8960908055305481
	],
	"8. right_ankle": [
		0.47873997688293457,
		0.8138889670372009,
		0.19632591307163239,
		0.9369722008705139
	],
	"14. left_shoulder": [
		0.4928835928440094,
		0.42043793201446533,
		-0.12429386377334595,
		0.9999212622642517
	],
	"15. left_elbow": [
		0.5208322405815125,
		0.488775372505188,
		-0.17477913200855255,
		0.9768210649490356
	],
	"16. left_wrist": [
		0.5457350015640259,
		0.5550883412361145,
		-0.2743552625179291,
		0.9203829169273376
	],
	"19. right_shoulder": [
		0.45897120237350464,
		0.4296998381614685,
		0.048585422337055206,
		0.9994045495986938
	],
	"20. right_elbow": [
		0.4338904917240143,
		0.4990428388118744,
		0.14983908832073212,
		0.6930769085884094
	],
	"21. right_wrist": [
		0.397731214761734,
		0.5401615500450134,
		0.13099095225334167,
		0.7778173089027405
	],
	"24. nose": [
		0.4668571949005127,
		0.3593176007270813,
		-0.15182244777679443,
		0.9999099373817444
	],
	"25. left_eye": [
		0.47157567739486694,
		0.3459911644458771,
		-0.14732366800308228,
		0.9999079704284668
	],
	"26. right_eye": [
		0.4610644280910492,
		0.3540194630622864,
		-0.1350528597831726,
		0.9998008012771606
	],
	"27. left_ear": [
		0.4778214395046234,
		0.35038962960243225,
		-0.10357830673456192,
		0.9999449849128723
	],
	"28. right_ear": [
		0.45905882120132446,
		0.3618919253349304,
		-0.04668581858277321,
		0.999579131603241
	],
	"time stamp": 29.969946478656652
}