{
	"1. left_hip": [
		0.48416489362716675,
		0.5890893936157227,
		-0.06962962448596954,
		0.9998793005943298
	],
	"2. left_knee": [
		0.47469791769981384,
		0.7126014828681946,
		-0.13929298520088196,
		0.9930413365364075
	],
	"3. left_ankle": [
		0.497293084859848,
		0.8427925109863281,
		-0.14493919909000397,
		0.9921324253082275
	],
	"6. right_hip": [
		0.46225565671920776,
		0.5931940674781799,
		0.06965813785791397,
		0.9997568130493164
	],
	"7. right_knee": [
		0.4444381594657898,
		0.714171290397644,
		0.060726772993803024,
		0.8953544497489929
	],
	"8. right_ankle": [
		0.47852641344070435,
		0.8137696385383606,
		0.1428561806678772,
		0.933880090713501
	],
	"14. left_shoulder": [
		0.4946291446685791,
		0.41944873332977295,
		-0.0807936042547226,
		0.9999290704727173
	],
	"15. left_elbow": [
		0.5191389322280884,
		0.487082839012146,
		-0.11904455721378326,
		0.9790046811103821
	],
	"16. left_wrist": [
		0.5364935398101807,
		0.5511550307273865,
		-0.20942118763923645,
		0.9278146624565125
	],
	"19. right_shoulder": [
		0.4564174711704254,
		0.4334910213947296,
		0.11135636270046234,
		0.9994466304779053
	],
	"20. right_elbow": [
		0.4340604245662689,
		0.4978945851325989,
		0.1660347580909729,
		0.7032560706138611
	],
	"21. right_wrist": [
		0.3991856873035431,
		0.5388469099998474,
		0.11466839164495468,
		0.7946357131004333
	],
	"24. nose": [
		0.4674263894557953,
		0.3644849956035614,
		-0.07650379836559296,
		0.9999173879623413
	],
	"25. left_eye": [
		0.4717752933502197,
		0.34980636835098267,
		-0.07269343733787537,
		0.9999148845672607
	],
	"26. right_eye": [
		0.461150586605072,
		0.35699141025543213,
		-0.061592768877744675,
		0.9998149275779724
	],
	"27. left_ear": [
		0.4779764711856842,
		0.35457196831703186,
		-0.0354965440928936,
		0.9999489784240723
	],
	"28. right_ear": [
		0.4591410160064697,
		0.3641754984855652,
		0.016511650756001472,
		0.9996125102043152
	],
	"time stamp": 29.969946478656652
}