{
	"1. left_hip": [
		0.4848785996437073,
		0.5888307094573975,
		-0.06963084638118744,
		0.9998934864997864
	],
	"2. left_knee": [
		0.47505563497543335,
		0.7113587260246277,
		-0.1406395435333252,
		0.9934412240982056
	],
	"3. left_ankle": [
		0.49759411811828613,
		0.8438296914100647,
		-0.14520999789237976,
		0.9931610226631165
	],
	"6. right_hip": [
		0.4625752866268158,
		0.5913729071617126,
		0.06967892497777939,
		0.9997525215148926
	],
	"7. right_knee": [
		0.4451369345188141,
		0.7151533961296082,
		0.08595618605613708,
		0.8943883776664734
	],
	"8. right_ankle": [
		0.4787572920322418,
		0.8136853575706482,
		0.17374643683433533,
		0.9326421618461609
	],
	"14. left_shoulder": [
		0.49445971846580505,
		0.42062437534332275,
		-0.08704054355621338,
		0.9999421834945679
	],
	"15. left_elbow": [
		0.5146274566650391,
		0.4931756854057312,
		-0.1378629505634308,
		0.9826006293296814
	],
	"16. left_wrist": [
		0.5128140449523926,
		0.5558335185050964,
		-0.2214251458644867,
		0.9400760531425476
	],
	"19. right_shoulder": [
		0.45788177847862244,
		0.43429848551750183,
		0.10204323381185532,
		0.9994868040084839
	],
	"20. right_elbow": [
		0.43388548493385315,
		0.493469774723053,
		0.15431414544582367,
		0.6867027282714844
	],
	"21. right_wrist": [
		0.40339794754981995,
		0.5302048325538635,
		0.0954277366399765,
		0.8038297891616821
	],
	"24. nose": [
		0.4677579402923584,
		0.3616887331008911,
		-0.09754309803247452,
		0.9999291896820068
	],
	"25. left_eye": [
		0.4715441167354584,
		0.3479539752006531,
		-0.09412404149770737,
		0.9999264478683472
	],
	"26. right_eye": [
		0.46158552169799805,
		0.35556432604789734,
		-0.07863596081733704,
		0.9998385906219482
	],
	"27. left_ear": [
		0.47736525535583496,
		0.353464812040329,
		-0.057201772928237915,
		0.9999555349349976
	],
	"28. right_ear": [
		0.4593959450721741,
		0.3646933138370514,
		0.01180074643343687,
		0.9996622204780579
	],
	"time stamp": 29.969946478656652
}