{
	"1. left_hip": [
		0.4950050711631775,
		0.5474023222923279,
		-1.5632711438229308e-05,
		0.9997219443321228
	],
	"2. left_knee": [
		0.4904628396034241,
		0.6914681196212769,
		-0.007939421571791172,
		0.9943621754646301
	],
	"3. left_ankle": [
		0.4904044270515442,
		0.8114745020866394,
		0.10021916776895523,
		0.9947364330291748
	],
	"6. right_hip": [
		0.46031808853149414,
		0.5498161315917969,
		7.229762559290975e-05,
		0.999396800994873
	],
	"7. right_knee": [
		0.46239662170410156,
		0.6915062665939331,
		-0.0013666019076481462,
		0.9412975311279297
	],
	"8. right_ankle": [
		0.4683160185813904,
		0.807969331741333,
		0.10862758010625839,
		0.9631434679031372
	],
	"14. left_shoulder": [
		0.5098658800125122,
		0.38687556982040405,
		-0.01829451695084572,
		0.9998803734779358
	],
	"15. left_elbow": [
		0.5197831988334656,
		0.4621727764606476,
		-0.017021605744957924,
		0.954308807849884
	],
	"16. left_wrist": [
		0.5315883159637451,
		0.5135104656219482,
		-0.13555747270584106,
		0.874772846698761
	],
	"19. right_shoulder": [
		0.4460363984107971,
		0.386787086725235,
		-0.023387983441352844,
		0.9989873170852661
	],
	"20. right_elbow": [
		0.4375842213630676,
		0.45808178186416626,
		-0.06217585876584053,
		0.6849678754806519
	],
	"21. right_wrist": [
		0.4366820454597473,
		0.4752078950405121,
		-0.22467215359210968,
		0.7311189770698547
	],
	"24. nose": [
		0.47838515043258667,
		0.3264252841472626,
		-0.17626699805259705,
		0.9998055100440979
	],
	"25. left_eye": [
		0.482977956533432,
		0.3128206729888916,
		-0.1624748408794403,
		0.9998111128807068
	],
	"26. right_eye": [
		0.47293567657470703,
		0.3143903613090515,
		-0.16515645384788513,
		0.9997442364692688
	],
	"27. left_ear": [
		0.48775267601013184,
		0.3171599209308624,
		-0.071475550532341,
		0.999901294708252
	],
	"28. right_ear": [
		0.46573686599731445,
		0.31962791085243225,
		-0.08538243174552917,
		0.9996436238288879
	],
	"time stamp": 29.969946478656652
}