{
	"1. left_hip": [
		0.49720892310142517,
		0.558100700378418,
		0.027204280719161034,
		0.9996480941772461
	],
	"2. left_knee": [
		0.49553728103637695,
		0.6976633667945862,
		0.024680042639374733,
		0.988728404045105
	],
	"3. left_ankle": [
		0.48839864134788513,
		0.8140425682067871,
		0.13079942762851715,
		0.9903523325920105
	],
	"6. right_hip": [
		0.46204060316085815,
		0.5526596307754517,
		-0.027225663885474205,
		0.9992911219596863
	],
	"7. right_knee": [
		0.46316346526145935,
		0.6917634010314941,
		-0.031644850969314575,
		0.9495696425437927
	],
	"8. right_ankle": [
		0.45870503783226013,
		0.8054986000061035,
		0.08566714823246002,
		0.9656912088394165
	],
	"14. left_shoulder": [
		0.5102319121360779,
		0.3982190489768982,
		-0.062330059707164764,
		0.9998986721038818
	],
	"15. left_elbow": [
		0.5324870347976685,
		0.46963340044021606,
		-0.014978813007473946,
		0.9602054953575134
	],
	"16. left_wrist": [
		0.561656653881073,
		0.5378024578094482,
		-0.09853025525808334,
		0.8965077996253967
	],
	"19. right_shoulder": [
		0.4466690421104431,
		0.3872498869895935,
		-0.12076779454946518,
		0.9991523027420044
	],
	"20. right_elbow": [
		0.42749372124671936,
		0.4619535803794861,
		-0.09682830423116684,
		0.7388036251068115
	],
	"21. right_wrist": [
		0.39945194125175476,
		0.5214377641677856,
		-0.16928350925445557,
		0.7729262709617615
	],
	"24. nose": [
		0.48246946930885315,
		0.332586407661438,
		-0.252422571182251,
		0.999839186668396
	],
	"25. left_eye": [
		0.4870317876338959,
		0.3203708529472351,
		-0.23929496109485626,
		0.9998380541801453
	],
	"26. right_eye": [
		0.477327823638916,
		0.31856125593185425,
		-0.24540264904499054,
		0.9997796416282654
	],
	"27. left_ear": [
		0.4905569553375244,
		0.32377728819847107,
		-0.14519965648651123,
		0.9998992681503296
	],
	"28. right_ear": [
		0.4692170023918152,
		0.32151952385902405,
		-0.1754266619682312,
		0.9996859431266785
	],
	"time stamp": 29.969946478656652
}