{
	"1. left_hip": [
		0.5034267902374268,
		0.5720663666725159,
		0.03634645789861679,
		0.9995446801185608
	],
	"2. left_knee": [
		0.49920305609703064,
		0.7039620280265808,
		0.03230977803468704,
		0.9692567586898804
	],
	"3. left_ankle": [
		0.488851398229599,
		0.8156320452690125,
		0.13836108148097992,
		0.9791036248207092
	],
	"6. right_hip": [
		0.4735730290412903,
		0.5715590715408325,
		-0.03636900335550308,
		0.9992164969444275
	],
	"7. right_knee": [
		0.47398868203163147,
		0.7031584978103638,
		-0.03946997970342636,
		0.9583179950714111
	],
	"8. right_ankle": [
		0.46100059151649475,
		0.8092774152755737,
		0.06395404040813446,
		0.9690471291542053
	],
	"14. left_shoulder": [
		0.5096585154533386,
		0.41330188512802124,
		-0.010176812298595905,
		0.9999165534973145
	],
	"15. left_elbow": [
		0.5283884406089783,
		0.4851883351802826,
		0.037495799362659454,
		0.9593467116355896
	],
	"16. left_wrist": [
		0.5541685819625854,
		0.5486040115356445,
		-0.04329545795917511,
		0.920087993144989
	],
	"19. right_shoulder": [
		0.4518775939941406,
		0.40286245942115784,
		-0.08950193971395493,
		0.9993670582771301
	],
	"20. right_elbow": [
		0.42553409934043884,
		0.4620932638645172,
		-0.08039688318967819,
		0.8078618049621582
	],
	"21. right_wrist": [
		0.40033215284347534,
		0.5272273421287537,
		-0.14658942818641663,
		0.8302618861198425
	],
	"24. nose": [
		0.48353806138038635,
		0.3478236198425293,
		-0.19847531616687775,
		0.9998800754547119
	],
	"25. left_eye": [
		0.4889383316040039,
		0.3381572663784027,
		-0.1843545287847519,
		0.999874472618103
	],
	"26. right_eye": [
		0.4789915084838867,
		0.334972083568573,
		-0.1909957230091095,
		0.9998320937156677
	],
	"27. left_ear": [
		0.4923701286315918,
		0.34317827224731445,
		-0.09502369910478592,
		0.9999057054519653
	],
	"28. right_ear": [
		0.4710463881492615,
		0.33892786502838135,
		-0.1264127939939499,
		0.999760627746582
	],
	"time stamp": 29.969946478656652
}