{
	"1. left_hip": [
		0.5064409971237183,
		0.5699933171272278,
		0.044203516095876694,
		0.9995958805084229
	],
	"2. left_knee": [
		0.5023050308227539,
		0.6988197565078735,
		0.01462087593972683,
		0.9588578939437866
	],
	"3. left_ankle": [
		0.4878164827823639,
		0.8133125305175781,
		0.11423065513372421,
		0.9706852436065674
	],
	"6. right_hip": [
		0.4777348041534424,
		0.5707075595855713,
		-0.04421963915228844,
		0.9993107318878174
	],
	"7. right_knee": [
		0.49179133772850037,
		0.6980405449867249,
		-0.06751082837581635,
		0.9634290337562561
	],
	"8. right_ankle": [
		0.4615756571292877,
		0.7886303663253784,
		0.07669738680124283,
		0.9668607711791992
	],
	"14. left_shoulder": [
		0.5092549324035645,
		0.41064104437828064,
		0.025373175740242004,
		0.9999251365661621
	],
	"15. left_elbow": [
		0.5263434648513794,
		0.4848092496395111,
		0.07433946430683136,
		0.9456814527511597
	],
	"16. left_wrist": [
		0.5418232679367065,
		0.5492416620254517,
		-0.007904493249952793,
		0.9267492294311523
	],
	"19. right_shoulder": [
		0.4530429244041443,
		0.4020938575267792,
		-0.08432768285274506,
		0.9994825124740601
	],
	"20. right_elbow": [
		0.4413703382015228,
		0.46924835443496704,
		-0.12178938090801239,
		0.8429002165794373
	],
	"21. right_wrist": [
		0.4621519446372986,
		0.5217854976654053,
		-0.2273978441953659,
		0.8588703274726868
	],
	"24. nose": [
		0.4853935241699219,
		0.34636810421943665,
		-0.1836387664079666,
		0.9999014139175415
	],
	"25. left_eye": [
		0.49045032262802124,
		0.33576104044914246,
		-0.16686329245567322,
		0.9998922348022461
	],
	"26. right_eye": [
		0.4805687963962555,
		0.33425024151802063,
		-0.1780758798122406,
		0.9998602867126465
	],
	"27. left_ear": [
		0.49350133538246155,
		0.3408527374267578,
		-0.06808528304100037,
		0.9998985528945923
	],
	"28. right_ear": [
		0.4727674424648285,
		0.338564932346344,
		-0.11260688304901123,
		0.9998018145561218
	],
	"time stamp": 29.969946478656652
}