{
	"1. left_hip": [
		0.506661593914032,
		0.5671836137771606,
		0.06422252207994461,
		0.9995499849319458
	],
	"2. left_knee": [
		0.5088338255882263,
		0.6758028268814087,
		0.0035360227338969707,
		0.8787128329277039
	],
	"3. left_ankle": [
		0.48843660950660706,
		0.8115623593330383,
		0.034246236085891724,
		0.9314124584197998
	],
	"6. right_hip": [
		0.4787434935569763,
		0.5664501190185547,
		-0.0641949251294136,
		0.9992706775665283
	],
	"7. right_knee": [
		0.5131974220275879,
		0.6520280838012695,
		-0.14907553791999817,
		0.9688349962234497
	],
	"8. right_ankle": [
		0.4842391610145569,
		0.7681530714035034,
		-0.06642786413431168,
		0.9375314116477966
	],
	"14. left_shoulder": [
		0.50714510679245,
		0.4066712260246277,
		0.07943413406610489,
		0.9995725750923157
	],
	"15. left_elbow": [
		0.5123914480209351,
		0.48331668972969055,
		0.044030237942934036,
		0.7222350835800171
	],
	"16. left_wrist": [
		0.5181065201759338,
		0.47310468554496765,
		-0.14139682054519653,
		0.7629639506340027
	],
	"19. right_shoulder": [
		0.46382492780685425,
		0.3968876302242279,
		-0.08129140734672546,
		0.9996252655982971
	],
	"20. right_elbow": [
		0.4615733027458191,
		0.4857550263404846,
		-0.13605345785617828,
		0.8920183181762695
	],
	"21. right_wrist": [
		0.48903313279151917,
		0.49411532282829285,
		-0.2142949402332306,
		0.890326976776123
	],
	"24. nose": [
		0.48703378438949585,
		0.34243473410606384,
		-0.11790790408849716,
		0.9998116493225098
	],
	"25. left_eye": [
		0.49125251173973083,
		0.33059388399124146,
		-0.08124174177646637,
		0.9995805621147156
	],
	"26. right_eye": [
		0.4807286262512207,
		0.3329336941242218,
		-0.11900322139263153,
		0.999731183052063
	],
	"27. left_ear": [
		0.49470335245132446,
		0.33680546283721924,
		-0.016883347183465958,
		0.9985872507095337
	],
	"28. right_ear": [
		0.47321128845214844,
		0.3385378420352936,
		-0.06673537939786911,
		0.9997556805610657
	],
	"time stamp": 29.969946478656652
}