{
	"1. left_hip": [
		0.5057770609855652,
		0.564486563205719,
		0.06218589469790459,
		0.9995283484458923
	],
	"2. left_knee": [
		0.509199857711792,
		0.67185378074646,
		0.01634121686220169,
		0.8558083176612854
	],
	"3. left_ankle": [
		0.4886726438999176,
		0.8049362301826477,
		0.032404638826847076,
		0.9226414561271667
	],
	"6. right_hip": [
		0.47965383529663086,
		0.5640206336975098,
		-0.062074609100818634,
		0.9992881417274475
	],
	"7. right_knee": [
		0.5150564908981323,
		0.6492710113525391,
		-0.18787220120429993,
		0.9710837006568909
	],
	"8. right_ankle": [
		0.4901328682899475,
		0.770830512046814,
		-0.1988956183195114,
		0.941196620464325
	],
	"14. left_shoulder": [
		0.5038317441940308,
		0.4063066244125366,
		0.1286039650440216,
		0.999596118927002
	],
	"15. left_elbow": [
		0.5118238925933838,
		0.4832782745361328,
		0.07352057099342346,
		0.6815527081489563
	],
	"16. left_wrist": [
		0.5156720876693726,
		0.47987034916877747,
		-0.0908505767583847,
		0.7367321848869324
	],
	"19. right_shoulder": [
		0.466573566198349,
		0.3976580798625946,
		-0.03949671983718872,
		0.9996595978736877
	],
	"20. right_elbow": [
		0.46998557448387146,
		0.4823729693889618,
		-0.09945549070835114,
		0.8999606966972351
	],
	"21. right_wrist": [
		0.5034416317939758,
		0.48487451672554016,
		-0.12415917962789536,
		0.8911810517311096
	],
	"24. nose": [
		0.4873075485229492,
		0.3399234712123871,
		-0.05575059726834297,
		0.9998264908790588
	],
	"25. left_eye": [
		0.49101144075393677,
		0.3284459710121155,
		-0.0376422218978405,
		0.9996153116226196
	],
	"26. right_eye": [
		0.48051533102989197,
		0.3320390582084656,
		-0.05090487003326416,
		0.999752402305603
	],
	"27. left_ear": [
		0.4945650100708008,
		0.3354211449623108,
		0.04739130288362503,
		0.9987097382545471
	],
	"28. right_ear": [
		0.47316423058509827,
		0.3392094671726227,
		-0.005882264114916325,
		0.9997768998146057
	],
	"time stamp": 29.969946478656652
}