{
	"1. left_hip": [
		0.506550133228302,
		0.5609067678451538,
		0.058595143258571625,
		0.9993250966072083
	],
	"2. left_knee": [
		0.5115448832511902,
		0.6830103397369385,
		0.014613633044064045,
		0.7310232520103455
	],
	"3. left_ankle": [
		0.48989301919937134,
		0.8040751814842224,
		0.04251379892230034,
		0.8445360660552979
	],
	"6. right_hip": [
		0.4876786172389984,
		0.5595794916152954,
		-0.05863357335329056,
		0.9991271495819092
	],
	"7. right_knee": [
		0.5114685893058777,
		0.6754537224769592,
		-0.12838919460773468,
		0.9304612874984741
	],
	"8. right_ankle": [
		0.4936700761318207,
		0.8141427040100098,
		-0.08713861554861069,
		0.9266083240509033
	],
	"14. left_shoulder": [
		0.4986819624900818,
		0.3956987261772156,
		0.08212265372276306,
		0.9995793700218201
	],
	"15. left_elbow": [
		0.513305127620697,
		0.4703717529773712,
		0.13332001864910126,
		0.574438750743866
	],
	"16. left_wrist": [
		0.5328569412231445,
		0.5328061580657959,
		0.1070486530661583,
		0.6417969465255737
	],
	"19. right_shoulder": [
		0.4711800217628479,
		0.39216703176498413,
		-0.09842133522033691,
		0.9995619654655457
	],
	"20. right_elbow": [
		0.4979795813560486,
		0.45313507318496704,
		-0.2041565179824829,
		0.9089202880859375
	],
	"21. right_wrist": [
		0.5024081468582153,
		0.3795720040798187,
		-0.31465944647789,
		0.8965837359428406
	],
	"24. nose": [
		0.48926645517349243,
		0.3319188952445984,
		-0.14194026589393616,
		0.999855637550354
	],
	"25. left_eye": [
		0.4911321699619293,
		0.3209551274776459,
		-0.12168975919485092,
		0.9996851086616516
	],
	"26. right_eye": [
		0.48071175813674927,
		0.3258174955844879,
		-0.13545331358909607,
		0.9997943043708801
	],
	"27. left_ear": [
		0.49305716156959534,
		0.326741486787796,
		-0.01748800463974476,
		0.9989994764328003
	],
	"28. right_ear": [
		0.4728783667087555,
		0.33658698201179504,
		-0.07877542823553085,
		0.9998045563697815
	],
	"time stamp": 29.969946478656652
}