{
	"1. left_hip": [
		0.5038653612136841,
		0.5672471523284912,
		0.06525835394859314,
		0.9990844130516052
	],
	"2. left_knee": [
		0.5191693902015686,
		0.6997352242469788,
		0.03952419385313988,
		0.6983542442321777
	],
	"3. left_ankle": [
		0.4864238202571869,
		0.8107155561447144,
		0.09339307248592377,
		0.8040856122970581
	],
	"6. right_hip": [
		0.48743095993995667,
		0.5646892786026001,
		-0.0653427243232727,
		0.9990918040275574
	],
	"7. right_knee": [
		0.5039733648300171,
		0.6948508024215698,
		-0.140895277261734,
		0.9288998246192932
	],
	"8. right_ankle": [
		0.48991212248802185,
		0.8361082077026367,
		-0.13688595592975616,
		0.9333919286727905
	],
	"14. left_shoulder": [
		0.49954861402511597,
		0.3973965644836426,
		0.09649328887462616,
		0.9994472861289978
	],
	"15. left_elbow": [
		0.5127933025360107,
		0.4783805012702942,
		0.17037241160869598,
		0.48671120405197144
	],
	"16. left_wrist": [
		0.5264154672622681,
		0.538755476474762,
		0.15886202454566956,
		0.5598596930503845
	],
	"19. right_shoulder": [
		0.47383493185043335,
		0.3952585756778717,
		-0.12405037879943848,
		0.9996213912963867
	],
	"20. right_elbow": [
		0.4592505991458893,
		0.47259122133255005,
		-0.1573454737663269,
		0.9121202230453491
	],
	"21. right_wrist": [
		0.43359965085983276,
		0.530146598815918,
		-0.28677624464035034,
		0.8920289874076843
	],
	"24. nose": [
		0.4893135130405426,
		0.3312459886074066,
		-0.16768807172775269,
		0.9998782873153687
	],
	"25. left_eye": [
		0.49100399017333984,
		0.32046574354171753,
		-0.1382414996623993,
		0.9997366070747375
	],
	"26. right_eye": [
		0.4806227684020996,
		0.32547616958618164,
		-0.15130552649497986,
		0.9998287558555603
	],
	"27. left_ear": [
		0.4923418462276459,
		0.3257753252983093,
		-0.023992739617824554,
		0.9991721510887146
	],
	"28. right_ear": [
		0.47286897897720337,
		0.33884555101394653,
		-0.07501675188541412,
		0.9998356699943542
	],
	"time stamp": 29.969946478656652
}