{
	"1. left_hip": [
		0.4993404746055603,
		0.5871085524559021,
		0.07340089231729507,
		0.9975093007087708
	],
	"2. left_knee": [
		0.5169193744659424,
		0.7084383368492126,
		0.058564186096191406,
		0.6226441860198975
	],
	"3. left_ankle": [
		0.48881667852401733,
		0.8237762451171875,
		0.12124290317296982,
		0.7237547039985657
	],
	"6. right_hip": [
		0.48691409826278687,
		0.5882241725921631,
		-0.07351391017436981,
		0.9981809854507446
	],
	"7. right_knee": [
		0.50548255443573,
		0.7104023694992065,
		-0.09144684672355652,
		0.9134395718574524
	],
	"8. right_ankle": [
		0.48805516958236694,
		0.8452373147010803,
		-0.054449476301670074,
		0.9292984008789062
	],
	"14. left_shoulder": [
		0.49711260199546814,
		0.4131627678871155,
		0.059380870312452316,
		0.9973582625389099
	],
	"15. left_elbow": [
		0.4576287269592285,
		0.47405701875686646,
		0.15417879819869995,
		0.38951346278190613
	],
	"16. left_wrist": [
		0.4237791895866394,
		0.5117191672325134,
		0.1326468586921692,
		0.4682116210460663
	],
	"19. right_shoulder": [
		0.47454962134361267,
		0.4252842366695404,
		-0.1295723170042038,
		0.9996140599250793
	],
	"20. right_elbow": [
		0.4372175633907318,
		0.47033560276031494,
		-0.19412019848823547,
		0.9282369017601013
	],
	"21. right_wrist": [
		0.3985171616077423,
		0.5142223834991455,
		-0.2921566367149353,
		0.9161005020141602
	],
	"24. nose": [
		0.4924362599849701,
		0.35049280524253845,
		-0.1748688519001007,
		0.9998664855957031
	],
	"25. left_eye": [
		0.4923814833164215,
		0.33982375264167786,
		-0.15237483382225037,
		0.9997124671936035
	],
	"26. right_eye": [
		0.4835140109062195,
		0.34445059299468994,
		-0.16787943243980408,
		0.9998480081558228
	],
	"27. left_ear": [
		0.4922008514404297,
		0.3462923765182495,
		-0.046046048402786255,
		0.9992083311080933
	],
	"28. right_ear": [
		0.4741078317165375,
		0.3572860658168793,
		-0.1148277074098587,
		0.9998481273651123
	],
	"time stamp": 29.969946478656652
}