{
	"1. left_hip": [
		0.5000173449516296,
		0.5838751196861267,
		0.06368686258792877,
		0.9979183673858643
	],
	"2. left_knee": [
		0.5157982707023621,
		0.707552969455719,
		0.04391426593065262,
		0.5921556949615479
	],
	"3. left_ankle": [
		0.4864889979362488,
		0.8200415968894958,
		0.10498311370611191,
		0.6981275677680969
	],
	"6. right_hip": [
		0.484609454870224,
		0.5803108811378479,
		-0.06372793018817902,
		0.998489499092102
	],
	"7. right_knee": [
		0.4997614324092865,
		0.708016574382782,
		-0.1473177820444107,
		0.9157652854919434
	],
	"8. right_ankle": [
		0.48803281784057617,
		0.8410359621047974,
		-0.15549829602241516,
		0.9341022372245789
	],
	"14. left_shoulder": [
		0.5104261636734009,
		0.41674867272377014,
		0.07805860042572021,
		0.997941255569458
	],
	"15. left_elbow": [
		0.5307515859603882,
		0.4918775260448456,
		0.1344565749168396,
		0.44683071970939636
	],
	"16. left_wrist": [
		0.5580493807792664,
		0.5542994141578674,
		0.05919964984059334,
		0.5588591694831848
	],
	"19. right_shoulder": [
		0.4693036675453186,
		0.41672635078430176,
		-0.06440979987382889,
		0.999689519405365
	],
	"20. right_elbow": [
		0.4452144205570221,
		0.46184346079826355,
		-0.16190625727176666,
		0.9399362802505493
	],
	"21. right_wrist": [
		0.4268007278442383,
		0.516437292098999,
		-0.3292563855648041,
		0.9321517944335938
	],
	"24. nose": [
		0.4920044541358948,
		0.34251049160957336,
		-0.12757834792137146,
		0.9998985528945923
	],
	"25. left_eye": [
		0.4925454258918762,
		0.33391493558883667,
		-0.10836708545684814,
		0.9997808337211609
	],
	"26. right_eye": [
		0.48364001512527466,
		0.3372681736946106,
		-0.11798765510320663,
		0.9998860955238342
	],
	"27. left_ear": [
		0.493171364068985,
		0.34175947308540344,
		-0.00977413635700941,
		0.9994069337844849
	],
	"28. right_ear": [
		0.47451838850975037,
		0.3496916592121124,
		-0.05409387871623039,
		0.9998853802680969
	],
	"time stamp": 29.969946478656652
}