{
	"1. left_hip": [
		0.5070185661315918,
		0.5634320378303528,
		0.03071974217891693,
		0.9979035258293152
	],
	"2. left_knee": [
		0.5194782614707947,
		0.6997414231300354,
		-0.030141253024339676,
		0.6375536918640137
	],
	"3. left_ankle": [
		0.48537477850914,
		0.8032680153846741,
		0.07767747342586517,
		0.6699565649032593
	],
	"6. right_hip": [
		0.47891655564308167,
		0.5611054301261902,
		-0.030595624819397926,
		0.9985313415527344
	],
	"7. right_knee": [
		0.49142366647720337,
		0.6903439164161682,
		-0.08314764499664307,
		0.9176958203315735
	],
	"8. right_ankle": [
		0.4901680052280426,
		0.8260279893875122,
		-0.007625137455761433,
		0.9339081048965454
	],
	"14. left_shoulder": [
		0.5147238969802856,
		0.3974950611591339,
		0.07844419032335281,
		0.9979122877120972
	],
	"15. left_elbow": [
		0.5263813734054565,
		0.4670391380786896,
		-0.000935851305257529,
		0.519598126411438
	],
	"16. left_wrist": [
		0.49622827768325806,
		0.4923633933067322,
		-0.14329256117343903,
		0.6099668145179749
	],
	"19. right_shoulder": [
		0.46047574281692505,
		0.39612630009651184,
		-0.010860828682780266,
		0.999648928642273
	],
	"20. right_elbow": [
		0.4644612669944763,
		0.4659309685230255,
		-0.08017068356275558,
		0.9472051858901978
	],
	"21. right_wrist": [
		0.5029377937316895,
		0.47249671816825867,
		-0.16031025350093842,
		0.9390118718147278
	],
	"24. nose": [
		0.4915969967842102,
		0.3221420347690582,
		-0.08342549949884415,
		0.9996497631072998
	],
	"25. left_eye": [
		0.4926322400569916,
		0.31308066844940186,
		-0.06511381268501282,
		0.999380350112915
	],
	"26. right_eye": [
		0.48351240158081055,
		0.3150387108325958,
		-0.07289568334817886,
		0.9996024966239929
	],
	"27. left_ear": [
		0.495475709438324,
		0.32129228115081787,
		0.02797163464128971,
		0.9988873600959778
	],
	"28. right_ear": [
		0.47421884536743164,
		0.3282761573791504,
		-0.005591104272753,
		0.9995887875556946
	],
	"time stamp": 29.969946478656652
}