{
	"1. left_hip": [
		0.5063087940216064,
		0.5488525032997131,
		0.02193860523402691,
		0.9979968070983887
	],
	"2. left_knee": [
		0.5057314038276672,
		0.6766769886016846,
		-0.030075903981924057,
		0.6877132654190063
	],
	"3. left_ankle": [
		0.4933665692806244,
		0.8027874231338501,
		0.04662863165140152,
		0.7079018354415894
	],
	"6. right_hip": [
		0.47117170691490173,
		0.5494985580444336,
		-0.02185138128697872,
		0.9982767105102539
	],
	"7. right_knee": [
		0.4894633889198303,
		0.6711133122444153,
		-0.05912674218416214,
		0.9067331552505493
	],
	"8. right_ankle": [
		0.48084598779678345,
		0.8020806312561035,
		0.02779465913772583,
		0.9115851521492004
	],
	"14. left_shoulder": [
		0.5147758722305298,
		0.3907220959663391,
		0.06728427857160568,
		0.9982563853263855
	],
	"15. left_elbow": [
		0.5182366371154785,
		0.45819470286369324,
		0.012295806780457497,
		0.5871724486351013
	],
	"16. left_wrist": [
		0.5076124668121338,
		0.4901101291179657,
		-0.11520906537771225,
		0.6534435749053955
	],
	"19. right_shoulder": [
		0.45429134368896484,
		0.3801650106906891,
		-0.010437911376357079,
		0.9989868998527527
	],
	"20. right_elbow": [
		0.46477842330932617,
		0.4331439137458801,
		-0.1171523928642273,
		0.9400848150253296
	],
	"21. right_wrist": [
		0.5074912905693054,
		0.4335896670818329,
		-0.2258433997631073,
		0.9227428436279297
	],
	"24. nose": [
		0.4910145699977875,
		0.3114257752895355,
		-0.06499768793582916,
		0.9990386366844177
	],
	"25. left_eye": [
		0.49241018295288086,
		0.3033347725868225,
		-0.04738298058509827,
		0.998632550239563
	],
	"26. right_eye": [
		0.4831961989402771,
		0.3033068776130676,
		-0.056714512407779694,
		0.9985291361808777
	],
	"27. left_ear": [
		0.49435392022132874,
		0.31074029207229614,
		0.0413084551692009,
		0.9978434443473816
	],
	"28. right_ear": [
		0.473904550075531,
		0.3129188120365143,
		-0.0007668625330552459,
		0.9974799156188965
	],
	"time stamp": 29.969946478656652
}