{
	"1. left_hip": [
		0.49924391508102417,
		0.545032262802124,
		-0.00813073106110096,
		0.9984971284866333
	],
	"2. left_knee": [
		0.495555579662323,
		0.6840745806694031,
		-0.0003396773536223918,
		0.8033405542373657
	],
	"3. left_ankle": [
		0.5010879039764404,
		0.8067763447761536,
		0.098300501704216,
		0.8162620663642883
	],
	"6. right_hip": [
		0.4624817967414856,
		0.5442515015602112,
		0.00807034783065319,
		0.9984378814697266
	],
	"7. right_knee": [
		0.46456289291381836,
		0.6874566674232483,
		0.014619356021285057,
		0.9291166663169861
	],
	"8. right_ankle": [
		0.46200093626976013,
		0.807755708694458,
		0.1117316335439682,
		0.9323819279670715
	],
	"14. left_shoulder": [
		0.5111366510391235,
		0.3821323812007904,
		-0.10097779333591461,
		0.9988532662391663
	],
	"15. left_elbow": [
		0.5297290086746216,
		0.45749181509017944,
		-0.08008484542369843,
		0.6879488825798035
	],
	"16. left_wrist": [
		0.5587838888168335,
		0.5199428796768188,
		-0.1726093739271164,
		0.7227612733840942
	],
	"19. right_shoulder": [
		0.4470198154449463,
		0.38155001401901245,
		-0.08625566214323044,
		0.9990733861923218
	],
	"20. right_elbow": [
		0.4207346439361572,
		0.4415229260921478,
		-0.052319951355457306,
		0.9265166521072388
	],
	"21. right_wrist": [
		0.39239025115966797,
		0.5101456046104431,
		-0.12594732642173767,
		0.9124899506568909
	],
	"24. nose": [
		0.480782687664032,
		0.3063078224658966,
		-0.24883398413658142,
		0.9991825222969055
	],
	"25. left_eye": [
		0.4852840304374695,
		0.29718658328056335,
		-0.2359730303287506,
		0.9988059997558594
	],
	"26. right_eye": [
		0.47486501932144165,
		0.2964489758014679,
		-0.23754791915416718,
		0.9987000226974487
	],
	"27. left_ear": [
		0.4895581305027008,
		0.3054499626159668,
		-0.1526784896850586,
		0.9980093240737915
	],
	"28. right_ear": [
		0.467695951461792,
		0.3063809275627136,
		-0.1612306386232376,
		0.997864842414856
	],
	"time stamp": 29.969946478656652
}