{
	"1. left_hip": [
		0.4839611053466797,
		0.5664094686508179,
		-0.011427871882915497,
		0.9983397722244263
	],
	"2. left_knee": [
		0.4713570177555084,
		0.6993281245231628,
		-0.008577701635658741,
		0.8854987621307373
	],
	"3. left_ankle": [
		0.4690713882446289,
		0.8004428148269653,
		0.10283102840185165,
		0.8830888271331787
	],
	"6. right_hip": [
		0.45214971899986267,
		0.5661634206771851,
		0.011421428062021732,
		0.9982954263687134
	],
	"7. right_knee": [
		0.4559568762779236,
		0.7000569105148315,
		-0.009920548647642136,
		0.9424833655357361
	],
	"8. right_ankle": [
		0.4637593626976013,
		0.8103325963020325,
		0.07758471369743347,
		0.9372523427009583
	],
	"14. left_shoulder": [
		0.4996001720428467,
		0.40428662300109863,
		-0.04440491273999214,
		0.996858537197113
	],
	"15. left_elbow": [
		0.5088274478912354,
		0.4037333130836487,
		-0.15535709261894226,
		0.8442011475563049
	],
	"16. left_wrist": [
		0.4832536578178406,
		0.3649069368839264,
		-0.2726772427558899,
		0.8492205142974854
	],
	"19. right_shoulder": [
		0.44276705384254456,
		0.40645068883895874,
		0.01803315430879593,
		0.998717188835144
	],
	"20. right_elbow": [
		0.3980693221092224,
		0.39704686403274536,
		0.006478502415120602,
		0.9532344937324524
	],
	"21. right_wrist": [
		0.3640911281108856,
		0.35893714427948,
		-0.041603442281484604,
		0.9402884244918823
	],
	"24. nose": [
		0.47055870294570923,
		0.34609827399253845,
		-0.10904572159051895,
		0.9993110299110413
	],
	"25. left_eye": [
		0.4759604036808014,
		0.333901584148407,
		-0.09726344048976898,
		0.9987195730209351
	],
	"26. right_eye": [
		0.46589598059654236,
		0.33697453141212463,
		-0.09587599337100983,
		0.9986130595207214
	],
	"27. left_ear": [
		0.48198285698890686,
		0.3381587862968445,
		0.012484574690461159,
		0.9980170726776123
	],
	"28. right_ear": [
		0.46251004934310913,
		0.3441374897956848,
		-0.027439063414931297,
		0.9983027577400208
	],
	"time stamp": 29.969946478656652
}