{
	"1. left_hip": [
		0.4791445732116699,
		0.5576619505882263,
		-0.02781420387327671,
		0.9988147020339966
	],
	"2. left_knee": [
		0.47184714674949646,
		0.6600376963615417,
		-0.19805839657783508,
		0.9109457731246948
	],
	"3. left_ankle": [
		0.4676445424556732,
		0.7852954268455505,
		-0.19095416367053986,
		0.8885560631752014
	],
	"6. right_hip": [
		0.44670993089675903,
		0.5635252594947815,
		0.027804959565401077,
		0.9987737536430359
	],
	"7. right_knee": [
		0.4472925066947937,
		0.6909144520759583,
		-0.026165002956986427,
		0.9239860773086548
	],
	"8. right_ankle": [
		0.46046748757362366,
		0.7981003522872925,
		0.0016420911997556686,
		0.9284070730209351
	],
	"14. left_shoulder": [
		0.49068522453308105,
		0.38675516843795776,
		-0.10125650465488434,
		0.9959326982498169
	],
	"15. left_elbow": [
		0.4974985718727112,
		0.3041795790195465,
		-0.178202822804451,
		0.900658369064331
	],
	"16. left_wrist": [
		0.4950231909751892,
		0.22448605298995972,
		-0.2624877691268921,
		0.8905857801437378
	],
	"19. right_shoulder": [
		0.4424024224281311,
		0.38839489221572876,
		-0.0380464568734169,
		0.9980897307395935
	],
	"20. right_elbow": [
		0.41835060715675354,
		0.32816949486732483,
		-0.12433435767889023,
		0.9653571844100952
	],
	"21. right_wrist": [
		0.40884384512901306,
		0.262228786945343,
		-0.26362189650535583,
		0.9545020461082458
	],
	"24. nose": [
		0.46212345361709595,
		0.349118709564209,
		-0.19754306972026825,
		0.9995046854019165
	],
	"25. left_eye": [
		0.4687235355377197,
		0.3383663296699524,
		-0.1849905103445053,
		0.999085009098053
	],
	"26. right_eye": [
		0.459409236907959,
		0.3386886715888977,
		-0.18065954744815826,
		0.999006986618042
	],
	"27. left_ear": [
		0.4765595495700836,
		0.3429358899593353,
		-0.10974849760532379,
		0.9986975789070129
	],
	"28. right_ear": [
		0.4580078125,
		0.3421546220779419,
		-0.08954976499080658,
		0.9988560676574707
	],
	"time stamp": 29.969946478656652
}