{
	"1. left_hip": [
		0.47294774651527405,
		0.5487104058265686,
		-0.06986623257398605,
		0.9991797804832458
	],
	"2. left_knee": [
		0.46645528078079224,
		0.6794818639755249,
		-0.12097512185573578,
		0.9361787438392639
	],
	"3. left_ankle": [
		0.4864040017127991,
		0.8218613266944885,
		-0.10086467117071152,
		0.924206554889679
	],
	"6. right_hip": [
		0.4486084580421448,
		0.5580342411994934,
		0.06979411095380783,
		0.9991129040718079
	],
	"7. right_knee": [
		0.4483713209629059,
		0.6902905106544495,
		0.05174977332353592,
		0.8880555629730225
	],
	"8. right_ankle": [
		0.4686563014984131,
		0.8074948787689209,
		0.09138675034046173,
		0.9287143349647522
	],
	"14. left_shoulder": [
		0.4823593199253082,
		0.37958309054374695,
		-0.07777324318885803,
		0.9972658157348633
	],
	"15. left_elbow": [
		0.501232922077179,
		0.30405548214912415,
		-0.16378936171531677,
		0.9339721202850342
	],
	"16. left_wrist": [
		0.528813898563385,
		0.2404574751853943,
		-0.241817906498909,
		0.9234839081764221
	],
	"19. right_shoulder": [
		0.44346189498901367,
		0.37941333651542664,
		0.08780267089605331,
		0.998005747795105
	],
	"20. right_elbow": [
		0.4398620128631592,
		0.295332670211792,
		0.19421464204788208,
		0.9015348553657532
	],
	"21. right_wrist": [
		0.43633365631103516,
		0.22546546161174774,
		0.24426011741161346,
		0.9481974244117737
	],
	"24. nose": [
		0.45564165711402893,
		0.3445744514465332,
		-0.12569190561771393,
		0.999649167060852
	],
	"25. left_eye": [
		0.46341508626937866,
		0.3348289132118225,
		-0.11535277217626572,
		0.9993699789047241
	],
	"26. right_eye": [
		0.4559897780418396,
		0.33051055669784546,
		-0.10431665182113647,
		0.9992988109588623
	],
	"27. left_ear": [
		0.47210413217544556,
		0.34018510580062866,
		-0.052674561738967896,
		0.9991250038146973
	],
	"28. right_ear": [
		0.4569116532802582,
		0.3297083377838135,
		-0.002814674284309149,
		0.9992100596427917
	],
	"time stamp": 29.969946478656652
}