{
	"1. left_hip": [
		0.47176042199134827,
		0.5493727922439575,
		-0.07062783092260361,
		0.9992498755455017
	],
	"2. left_knee": [
		0.46605759859085083,
		0.685509979724884,
		-0.11698557436466217,
		0.9417881369590759
	],
	"3. left_ankle": [
		0.487341970205307,
		0.8243538737297058,
		-0.10595948994159698,
		0.9313724637031555
	],
	"6. right_hip": [
		0.4494815468788147,
		0.5580880641937256,
		0.07053118199110031,
		0.9991814494132996
	],
	"7. right_knee": [
		0.448718786239624,
		0.6904704570770264,
		0.05512160062789917,
		0.8838078379631042
	],
	"8. right_ankle": [
		0.4697457253932953,
		0.8111215233802795,
		0.09087444096803665,
		0.9301484823226929
	],
	"14. left_shoulder": [
		0.48233574628829956,
		0.38058334589004517,
		-0.07942922413349152,
		0.9975283145904541
	],
	"15. left_elbow": [
		0.5018044710159302,
		0.307810515165329,
		-0.1811978965997696,
		0.9405273199081421
	],
	"16. left_wrist": [
		0.530415952205658,
		0.24613231420516968,
		-0.2800211012363434,
		0.930628776550293
	],
	"19. right_shoulder": [
		0.44408732652664185,
		0.3802157938480377,
		0.09791519492864609,
		0.9979279041290283
	],
	"20. right_elbow": [
		0.43664994835853577,
		0.30601775646209717,
		0.23704802989959717,
		0.8831758499145508
	],
	"21. right_wrist": [
		0.4352380335330963,
		0.24062266945838928,
		0.3217802047729492,
		0.9479616284370422
	],
	"24. nose": [
		0.4553150236606598,
		0.34421688318252563,
		-0.12295545637607574,
		0.9996805787086487
	],
	"25. left_eye": [
		0.46290674805641174,
		0.3343563973903656,
		-0.11307921260595322,
		0.9994297027587891
	],
	"26. right_eye": [
		0.4556984007358551,
		0.33050063252449036,
		-0.1003488153219223,
		0.9993638396263123
	],
	"27. left_ear": [
		0.4714086651802063,
		0.33982640504837036,
		-0.055200956761837006,
		0.9992085695266724
	],
	"28. right_ear": [
		0.4567905366420746,
		0.33081772923469543,
		0.0019053372088819742,
		0.9992852210998535
	],
	"time stamp": 29.969946478656652
}