{
	"1. left_hip": [
		0.47337037324905396,
		0.5500752329826355,
		-0.06248113512992859,
		0.9993961453437805
	],
	"2. left_knee": [
		0.4622167646884918,
		0.6836538910865784,
		-0.11871540546417236,
		0.9540632367134094
	],
	"3. left_ankle": [
		0.4837937355041504,
		0.8189932703971863,
		-0.09148502349853516,
		0.94768887758255
	],
	"6. right_hip": [
		0.44946470856666565,
		0.5596320033073425,
		0.06250621378421783,
		0.9993106722831726
	],
	"7. right_knee": [
		0.4479765295982361,
		0.6901305317878723,
		0.02937641181051731,
		0.8727107644081116
	],
	"8. right_ankle": [
		0.4691845774650574,
		0.8113054633140564,
		0.07292286306619644,
		0.9313839673995972
	],
	"14. left_shoulder": [
		0.4843897223472595,
		0.38201430439949036,
		-0.061327893286943436,
		0.998145580291748
	],
	"15. left_elbow": [
		0.5041380524635315,
		0.3181008994579315,
		-0.1254882514476776,
		0.9562646150588989
	],
	"16. left_wrist": [
		0.5262253880500793,
		0.23745140433311462,
		-0.18785230815410614,
		0.9468023777008057
	],
	"19. right_shoulder": [
		0.442322313785553,
		0.3840465545654297,
		0.08020568639039993,
		0.9975452423095703
	],
	"20. right_elbow": [
		0.42957741022109985,
		0.31225791573524475,
		0.15693524479866028,
		0.8569530844688416
	],
	"21. right_wrist": [
		0.4250529408454895,
		0.24544794857501984,
		0.1691473424434662,
		0.9429376125335693
	],
	"24. nose": [
		0.45692601799964905,
		0.34457993507385254,
		-0.12995466589927673,
		0.9997533559799194
	],
	"25. left_eye": [
		0.46448802947998047,
		0.3340698778629303,
		-0.11799909174442291,
		0.9995691776275635
	],
	"26. right_eye": [
		0.45573586225509644,
		0.3325977623462677,
		-0.10832887887954712,
		0.9995123744010925
	],
	"27. left_ear": [
		0.472600519657135,
		0.33978474140167236,
		-0.0521358847618103,
		0.9994076490402222
	],
	"28. right_ear": [
		0.45516809821128845,
		0.3339563310146332,
		-0.0068642995320260525,
		0.9994587302207947
	],
	"time stamp": 29.969946478656652
}