{
	"1. left_hip": [
		0.47531479597091675,
		0.5609040856361389,
		-0.03466940298676491,
		0.9995037317276001
	],
	"2. left_knee": [
		0.46344298124313354,
		0.6669065356254578,
		-0.22591562569141388,
		0.9590166211128235
	],
	"3. left_ankle": [
		0.4552241861820221,
		0.7895660996437073,
		-0.22215096652507782,
		0.9512203931808472
	],
	"6. right_hip": [
		0.4456791877746582,
		0.5623258352279663,
		0.034723732620477676,
		0.9993835687637329
	],
	"7. right_knee": [
		0.4443882405757904,
		0.6825383305549622,
		-0.012527110986411572,
		0.8597803711891174
	],
	"8. right_ankle": [
		0.4646950662136078,
		0.7927060723304749,
		0.04904833436012268,
		0.9116569757461548
	],
	"14. left_shoulder": [
		0.491793692111969,
		0.3909365236759186,
		-0.04076597839593887,
		0.9983545541763306
	],
	"15. left_elbow": [
		0.49647077918052673,
		0.3166772127151489,
		-0.09978805482387543,
		0.9660049676895142
	],
	"16. left_wrist": [
		0.48383021354675293,
		0.23534339666366577,
		-0.1103365421295166,
		0.9532046914100647
	],
	"19. right_shoulder": [
		0.44144806265830994,
		0.396103173494339,
		0.03934340924024582,
		0.9977904558181763
	],
	"20. right_elbow": [
		0.4209449887275696,
		0.3419301509857178,
		-0.04691994935274124,
		0.8868145942687988
	],
	"21. right_wrist": [
		0.4105255603790283,
		0.2646979093551636,
		-0.18740713596343994,
		0.9486202001571655
	],
	"24. nose": [
		0.45877203345298767,
		0.3580629527568817,
		-0.1255938708782196,
		0.9997953176498413
	],
	"25. left_eye": [
		0.46650218963623047,
		0.3453461825847626,
		-0.10962346941232681,
		0.9996500015258789
	],
	"26. right_eye": [
		0.45675158500671387,
		0.3452819287776947,
		-0.10330277681350708,
		0.999606728553772
	],
	"27. left_ear": [
		0.47451114654541016,
		0.3481045067310333,
		-0.034408602863550186,
		0.9995483756065369
	],
	"28. right_ear": [
		0.4560163915157318,
		0.3467230796813965,
		-0.005502497311681509,
		0.9995535016059875
	],
	"time stamp": 29.969946478656652
}