{
	"1. left_hip": [
		0.4750978350639343,
		0.5696498155593872,
		-0.03285909816622734,
		0.9993257522583008
	],
	"2. left_knee": [
		0.46037665009498596,
		0.6789363622665405,
		0.008546515367925167,
		0.958971381187439
	],
	"3. left_ankle": [
		0.44850093126296997,
		0.7688522934913635,
		0.1532423049211502,
		0.9459047913551331
	],
	"6. right_hip": [
		0.44435495138168335,
		0.5656689405441284,
		0.03282766416668892,
		0.9994180202484131
	],
	"7. right_knee": [
		0.44468674063682556,
		0.6828687191009521,
		-0.01384701393544674,
		0.8799357414245605
	],
	"8. right_ankle": [
		0.46478158235549927,
		0.8004233241081238,
		0.0802297368645668,
		0.9235449433326721
	],
	"14. left_shoulder": [
		0.49442434310913086,
		0.39458131790161133,
		-0.10179813206195831,
		0.9965642690658569
	],
	"15. left_elbow": [
		0.49196991324424744,
		0.3176018297672272,
		-0.16406236588954926,
		0.9684648513793945
	],
	"16. left_wrist": [
		0.4786393642425537,
		0.24040748178958893,
		-0.1801784783601761,
		0.9506250619888306
	],
	"19. right_shoulder": [
		0.4442739486694336,
		0.4020075798034668,
		-0.021196236833930016,
		0.9975550174713135
	],
	"20. right_elbow": [
		0.42111214995384216,
		0.3505293130874634,
		-0.0914672240614891,
		0.8952126502990723
	],
	"21. right_wrist": [
		0.4094369411468506,
		0.2740158438682556,
		-0.22725632786750793,
		0.9477219581604004
	],
	"24. nose": [
		0.45945411920547485,
		0.3638823926448822,
		-0.1808440387248993,
		0.9996565580368042
	],
	"25. left_eye": [
		0.4667797088623047,
		0.35001635551452637,
		-0.169683575630188,
		0.999424934387207
	],
	"26. right_eye": [
		0.4569011330604553,
		0.35155731439590454,
		-0.1627943366765976,
		0.9994415640830994
	],
	"27. left_ear": [
		0.47476139664649963,
		0.3507896065711975,
		-0.10337992757558823,
		0.9993860125541687
	],
	"28. right_ear": [
		0.45613518357276917,
		0.35329771041870117,
		-0.07040070742368698,
		0.9992844462394714
	],
	"time stamp": 29.969946478656652
}