{
	"1. left_hip": [
		0.47503238916397095,
		0.568386435508728,
		-0.029252761974930763,
		0.9992542862892151
	],
	"2. left_knee": [
		0.4605783522129059,
		0.6749460697174072,
		-0.05522590130567551,
		0.9589472413063049
	],
	"3. left_ankle": [
		0.44824355840682983,
		0.7656614780426025,
		0.05138855427503586,
		0.9439197182655334
	],
	"6. right_hip": [
		0.44447651505470276,
		0.5655626058578491,
		0.02923431061208248,
		0.9994074702262878
	],
	"7. right_knee": [
		0.44470730423927307,
		0.6818779706954956,
		-0.009905381128191948,
		0.8852383494377136
	],
	"8. right_ankle": [
		0.46482133865356445,
		0.8030325770378113,
		0.08659113943576813,
		0.9273191094398499
	],
	"14. left_shoulder": [
		0.4942255914211273,
		0.3957202434539795,
		-0.09523139894008636,
		0.9960469007492065
	],
	"15. left_elbow": [
		0.49212732911109924,
		0.3179625868797302,
		-0.1401081383228302,
		0.9698347449302673
	],
	"16. left_wrist": [
		0.4797515273094177,
		0.23717685043811798,
		-0.1512409746646881,
		0.951053261756897
	],
	"19. right_shoulder": [
		0.4443613588809967,
		0.4031027555465698,
		-0.017459137365221977,
		0.9974318742752075
	],
	"20. right_elbow": [
		0.42066317796707153,
		0.3496157228946686,
		-0.10854558646678925,
		0.9021697044372559
	],
	"21. right_wrist": [
		0.4099201261997223,
		0.27359628677368164,
		-0.24934670329093933,
		0.9485612511634827
	],
	"24. nose": [
		0.4595484137535095,
		0.3617899715900421,
		-0.16848590970039368,
		0.9996359944343567
	],
	"25. left_eye": [
		0.46679773926734924,
		0.34867390990257263,
		-0.1559147983789444,
		0.9993945360183716
	],
	"26. right_eye": [
		0.45694464445114136,
		0.35021764039993286,
		-0.14973248541355133,
		0.999424934387207
	],
	"27. left_ear": [
		0.4747118055820465,
		0.35032957792282104,
		-0.08756478130817413,
		0.9993784427642822
	],
	"28. right_ear": [
		0.45616474747657776,
		0.3530990183353424,
		-0.05828210711479187,
		0.9992512464523315
	],
	"time stamp": 29.969946478656652
}