{
	"1. left_hip": [
		0.4722611904144287,
		0.5544511079788208,
		-0.05653662607073784,
		0.9995175004005432
	],
	"2. left_knee": [
		0.46156343817710876,
		0.6744177937507629,
		-0.11979391425848007,
		0.9690858721733093
	],
	"3. left_ankle": [
		0.46462446451187134,
		0.8153274655342102,
		-0.10127439349889755,
		0.9620441794395447
	],
	"6. right_hip": [
		0.4438636898994446,
		0.5587105751037598,
		0.05668463557958603,
		0.999517023563385
	],
	"7. right_knee": [
		0.4446485936641693,
		0.683040201663971,
		0.04415860027074814,
		0.8750899434089661
	],
	"8. right_ankle": [
		0.46354398131370544,
		0.7929986715316772,
		0.11882568895816803,
		0.9230772852897644
	],
	"14. left_shoulder": [
		0.48484712839126587,
		0.3881542980670929,
		-0.06517820060253143,
		0.9974397420883179
	],
	"15. left_elbow": [
		0.49374547600746155,
		0.31241393089294434,
		-0.13454514741897583,
		0.9792327284812927
	],
	"16. left_wrist": [
		0.5172098278999329,
		0.2369648814201355,
		-0.19034764170646667,
		0.9607229232788086
	],
	"19. right_shoulder": [
		0.44125431776046753,
		0.38846608996391296,
		0.05363031476736069,
		0.9974631667137146
	],
	"20. right_elbow": [
		0.4338274598121643,
		0.30079302191734314,
		0.03059946931898594,
		0.9037715196609497
	],
	"21. right_wrist": [
		0.4367407262325287,
		0.22417770326137543,
		-0.0409286767244339,
		0.9524529576301575
	],
	"24. nose": [
		0.4553394913673401,
		0.3550954759120941,
		-0.1388275921344757,
		0.9996797442436218
	],
	"25. left_eye": [
		0.4631628096103668,
		0.3435099124908447,
		-0.12618772685527802,
		0.9995219707489014
	],
	"26. right_eye": [
		0.45412224531173706,
		0.3426615297794342,
		-0.11689142137765884,
		0.9994614720344543
	],
	"27. left_ear": [
		0.47187694907188416,
		0.3459603190422058,
		-0.05654704570770264,
		0.9995565414428711
	],
	"28. right_ear": [
		0.4544663429260254,
		0.3436376452445984,
		-0.007697387598454952,
		0.9993184804916382
	],
	"time stamp": 29.969946478656652
}