{
	"1. left_hip": [
		0.46979451179504395,
		0.5534142255783081,
		-0.06400273740291595,
		0.9995507597923279
	],
	"2. left_knee": [
		0.46154841780662537,
		0.6821088790893555,
		-0.11330987513065338,
		0.9703487157821655
	],
	"3. left_ankle": [
		0.472648948431015,
		0.8193727135658264,
		-0.10171879827976227,
		0.964728832244873
	],
	"6. right_hip": [
		0.4462279677391052,
		0.5585728287696838,
		0.06402244418859482,
		0.999522864818573
	],
	"7. right_knee": [
		0.446033775806427,
		0.6852320432662964,
		0.05300465226173401,
		0.8597921133041382
	],
	"8. right_ankle": [
		0.4641677737236023,
		0.8004812598228455,
		0.09340016543865204,
		0.9174351096153259
	],
	"14. left_shoulder": [
		0.48123234510421753,
		0.3881649374961853,
		-0.06029742956161499,
		0.997678279876709
	],
	"15. left_elbow": [
		0.4962462782859802,
		0.3125496208667755,
		-0.1355484426021576,
		0.9811772704124451
	],
	"16. left_wrist": [
		0.5198451280593872,
		0.24335233867168427,
		-0.21038691699504852,
		0.9638576507568359
	],
	"19. right_shoulder": [
		0.44181951880455017,
		0.38997429609298706,
		0.09735839068889618,
		0.9970425963401794
	],
	"20. right_elbow": [
		0.4411330819129944,
		0.30215463042259216,
		0.20254752039909363,
		0.8649286031723022
	],
	"21. right_wrist": [
		0.43980446457862854,
		0.228187695145607,
		0.24984493851661682,
		0.9415672421455383
	],
	"24. nose": [
		0.4543132185935974,
		0.350548654794693,
		-0.10903813689947128,
		0.9997054934501648
	],
	"25. left_eye": [
		0.4617616534233093,
		0.3393974006175995,
		-0.09728752076625824,
		0.9995647668838501
	],
	"26. right_eye": [
		0.4536586403846741,
		0.3383612334728241,
		-0.08552930504083633,
		0.9995061755180359
	],
	"27. left_ear": [
		0.47026562690734863,
		0.3438451886177063,
		-0.03946239873766899,
		0.9995955228805542
	],
	"28. right_ear": [
		0.4540180265903473,
		0.3412196934223175,
		0.015414324589073658,
		0.9993769526481628
	],
	"time stamp": 29.969946478656652
}