{
	"1. left_hip": [
		0.4689553678035736,
		0.5536392331123352,
		-0.06965125352144241,
		0.9995803833007812
	],
	"2. left_knee": [
		0.4609207212924957,
		0.6858740448951721,
		-0.11121310293674469,
		0.9708096385002136
	],
	"3. left_ankle": [
		0.47419029474258423,
		0.8230963945388794,
		-0.10052398592233658,
		0.966233491897583
	],
	"6. right_hip": [
		0.4506102502346039,
		0.5586347579956055,
		0.06962814182043076,
		0.9995375871658325
	],
	"7. right_knee": [
		0.45031166076660156,
		0.6875889897346497,
		0.05023513361811638,
		0.8368270397186279
	],
	"8. right_ankle": [
		0.4656805992126465,
		0.804352343082428,
		0.06934327632188797,
		0.9036610722541809
	],
	"14. left_shoulder": [
		0.4790283739566803,
		0.3899749219417572,
		-0.061369262635707855,
		0.9978998899459839
	],
	"15. left_elbow": [
		0.49724674224853516,
		0.3143118917942047,
		-0.15432515740394592,
		0.9830111265182495
	],
	"16. left_wrist": [
		0.5191091299057007,
		0.2451791763305664,
		-0.23660767078399658,
		0.9671193957328796
	],
	"19. right_shoulder": [
		0.4426746964454651,
		0.39291274547576904,
		0.12010245025157928,
		0.9970890283584595
	],
	"20. right_elbow": [
		0.44130316376686096,
		0.3081318438053131,
		0.2454666644334793,
		0.849416196346283
	],
	"21. right_wrist": [
		0.4390110373497009,
		0.2287261188030243,
		0.3074478805065155,
		0.9408873319625854
	],
	"24. nose": [
		0.4530169367790222,
		0.3505933880805969,
		-0.08488084375858307,
		0.9997305274009705
	],
	"25. left_eye": [
		0.46005553007125854,
		0.3396141827106476,
		-0.07564857602119446,
		0.999605119228363
	],
	"26. right_eye": [
		0.45267120003700256,
		0.33846035599708557,
		-0.06159091740846634,
		0.999549925327301
	],
	"27. left_ear": [
		0.46843162178993225,
		0.3445289731025696,
		-0.02920575439929962,
		0.9996328949928284
	],
	"28. right_ear": [
		0.45294132828712463,
		0.3412744402885437,
		0.03490306809544563,
		0.9994348883628845
	],
	"time stamp": 29.969946478656652
}