{
	"1. left_hip": [
		0.46918797492980957,
		0.5552247762680054,
		-0.06886723637580872,
		0.9996242523193359
	],
	"2. left_knee": [
		0.4588485360145569,
		0.690608024597168,
		-0.1056642085313797,
		0.9709604382514954
	],
	"3. left_ankle": [
		0.4735274910926819,
		0.8250746726989746,
		-0.08546096831560135,
		0.9671744108200073
	],
	"6. right_hip": [
		0.45479902625083923,
		0.5603285431861877,
		0.06888099014759064,
		0.9995517134666443
	],
	"7. right_knee": [
		0.45423293113708496,
		0.692104697227478,
		0.05109066516160965,
		0.8036501407623291
	],
	"8. right_ankle": [
		0.4689117968082428,
		0.8156013488769531,
		0.07138691842556,
		0.8787730932235718
	],
	"14. left_shoulder": [
		0.47871121764183044,
		0.39126479625701904,
		-0.061538346111774445,
		0.9982730746269226
	],
	"15. left_elbow": [
		0.49693456292152405,
		0.31607961654663086,
		-0.15154874324798584,
		0.9860826730728149
	],
	"16. left_wrist": [
		0.5150789618492126,
		0.2452964335680008,
		-0.22463467717170715,
		0.972344696521759
	],
	"19. right_shoulder": [
		0.4432663321495056,
		0.39483264088630676,
		0.10596730560064316,
		0.9973553419113159
	],
	"20. right_elbow": [
		0.43856602907180786,
		0.3105451166629791,
		0.1859363615512848,
		0.8511146903038025
	],
	"21. right_wrist": [
		0.4335380494594574,
		0.23708656430244446,
		0.19146797060966492,
		0.943598747253418
	],
	"24. nose": [
		0.4518811106681824,
		0.3557790517807007,
		-0.09132226556539536,
		0.9997702836990356
	],
	"25. left_eye": [
		0.45822811126708984,
		0.3453855514526367,
		-0.08315756171941757,
		0.9996696710586548
	],
	"26. right_eye": [
		0.45114263892173767,
		0.34430429339408875,
		-0.07015620917081833,
		0.9996161460876465
	],
	"27. left_ear": [
		0.46661216020584106,
		0.34943684935569763,
		-0.03527597710490227,
		0.999693751335144
	],
	"28. right_ear": [
		0.4510570168495178,
		0.3455672860145569,
		0.02450563944876194,
		0.9995261430740356
	],
	"time stamp": 29.969946478656652
}