{
	"1. left_hip": [
		0.48225608468055725,
		0.5691438317298889,
		-0.03938629850745201,
		0.9991890788078308
	],
	"2. left_knee": [
		0.46680790185928345,
		0.6697026491165161,
		-0.12037710100412369,
		0.9694955945014954
	],
	"3. left_ankle": [
		0.4548843502998352,
		0.8030946254730225,
		-0.07975264638662338,
		0.9720267653465271
	],
	"6. right_hip": [
		0.4527534544467926,
		0.573117733001709,
		0.03947983309626579,
		0.9993330240249634
	],
	"7. right_knee": [
		0.44981804490089417,
		0.6880251169204712,
		-0.02726691961288452,
		0.795882523059845
	],
	"8. right_ankle": [
		0.4683162569999695,
		0.8069785237312317,
		0.04184747487306595,
		0.9049859642982483
	],
	"14. left_shoulder": [
		0.4763658940792084,
		0.4149138033390045,
		-0.12009872496128082,
		0.9987401962280273
	],
	"15. left_elbow": [
		0.47916245460510254,
		0.5067396759986877,
		-0.10851447284221649,
		0.9619885087013245
	],
	"16. left_wrist": [
		0.4950696527957916,
		0.5743982791900635,
		-0.1668419986963272,
		0.8888670206069946
	],
	"19. right_shoulder": [
		0.43007224798202515,
		0.4237510561943054,
		-0.03532927855849266,
		0.9985321760177612
	],
	"20. right_elbow": [
		0.4167572855949402,
		0.4942561686038971,
		0.00843095127493143,
		0.8814337253570557
	],
	"21. right_wrist": [
		0.40345969796180725,
		0.5582858324050903,
		-0.05469157546758652,
		0.93419349193573
	],
	"24. nose": [
		0.45978260040283203,
		0.3592820465564728,
		-0.22806032001972198,
		0.9991064667701721
	],
	"25. left_eye": [
		0.4657967984676361,
		0.35019928216934204,
		-0.21713905036449432,
		0.9980403184890747
	],
	"26. right_eye": [
		0.4556869864463806,
		0.3462408781051636,
		-0.2154732495546341,
		0.9975138902664185
	],
	"27. left_ear": [
		0.46958693861961365,
		0.35669440031051636,
		-0.14256320893764496,
		0.9978460073471069
	],
	"28. right_ear": [
		0.44942227005958557,
		0.34702128171920776,
		-0.1374203860759735,
		0.9947702288627625
	],
	"time stamp": 29.969946478656652
}