{
	"1. left_hip": [
		0.4817802906036377,
		0.5687470436096191,
		-0.038178980350494385,
		0.9991450309753418
	],
	"2. left_knee": [
		0.4677942395210266,
		0.6762599349021912,
		-0.08450227230787277,
		0.9683892130851746
	],
	"3. left_ankle": [
		0.4628041386604309,
		0.8121209144592285,
		-0.044826965779066086,
		0.9722551703453064
	],
	"6. right_hip": [
		0.453301340341568,
		0.5730400681495667,
		0.03824976086616516,
		0.9992578029632568
	],
	"7. right_knee": [
		0.44979292154312134,
		0.6886445879936218,
		-0.03474154695868492,
		0.780044436454773
	],
	"8. right_ankle": [
		0.4680606424808502,
		0.8033804893493652,
		0.03864516317844391,
		0.8980705738067627
	],
	"14. left_shoulder": [
		0.4759043753147125,
		0.41531944274902344,
		-0.10487381368875504,
		0.9988569617271423
	],
	"15. left_elbow": [
		0.4804622232913971,
		0.5033054947853088,
		-0.07830251008272171,
		0.9590022563934326
	],
	"16. left_wrist": [
		0.4980614185333252,
		0.5713863372802734,
		-0.14272058010101318,
		0.8742471933364868
	],
	"19. right_shoulder": [
		0.4278416037559509,
		0.41984665393829346,
		-0.043138664215803146,
		0.9986632466316223
	],
	"20. right_elbow": [
		0.4178463816642761,
		0.4895413815975189,
		-0.008112015202641487,
		0.8743192553520203
	],
	"21. right_wrist": [
		0.4079135060310364,
		0.5494488477706909,
		-0.07814475148916245,
		0.9245998859405518
	],
	"24. nose": [
		0.4615422785282135,
		0.3590841591358185,
		-0.22056105732917786,
		0.9991878271102905
	],
	"25. left_eye": [
		0.46697530150413513,
		0.3500825762748718,
		-0.2077052891254425,
		0.9982143640518188
	],
	"26. right_eye": [
		0.45721501111984253,
		0.34557849168777466,
		-0.20974740386009216,
		0.9977439045906067
	],
	"27. left_ear": [
		0.46934303641319275,
		0.35649436712265015,
		-0.12657615542411804,
		0.9980273842811584
	],
	"28. right_ear": [
		0.44960275292396545,
		0.34566831588745117,
		-0.13717098534107208,
		0.995270311832428
	],
	"time stamp": 29.969946478656652
}