{
	"1. left_hip": [
		0.49459943175315857,
		0.5629891753196716,
		-0.01974773034453392,
		0.9990971684455872
	],
	"2. left_knee": [
		0.48904576897621155,
		0.6967085003852844,
		-0.04362580552697182,
		0.9666467905044556
	],
	"3. left_ankle": [
		0.49028223752975464,
		0.8197146058082581,
		0.024399075657129288,
		0.9741407632827759
	],
	"6. right_hip": [
		0.4618745744228363,
		0.5646890997886658,
		0.019935904070734978,
		0.9989421963691711
	],
	"7. right_knee": [
		0.4525332450866699,
		0.7039135694503784,
		-0.008825885131955147,
		0.7738308310508728
	],
	"8. right_ankle": [
		0.4737083315849304,
		0.8122159242630005,
		0.07856092602014542,
		0.8493295311927795
	],
	"14. left_shoulder": [
		0.5094934701919556,
		0.4009867012500763,
		0.019606130197644234,
		0.9996821284294128
	],
	"15. left_elbow": [
		0.5372604727745056,
		0.4470336437225342,
		-0.012440750375390053,
		0.9508832097053528
	],
	"16. left_wrist": [
		0.5435983538627625,
		0.4725736379623413,
		-0.20946773886680603,
		0.856224000453949
	],
	"19. right_shoulder": [
		0.4563683867454529,
		0.3952098786830902,
		0.01080281287431717,
		0.9994536638259888
	],
	"20. right_elbow": [
		0.4594547152519226,
		0.4690018594264984,
		-0.04116029292345047,
		0.8550779223442078
	],
	"21. right_wrist": [
		0.4751110076904297,
		0.5117427706718445,
		-0.13031524419784546,
		0.8615620136260986
	],
	"24. nose": [
		0.49173039197921753,
		0.3368208706378937,
		-0.10704513639211655,
		0.99978107213974
	],
	"25. left_eye": [
		0.4939044117927551,
		0.3263859152793884,
		-0.09112156927585602,
		0.9995179176330566
	],
	"26. right_eye": [
		0.48480430245399475,
		0.3256949484348297,
		-0.09543552994728088,
		0.9994925260543823
	],
	"27. left_ear": [
		0.4936755299568176,
		0.33169451355934143,
		-0.005217952653765678,
		0.9994295239448547
	],
	"28. right_ear": [
		0.4755980372428894,
		0.33280444145202637,
		-0.022351935505867004,
		0.9990901350975037
	],
	"time stamp": 29.969946478656652
}