{
	"1. left_hip": [
		0.49558568000793457,
		0.5604240894317627,
		-0.01849294826388359,
		0.9990239143371582
	],
	"2. left_knee": [
		0.4906250536441803,
		0.6960542798042297,
		-0.03723588585853577,
		0.9690369963645935
	],
	"3. left_ankle": [
		0.49160057306289673,
		0.8179130554199219,
		0.03350905328989029,
		0.9756234884262085
	],
	"6. right_hip": [
		0.46223464608192444,
		0.5618779063224792,
		0.018686745315790176,
		0.9988483786582947
	],
	"7. right_knee": [
		0.4542640745639801,
		0.7028412222862244,
		-0.008532111532986164,
		0.7948189973831177
	],
	"8. right_ankle": [
		0.47441935539245605,
		0.8122090101242065,
		0.0760897696018219,
		0.8627555966377258
	],
	"14. left_shoulder": [
		0.5111247301101685,
		0.3982827067375183,
		0.015068167820572853,
		0.9996970891952515
	],
	"15. left_elbow": [
		0.5382646918296814,
		0.4489820599555969,
		-0.012988063506782055,
		0.9477019906044006
	],
	"16. left_wrist": [
		0.5412988066673279,
		0.4699364900588989,
		-0.21656961739063263,
		0.840897798538208
	],
	"19. right_shoulder": [
		0.45756596326828003,
		0.3929118812084198,
		0.0037011918611824512,
		0.9994186758995056
	],
	"20. right_elbow": [
		0.4583839476108551,
		0.4671359658241272,
		-0.03654061257839203,
		0.8504459261894226
	],
	"21. right_wrist": [
		0.4730968475341797,
		0.5137993693351746,
		-0.12861575186252594,
		0.8476489782333374
	],
	"24. nose": [
		0.49236759543418884,
		0.33596086502075195,
		-0.12131507694721222,
		0.9997745156288147
	],
	"25. left_eye": [
		0.4948129653930664,
		0.32536664605140686,
		-0.10591349750757217,
		0.9995207786560059
	],
	"26. right_eye": [
		0.4852825105190277,
		0.32549574971199036,
		-0.11054810136556625,
		0.9994935393333435
	],
	"27. left_ear": [
		0.4951033592224121,
		0.33047357201576233,
		-0.018491152673959732,
		0.9994566440582275
	],
	"28. right_ear": [
		0.4754512310028076,
		0.33225223422050476,
		-0.03705912083387375,
		0.9991428256034851
	],
	"time stamp": 29.969946478656652
}