{
	"1. left_hip": [
		0.5012513399124146,
		0.5540255308151245,
		0.03956060856580734,
		0.9991258978843689
	],
	"2. left_knee": [
		0.50859534740448,
		0.6894351243972778,
		0.025557253509759903,
		0.9713754057884216
	],
	"3. left_ankle": [
		0.5234462022781372,
		0.814192533493042,
		0.07384055852890015,
		0.9778472781181335
	],
	"6. right_hip": [
		0.47069019079208374,
		0.5536868572235107,
		-0.03959919512271881,
		0.9989774823188782
	],
	"7. right_knee": [
		0.4634505808353424,
		0.694668173789978,
		-0.039527080953121185,
		0.8326358795166016
	],
	"8. right_ankle": [
		0.4623553156852722,
		0.8133223652839661,
		0.02484380081295967,
		0.8875701427459717
	],
	"14. left_shoulder": [
		0.5134052038192749,
		0.3830786347389221,
		0.06144331023097038,
		0.9997393488883972
	],
	"15. left_elbow": [
		0.5378420948982239,
		0.43804308772087097,
		0.013986146077513695,
		0.938495934009552
	],
	"16. left_wrist": [
		0.5370393395423889,
		0.41950950026512146,
		-0.14795680344104767,
		0.8594946265220642
	],
	"19. right_shoulder": [
		0.47036829590797424,
		0.3863758146762848,
		-0.06412044167518616,
		0.9994969964027405
	],
	"20. right_elbow": [
		0.4655302166938782,
		0.4680881202220917,
		-0.07493247091770172,
		0.8585090637207031
	],
	"21. right_wrist": [
		0.46666043996810913,
		0.5344357490539551,
		-0.10967282950878143,
		0.8351604342460632
	],
	"24. nose": [
		0.49783772230148315,
		0.3253048062324524,
		-0.14357545971870422,
		0.9998135566711426
	],
	"25. left_eye": [
		0.5007854104042053,
		0.31361648440361023,
		-0.12770621478557587,
		0.999603807926178
	],
	"26. right_eye": [
		0.490175724029541,
		0.31460773944854736,
		-0.1351059377193451,
		0.999579668045044
	],
	"27. left_ear": [
		0.501538872718811,
		0.31829777359962463,
		-0.03131928667426109,
		0.9995493292808533
	],
	"28. right_ear": [
		0.4798542857170105,
		0.3225643038749695,
		-0.07295918464660645,
		0.9992979168891907
	],
	"time stamp": 29.969946478656652
}