{
	"1. left_hip": [
		0.5020850896835327,
		0.5530515313148499,
		0.05145276337862015,
		0.99919193983078
	],
	"2. left_knee": [
		0.5230172276496887,
		0.6840257048606873,
		0.005169310141354799,
		0.9713414311408997
	],
	"3. left_ankle": [
		0.5375537276268005,
		0.8114372491836548,
		0.06992907077074051,
		0.9783260822296143
	],
	"6. right_hip": [
		0.4755328595638275,
		0.5537528991699219,
		-0.05149363726377487,
		0.9990274906158447
	],
	"7. right_knee": [
		0.4651344418525696,
		0.6908808946609497,
		-0.0419323667883873,
		0.8465434908866882
	],
	"8. right_ankle": [
		0.4502589702606201,
		0.8102607131004333,
		0.033003684133291245,
		0.8971740007400513
	],
	"14. left_shoulder": [
		0.5107012987136841,
		0.3784947991371155,
		0.05125627666711807,
		0.9997547268867493
	],
	"15. left_elbow": [
		0.532835841178894,
		0.4370057284832001,
		0.16016480326652527,
		0.9002813100814819
	],
	"16. left_wrist": [
		0.5358321666717529,
		0.40804293751716614,
		0.19724391400814056,
		0.862176775932312
	],
	"19. right_shoulder": [
		0.4790312349796295,
		0.38696029782295227,
		-0.12408153712749481,
		0.9995348453521729
	],
	"20. right_elbow": [
		0.47071465849876404,
		0.4687274396419525,
		-0.13197104632854462,
		0.8692826628684998
	],
	"21. right_wrist": [
		0.4743061661720276,
		0.5346680283546448,
		-0.1539795696735382,
		0.845537006855011
	],
	"24. nose": [
		0.5019611120223999,
		0.3211793005466461,
		-0.21269813179969788,
		0.9998321533203125
	],
	"25. left_eye": [
		0.5045174956321716,
		0.3094853460788727,
		-0.19131416082382202,
		0.9996433854103088
	],
	"26. right_eye": [
		0.4932917654514313,
		0.31122004985809326,
		-0.20425596833229065,
		0.9996216893196106
	],
	"27. left_ear": [
		0.5055001974105835,
		0.3143540024757385,
		-0.0727880671620369,
		0.9995942115783691
	],
	"28. right_ear": [
		0.48248323798179626,
		0.32099881768226624,
		-0.1328200399875641,
		0.9993681311607361
	],
	"time stamp": 29.969946478656652
}