{
	"1. left_hip": [
		0.534028172492981,
		0.5647256374359131,
		0.07320071756839752,
		0.9994677305221558
	],
	"2. left_knee": [
		0.5461435317993164,
		0.6951369047164917,
		0.044715650379657745,
		0.9362393021583557
	],
	"3. left_ankle": [
		0.5422872304916382,
		0.8047089576721191,
		0.1065569743514061,
		0.9784524440765381
	],
	"6. right_hip": [
		0.5221081972122192,
		0.5628937482833862,
		-0.07325409352779388,
		0.9992316961288452
	],
	"7. right_knee": [
		0.5389527082443237,
		0.6941021084785461,
		-0.09221033751964569,
		0.9299737215042114
	],
	"8. right_ankle": [
		0.4948229193687439,
		0.7823731899261475,
		0.0035832691937685013,
		0.9525073766708374
	],
	"14. left_shoulder": [
		0.5193372964859009,
		0.38810959458351135,
		0.09016213566064835,
		0.9998624324798584
	],
	"15. left_elbow": [
		0.5437199473381042,
		0.46238595247268677,
		0.07534914463758469,
		0.6298032999038696
	],
	"16. left_wrist": [
		0.5482629537582397,
		0.42833778262138367,
		-0.04841167479753494,
		0.8703227639198303
	],
	"19. right_shoulder": [
		0.5037387013435364,
		0.3966057300567627,
		-0.11829328536987305,
		0.9997826814651489
	],
	"20. right_elbow": [
		0.4894941449165344,
		0.48542022705078125,
		-0.1725824773311615,
		0.9328908920288086
	],
	"21. right_wrist": [
		0.5260235071182251,
		0.5021852850914001,
		-0.2236940860748291,
		0.9039566516876221
	],
	"24. nose": [
		0.5242908000946045,
		0.3328932523727417,
		-0.14071716368198395,
		0.9999271035194397
	],
	"25. left_eye": [
		0.5222970247268677,
		0.3208158016204834,
		-0.12501636147499084,
		0.9998448491096497
	],
	"26. right_eye": [
		0.5163918733596802,
		0.3230862617492676,
		-0.14185097813606262,
		0.9998362064361572
	],
	"27. left_ear": [
		0.5183703899383545,
		0.3256082832813263,
		-0.02603829838335514,
		0.9998173713684082
	],
	"28. right_ear": [
		0.5068894624710083,
		0.3333771526813507,
		-0.10805477201938629,
		0.9997274279594421
	],
	"time stamp": 29.969946478656652
}