{
	"1. left_hip": [
		0.5394214391708374,
		0.567863404750824,
		0.07904182374477386,
		0.9996314644813538
	],
	"2. left_knee": [
		0.5508831739425659,
		0.6921914219856262,
		0.09899832308292389,
		0.8465337157249451
	],
	"3. left_ankle": [
		0.5502691864967346,
		0.8145004510879517,
		0.17461040616035461,
		0.9506378769874573
	],
	"6. right_hip": [
		0.5382512807846069,
		0.5715336203575134,
		-0.07914406061172485,
		0.9993664622306824
	],
	"7. right_knee": [
		0.547257125377655,
		0.6925878524780273,
		-0.0936504676938057,
		0.9700626134872437
	],
	"8. right_ankle": [
		0.5116202235221863,
		0.7935923337936401,
		-0.016734246164560318,
		0.9753814935684204
	],
	"14. left_shoulder": [
		0.5188854932785034,
		0.39702746272087097,
		0.09297636896371841,
		0.9998999834060669
	],
	"15. left_elbow": [
		0.5382674932479858,
		0.47017547488212585,
		0.0720536857843399,
		0.5471038818359375
	],
	"16. left_wrist": [
		0.5548425316810608,
		0.4438539147377014,
		-0.08075722306966782,
		0.8371084332466125
	],
	"19. right_shoulder": [
		0.5227702260017395,
		0.4035816490650177,
		-0.12180709838867188,
		0.9999035000801086
	],
	"20. right_elbow": [
		0.5026711225509644,
		0.48357853293418884,
		-0.1036570817232132,
		0.9662773609161377
	],
	"21. right_wrist": [
		0.5361353158950806,
		0.499590128660202,
		-0.05154494568705559,
		0.938713788986206
	],
	"24. nose": [
		0.5370253920555115,
		0.33390334248542786,
		-0.15289254486560822,
		0.9999702572822571
	],
	"25. left_eye": [
		0.5345770716667175,
		0.3217540979385376,
		-0.1325400024652481,
		0.9999351501464844
	],
	"26. right_eye": [
		0.5293648838996887,
		0.32406869530677795,
		-0.15107430517673492,
		0.9999346137046814
	],
	"27. left_ear": [
		0.5287508964538574,
		0.32752636075019836,
		-0.02542075142264366,
		0.9999123215675354
	],
	"28. right_ear": [
		0.51871258020401,
		0.3339020013809204,
		-0.10928865522146225,
		0.9998933672904968
	],
	"time stamp": 29.969946478656652
}