{
	"1. left_hip": [
		0.5390219688415527,
		0.5675092339515686,
		0.0787646546959877,
		0.9996374249458313
	],
	"2. left_knee": [
		0.5497124791145325,
		0.6921162009239197,
		0.08679717779159546,
		0.8458855748176575
	],
	"3. left_ankle": [
		0.549471378326416,
		0.8144887089729309,
		0.16294869780540466,
		0.952157199382782
	],
	"6. right_hip": [
		0.537002682685852,
		0.5714724659919739,
		-0.07886849343776703,
		0.9993597269058228
	],
	"7. right_knee": [
		0.5466668009757996,
		0.6925825476646423,
		-0.09110624343156815,
		0.9727520942687988
	],
	"8. right_ankle": [
		0.5119229555130005,
		0.7941837906837463,
		-0.0026456883642822504,
		0.9773474335670471
	],
	"14. left_shoulder": [
		0.5210298299789429,
		0.3965569734573364,
		0.09025111049413681,
		0.9999063014984131
	],
	"15. left_elbow": [
		0.5420795679092407,
		0.471800833940506,
		0.06336908042430878,
		0.5259522795677185
	],
	"16. left_wrist": [
		0.5555396676063538,
		0.44357672333717346,
		-0.10161177068948746,
		0.8399890661239624
	],
	"19. right_shoulder": [
		0.5206030607223511,
		0.4021913409233093,
		-0.12311863899230957,
		0.9999117851257324
	],
	"20. right_elbow": [
		0.5028060674667358,
		0.48351219296455383,
		-0.11771541833877563,
		0.9683164358139038
	],
	"21. right_wrist": [
		0.5348964929580688,
		0.49863025546073914,
		-0.11358612775802612,
		0.9400854110717773
	],
	"24. nose": [
		0.5366140604019165,
		0.3334607183933258,
		-0.16326941549777985,
		0.9999732375144958
	],
	"25. left_eye": [
		0.5343977212905884,
		0.32117971777915955,
		-0.1420065462589264,
		0.9999415874481201
	],
	"26. right_eye": [
		0.528577983379364,
		0.32400333881378174,
		-0.15988942980766296,
		0.9999411106109619
	],
	"27. left_ear": [
		0.5287066698074341,
		0.32698363065719604,
		-0.030775168910622597,
		0.9999207258224487
	],
	"28. right_ear": [
		0.5179309248924255,
		0.3340071439743042,
		-0.11183258146047592,
		0.9999040365219116
	],
	"time stamp": 29.969946478656652
}