{
	"1. left_hip": [
		0.5379074811935425,
		0.5651625990867615,
		0.07715461403131485,
		0.9995863437652588
	],
	"2. left_knee": [
		0.548346221446991,
		0.6916837096214294,
		0.06635512411594391,
		0.8315709233283997
	],
	"3. left_ankle": [
		0.5478408932685852,
		0.8146119713783264,
		0.11882847547531128,
		0.9509098529815674
	],
	"6. right_hip": [
		0.5378590822219849,
		0.5687733292579651,
		-0.07721731066703796,
		0.9991744160652161
	],
	"7. right_knee": [
		0.5493608713150024,
		0.6916633248329163,
		-0.08571939170360565,
		0.9786591529846191
	],
	"8. right_ankle": [
		0.5149818658828735,
		0.7950732111930847,
		-0.009451010264456272,
		0.9811744093894958
	],
	"14. left_shoulder": [
		0.5201135873794556,
		0.39313092827796936,
		0.09774558246135712,
		0.999912679195404
	],
	"15. left_elbow": [
		0.5403802394866943,
		0.4686169922351837,
		0.08128479868173599,
		0.4341414272785187
	],
	"16. left_wrist": [
		0.5554381608963013,
		0.4427960216999054,
		-0.05937671661376953,
		0.8023762702941895
	],
	"19. right_shoulder": [
		0.5223087668418884,
		0.3976520597934723,
		-0.11696585267782211,
		0.9999279379844666
	],
	"20. right_elbow": [
		0.5213633179664612,
		0.481953501701355,
		-0.10990078747272491,
		0.9701660871505737
	],
	"21. right_wrist": [
		0.5377131700515747,
		0.4944435656070709,
		-0.11597005277872086,
		0.9336521029472351
	],
	"24. nose": [
		0.5365577936172485,
		0.334048330783844,
		-0.14298218488693237,
		0.9999802112579346
	],
	"25. left_eye": [
		0.5342962145805359,
		0.321858286857605,
		-0.12399126589298248,
		0.9999567270278931
	],
	"26. right_eye": [
		0.5290918946266174,
		0.3246471583843231,
		-0.1424833983182907,
		0.9999566078186035
	],
	"27. left_ear": [
		0.5280797481536865,
		0.32773852348327637,
		-0.020800795406103134,
		0.9999384880065918
	],
	"28. right_ear": [
		0.518606960773468,
		0.33431893587112427,
		-0.1023244634270668,
		0.9999297857284546
	],
	"time stamp": 29.969946478656652
}