{
	"1. left_hip": [
		0.5466079711914062,
		0.5674143433570862,
		0.052287839353084564,
		0.9997121691703796
	],
	"2. left_knee": [
		0.559686005115509,
		0.6914646625518799,
		0.028475278988480568,
		0.8556452393531799
	],
	"3. left_ankle": [
		0.5522620677947998,
		0.815690279006958,
		0.09992354363203049,
		0.9537815451622009
	],
	"6. right_hip": [
		0.5160619020462036,
		0.566099226474762,
		-0.05241214111447334,
		0.9994199275970459
	],
	"7. right_knee": [
		0.528295636177063,
		0.693006694316864,
		-0.07918013632297516,
		0.9856736063957214
	],
	"8. right_ankle": [
		0.5031142234802246,
		0.7992222309112549,
		0.011566521599888802,
		0.9839617609977722
	],
	"14. left_shoulder": [
		0.5517465472221375,
		0.39962470531463623,
		0.05692530423402786,
		0.999940037727356
	],
	"15. left_elbow": [
		0.5889624357223511,
		0.44736534357070923,
		-0.006017704028636217,
		0.625209629535675
	],
	"16. left_wrist": [
		0.5580877065658569,
		0.45356518030166626,
		-0.18189360201358795,
		0.8671910762786865
	],
	"19. right_shoulder": [
		0.5014955401420593,
		0.4108866751194,
		-0.051028765738010406,
		0.9999584555625916
	],
	"20. right_elbow": [
		0.474476158618927,
		0.4739528298377991,
		-0.110346719622612,
		0.9838686585426331
	],
	"21. right_wrist": [
		0.5112747550010681,
		0.5058864951133728,
		-0.21114549040794373,
		0.9622924327850342
	],
	"24. nose": [
		0.5289061665534973,
		0.34231364727020264,
		-0.14886745810508728,
		0.9999893307685852
	],
	"25. left_eye": [
		0.5303522944450378,
		0.33108022809028625,
		-0.13053040206432343,
		0.9999767541885376
	],
	"26. right_eye": [
		0.5208990573883057,
		0.33445310592651367,
		-0.13763810694217682,
		0.9999778270721436
	],
	"27. left_ear": [
		0.5308311581611633,
		0.33790093660354614,
		-0.027596797794103622,
		0.9999618530273438
	],
	"28. right_ear": [
		0.5130352973937988,
		0.346040278673172,
		-0.06394188851118088,
		0.9999655485153198
	],
	"time stamp": 29.969946478656652
}