{
	"1. left_hip": [
		0.5427789092063904,
		0.5670928359031677,
		0.017390886321663857,
		0.999725878238678
	],
	"2. left_knee": [
		0.5587974786758423,
		0.6918251514434814,
		0.0040720440447330475,
		0.8768255114555359
	],
	"3. left_ankle": [
		0.5521690845489502,
		0.8149417638778687,
		0.09383268654346466,
		0.9589622616767883
	],
	"6. right_hip": [
		0.507990300655365,
		0.5674101710319519,
		-0.017413489520549774,
		0.9994791150093079
	],
	"7. right_knee": [
		0.49830198287963867,
		0.6963390111923218,
		-0.009442849084734917,
		0.9864590167999268
	],
	"8. right_ankle": [
		0.4789581894874573,
		0.8009061217308044,
		0.10477150976657867,
		0.9848753213882446
	],
	"14. left_shoulder": [
		0.5475534200668335,
		0.40016525983810425,
		-0.03478863090276718,
		0.9999447464942932
	],
	"15. left_elbow": [
		0.5803964138031006,
		0.44876760244369507,
		-0.08732002973556519,
		0.6955066323280334
	],
	"16. left_wrist": [
		0.5451081395149231,
		0.47389304637908936,
		-0.23217730224132538,
		0.8909567594528198
	],
	"19. right_shoulder": [
		0.4828912317752838,
		0.4064135253429413,
		-0.06536015123128891,
		0.9999564290046692
	],
	"20. right_elbow": [
		0.45687365531921387,
		0.469125360250473,
		-0.14095979928970337,
		0.9863351583480835
	],
	"21. right_wrist": [
		0.4885294437408447,
		0.45556241273880005,
		-0.28136056661605835,
		0.9674453735351562
	],
	"24. nose": [
		0.5224297046661377,
		0.34299325942993164,
		-0.1974128782749176,
		0.9999880194664001
	],
	"25. left_eye": [
		0.5245617628097534,
		0.3317102789878845,
		-0.18278107047080994,
		0.9999736547470093
	],
	"26. right_eye": [
		0.5149728059768677,
		0.33386629819869995,
		-0.1882544606924057,
		0.9999774098396301
	],
	"27. left_ear": [
		0.525822639465332,
		0.33773940801620483,
		-0.09136077016592026,
		0.9999521374702454
	],
	"28. right_ear": [
		0.5063122510910034,
		0.3407652676105499,
		-0.11851435899734497,
		0.9999672770500183
	],
	"time stamp": 29.969946478656652
}