{
	"1. left_hip": [
		0.5362724661827087,
		0.562012791633606,
		-0.00246743974275887,
		0.9997467398643494
	],
	"2. left_knee": [
		0.5543835163116455,
		0.6912269592285156,
		0.0006072625401429832,
		0.8992277979850769
	],
	"3. left_ankle": [
		0.5533848404884338,
		0.8110933303833008,
		0.0898151844739914,
		0.9655552506446838
	],
	"6. right_hip": [
		0.5022610425949097,
		0.5639778971672058,
		0.002454036846756935,
		0.999542236328125
	],
	"7. right_knee": [
		0.48298925161361694,
		0.6959021091461182,
		0.019255302846431732,
		0.9879071116447449
	],
	"8. right_ankle": [
		0.4660117030143738,
		0.8021456599235535,
		0.12596403062343597,
		0.9868882894515991
	],
	"14. left_shoulder": [
		0.5400457978248596,
		0.39666539430618286,
		-0.05372415855526924,
		0.9999489784240723
	],
	"15. left_elbow": [
		0.5723525285720825,
		0.4535582959651947,
		-0.0881839320063591,
		0.7528266906738281
	],
	"16. left_wrist": [
		0.5424436330795288,
		0.4909212291240692,
		-0.2158454954624176,
		0.910311222076416
	],
	"19. right_shoulder": [
		0.4752589762210846,
		0.39615538716316223,
		-0.055100273340940475,
		0.999949038028717
	],
	"20. right_elbow": [
		0.4587767720222473,
		0.4721207022666931,
		-0.11775092780590057,
		0.9868705868721008
	],
	"21. right_wrist": [
		0.47591787576675415,
		0.4378119707107544,
		-0.27426251769065857,
		0.9720939993858337
	],
	"24. nose": [
		0.5163131952285767,
		0.3346434235572815,
		-0.2049860656261444,
		0.999988853931427
	],
	"25. left_eye": [
		0.5191980004310608,
		0.324298232793808,
		-0.19145567715168,
		0.9999757409095764
	],
	"26. right_eye": [
		0.5098143815994263,
		0.3230242431163788,
		-0.19543036818504333,
		0.9999796748161316
	],
	"27. left_ear": [
		0.5204392671585083,
		0.3298492133617401,
		-0.10361801087856293,
		0.9999565482139587
	],
	"28. right_ear": [
		0.5005509257316589,
		0.32735776901245117,
		-0.12429860979318619,
		0.9999694228172302
	],
	"time stamp": 29.969946478656652
}