{
	"1. left_hip": [
		0.5010660886764526,
		0.5546649098396301,
		-0.04808926582336426,
		0.9996993541717529
	],
	"2. left_knee": [
		0.5213711857795715,
		0.6840975284576416,
		-0.0700482502579689,
		0.9396746754646301
	],
	"3. left_ankle": [
		0.5599640607833862,
		0.7962124943733215,
		0.01584344170987606,
		0.9786540269851685
	],
	"6. right_hip": [
		0.47680434584617615,
		0.5566666126251221,
		0.04803653806447983,
		0.9994539022445679
	],
	"7. right_knee": [
		0.45868080854415894,
		0.6888144016265869,
		0.04567867890000343,
		0.9863618612289429
	],
	"8. right_ankle": [
		0.45950326323509216,
		0.8117747902870178,
		0.12655779719352722,
		0.9897396564483643
	],
	"14. left_shoulder": [
		0.5034662485122681,
		0.39545539021492004,
		-0.10983622074127197,
		0.9999644160270691
	],
	"15. left_elbow": [
		0.5226179361343384,
		0.47411277890205383,
		-0.11003241688013077,
		0.8531973361968994
	],
	"16. left_wrist": [
		0.5143835544586182,
		0.5208447575569153,
		-0.13087332248687744,
		0.9450137615203857
	],
	"19. right_shoulder": [
		0.47636061906814575,
		0.3925308585166931,
		0.049942534416913986,
		0.9995394945144653
	],
	"20. right_elbow": [
		0.46557989716529846,
		0.4705139100551605,
		0.012488214299082756,
		0.7992391586303711
	],
	"21. right_wrist": [
		0.4554997384548187,
		0.41968584060668945,
		-0.16480442881584167,
		0.9328299164772034
	],
	"24. nose": [
		0.49176961183547974,
		0.32641133666038513,
		-0.18291720747947693,
		0.9999863505363464
	],
	"25. left_eye": [
		0.49881091713905334,
		0.32151225209236145,
		-0.1788877546787262,
		0.9999775886535645
	],
	"26. right_eye": [
		0.48974162340164185,
		0.3185000419616699,
		-0.1643376648426056,
		0.9999738931655884
	],
	"27. left_ear": [
		0.5038129091262817,
		0.33121827244758606,
		-0.11705531179904938,
		0.9999706149101257
	],
	"28. right_ear": [
		0.4862026572227478,
		0.325591117143631,
		-0.06978310644626617,
		0.9999290704727173
	],
	"time stamp": 29.969946478656652
}