{
	"1. left_hip": [
		0.4750808775424957,
		0.5623876452445984,
		-0.05584726482629776,
		0.9997676014900208
	],
	"2. left_knee": [
		0.4489932656288147,
		0.6809951066970825,
		-0.09952390193939209,
		0.9727663397789001
	],
	"3. left_ankle": [
		0.47201138734817505,
		0.8036772608757019,
		-0.04124040901660919,
		0.9864742159843445
	],
	"6. right_hip": [
		0.4474251866340637,
		0.5605541467666626,
		0.055785246193408966,
		0.9995970129966736
	],
	"7. right_knee": [
		0.4403182864189148,
		0.6855087280273438,
		0.03845733776688576,
		0.8353743553161621
	],
	"8. right_ankle": [
		0.45668309926986694,
		0.8096189498901367,
		0.08834929764270782,
		0.9380226135253906
	],
	"14. left_shoulder": [
		0.49066677689552307,
		0.4023393988609314,
		-0.04523566737771034,
		0.9999813437461853
	],
	"15. left_elbow": [
		0.5059895515441895,
		0.4796449840068817,
		-0.06291033327579498,
		0.9425548911094666
	],
	"16. left_wrist": [
		0.4854591488838196,
		0.5368641018867493,
		-0.1171434298157692,
		0.976439893245697
	],
	"19. right_shoulder": [
		0.44267383217811584,
		0.406904011964798,
		0.06251503527164459,
		0.9994086623191833
	],
	"20. right_elbow": [
		0.4172322750091553,
		0.4662478566169739,
		-0.0070110829547047615,
		0.8305051326751709
	],
	"21. right_wrist": [
		0.4361439347267151,
		0.4392331838607788,
		-0.17888307571411133,
		0.9427061080932617
	],
	"24. nose": [
		0.4725101888179779,
		0.34428587555885315,
		-0.11273820698261261,
		0.99996417760849
	],
	"25. left_eye": [
		0.4776497483253479,
		0.3369252681732178,
		-0.10401014983654022,
		0.9999479651451111
	],
	"26. right_eye": [
		0.4682839512825012,
		0.33474743366241455,
		-0.09883005172014236,
		0.9999330043792725
	],
	"27. left_ear": [
		0.4803864061832428,
		0.3437771499156952,
		-0.042470745742321014,
		0.9999515414237976
	],
	"28. right_ear": [
		0.4625902771949768,
		0.33909812569618225,
		-0.020177163183689117,
		0.9998247027397156
	],
	"time stamp": 29.969946478656652
}