{
	"1. left_hip": [
		0.4722216725349426,
		0.5611438751220703,
		-0.06507080793380737,
		0.9998141527175903
	],
	"2. left_knee": [
		0.47216540575027466,
		0.6968474388122559,
		-0.08782392740249634,
		0.9853484630584717
	],
	"3. left_ankle": [
		0.5233603119850159,
		0.7930468320846558,
		0.00018299833755008876,
		0.9915543794631958
	],
	"6. right_hip": [
		0.4512495994567871,
		0.5623224377632141,
		0.06505043059587479,
		0.9996673464775085
	],
	"7. right_knee": [
		0.4481514096260071,
		0.6974318027496338,
		0.07399331778287888,
		0.826059103012085
	],
	"8. right_ankle": [
		0.45897093415260315,
		0.8123024106025696,
		0.17364220321178436,
		0.9474753141403198
	],
	"14. left_shoulder": [
		0.4796946048736572,
		0.39554363489151,
		-0.10051087290048599,
		0.9999899864196777
	],
	"15. left_elbow": [
		0.5035480260848999,
		0.4744977653026581,
		-0.12249986082315445,
		0.972348153591156
	],
	"16. left_wrist": [
		0.48916077613830566,
		0.520285964012146,
		-0.15970419347286224,
		0.9880826473236084
	],
	"19. right_shoulder": [
		0.4480954706668854,
		0.39481356739997864,
		0.08104123920202255,
		0.9994190335273743
	],
	"20. right_elbow": [
		0.4370468258857727,
		0.47088995575904846,
		0.0540677011013031,
		0.7033364176750183
	],
	"21. right_wrist": [
		0.42706188559532166,
		0.4336335361003876,
		-0.11341545730829239,
		0.9356783032417297
	],
	"24. nose": [
		0.46249738335609436,
		0.329039990901947,
		-0.1688769906759262,
		0.9999785423278809
	],
	"25. left_eye": [
		0.4687565267086029,
		0.3207191228866577,
		-0.15618494153022766,
		0.9999693632125854
	],
	"26. right_eye": [
		0.4597291350364685,
		0.32046690583229065,
		-0.15339519083499908,
		0.9999576210975647
	],
	"27. left_ear": [
		0.47336825728416443,
		0.329272598028183,
		-0.09183118492364883,
		0.9999736547470093
	],
	"28. right_ear": [
		0.4571530222892761,
		0.32637545466423035,
		-0.047179002314805984,
		0.9998810291290283
	],
	"time stamp": 29.969946478656652
}