{
	"1. left_hip": [
		0.46953803300857544,
		0.5633968114852905,
		-0.06686113774776459,
		0.9998173117637634
	],
	"2. left_knee": [
		0.4604550898075104,
		0.697826623916626,
		-0.08898624032735825,
		0.9886224269866943
	],
	"3. left_ankle": [
		0.5075876116752625,
		0.7941280007362366,
		5.3756859415443614e-05,
		0.9929054379463196
	],
	"6. right_hip": [
		0.44487112760543823,
		0.5655245184898376,
		0.06681184470653534,
		0.9996848106384277
	],
	"7. right_knee": [
		0.44569697976112366,
		0.6979353427886963,
		0.06867865473031998,
		0.8366071581840515
	],
	"8. right_ankle": [
		0.45897039771080017,
		0.8137865662574768,
		0.14651745557785034,
		0.9538649916648865
	],
	"14. left_shoulder": [
		0.47964420914649963,
		0.395444393157959,
		-0.10882486402988434,
		0.999992311000824
	],
	"15. left_elbow": [
		0.5003768801689148,
		0.4784352481365204,
		-0.14015285670757294,
		0.9797991514205933
	],
	"16. left_wrist": [
		0.47405481338500977,
		0.5208352208137512,
		-0.16739614307880402,
		0.9910954236984253
	],
	"19. right_shoulder": [
		0.44009360671043396,
		0.39929479360580444,
		0.09743646532297134,
		0.9993414282798767
	],
	"20. right_elbow": [
		0.42308440804481506,
		0.478790819644928,
		0.059464890509843826,
		0.671183705329895
	],
	"21. right_wrist": [
		0.4253963828086853,
		0.43356460332870483,
		-0.09536267817020416,
		0.915298581123352
	],
	"24. nose": [
		0.4566483497619629,
		0.32959458231925964,
		-0.12259034067392349,
		0.9999767541885376
	],
	"25. left_eye": [
		0.463418185710907,
		0.3214685916900635,
		-0.11893846094608307,
		0.9999703764915466
	],
	"26. right_eye": [
		0.45531535148620605,
		0.3212229013442993,
		-0.10604381561279297,
		0.9999481439590454
	],
	"27. left_ear": [
		0.4694768488407135,
		0.3302648365497589,
		-0.07915953546762466,
		0.999978244304657
	],
	"28. right_ear": [
		0.454090416431427,
		0.3276296555995941,
		-0.020996039733290672,
		0.9998499155044556
	],
	"time stamp": 29.969946478656652
}