{
	"1. left_hip": [
		0.4682951867580414,
		0.5632953643798828,
		-0.06647740304470062,
		0.9998243451118469
	],
	"2. left_knee": [
		0.4534856677055359,
		0.6945538520812988,
		-0.09004484117031097,
		0.9901039600372314
	],
	"3. left_ankle": [
		0.488992840051651,
		0.7952784895896912,
		-0.011772261932492256,
		0.9933576583862305
	],
	"6. right_hip": [
		0.44202733039855957,
		0.5653237700462341,
		0.06640736013650894,
		0.9996890425682068
	],
	"7. right_knee": [
		0.44227471947669983,
		0.6953970789909363,
		0.060896456241607666,
		0.8312560319900513
	],
	"8. right_ankle": [
		0.45828157663345337,
		0.8114780187606812,
		0.1312280148267746,
		0.9527864456176758
	],
	"14. left_shoulder": [
		0.48040086030960083,
		0.3957144320011139,
		-0.09567499905824661,
		0.999993622303009
	],
	"15. left_elbow": [
		0.49760669469833374,
		0.47850289940834045,
		-0.12964551150798798,
		0.9836180806159973
	],
	"16. left_wrist": [
		0.4691554605960846,
		0.5222211480140686,
		-0.1581832468509674,
		0.9927071928977966
	],
	"19. right_shoulder": [
		0.4357058107852936,
		0.4023459553718567,
		0.08912034332752228,
		0.9993094801902771
	],
	"20. right_elbow": [
		0.4171791672706604,
		0.4780912697315216,
		0.03544225916266441,
		0.6843812465667725
	],
	"21. right_wrist": [
		0.42561155557632446,
		0.43089136481285095,
		-0.1388688087463379,
		0.9193391799926758
	],
	"24. nose": [
		0.4567711353302002,
		0.3298983871936798,
		-0.12005643546581268,
		0.9999775886535645
	],
	"25. left_eye": [
		0.46346455812454224,
		0.32186365127563477,
		-0.11418280750513077,
		0.9999721050262451
	],
	"26. right_eye": [
		0.4544631838798523,
		0.3215792179107666,
		-0.1043848767876625,
		0.9999474287033081
	],
	"27. left_ear": [
		0.46870142221450806,
		0.3306209444999695,
		-0.06701792031526566,
		0.9999809861183167
	],
	"28. right_ear": [
		0.4518607258796692,
		0.32786452770233154,
		-0.023276086896657944,
		0.9998410940170288
	],
	"time stamp": 29.969946478656652
}