{
	"1. left_hip": [
		0.45962151885032654,
		0.5719684362411499,
		-0.05635947734117508,
		0.9995052814483643
	],
	"2. left_knee": [
		0.4398828446865082,
		0.6745399236679077,
		-0.10365767776966095,
		0.9844856262207031
	],
	"3. left_ankle": [
		0.4471748471260071,
		0.8026418685913086,
		-0.0933716744184494,
		0.9879717230796814
	],
	"6. right_hip": [
		0.4451756477355957,
		0.5758914351463318,
		0.056302379816770554,
		0.9993320107460022
	],
	"7. right_knee": [
		0.4321961998939514,
		0.6842108368873596,
		0.03991185873746872,
		0.7893223166465759
	],
	"8. right_ankle": [
		0.44710320234298706,
		0.8012673258781433,
		0.0811130478978157,
		0.8947692513465881
	],
	"14. left_shoulder": [
		0.4719558358192444,
		0.41128623485565186,
		-0.09833995997905731,
		0.9995009303092957
	],
	"15. left_elbow": [
		0.4322059750556946,
		0.4334619641304016,
		-0.14928564429283142,
		0.9770281910896301
	],
	"16. left_wrist": [
		0.40789398550987244,
		0.39759907126426697,
		-0.13709944486618042,
		0.9414924383163452
	],
	"19. right_shoulder": [
		0.45106053352355957,
		0.41965416073799133,
		0.08172060549259186,
		0.9987539649009705
	],
	"20. right_elbow": [
		0.42223864793777466,
		0.45064061880111694,
		0.06827440112829208,
		0.646213948726654
	],
	"21. right_wrist": [
		0.4064129889011383,
		0.41142958402633667,
		-0.02141164429485798,
		0.8306484818458557
	],
	"24. nose": [
		0.4481763243675232,
		0.3758077025413513,
		-0.03803597763180733,
		0.9992663860321045
	],
	"25. left_eye": [
		0.4518631100654602,
		0.36718592047691345,
		-0.04688166826963425,
		0.9992828965187073
	],
	"26. right_eye": [
		0.44957274198532104,
		0.3650185465812683,
		-0.029690589755773544,
		0.9990658164024353
	],
	"27. left_ear": [
		0.4566570222377777,
		0.3675481975078583,
		-0.05944877862930298,
		0.9991888403892517
	],
	"28. right_ear": [
		0.44991469383239746,
		0.365071177482605,
		0.02437690831720829,
		0.9987497329711914
	],
	"time stamp": 29.969946478656652
}