{
	"1. left_hip": [
		0.46158891916275024,
		0.5636904835700989,
		-0.04484792798757553,
		0.9994370937347412
	],
	"2. left_knee": [
		0.4435156285762787,
		0.6747187972068787,
		-0.062487561255693436,
		0.977409839630127
	],
	"3. left_ankle": [
		0.42377787828445435,
		0.7839789390563965,
		-0.006769508123397827,
		0.9853838086128235
	],
	"6. right_hip": [
		0.4357849657535553,
		0.560532808303833,
		0.04489123076200485,
		0.999370276927948
	],
	"7. right_knee": [
		0.4329707622528076,
		0.682624340057373,
		0.013693705201148987,
		0.8121912479400635
	],
	"8. right_ankle": [
		0.44746407866477966,
		0.8033053874969482,
		0.07287729531526566,
		0.9029080271720886
	],
	"14. left_shoulder": [
		0.47742289304733276,
		0.3889167010784149,
		-0.06347966939210892,
		0.9983710646629333
	],
	"15. left_elbow": [
		0.47107845544815063,
		0.3093765377998352,
		-0.13066723942756653,
		0.9757947325706482
	],
	"16. left_wrist": [
		0.46714386343955994,
		0.2357795685529709,
		-0.14417921006679535,
		0.9134952425956726
	],
	"19. right_shoulder": [
		0.4308597445487976,
		0.3997170627117157,
		0.0355939045548439,
		0.9985089302062988
	],
	"20. right_elbow": [
		0.39748823642730713,
		0.3557951748371124,
		-0.003989652264863253,
		0.7096057534217834
	],
	"21. right_wrist": [
		0.38914066553115845,
		0.2875524163246155,
		-0.1052960604429245,
		0.8409152626991272
	],
	"24. nose": [
		0.44490987062454224,
		0.3537467420101166,
		-0.12483213096857071,
		0.9992071390151978
	],
	"25. left_eye": [
		0.4505261778831482,
		0.34185755252838135,
		-0.11704429239034653,
		0.9992011785507202
	],
	"26. right_eye": [
		0.442075252532959,
		0.34625542163848877,
		-0.10849610716104507,
		0.998997151851654
	],
	"27. left_ear": [
		0.45899105072021484,
		0.3446800708770752,
		-0.06277836859226227,
		0.9991170167922974
	],
	"28. right_ear": [
		0.44240131974220276,
		0.3502679765224457,
		-0.02181716077029705,
		0.9987178444862366
	],
	"time stamp": 29.969946478656652
}