{
	"1. left_hip": [
		0.46229514479637146,
		0.5559479594230652,
		-0.049620456993579865,
		0.9995690584182739
	],
	"2. left_knee": [
		0.44532305002212524,
		0.6677871346473694,
		-0.20623891055583954,
		0.9753462672233582
	],
	"3. left_ankle": [
		0.4376148581504822,
		0.7948424220085144,
		-0.23740315437316895,
		0.9843515157699585
	],
	"6. right_hip": [
		0.4351429045200348,
		0.5594663023948669,
		0.04959598556160927,
		0.9994857907295227
	],
	"7. right_knee": [
		0.43440118432044983,
		0.6791183352470398,
		0.05935259535908699,
		0.7875560522079468
	],
	"8. right_ankle": [
		0.44811248779296875,
		0.783184826374054,
		0.14580793678760529,
		0.8739623427391052
	],
	"14. left_shoulder": [
		0.4747961461544037,
		0.38836461305618286,
		-0.09111999720335007,
		0.9986479878425598
	],
	"15. left_elbow": [
		0.490314245223999,
		0.3170873522758484,
		-0.1602584421634674,
		0.9797258973121643
	],
	"16. left_wrist": [
		0.5005497336387634,
		0.24146561324596405,
		-0.2239857167005539,
		0.9234617948532104
	],
	"19. right_shoulder": [
		0.4293161928653717,
		0.39294764399528503,
		0.02872524783015251,
		0.9984928965568542
	],
	"20. right_elbow": [
		0.4016095995903015,
		0.322238951921463,
		0.01935156248509884,
		0.7705032229423523
	],
	"21. right_wrist": [
		0.3972172439098358,
		0.2501784861087799,
		-0.02606365643441677,
		0.8699014782905579
	],
	"24. nose": [
		0.4421559274196625,
		0.34992164373397827,
		-0.15434113144874573,
		0.999384880065918
	],
	"25. left_eye": [
		0.449768602848053,
		0.33761534094810486,
		-0.14491339027881622,
		0.9993665218353271
	],
	"26. right_eye": [
		0.4412340521812439,
		0.33773288130760193,
		-0.13429303467273712,
		0.9992003440856934
	],
	"27. left_ear": [
		0.4594787657260895,
		0.3407753109931946,
		-0.08761636167764664,
		0.9993253350257874
	],
	"28. right_ear": [
		0.44263824820518494,
		0.339609831571579,
		-0.0388512909412384,
		0.998986542224884
	],
	"time stamp": 29.969946478656652
}