{
	"1. left_hip": [
		0.46120214462280273,
		0.5549129247665405,
		-0.059413980692625046,
		0.9995940327644348
	],
	"2. left_knee": [
		0.4453839361667633,
		0.6710877418518066,
		-0.1455414742231369,
		0.9738704562187195
	],
	"3. left_ankle": [
		0.450112909078598,
		0.8072949647903442,
		-0.15729495882987976,
		0.9831777215003967
	],
	"6. right_hip": [
		0.4369475245475769,
		0.5587782263755798,
		0.05939093977212906,
		0.9994942545890808
	],
	"7. right_knee": [
		0.4365333616733551,
		0.6796417832374573,
		0.05558924749493599,
		0.765693187713623
	],
	"8. right_ankle": [
		0.4492815434932709,
		0.787426769733429,
		0.10299457609653473,
		0.8622695207595825
	],
	"14. left_shoulder": [
		0.47176116704940796,
		0.38889411091804504,
		-0.09913874417543411,
		0.9987556338310242
	],
	"15. left_elbow": [
		0.4930914342403412,
		0.31856995820999146,
		-0.18733792006969452,
		0.9816465973854065
	],
	"16. left_wrist": [
		0.5120843648910522,
		0.25058120489120483,
		-0.26138705015182495,
		0.9299986958503723
	],
	"19. right_shoulder": [
		0.4305182099342346,
		0.393474280834198,
		0.045357994735240936,
		0.9983029961585999
	],
	"20. right_elbow": [
		0.40952587127685547,
		0.3181341290473938,
		0.16286052763462067,
		0.7688413858413696
	],
	"21. right_wrist": [
		0.40620917081832886,
		0.2496093362569809,
		0.21439647674560547,
		0.8732784390449524
	],
	"24. nose": [
		0.44013673067092896,
		0.34914180636405945,
		-0.14101403951644897,
		0.9994381070137024
	],
	"25. left_eye": [
		0.4480423331260681,
		0.33722028136253357,
		-0.1325869858264923,
		0.9994220733642578
	],
	"26. right_eye": [
		0.4401949942111969,
		0.3361951410770416,
		-0.11970540136098862,
		0.999267578125
	],
	"27. left_ear": [
		0.45821133255958557,
		0.34107479453086853,
		-0.08300191164016724,
		0.9993849396705627
	],
	"28. right_ear": [
		0.44221872091293335,
		0.3388294577598572,
		-0.02593381702899933,
		0.9990765452384949
	],
	"time stamp": 29.969946478656652
}