{
	"1. left_hip": [
		0.464749813079834,
		0.5623586177825928,
		-0.04135793447494507,
		0.9996786713600159
	],
	"2. left_knee": [
		0.4464868903160095,
		0.6738502383232117,
		-0.15517209470272064,
		0.9739845395088196
	],
	"3. left_ankle": [
		0.4358426630496979,
		0.7962839007377625,
		-0.15845730900764465,
		0.9767745137214661
	],
	"6. right_hip": [
		0.43204420804977417,
		0.5618305802345276,
		0.04138960689306259,
		0.9996015429496765
	],
	"7. right_knee": [
		0.433142751455307,
		0.6797935366630554,
		0.029331345111131668,
		0.8358729481697083
	],
	"8. right_ankle": [
		0.4500616490840912,
		0.7901570796966553,
		0.10632085800170898,
		0.9001719355583191
	],
	"14. left_shoulder": [
		0.47936415672302246,
		0.395368754863739,
		-0.11345294862985611,
		0.9987297058105469
	],
	"15. left_elbow": [
		0.48010197281837463,
		0.3209986686706543,
		-0.17908135056495667,
		0.992415189743042
	],
	"16. left_wrist": [
		0.4917683005332947,
		0.23921476304531097,
		-0.23248939216136932,
		0.969433605670929
	],
	"19. right_shoulder": [
		0.4288675785064697,
		0.4029047191143036,
		-0.016944101080298424,
		0.9980065226554871
	],
	"20. right_elbow": [
		0.405815064907074,
		0.3464224934577942,
		-0.07357586175203323,
		0.8924720883369446
	],
	"21. right_wrist": [
		0.399807870388031,
		0.2617364227771759,
		-0.20836004614830017,
		0.9414038062095642
	],
	"24. nose": [
		0.44390326738357544,
		0.36234351992607117,
		-0.19838614761829376,
		0.9996975064277649
	],
	"25. left_eye": [
		0.4502411484718323,
		0.3493829667568207,
		-0.1878470480442047,
		0.9996594786643982
	],
	"26. right_eye": [
		0.4404536783695221,
		0.3520272672176361,
		-0.1788904219865799,
		0.99957275390625
	],
	"27. left_ear": [
		0.45893844962120056,
		0.3502710461616516,
		-0.12670733034610748,
		0.9997106194496155
	],
	"28. right_ear": [
		0.44029921293258667,
		0.3531312346458435,
		-0.08034419268369675,
		0.9994479417800903
	],
	"time stamp": 29.969946478656652
}