{
	"1. left_hip": [
		0.4625088572502136,
		0.5584890842437744,
		-0.05211927741765976,
		0.9996939897537231
	],
	"2. left_knee": [
		0.44655123353004456,
		0.6739582419395447,
		-0.12283380329608917,
		0.9742269515991211
	],
	"3. left_ankle": [
		0.44524574279785156,
		0.8053852319717407,
		-0.13500073552131653,
		0.9774458408355713
	],
	"6. right_hip": [
		0.4320884346961975,
		0.5591357946395874,
		0.05220096558332443,
		0.9995826482772827
	],
	"7. right_knee": [
		0.4355319142341614,
		0.6798228621482849,
		0.058404434472322464,
		0.8297788500785828
	],
	"8. right_ankle": [
		0.45009714365005493,
		0.7905394434928894,
		0.12176084518432617,
		0.8957551717758179
	],
	"14. left_shoulder": [
		0.47698450088500977,
		0.3913046419620514,
		-0.10782773792743683,
		0.9988287687301636
	],
	"15. left_elbow": [
		0.48134511709213257,
		0.3185063302516937,
		-0.18067239224910736,
		0.9927383065223694
	],
	"16. left_wrist": [
		0.5032804012298584,
		0.24080558121204376,
		-0.24031507968902588,
		0.970960795879364
	],
	"19. right_shoulder": [
		0.4288359582424164,
		0.39706945419311523,
		0.021778834983706474,
		0.9979836940765381
	],
	"20. right_elbow": [
		0.41180744767189026,
		0.3275386095046997,
		0.01343231089413166,
		0.8916986584663391
	],
	"21. right_wrist": [
		0.40784382820129395,
		0.24932506680488586,
		-0.06937303394079208,
		0.9418984651565552
	],
	"24. nose": [
		0.44303855299949646,
		0.3593709170818329,
		-0.16716304421424866,
		0.9997097849845886
	],
	"25. left_eye": [
		0.4495340883731842,
		0.34626662731170654,
		-0.15949401259422302,
		0.9996713399887085
	],
	"26. right_eye": [
		0.44011133909225464,
		0.3484059274196625,
		-0.14692239463329315,
		0.9995723962783813
	],
	"27. left_ear": [
		0.4582948088645935,
		0.34654170274734497,
		-0.10762523114681244,
		0.9997209310531616
	],
	"28. right_ear": [
		0.44008296728134155,
		0.34836751222610474,
		-0.04722830653190613,
		0.9994419813156128
	],
	"time stamp": 29.969946478656652
}