{
	"1. left_hip": [
		0.4555111825466156,
		0.5544504523277283,
		-0.07322858273983002,
		0.9997261762619019
	],
	"2. left_knee": [
		0.4470937252044678,
		0.6872137188911438,
		-0.10382609069347382,
		0.9710776805877686
	],
	"3. left_ankle": [
		0.4598289430141449,
		0.8211067914962769,
		-0.10206417739391327,
		0.9760271310806274
	],
	"6. right_hip": [
		0.4426402151584625,
		0.5562618374824524,
		0.07320328056812286,
		0.9995797872543335
	],
	"7. right_knee": [
		0.4465368390083313,
		0.6852914094924927,
		0.06706415116786957,
		0.7532300353050232
	],
	"8. right_ankle": [
		0.4536547064781189,
		0.8029239177703857,
		0.07798133045434952,
		0.8378792405128479
	],
	"14. left_shoulder": [
		0.4693910479545593,
		0.3899897634983063,
		-0.08080758899450302,
		0.9991090893745422
	],
	"15. left_elbow": [
		0.48780208826065063,
		0.3187011480331421,
		-0.17225517332553864,
		0.9944453239440918
	],
	"16. left_wrist": [
		0.5095981359481812,
		0.25232717394828796,
		-0.24312333762645721,
		0.9768103361129761
	],
	"19. right_shoulder": [
		0.43315839767456055,
		0.39658719301223755,
		0.11786612123250961,
		0.9978446364402771
	],
	"20. right_elbow": [
		0.4295054078102112,
		0.3238016664981842,
		0.24288277328014374,
		0.8187889456748962
	],
	"21. right_wrist": [
		0.4217382073402405,
		0.2545988857746124,
		0.30670231580734253,
		0.914930522441864
	],
	"24. nose": [
		0.43768706917762756,
		0.3530240058898926,
		-0.07803765684366226,
		0.9997789263725281
	],
	"25. left_eye": [
		0.4438270032405853,
		0.34063372015953064,
		-0.0751136913895607,
		0.9997535347938538
	],
	"26. right_eye": [
		0.4372486174106598,
		0.3419846296310425,
		-0.056347478181123734,
		0.9996746182441711
	],
	"27. left_ear": [
		0.453510046005249,
		0.3433803915977478,
		-0.04848609119653702,
		0.9997896552085876
	],
	"28. right_ear": [
		0.43950700759887695,
		0.3441976010799408,
		0.03663621097803116,
		0.9995813369750977
	],
	"time stamp": 29.969946478656652
}