{
	"1. left_hip": [
		0.4564010500907898,
		0.5564645528793335,
		-0.07233913242816925,
		0.9997314214706421
	],
	"2. left_knee": [
		0.4471127986907959,
		0.6922171115875244,
		-0.10647865384817123,
		0.969107985496521
	],
	"3. left_ankle": [
		0.4601859152317047,
		0.8227950930595398,
		-0.09301494061946869,
		0.9741817116737366
	],
	"6. right_hip": [
		0.44452014565467834,
		0.5611212253570557,
		0.07231408357620239,
		0.9995797872543335
	],
	"7. right_knee": [
		0.4458507001399994,
		0.691405713558197,
		0.05672077089548111,
		0.7168904542922974
	],
	"8. right_ankle": [
		0.45458030700683594,
		0.8088912963867188,
		0.07226664572954178,
		0.8088106513023376
	],
	"14. left_shoulder": [
		0.4677639901638031,
		0.3953469693660736,
		-0.10641691833734512,
		0.9992438554763794
	],
	"15. left_elbow": [
		0.4876951575279236,
		0.32366785407066345,
		-0.20649297535419464,
		0.9954063296318054
	],
	"16. left_wrist": [
		0.4993446469306946,
		0.25045591592788696,
		-0.28641706705093384,
		0.9804244041442871
	],
	"19. right_shoulder": [
		0.4333561062812805,
		0.398144394159317,
		0.08403585106134415,
		0.997998058795929
	],
	"20. right_elbow": [
		0.4159925580024719,
		0.32672327756881714,
		0.16380541026592255,
		0.8239054083824158
	],
	"21. right_wrist": [
		0.4059564173221588,
		0.2547796964645386,
		0.16685976088047028,
		0.9218940734863281
	],
	"24. nose": [
		0.43618854880332947,
		0.35542377829551697,
		-0.10249652713537216,
		0.9998130202293396
	],
	"25. left_eye": [
		0.44274550676345825,
		0.34389206767082214,
		-0.0911208838224411,
		0.9997941851615906
	],
	"26. right_eye": [
		0.4361981749534607,
		0.3437749147415161,
		-0.07822497934103012,
		0.9997255802154541
	],
	"27. left_ear": [
		0.4527032971382141,
		0.34882596135139465,
		-0.07285900413990021,
		0.9998236298561096
	],
	"28. right_ear": [
		0.4389122426509857,
		0.3455471992492676,
		0.020156387239694595,
		0.9996529817581177
	],
	"time stamp": 29.969946478656652
}