{
	"1. left_hip": [
		0.4709956645965576,
		0.5716378688812256,
		-0.046932660043239594,
		0.9997085928916931
	],
	"2. left_knee": [
		0.44712820649147034,
		0.6702035665512085,
		-0.13485543429851532,
		0.9729751944541931
	],
	"3. left_ankle": [
		0.4258427023887634,
		0.7775722742080688,
		-0.08326980471611023,
		0.9794259667396545
	],
	"6. right_hip": [
		0.44010114669799805,
		0.5755913853645325,
		0.046859659254550934,
		0.9995646476745605
	],
	"7. right_knee": [
		0.4348575174808502,
		0.6929817795753479,
		0.03025195375084877,
		0.7359343767166138
	],
	"8. right_ankle": [
		0.4528934061527252,
		0.8116524815559387,
		0.10866061598062515,
		0.841505229473114
	],
	"14. left_shoulder": [
		0.46652936935424805,
		0.4115169644355774,
		-0.14479681849479675,
		0.9989619851112366
	],
	"15. left_elbow": [
		0.4514687955379486,
		0.49511244893074036,
		-0.1625211238861084,
		0.9820331335067749
	],
	"16. left_wrist": [
		0.4249648153781891,
		0.5484992861747742,
		-0.1953512728214264,
		0.9468324184417725
	],
	"19. right_shoulder": [
		0.42014843225479126,
		0.432454377412796,
		0.008267906494438648,
		0.9985437393188477
	],
	"20. right_elbow": [
		0.3924562931060791,
		0.5077625513076782,
		0.04108402505517006,
		0.8708536624908447
	],
	"21. right_wrist": [
		0.36444634199142456,
		0.5638146996498108,
		-0.03265918046236038,
		0.9234955310821533
	],
	"24. nose": [
		0.4406591057777405,
		0.3455062508583069,
		-0.18365749716758728,
		0.9994938373565674
	],
	"25. left_eye": [
		0.44836315512657166,
		0.3405371606349945,
		-0.17780472338199615,
		0.9990116953849792
	],
	"26. right_eye": [
		0.43820691108703613,
		0.34010663628578186,
		-0.1689392775297165,
		0.9989676475524902
	],
	"27. left_ear": [
		0.4553137421607971,
		0.35180118680000305,
		-0.1284167766571045,
		0.9986008405685425
	],
	"28. right_ear": [
		0.43633681535720825,
		0.3526943624019623,
		-0.08942720293998718,
		0.9976857304573059
	],
	"time stamp": 29.969946478656652
}