{
	"1. left_hip": [
		0.46801042556762695,
		0.568686306476593,
		-0.0471811443567276,
		0.999458372592926
	],
	"2. left_knee": [
		0.4478245675563812,
		0.6738371849060059,
		-0.13992191851139069,
		0.9584006667137146
	],
	"3. left_ankle": [
		0.4406351149082184,
		0.8118984699249268,
		-0.12315428256988525,
		0.971805989742279
	],
	"6. right_hip": [
		0.4399545192718506,
		0.5730301737785339,
		0.047260433435440063,
		0.9993130564689636
	],
	"7. right_knee": [
		0.4369129240512848,
		0.6868100762367249,
		-0.01658138446509838,
		0.6831932663917542
	],
	"8. right_ankle": [
		0.45212116837501526,
		0.8106995224952698,
		0.019025767222046852,
		0.8118531703948975
	],
	"14. left_shoulder": [
		0.4619233012199402,
		0.4195902943611145,
		-0.12293372303247452,
		0.9992242455482483
	],
	"15. left_elbow": [
		0.4549548029899597,
		0.505428671836853,
		-0.11360462009906769,
		0.9516194462776184
	],
	"16. left_wrist": [
		0.4689056873321533,
		0.5715010762214661,
		-0.14782719314098358,
		0.7929855585098267
	],
	"19. right_shoulder": [
		0.41572150588035583,
		0.42646440863609314,
		-0.003339559305459261,
		0.9989669322967529
	],
	"20. right_elbow": [
		0.40866440534591675,
		0.49440714716911316,
		0.041191812604665756,
		0.7991785407066345
	],
	"21. right_wrist": [
		0.3941388726234436,
		0.5556327104568481,
		-0.017548421397805214,
		0.8381862640380859
	],
	"24. nose": [
		0.44346752762794495,
		0.34107834100723267,
		-0.20335085690021515,
		0.9996404647827148
	],
	"25. left_eye": [
		0.45047616958618164,
		0.33818748593330383,
		-0.1939283162355423,
		0.9992984533309937
	],
	"26. right_eye": [
		0.4405730664730072,
		0.33396899700164795,
		-0.18805447220802307,
		0.9992733001708984
	],
	"27. left_ear": [
		0.4554954469203949,
		0.35019150376319885,
		-0.1287824660539627,
		0.9990234971046448
	],
	"28. right_ear": [
		0.4344671666622162,
		0.3416925072669983,
		-0.10462744534015656,
		0.9984027147293091
	],
	"time stamp": 29.969946478656652
}