{
	"1. left_hip": [
		0.4712180197238922,
		0.5666617751121521,
		-0.05186431482434273,
		0.9991229772567749
	],
	"2. left_knee": [
		0.44698745012283325,
		0.667087197303772,
		-0.16229736804962158,
		0.9502261281013489
	],
	"3. left_ankle": [
		0.42664653062820435,
		0.7864460349082947,
		-0.12201956659555435,
		0.9716155529022217
	],
	"6. right_hip": [
		0.43948882818222046,
		0.5742782354354858,
		0.05189290642738342,
		0.9991155862808228
	],
	"7. right_knee": [
		0.4373001158237457,
		0.6893951892852783,
		0.03356551006436348,
		0.6779006123542786
	],
	"8. right_ankle": [
		0.45547348260879517,
		0.810272753238678,
		0.10159140825271606,
		0.827407717704773
	],
	"14. left_shoulder": [
		0.4659804403781891,
		0.4129219949245453,
		-0.15227046608924866,
		0.9994786381721497
	],
	"15. left_elbow": [
		0.45732203125953674,
		0.5040040612220764,
		-0.13112172484397888,
		0.9191123843193054
	],
	"16. left_wrist": [
		0.441749632358551,
		0.569293737411499,
		-0.12585844099521637,
		0.6590644121170044
	],
	"19. right_shoulder": [
		0.4193824827671051,
		0.42557013034820557,
		-0.00972626730799675,
		0.9996029138565063
	],
	"20. right_elbow": [
		0.4040265679359436,
		0.5086076259613037,
		0.03181970492005348,
		0.7862130999565125
	],
	"21. right_wrist": [
		0.38093385100364685,
		0.565259575843811,
		-0.01902289316058159,
		0.8179984092712402
	],
	"24. nose": [
		0.44709062576293945,
		0.3374859094619751,
		-0.20662733912467957,
		0.9998403787612915
	],
	"25. left_eye": [
		0.45419660210609436,
		0.3351777195930481,
		-0.20074698328971863,
		0.9996830224990845
	],
	"26. right_eye": [
		0.44325190782546997,
		0.33025357127189636,
		-0.19294102489948273,
		0.9997029900550842
	],
	"27. left_ear": [
		0.45883122086524963,
		0.3496473431587219,
		-0.14634089171886444,
		0.999580979347229
	],
	"28. right_ear": [
		0.43819165229797363,
		0.33818408846855164,
		-0.11439770460128784,
		0.999398410320282
	],
	"time stamp": 29.969946478656652
}