{
	"1. left_hip": [
		0.4651607573032379,
		0.5631551742553711,
		-0.04105521738529205,
		0.9992133378982544
	],
	"2. left_knee": [
		0.4486114978790283,
		0.6679057478904724,
		-0.1738969087600708,
		0.94697505235672
	],
	"3. left_ankle": [
		0.44514673948287964,
		0.809154748916626,
		-0.18706120550632477,
		0.9674305319786072
	],
	"6. right_hip": [
		0.43857622146606445,
		0.5661122798919678,
		0.04111262038350105,
		0.9991608262062073
	],
	"7. right_knee": [
		0.44029107689857483,
		0.686607301235199,
		-0.004496102221310139,
		0.6479018926620483
	],
	"8. right_ankle": [
		0.4531232416629791,
		0.807562530040741,
		0.02641909383237362,
		0.8023160099983215
	],
	"14. left_shoulder": [
		0.4680638313293457,
		0.4109635651111603,
		-0.09324754774570465,
		0.9995824694633484
	],
	"15. left_elbow": [
		0.46931418776512146,
		0.49773839116096497,
		-0.08953820168972015,
		0.9243342280387878
	],
	"16. left_wrist": [
		0.48217305541038513,
		0.5658600926399231,
		-0.14534005522727966,
		0.6840155124664307
	],
	"19. right_shoulder": [
		0.41939282417297363,
		0.40952691435813904,
		-0.00047200272092595696,
		0.9996677041053772
	],
	"20. right_elbow": [
		0.4039802551269531,
		0.4839216470718384,
		0.03933072090148926,
		0.7988021969795227
	],
	"21. right_wrist": [
		0.38885557651519775,
		0.5530598163604736,
		-0.01989322155714035,
		0.830753743648529
	],
	"24. nose": [
		0.45044001936912537,
		0.335052490234375,
		-0.18610773980617523,
		0.9998723268508911
	],
	"25. left_eye": [
		0.45706358551979065,
		0.33142420649528503,
		-0.1752743422985077,
		0.9997488260269165
	],
	"26. right_eye": [
		0.4464283585548401,
		0.32700636982917786,
		-0.1721552610397339,
		0.9997605085372925
	],
	"27. left_ear": [
		0.4604986608028412,
		0.34317755699157715,
		-0.1047329306602478,
		0.9996708035469055
	],
	"28. right_ear": [
		0.44089680910110474,
		0.3336641192436218,
		-0.09408250451087952,
		0.9995192885398865
	],
	"time stamp": 29.969946478656652
}