{
	"1. left_hip": [
		0.46530136466026306,
		0.5634748935699463,
		-0.04446517676115036,
		0.9991812109947205
	],
	"2. left_knee": [
		0.4486842751502991,
		0.6772027611732483,
		-0.11614887416362762,
		0.9480136632919312
	],
	"3. left_ankle": [
		0.45316189527511597,
		0.8143481612205505,
		-0.08688952773809433,
		0.967158317565918
	],
	"6. right_hip": [
		0.4400044083595276,
		0.5664063096046448,
		0.04452287778258324,
		0.9991399049758911
	],
	"7. right_knee": [
		0.4401084780693054,
		0.6878878474235535,
		-0.00934671051800251,
		0.6432335376739502
	],
	"8. right_ankle": [
		0.45287829637527466,
		0.809601366519928,
		0.026473868638277054,
		0.8003497123718262
	],
	"14. left_shoulder": [
		0.46806883811950684,
		0.4114925265312195,
		-0.08548640459775925,
		0.9996177554130554
	],
	"15. left_elbow": [
		0.47371068596839905,
		0.4953136444091797,
		-0.07796354591846466,
		0.927996039390564
	],
	"16. left_wrist": [
		0.4941895604133606,
		0.5597962141036987,
		-0.13844673335552216,
		0.6988899111747742
	],
	"19. right_shoulder": [
		0.4201015830039978,
		0.4054681658744812,
		0.02168227732181549,
		0.9996878504753113
	],
	"20. right_elbow": [
		0.4056475758552551,
		0.4767560362815857,
		0.060474373400211334,
		0.7967413663864136
	],
	"21. right_wrist": [
		0.39402082562446594,
		0.5399753451347351,
		-0.006774481385946274,
		0.8320264220237732
	],
	"24. nose": [
		0.4508633017539978,
		0.3349980115890503,
		-0.1717149317264557,
		0.9998800158500671
	],
	"25. left_eye": [
		0.4576353132724762,
		0.33157145977020264,
		-0.1611415147781372,
		0.9997643828392029
	],
	"26. right_eye": [
		0.44779330492019653,
		0.32688385248184204,
		-0.15690132975578308,
		0.9997745156288147
	],
	"27. left_ear": [
		0.4614250659942627,
		0.343245267868042,
		-0.09295631945133209,
		0.9996931552886963
	],
	"28. right_ear": [
		0.44293442368507385,
		0.3332649767398834,
		-0.07643971592187881,
		0.9995554089546204
	],
	"time stamp": 29.969946478656652
}