{
	"1. left_hip": [
		0.4822189211845398,
		0.5460939407348633,
		-0.012094518169760704,
		0.9994145035743713
	],
	"2. left_knee": [
		0.4707004129886627,
		0.6648426651954651,
		-0.008243521675467491,
		0.9696982502937317
	],
	"3. left_ankle": [
		0.4901067316532135,
		0.760197639465332,
		0.15400904417037964,
		0.9727607369422913
	],
	"6. right_hip": [
		0.4494916498661041,
		0.5509156584739685,
		0.012084396556019783,
		0.9993197917938232
	],
	"7. right_knee": [
		0.4576598107814789,
		0.6794493794441223,
		-0.020174965262413025,
		0.7300506830215454
	],
	"8. right_ankle": [
		0.4659494459629059,
		0.8026978373527527,
		0.07154832035303116,
		0.8328664302825928
	],
	"14. left_shoulder": [
		0.49452996253967285,
		0.3982046842575073,
		-0.0979342833161354,
		0.9998850226402283
	],
	"15. left_elbow": [
		0.5091497302055359,
		0.4690130949020386,
		-0.05961845442652702,
		0.9771926999092102
	],
	"16. left_wrist": [
		0.5212627649307251,
		0.5274527668952942,
		-0.13918963074684143,
		0.9072999358177185
	],
	"19. right_shoulder": [
		0.43476319313049316,
		0.3880464732646942,
		-0.07658717781305313,
		0.9998428225517273
	],
	"20. right_elbow": [
		0.4195994436740875,
		0.46188879013061523,
		-0.02355922758579254,
		0.8523788452148438
	],
	"21. right_wrist": [
		0.40767019987106323,
		0.5189582705497742,
		-0.0836494043469429,
		0.9126842617988586
	],
	"24. nose": [
		0.4683724045753479,
		0.32593658566474915,
		-0.23723247647285461,
		0.9999545216560364
	],
	"25. left_eye": [
		0.47413063049316406,
		0.31940263509750366,
		-0.22588026523590088,
		0.999901294708252
	],
	"26. right_eye": [
		0.46359387040138245,
		0.31719300150871277,
		-0.2270631492137909,
		0.9998882412910461
	],
	"27. left_ear": [
		0.47878608107566833,
		0.32784223556518555,
		-0.14787174761295319,
		0.9998714923858643
	],
	"28. right_ear": [
		0.45794862508773804,
		0.32353565096855164,
		-0.15381455421447754,
		0.9997506737709045
	],
	"time stamp": 29.969946478656652
}