{
	"1. left_hip": [
		0.48566198348999023,
		0.5497497320175171,
		0.00025720163830555975,
		0.9993028044700623
	],
	"2. left_knee": [
		0.4766140878200531,
		0.6680958867073059,
		0.0018285894766449928,
		0.9689353704452515
	],
	"3. left_ankle": [
		0.4890805780887604,
		0.7354403138160706,
		0.19384115934371948,
		0.9615150690078735
	],
	"6. right_hip": [
		0.453000545501709,
		0.5543249249458313,
		-0.00024604573263786733,
		0.9993948340415955
	],
	"7. right_knee": [
		0.46031802892684937,
		0.6826328635215759,
		-0.03829651698470116,
		0.7747638821601868
	],
	"8. right_ankle": [
		0.46686306595802307,
		0.8049527406692505,
		0.06681368499994278,
		0.8570635914802551
	],
	"14. left_shoulder": [
		0.4970257878303528,
		0.40565773844718933,
		-0.09300629794597626,
		0.9998943209648132
	],
	"15. left_elbow": [
		0.509053111076355,
		0.47516030073165894,
		-0.05298847705125809,
		0.9789028167724609
	],
	"16. left_wrist": [
		0.519791305065155,
		0.530363917350769,
		-0.12720344960689545,
		0.9193443655967712
	],
	"19. right_shoulder": [
		0.4371231198310852,
		0.3916785717010498,
		-0.0958249419927597,
		0.9998630285263062
	],
	"20. right_elbow": [
		0.4200097918510437,
		0.46345096826553345,
		-0.04834199696779251,
		0.8777339458465576
	],
	"21. right_wrist": [
		0.4085876941680908,
		0.5322979688644409,
		-0.10302351415157318,
		0.9243794679641724
	],
	"24. nose": [
		0.47022271156311035,
		0.32798248529434204,
		-0.24821770191192627,
		0.9999544620513916
	],
	"25. left_eye": [
		0.47571173310279846,
		0.3229125440120697,
		-0.23613479733467102,
		0.9998775720596313
	],
	"26. right_eye": [
		0.4654679298400879,
		0.3198334276676178,
		-0.2384488582611084,
		0.999864399433136
	],
	"27. left_ear": [
		0.4803736209869385,
		0.33135831356048584,
		-0.15314587950706482,
		0.9998127222061157
	],
	"28. right_ear": [
		0.4597380757331848,
		0.3249349594116211,
		-0.16560545563697815,
		0.9996770024299622
	],
	"time stamp": 29.969946478656652
}