{
	"1. left_hip": [
		0.49693965911865234,
		0.5754220485687256,
		0.03205668553709984,
		0.9978216290473938
	],
	"2. left_knee": [
		0.4971257746219635,
		0.6964789628982544,
		0.02330428548157215,
		0.9571142792701721
	],
	"3. left_ankle": [
		0.486456960439682,
		0.7949449419975281,
		0.12818025052547455,
		0.9458497762680054
	],
	"6. right_hip": [
		0.4654221534729004,
		0.5741227269172668,
		-0.0320550836622715,
		0.9987225532531738
	],
	"7. right_knee": [
		0.4792715609073639,
		0.69134122133255,
		-0.05458589270710945,
		0.8677376508712769
	],
	"8. right_ankle": [
		0.4697139859199524,
		0.8089078068733215,
		0.028661128133535385,
		0.9074961543083191
	],
	"14. left_shoulder": [
		0.4989704489707947,
		0.42097142338752747,
		-0.0037789479829370975,
		0.9996741414070129
	],
	"15. left_elbow": [
		0.4969753324985504,
		0.5009706020355225,
		0.044271498918533325,
		0.8423105478286743
	],
	"16. left_wrist": [
		0.4982522428035736,
		0.5665543079376221,
		-0.028419483453035355,
		0.7858615517616272
	],
	"19. right_shoulder": [
		0.44710421562194824,
		0.4174017906188965,
		-0.08212865889072418,
		0.9998737573623657
	],
	"20. right_elbow": [
		0.43645891547203064,
		0.4985906481742859,
		-0.04685845226049423,
		0.9268659353256226
	],
	"21. right_wrist": [
		0.43263429403305054,
		0.5673428773880005,
		-0.04611322656273842,
		0.9158675074577332
	],
	"24. nose": [
		0.4779393672943115,
		0.361130952835083,
		-0.19309237599372864,
		0.999921977519989
	],
	"25. left_eye": [
		0.4821903109550476,
		0.3518759310245514,
		-0.17796845734119415,
		0.9997768402099609
	],
	"26. right_eye": [
		0.4722417891025543,
		0.3520108163356781,
		-0.1869981586933136,
		0.9998088479042053
	],
	"27. left_ear": [
		0.48513633012771606,
		0.3577874004840851,
		-0.08543162792921066,
		0.999439001083374
	],
	"28. right_ear": [
		0.46609705686569214,
		0.35778728127479553,
		-0.1265694946050644,
		0.9996814131736755
	],
	"time stamp": 29.969946478656652
}