{
	"1. left_hip": [
		0.5032677054405212,
		0.5723193287849426,
		0.02988879382610321,
		0.9976179003715515
	],
	"2. left_knee": [
		0.4965781569480896,
		0.6951274275779724,
		0.014533007517457008,
		0.9383652806282043
	],
	"3. left_ankle": [
		0.48520007729530334,
		0.7924664616584778,
		0.12232722342014313,
		0.9388794898986816
	],
	"6. right_hip": [
		0.47237077355384827,
		0.5677251815795898,
		-0.02990829013288021,
		0.9986186027526855
	],
	"7. right_knee": [
		0.4754372537136078,
		0.6871179938316345,
		-0.07355112582445145,
		0.8950135707855225
	],
	"8. right_ankle": [
		0.4689899981021881,
		0.806083083152771,
		0.006016037426888943,
		0.9224116206169128
	],
	"14. left_shoulder": [
		0.5046858191490173,
		0.42145851254463196,
		-0.008685117587447166,
		0.9995906352996826
	],
	"15. left_elbow": [
		0.5116956830024719,
		0.4998018145561218,
		0.03965296223759651,
		0.7605563402175903
	],
	"16. left_wrist": [
		0.5204583406448364,
		0.562739372253418,
		-0.018581420183181763,
		0.6942505836486816
	],
	"19. right_shoulder": [
		0.45179781317710876,
		0.41663339734077454,
		-0.07335424423217773,
		0.9998850226402283
	],
	"20. right_elbow": [
		0.44739437103271484,
		0.4981047809123993,
		-0.046918511390686035,
		0.9395000338554382
	],
	"21. right_wrist": [
		0.44303566217422485,
		0.5639408230781555,
		-0.0884774774312973,
		0.9044578671455383
	],
	"24. nose": [
		0.48112908005714417,
		0.3618218004703522,
		-0.17973777651786804,
		0.9999074935913086
	],
	"25. left_eye": [
		0.48581552505493164,
		0.352212131023407,
		-0.1665228009223938,
		0.9997366666793823
	],
	"26. right_eye": [
		0.4755052626132965,
		0.35190549492836,
		-0.17174851894378662,
		0.9997916221618652
	],
	"27. left_ear": [
		0.48951998353004456,
		0.3577457070350647,
		-0.08314478397369385,
		0.9992322325706482
	],
	"28. right_ear": [
		0.4685516357421875,
		0.35821250081062317,
		-0.1086103543639183,
		0.9996872544288635
	],
	"time stamp": 29.969946478656652
}