{
	"1. left_hip": [
		0.5008069276809692,
		0.556146502494812,
		0.023945491760969162,
		0.9984142780303955
	],
	"2. left_knee": [
		0.4957728981971741,
		0.6772128939628601,
		-0.004241254646331072,
		0.9333177208900452
	],
	"3. left_ankle": [
		0.486327588558197,
		0.7893262505531311,
		0.08452916145324707,
		0.942935049533844
	],
	"6. right_hip": [
		0.47125181555747986,
		0.5545399188995361,
		-0.023988239467144012,
		0.9988956451416016
	],
	"7. right_knee": [
		0.47534114122390747,
		0.6701779961585999,
		-0.019719978794455528,
		0.9266674518585205
	],
	"8. right_ankle": [
		0.46294260025024414,
		0.760408878326416,
		0.13464893400669098,
		0.9286303520202637
	],
	"14. left_shoulder": [
		0.5088266730308533,
		0.4082978665828705,
		-0.022257555276155472,
		0.9997290968894958
	],
	"15. left_elbow": [
		0.5237940549850464,
		0.47747087478637695,
		0.013600657694041729,
		0.8383178114891052
	],
	"16. left_wrist": [
		0.5415136218070984,
		0.5372250080108643,
		-0.05230822041630745,
		0.7994229197502136
	],
	"19. right_shoulder": [
		0.4555273950099945,
		0.4074806571006775,
		-0.07252106070518494,
		0.9998323321342468
	],
	"20. right_elbow": [
		0.45202645659446716,
		0.4703117311000824,
		-0.06906430423259735,
		0.9451351165771484
	],
	"21. right_wrist": [
		0.4504503607749939,
		0.5296577215194702,
		-0.14513005316257477,
		0.8834250569343567
	],
	"24. nose": [
		0.4831879734992981,
		0.34878021478652954,
		-0.1804235875606537,
		0.999923050403595
	],
	"25. left_eye": [
		0.4877854883670807,
		0.33900851011276245,
		-0.1680392324924469,
		0.9997788667678833
	],
	"26. right_eye": [
		0.4782869219779968,
		0.3385830521583557,
		-0.1730145663022995,
		0.9997959136962891
	],
	"27. left_ear": [
		0.492684930562973,
		0.34659916162490845,
		-0.08696310967206955,
		0.9993102550506592
	],
	"28. right_ear": [
		0.47214779257774353,
		0.3454420268535614,
		-0.11127754300832748,
		0.999636709690094
	],
	"time stamp": 29.969946478656652
}