{
	"1. left_hip": [
		0.5021798014640808,
		0.568056583404541,
		-0.006374348886311054,
		0.9989001154899597
	],
	"2. left_knee": [
		0.4996940493583679,
		0.6749329566955566,
		-0.005290660075843334,
		0.951996922492981
	],
	"3. left_ankle": [
		0.49659380316734314,
		0.7786690592765808,
		0.07263626903295517,
		0.9404393434524536
	],
	"6. right_hip": [
		0.4734727442264557,
		0.5711010694503784,
		0.006322656758129597,
		0.9988583922386169
	],
	"7. right_knee": [
		0.4820638597011566,
		0.6789748072624207,
		0.009072264656424522,
		0.9174789786338806
	],
	"8. right_ankle": [
		0.48972874879837036,
		0.7687544226646423,
		0.09521017968654633,
		0.7908691763877869
	],
	"14. left_shoulder": [
		0.5126001834869385,
		0.4272819459438324,
		-0.09600827097892761,
		0.9998399615287781
	],
	"15. left_elbow": [
		0.518801748752594,
		0.5003957748413086,
		-0.062345705926418304,
		0.9221029877662659
	],
	"16. left_wrist": [
		0.5242241621017456,
		0.5586771368980408,
		-0.12163911014795303,
		0.8650463819503784
	],
	"19. right_shoulder": [
		0.462312787771225,
		0.4374557435512543,
		-0.09526805579662323,
		0.9997156262397766
	],
	"20. right_elbow": [
		0.45631012320518494,
		0.5127413868904114,
		-0.062031663954257965,
		0.9404409527778625
	],
	"21. right_wrist": [
		0.45057255029678345,
		0.5747917294502258,
		-0.11444760859012604,
		0.8590732216835022
	],
	"24. nose": [
		0.4872150421142578,
		0.37536948919296265,
		-0.22833721339702606,
		0.9999150633811951
	],
	"25. left_eye": [
		0.4912012219429016,
		0.3662640452384949,
		-0.21900179982185364,
		0.999746561050415
	],
	"26. right_eye": [
		0.4827269911766052,
		0.3662049472332001,
		-0.22001254558563232,
		0.9997265934944153
	],
	"27. left_ear": [
		0.4956233501434326,
		0.3719280958175659,
		-0.15141168236732483,
		0.9993671774864197
	],
	"28. right_ear": [
		0.4782244563102722,
		0.3722571134567261,
		-0.1553272306919098,
		0.9994878172874451
	],
	"time stamp": 29.969946478656652
}