{
	"1. left_hip": [
		0.50501549243927,
		0.5521963834762573,
		-0.0009559999452903867,
		0.998504638671875
	],
	"2. left_knee": [
		0.5024465322494507,
		0.660960853099823,
		0.001354752341285348,
		0.9626544117927551
	],
	"3. left_ankle": [
		0.5054857730865479,
		0.7479777932167053,
		0.12040606886148453,
		0.9537929892539978
	],
	"6. right_hip": [
		0.47720250487327576,
		0.5549829006195068,
		0.0009470454533584416,
		0.9987611174583435
	],
	"7. right_knee": [
		0.48361295461654663,
		0.66927170753479,
		-0.011321721598505974,
		0.9368626475334167
	],
	"8. right_ankle": [
		0.49126356840133667,
		0.7681949138641357,
		0.07897335290908813,
		0.8525320887565613
	],
	"14. left_shoulder": [
		0.5142618417739868,
		0.41733402013778687,
		-0.060275424271821976,
		0.99980628490448
	],
	"15. left_elbow": [
		0.5158894062042236,
		0.48505493998527527,
		-0.014711432158946991,
		0.9136487245559692
	],
	"16. left_wrist": [
		0.5224837064743042,
		0.5422205328941345,
		-0.07183372974395752,
		0.828031063079834
	],
	"19. right_shoulder": [
		0.46606722474098206,
		0.4194555878639221,
		-0.07262744754552841,
		0.9997808933258057
	],
	"20. right_elbow": [
		0.4542733132839203,
		0.4809066653251648,
		-0.04109615832567215,
		0.9542650580406189
	],
	"21. right_wrist": [
		0.4427359700202942,
		0.5307222604751587,
		-0.10183628648519516,
		0.8970521092414856
	],
	"24. nose": [
		0.4896385669708252,
		0.37258467078208923,
		-0.2120630294084549,
		0.9999184608459473
	],
	"25. left_eye": [
		0.4936160445213318,
		0.3621566891670227,
		-0.20316791534423828,
		0.9997456073760986
	],
	"26. right_eye": [
		0.4846980571746826,
		0.3638801872730255,
		-0.20337101817131042,
		0.9997507929801941
	],
	"27. left_ear": [
		0.4985973834991455,
		0.3665625751018524,
		-0.12926456332206726,
		0.9994162321090698
	],
	"28. right_ear": [
		0.4804343283176422,
		0.36907273530960083,
		-0.13111452758312225,
		0.9995681643486023
	],
	"time stamp": 29.969946478656652
}