{
	"1. left_hip": [
		0.5109654068946838,
		0.5392596125602722,
		0.014305852353572845,
		0.9983499646186829
	],
	"2. left_knee": [
		0.5072160363197327,
		0.645609974861145,
		-0.014881303533911705,
		0.8815304040908813
	],
	"3. left_ankle": [
		0.49590739607810974,
		0.7440422177314758,
		0.08943207561969757,
		0.8890001773834229
	],
	"6. right_hip": [
		0.4837563931941986,
		0.5371697545051575,
		-0.014343321323394775,
		0.9990618228912354
	],
	"7. right_knee": [
		0.49317675828933716,
		0.637415885925293,
		-0.03778374567627907,
		0.9528137445449829
	],
	"8. right_ankle": [
		0.4845522940158844,
		0.7305040955543518,
		0.07099275290966034,
		0.9294151067733765
	],
	"14. left_shoulder": [
		0.521964430809021,
		0.4037554860115051,
		-0.05507327988743782,
		0.9997730255126953
	],
	"15. left_elbow": [
		0.5319203734397888,
		0.4674946367740631,
		-0.020508205518126488,
		0.9162940979003906
	],
	"16. left_wrist": [
		0.5414920449256897,
		0.522350013256073,
		-0.0816931426525116,
		0.8410000205039978
	],
	"19. right_shoulder": [
		0.47118958830833435,
		0.40905168652534485,
		-0.0776870846748352,
		0.9998557567596436
	],
	"20. right_elbow": [
		0.46536269783973694,
		0.4747162163257599,
		-0.05327225476503372,
		0.9685893058776855
	],
	"21. right_wrist": [
		0.46665748953819275,
		0.5268020629882812,
		-0.11304523795843124,
		0.8997915387153625
	],
	"24. nose": [
		0.49378567934036255,
		0.3501703143119812,
		-0.20471055805683136,
		0.999924898147583
	],
	"25. left_eye": [
		0.4985642433166504,
		0.3413657248020172,
		-0.1916283518075943,
		0.9997470378875732
	],
	"26. right_eye": [
		0.48858579993247986,
		0.34293249249458313,
		-0.19625575840473175,
		0.9997721314430237
	],
	"27. left_ear": [
		0.5038459300994873,
		0.34660103917121887,
		-0.117508664727211,
		0.9992557764053345
	],
	"28. right_ear": [
		0.48450398445129395,
		0.3496614396572113,
		-0.1458296924829483,
		0.9995929598808289
	],
	"time stamp": 29.969946478656652
}