{
	"1. left_hip": [
		0.5130339860916138,
		0.5386584997177124,
		0.012719561345875263,
		0.9984084963798523
	],
	"2. left_knee": [
		0.5086817741394043,
		0.6458899974822998,
		-0.010800542309880257,
		0.8858842849731445
	],
	"3. left_ankle": [
		0.4986935257911682,
		0.7443209290504456,
		0.09502596408128738,
		0.8935762047767639
	],
	"6. right_hip": [
		0.4853937029838562,
		0.5379329323768616,
		-0.012743582017719746,
		0.9989422559738159
	],
	"7. right_knee": [
		0.4937564730644226,
		0.6397823095321655,
		-0.02582002803683281,
		0.9525689482688904
	],
	"8. right_ankle": [
		0.4881923794746399,
		0.7344720363616943,
		0.07736669480800629,
		0.9274478554725647
	],
	"14. left_shoulder": [
		0.522823691368103,
		0.4036301076412201,
		-0.05314182490110397,
		0.999789834022522
	],
	"15. left_elbow": [
		0.5330257415771484,
		0.46903467178344727,
		-0.01804715022444725,
		0.9222188591957092
	],
	"16. left_wrist": [
		0.5416649580001831,
		0.521899938583374,
		-0.08430390059947968,
		0.851977527141571
	],
	"19. right_shoulder": [
		0.47117891907691956,
		0.4063207507133484,
		-0.06638646870851517,
		0.9998176693916321
	],
	"20. right_elbow": [
		0.46567320823669434,
		0.4700402617454529,
		-0.0480179637670517,
		0.9639744758605957
	],
	"21. right_wrist": [
		0.472052663564682,
		0.5239539742469788,
		-0.10575339943170547,
		0.8804786205291748
	],
	"24. nose": [
		0.49368295073509216,
		0.3463607728481293,
		-0.18224729597568512,
		0.9999231696128845
	],
	"25. left_eye": [
		0.4984505772590637,
		0.338211327791214,
		-0.1715315878391266,
		0.9997488856315613
	],
	"26. right_eye": [
		0.48854994773864746,
		0.3395034074783325,
		-0.17317599058151245,
		0.9997579455375671
	],
	"27. left_ear": [
		0.5037640333175659,
		0.344173401594162,
		-0.10331851243972778,
		0.9992770552635193
	],
	"28. right_ear": [
		0.48445311188697815,
		0.34705063700675964,
		-0.11224943399429321,
		0.9995523691177368
	],
	"time stamp": 29.969946478656652
}