{
	"1. left_hip": [
		0.5153887271881104,
		0.5434039235115051,
		0.008454535156488419,
		0.998481035232544
	],
	"2. left_knee": [
		0.5122647881507874,
		0.6571295261383057,
		-0.0005347162950783968,
		0.9024683237075806
	],
	"3. left_ankle": [
		0.5102623701095581,
		0.7475882768630981,
		0.10710126161575317,
		0.9101489782333374
	],
	"6. right_hip": [
		0.48703327775001526,
		0.5466281771659851,
		-0.008471342734992504,
		0.998664140701294
	],
	"7. right_knee": [
		0.49479594826698303,
		0.6597933769226074,
		-0.009339636191725731,
		0.9540048837661743
	],
	"8. right_ankle": [
		0.4985883831977844,
		0.7532822489738464,
		0.08913332223892212,
		0.9326086640357971
	],
	"14. left_shoulder": [
		0.5246108770370483,
		0.41023895144462585,
		-0.04526109620928764,
		0.999829888343811
	],
	"15. left_elbow": [
		0.5350592136383057,
		0.4758684039115906,
		-0.014670433476567268,
		0.9388129115104675
	],
	"16. left_wrist": [
		0.542782187461853,
		0.5268751978874207,
		-0.07877795398235321,
		0.8837751150131226
	],
	"19. right_shoulder": [
		0.47152939438819885,
		0.4103602468967438,
		-0.06161899119615555,
		0.9997428059577942
	],
	"20. right_elbow": [
		0.465326726436615,
		0.47244104743003845,
		-0.04034813120961189,
		0.9575529098510742
	],
	"21. right_wrist": [
		0.47434449195861816,
		0.525797963142395,
		-0.09468741714954376,
		0.8615720272064209
	],
	"24. nose": [
		0.4935699999332428,
		0.3506397306919098,
		-0.17790304124355316,
		0.999928891658783
	],
	"25. left_eye": [
		0.4983369708061218,
		0.34205248951911926,
		-0.16679295897483826,
		0.9997813701629639
	],
	"26. right_eye": [
		0.4886704087257385,
		0.34484946727752686,
		-0.16736075282096863,
		0.9997652173042297
	],
	"27. left_ear": [
		0.504197895526886,
		0.34809574484825134,
		-0.09646017104387283,
		0.9994032382965088
	],
	"28. right_ear": [
		0.4849333167076111,
		0.35235196352005005,
		-0.10252976417541504,
		0.9995566606521606
	],
	"time stamp": 29.969946478656652
}