{
	"1. left_hip": [
		0.5149552226066589,
		0.5483775734901428,
		-0.014995433390140533,
		0.9992990493774414
	],
	"2. left_knee": [
		0.49881911277770996,
		0.6290317177772522,
		-0.18298593163490295,
		0.9556208252906799
	],
	"3. left_ankle": [
		0.4975922107696533,
		0.7300035953521729,
		-0.09253080934286118,
		0.9144957661628723
	],
	"6. right_hip": [
		0.4865616261959076,
		0.5548052191734314,
		0.015043911524116993,
		0.9992159605026245
	],
	"7. right_knee": [
		0.4917566180229187,
		0.6525710821151733,
		0.0005170906661078334,
		0.9073742628097534
	],
	"8. right_ankle": [
		0.5027913451194763,
		0.7420774102210999,
		0.12637530267238617,
		0.8950885534286499
	],
	"14. left_shoulder": [
		0.5216978192329407,
		0.4117192029953003,
		-0.009343842975795269,
		0.9998637437820435
	],
	"15. left_elbow": [
		0.5447196364402771,
		0.44833412766456604,
		-0.1109301894903183,
		0.9737702012062073
	],
	"16. left_wrist": [
		0.5107529759407043,
		0.4210812449455261,
		-0.23334543406963348,
		0.9505957961082458
	],
	"19. right_shoulder": [
		0.47062793374061584,
		0.4143387973308563,
		0.00878398772329092,
		0.9997677206993103
	],
	"20. right_elbow": [
		0.4444918632507324,
		0.45453983545303345,
		-0.09318368881940842,
		0.9662489295005798
	],
	"21. right_wrist": [
		0.4659360349178314,
		0.4392586052417755,
		-0.22752745449543,
		0.9330331683158875
	],
	"24. nose": [
		0.4955975413322449,
		0.3603019416332245,
		-0.11594258248806,
		0.9999498128890991
	],
	"25. left_eye": [
		0.501224160194397,
		0.3526186943054199,
		-0.10183199495077133,
		0.9998672008514404
	],
	"26. right_eye": [
		0.4912945330142975,
		0.35216283798217773,
		-0.10132855176925659,
		0.9998621344566345
	],
	"27. left_ear": [
		0.5068013668060303,
		0.3591245114803314,
		-0.027795398607850075,
		0.999741792678833
	],
	"28. right_ear": [
		0.487309068441391,
		0.3586311340332031,
		-0.026564687490463257,
		0.9997383952140808
	],
	"time stamp": 29.969946478656652
}