{
	"1. left_hip": [
		0.5063382983207703,
		0.5695092678070068,
		-0.018031392246484756,
		0.999399721622467
	],
	"2. left_knee": [
		0.492302805185318,
		0.6753131151199341,
		-0.060194797813892365,
		0.959989070892334
	],
	"3. left_ankle": [
		0.4779793322086334,
		0.7845924496650696,
		-0.005463867913931608,
		0.9510095715522766
	],
	"6. right_hip": [
		0.4798162877559662,
		0.5731604099273682,
		0.01809820905327797,
		0.9993003606796265
	],
	"7. right_knee": [
		0.48415160179138184,
		0.6762351989746094,
		-0.0056138052605092525,
		0.9062824845314026
	],
	"8. right_ankle": [
		0.5022730827331543,
		0.7597086429595947,
		0.10146327316761017,
		0.9182544350624084
	],
	"14. left_shoulder": [
		0.512566864490509,
		0.42775195837020874,
		-0.030818965286016464,
		0.9993897676467896
	],
	"15. left_elbow": [
		0.5029056668281555,
		0.4356979727745056,
		-0.15914565324783325,
		0.941199004650116
	],
	"16. left_wrist": [
		0.48772019147872925,
		0.4368976652622223,
		-0.289013534784317,
		0.8945471048355103
	],
	"19. right_shoulder": [
		0.46935421228408813,
		0.42529404163360596,
		0.0012314766645431519,
		0.9990060329437256
	],
	"20. right_elbow": [
		0.4700464606285095,
		0.4281671345233917,
		-0.13794919848442078,
		0.8289585709571838
	],
	"21. right_wrist": [
		0.47638726234436035,
		0.42796123027801514,
		-0.2734931707382202,
		0.7821447849273682
	],
	"24. nose": [
		0.49317145347595215,
		0.3788027763366699,
		-0.08769774436950684,
		0.999875009059906
	],
	"25. left_eye": [
		0.49943050742149353,
		0.37149107456207275,
		-0.0769377201795578,
		0.9997879862785339
	],
	"26. right_eye": [
		0.48941436409950256,
		0.3703124523162842,
		-0.07378546893596649,
		0.9997590780258179
	],
	"27. left_ear": [
		0.5049673318862915,
		0.3778455853462219,
		-0.012031832709908485,
		0.99974125623703
	],
	"28. right_ear": [
		0.48597604036331177,
		0.3757297992706299,
		-0.008952762931585312,
		0.9996881484985352
	],
	"time stamp": 29.969946478656652
}