{
	"1. left_hip": [
		0.5063591599464417,
		0.5683157444000244,
		-0.021221322938799858,
		0.9994979500770569
	],
	"2. left_knee": [
		0.49165552854537964,
		0.6845152974128723,
		-0.06810729205608368,
		0.9641776084899902
	],
	"3. left_ankle": [
		0.47859352827072144,
		0.7855759263038635,
		-0.002519421512261033,
		0.9537955522537231
	],
	"6. right_hip": [
		0.47780030965805054,
		0.5721691846847534,
		0.021276138722896576,
		0.9993706345558167
	],
	"7. right_knee": [
		0.4758939743041992,
		0.6869702935218811,
		0.016761166974902153,
		0.9146344661712646
	],
	"8. right_ankle": [
		0.4853731691837311,
		0.7466905117034912,
		0.21759900450706482,
		0.8630199432373047
	],
	"14. left_shoulder": [
		0.512869656085968,
		0.4211505055427551,
		-0.0485420860350132,
		0.9994766712188721
	],
	"15. left_elbow": [
		0.5034053325653076,
		0.4316854774951935,
		-0.22012045979499817,
		0.9439077377319336
	],
	"16. left_wrist": [
		0.49402308464050293,
		0.42567873001098633,
		-0.386671245098114,
		0.9059194326400757
	],
	"19. right_shoulder": [
		0.47027039527893066,
		0.41562139987945557,
		0.004318233113735914,
		0.9989619255065918
	],
	"20. right_elbow": [
		0.4660887122154236,
		0.4369700253009796,
		-0.11202577501535416,
		0.8317859768867493
	],
	"21. right_wrist": [
		0.4629310965538025,
		0.4221492409706116,
		-0.27202489972114563,
		0.7907698154449463
	],
	"24. nose": [
		0.49163779616355896,
		0.3739877939224243,
		-0.10652623325586319,
		0.9998626112937927
	],
	"25. left_eye": [
		0.4981302320957184,
		0.36539703607559204,
		-0.09672104567289352,
		0.9997866749763489
	],
	"26. right_eye": [
		0.48844480514526367,
		0.3649652302265167,
		-0.09276974201202393,
		0.9997307658195496
	],
	"27. left_ear": [
		0.5047078728675842,
		0.3724628984928131,
		-0.03219892084598541,
		0.9997592568397522
	],
	"28. right_ear": [
		0.48597127199172974,
		0.3707515597343445,
		-0.023714866489171982,
		0.9996732473373413
	],
	"time stamp": 29.969946478656652
}