{
	"1. left_hip": [
		0.5056754350662231,
		0.5546131730079651,
		0.001234253984875977,
		0.9996617436408997
	],
	"2. left_knee": [
		0.49472784996032715,
		0.6731524467468262,
		-0.021885644644498825,
		0.9648371934890747
	],
	"3. left_ankle": [
		0.47946152091026306,
		0.7743193507194519,
		0.05841504782438278,
		0.95053631067276
	],
	"6. right_hip": [
		0.4757956862449646,
		0.5531435608863831,
		-0.0012759917881339788,
		0.9995291829109192
	],
	"7. right_knee": [
		0.48033562302589417,
		0.663105309009552,
		-0.05788420885801315,
		0.9321988224983215
	],
	"8. right_ankle": [
		0.47135916352272034,
		0.7619588971138,
		0.017996277660131454,
		0.828981876373291
	],
	"14. left_shoulder": [
		0.5144597887992859,
		0.40347564220428467,
		-0.01934080198407173,
		0.999666154384613
	],
	"15. left_elbow": [
		0.5297011137008667,
		0.4253271818161011,
		-0.1647976040840149,
		0.9458180069923401
	],
	"16. left_wrist": [
		0.5487282872200012,
		0.4144271910190582,
		-0.3502264618873596,
		0.9351664781570435
	],
	"19. right_shoulder": [
		0.46526193618774414,
		0.3976745307445526,
		0.00010868718527490273,
		0.999312698841095
	],
	"20. right_elbow": [
		0.43087339401245117,
		0.4085603356361389,
		-0.0992446020245552,
		0.8808319568634033
	],
	"21. right_wrist": [
		0.4031655788421631,
		0.41038715839385986,
		-0.25917863845825195,
		0.8559495210647583
	],
	"24. nose": [
		0.49099913239479065,
		0.34695297479629517,
		-0.10459047555923462,
		0.999908983707428
	],
	"25. left_eye": [
		0.49735885858535767,
		0.3374071419239044,
		-0.09437884390354156,
		0.9998623132705688
	],
	"26. right_eye": [
		0.4871756136417389,
		0.337209016084671,
		-0.09242132306098938,
		0.9998170137405396
	],
	"27. left_ear": [
		0.5034576654434204,
		0.3447159230709076,
		-0.03056967817246914,
		0.9998450875282288
	],
	"28. right_ear": [
		0.4835222661495209,
		0.3436785340309143,
		-0.023407647386193275,
		0.9997799396514893
	],
	"time stamp": 29.969946478656652
}