{
	"1. left_hip": [
		0.5069389343261719,
		0.5698748826980591,
		0.015147860161960125,
		0.998400866985321
	],
	"2. left_knee": [
		0.5002257227897644,
		0.7023535966873169,
		0.052301377058029175,
		0.8364784121513367
	],
	"3. left_ankle": [
		0.49149879813194275,
		0.7496916651725769,
		0.2675696909427643,
		0.7651996612548828
	],
	"6. right_hip": [
		0.47544994950294495,
		0.5684678554534912,
		-0.01520354300737381,
		0.9992812871932983
	],
	"7. right_knee": [
		0.4820728898048401,
		0.696269690990448,
		-0.06035371869802475,
		0.9529799222946167
	],
	"8. right_ankle": [
		0.4913531243801117,
		0.8074055314064026,
		0.00569749902933836,
		0.9226548075675964
	],
	"14. left_shoulder": [
		0.5324043035507202,
		0.41171738505363464,
		-0.07119885087013245,
		0.9997594952583313
	],
	"15. left_elbow": [
		0.5712962746620178,
		0.4317454993724823,
		-0.06484099477529526,
		0.9781447649002075
	],
	"16. left_wrist": [
		0.6141828894615173,
		0.43280449509620667,
		-0.1501348316669464,
		0.9756630659103394
	],
	"19. right_shoulder": [
		0.4668204188346863,
		0.41494840383529663,
		-0.0791754201054573,
		0.999585747718811
	],
	"20. right_elbow": [
		0.4260735511779785,
		0.4220351278781891,
		-0.0647931918501854,
		0.9557965397834778
	],
	"21. right_wrist": [
		0.3828269839286804,
		0.414045125246048,
		-0.12995746731758118,
		0.947084903717041
	],
	"24. nose": [
		0.4943007528781891,
		0.33899155259132385,
		-0.20498399436473846,
		0.9999510645866394
	],
	"25. left_eye": [
		0.49938470125198364,
		0.32966649532318115,
		-0.19308359920978546,
		0.9998565316200256
	],
	"26. right_eye": [
		0.48800817131996155,
		0.33297985792160034,
		-0.19182124733924866,
		0.9998299479484558
	],
	"27. left_ear": [
		0.505888819694519,
		0.33795276284217834,
		-0.12326697260141373,
		0.9998107552528381
	],
	"28. right_ear": [
		0.483511358499527,
		0.3425350487232208,
		-0.11773506551980972,
		0.9996957778930664
	],
	"time stamp": 29.969946478656652
}