{
	"1. left_hip": [
		0.5077165961265564,
		0.569596529006958,
		0.014875037595629692,
		0.9984447360038757
	],
	"2. left_knee": [
		0.5028318762779236,
		0.7061188817024231,
		0.0427037738263607,
		0.8363921046257019
	],
	"3. left_ankle": [
		0.4916865825653076,
		0.7338327765464783,
		0.27037960290908813,
		0.7334719896316528
	],
	"6. right_hip": [
		0.47549575567245483,
		0.5683683753013611,
		-0.014922762289643288,
		0.9993309378623962
	],
	"7. right_knee": [
		0.4820000231266022,
		0.7005982995033264,
		-0.06362985074520111,
		0.9559116959571838
	],
	"8. right_ankle": [
		0.49242234230041504,
		0.8088354468345642,
		0.011738741770386696,
		0.9279909729957581
	],
	"14. left_shoulder": [
		0.5333350300788879,
		0.41168978810310364,
		-0.0732344314455986,
		0.9997764825820923
	],
	"15. left_elbow": [
		0.5720798969268799,
		0.4333716034889221,
		-0.06222093850374222,
		0.9801555871963501
	],
	"16. left_wrist": [
		0.6145223379135132,
		0.43188515305519104,
		-0.14118021726608276,
		0.9778684973716736
	],
	"19. right_shoulder": [
		0.4680144190788269,
		0.41462576389312744,
		-0.08451254665851593,
		0.9996117949485779
	],
	"20. right_elbow": [
		0.42633914947509766,
		0.4247109293937683,
		-0.06857998669147491,
		0.9594833254814148
	],
	"21. right_wrist": [
		0.3836207985877991,
		0.4141787588596344,
		-0.13411736488342285,
		0.9514796137809753
	],
	"24. nose": [
		0.49580588936805725,
		0.3391432464122772,
		-0.22200162708759308,
		0.9999540448188782
	],
	"25. left_eye": [
		0.5008758306503296,
		0.32935458421707153,
		-0.20905046164989471,
		0.9998632669448853
	],
	"26. right_eye": [
		0.4891056418418884,
		0.33263248205184937,
		-0.20857207477092743,
		0.9998381733894348
	],
	"27. left_ear": [
		0.5069479942321777,
		0.3372895121574402,
		-0.13158513605594635,
		0.9998211860656738
	],
	"28. right_ear": [
		0.48441609740257263,
		0.34210729598999023,
		-0.12994173169136047,
		0.9997105002403259
	],
	"time stamp": 29.969946478656652
}