{
	"1. left_hip": [
		0.5090099573135376,
		0.5694243907928467,
		0.015240997076034546,
		0.9985153675079346
	],
	"2. left_knee": [
		0.504351019859314,
		0.7029796838760376,
		0.06847421824932098,
		0.841579020023346
	],
	"3. left_ankle": [
		0.496648371219635,
		0.7418364882469177,
		0.29166609048843384,
		0.7272121906280518
	],
	"6. right_hip": [
		0.47575458884239197,
		0.5683405995368958,
		-0.0152773167937994,
		0.9993862509727478
	],
	"7. right_knee": [
		0.48201316595077515,
		0.6996699571609497,
		-0.07066408544778824,
		0.9592300653457642
	],
	"8. right_ankle": [
		0.49294066429138184,
		0.8095125555992126,
		-0.0033689073752611876,
		0.9339877963066101
	],
	"14. left_shoulder": [
		0.5343635678291321,
		0.41163042187690735,
		-0.07382332533597946,
		0.9997899532318115
	],
	"15. left_elbow": [
		0.5731581449508667,
		0.43534740805625916,
		-0.06353358179330826,
		0.9818918704986572
	],
	"16. left_wrist": [
		0.6133350133895874,
		0.4266833961009979,
		-0.1469811499118805,
		0.9797796607017517
	],
	"19. right_shoulder": [
		0.46939271688461304,
		0.4145059883594513,
		-0.09163053333759308,
		0.9996377825737
	],
	"20. right_elbow": [
		0.42711812257766724,
		0.4255337119102478,
		-0.09216175973415375,
		0.9624995589256287
	],
	"21. right_wrist": [
		0.3855910897254944,
		0.4092922508716583,
		-0.17842872440814972,
		0.9551158547401428
	],
	"24. nose": [
		0.4984211027622223,
		0.3389475345611572,
		-0.2325802594423294,
		0.999956488609314
	],
	"25. left_eye": [
		0.5033285021781921,
		0.3287205696105957,
		-0.21902532875537872,
		0.9998682141304016
	],
	"26. right_eye": [
		0.4911256432533264,
		0.331893652677536,
		-0.21919676661491394,
		0.9998453855514526
	],
	"27. left_ear": [
		0.5088309049606323,
		0.33657869696617126,
		-0.13686656951904297,
		0.9998279213905334
	],
	"28. right_ear": [
		0.4858095049858093,
		0.34164533019065857,
		-0.13833312690258026,
		0.9997227191925049
	],
	"time stamp": 29.969946478656652
}