{
	"1. left_hip": [
		0.5170351266860962,
		0.5548940300941467,
		0.0011900800745934248,
		0.9979560375213623
	],
	"2. left_knee": [
		0.5075590014457703,
		0.6748594641685486,
		-0.004847376141697168,
		0.8740171194076538
	],
	"3. left_ankle": [
		0.5118306875228882,
		0.7893148064613342,
		0.11110343784093857,
		0.7819074392318726
	],
	"6. right_hip": [
		0.4814739227294922,
		0.5591614842414856,
		-0.0011546018067747355,
		0.9990795254707336
	],
	"7. right_knee": [
		0.4851888120174408,
		0.6921608448028564,
		-0.01258153934031725,
		0.963612973690033
	],
	"8. right_ankle": [
		0.4955255389213562,
		0.8085120320320129,
		0.08639872819185257,
		0.9468552470207214
	],
	"14. left_shoulder": [
		0.534105658531189,
		0.3939291536808014,
		-0.00011987805919488892,
		0.9997865557670593
	],
	"15. left_elbow": [
		0.5709607005119324,
		0.43526390194892883,
		-0.02048354782164097,
		0.9872692227363586
	],
	"16. left_wrist": [
		0.598815381526947,
		0.3747415244579315,
		-0.11988043785095215,
		0.9858384728431702
	],
	"19. right_shoulder": [
		0.4710218906402588,
		0.39184215664863586,
		-0.000876886653713882,
		0.9996264576911926
	],
	"20. right_elbow": [
		0.4300077557563782,
		0.41047266125679016,
		-0.00498183723539114,
		0.9737544059753418
	],
	"21. right_wrist": [
		0.4055187702178955,
		0.35616543889045715,
		-0.09084121137857437,
		0.968908965587616
	],
	"24. nose": [
		0.5021761655807495,
		0.31911948323249817,
		-0.15170612931251526,
		0.9999619126319885
	],
	"25. left_eye": [
		0.5074357986450195,
		0.30894240736961365,
		-0.13524305820465088,
		0.9998738169670105
	],
	"26. right_eye": [
		0.496450275182724,
		0.30941832065582275,
		-0.13630016148090363,
		0.9998623132705688
	],
	"27. left_ear": [
		0.5123666524887085,
		0.3164421319961548,
		-0.05096951127052307,
		0.9998247623443604
	],
	"28. right_ear": [
		0.4898641109466553,
		0.31926429271698,
		-0.05633314698934555,
		0.9997661113739014
	],
	"time stamp": 29.969946478656652
}