{
	"1. left_hip": [
		0.5215819478034973,
		0.5520075559616089,
		-0.01324550062417984,
		0.9981051683425903
	],
	"2. left_knee": [
		0.5152708888053894,
		0.6914536952972412,
		-0.009700561873614788,
		0.8948348164558411
	],
	"3. left_ankle": [
		0.5167268514633179,
		0.8231440782546997,
		0.09679703414440155,
		0.8187409043312073
	],
	"6. right_hip": [
		0.4853764474391937,
		0.5569711327552795,
		0.013246266171336174,
		0.9989732503890991
	],
	"7. right_knee": [
		0.4905370771884918,
		0.6980493068695068,
		0.017969485372304916,
		0.9639153480529785
	],
	"8. right_ankle": [
		0.5010023713111877,
		0.8145394921302795,
		0.11879871785640717,
		0.9489185810089111
	],
	"14. left_shoulder": [
		0.5339337587356567,
		0.38405025005340576,
		0.007901979610323906,
		0.9998104572296143
	],
	"15. left_elbow": [
		0.5699187517166138,
		0.43454980850219727,
		-0.049841225147247314,
		0.9889107942581177
	],
	"16. left_wrist": [
		0.5647233724594116,
		0.3575748801231384,
		-0.163468599319458,
		0.987417459487915
	],
	"19. right_shoulder": [
		0.47221311926841736,
		0.38213130831718445,
		0.0359443835914135,
		0.999634861946106
	],
	"20. right_elbow": [
		0.43546175956726074,
		0.40470004081726074,
		-0.0134267034009099,
		0.9777505993843079
	],
	"21. right_wrist": [
		0.43935179710388184,
		0.32521501183509827,
		-0.12634029984474182,
		0.9732376337051392
	],
	"24. nose": [
		0.5038669109344482,
		0.3121393620967865,
		-0.12591198086738586,
		0.9999681115150452
	],
	"25. left_eye": [
		0.509786069393158,
		0.3026672899723053,
		-0.11035112291574478,
		0.999895453453064
	],
	"26. right_eye": [
		0.4983181059360504,
		0.3028795123100281,
		-0.10940127074718475,
		0.9998852014541626
	],
	"27. left_ear": [
		0.5151363611221313,
		0.3107428252696991,
		-0.028370458632707596,
		0.9998555779457092
	],
	"28. right_ear": [
		0.49147146940231323,
		0.3121233880519867,
		-0.024403423070907593,
		0.9998077154159546
	],
	"time stamp": 29.969946478656652
}