{
	"1. left_hip": [
		0.5220033526420593,
		0.55457603931427,
		-0.01397700421512127,
		0.9982244968414307
	],
	"2. left_knee": [
		0.5182340741157532,
		0.7019935846328735,
		-0.015611773356795311,
		0.9039135575294495
	],
	"3. left_ankle": [
		0.5183180570602417,
		0.8330096006393433,
		0.07314877957105637,
		0.8351092338562012
	],
	"6. right_hip": [
		0.4867636561393738,
		0.5591281652450562,
		0.013977509923279285,
		0.9989622235298157
	],
	"7. right_knee": [
		0.49375519156455994,
		0.7034815549850464,
		0.02111760899424553,
		0.9637562036514282
	],
	"8. right_ankle": [
		0.5041646957397461,
		0.8188952207565308,
		0.12463998794555664,
		0.9492132067680359
	],
	"14. left_shoulder": [
		0.5345699191093445,
		0.38647493720054626,
		0.004089054651558399,
		0.9998161196708679
	],
	"15. left_elbow": [
		0.5695362687110901,
		0.44066426157951355,
		-0.08749524503946304,
		0.9891337156295776
	],
	"16. left_wrist": [
		0.5520890951156616,
		0.3627296984195709,
		-0.20706303417682648,
		0.9871354103088379
	],
	"19. right_shoulder": [
		0.4733183979988098,
		0.38567882776260376,
		0.025446349754929543,
		0.9995934367179871
	],
	"20. right_elbow": [
		0.4440554082393646,
		0.40626874566078186,
		-0.05967770144343376,
		0.978464663028717
	],
	"21. right_wrist": [
		0.45863834023475647,
		0.3351505696773529,
		-0.1994108259677887,
		0.972391664981842
	],
	"24. nose": [
		0.505577564239502,
		0.31467410922050476,
		-0.12788626551628113,
		0.9999687075614929
	],
	"25. left_eye": [
		0.5108935832977295,
		0.3053516745567322,
		-0.11170760542154312,
		0.9999029040336609
	],
	"26. right_eye": [
		0.5001319646835327,
		0.3055996596813202,
		-0.11134926974773407,
		0.9998916387557983
	],
	"27. left_ear": [
		0.5162503123283386,
		0.3137739300727844,
		-0.026807870715856552,
		0.9998676180839539
	],
	"28. right_ear": [
		0.4927937984466553,
		0.31522879004478455,
		-0.02516954019665718,
		0.999822735786438
	],
	"time stamp": 29.969946478656652
}