{
	"1. left_hip": [
		0.5219473838806152,
		0.5560627579689026,
		-0.013850566931068897,
		0.9982917308807373
	],
	"2. left_knee": [
		0.5185367465019226,
		0.7036570310592651,
		-0.021596217527985573,
		0.9115631580352783
	],
	"3. left_ankle": [
		0.518021821975708,
		0.835292637348175,
		0.052279032766819,
		0.8492722511291504
	],
	"6. right_hip": [
		0.4875117242336273,
		0.5611721277236938,
		0.013844257220625877,
		0.9988946914672852
	],
	"7. right_knee": [
		0.4945783019065857,
		0.7056732177734375,
		0.01930217817425728,
		0.9629307985305786
	],
	"8. right_ankle": [
		0.5050758123397827,
		0.8213358521461487,
		0.11977831274271011,
		0.9474943280220032
	],
	"14. left_shoulder": [
		0.5349373817443848,
		0.3879329264163971,
		-0.0004500010109040886,
		0.9998120069503784
	],
	"15. left_elbow": [
		0.568731427192688,
		0.44243237376213074,
		-0.09763073176145554,
		0.9891833066940308
	],
	"16. left_wrist": [
		0.550275444984436,
		0.3608741760253906,
		-0.2216721773147583,
		0.9865555763244629
	],
	"19. right_shoulder": [
		0.4737071394920349,
		0.3872402608394623,
		0.019429679960012436,
		0.9995326995849609
	],
	"20. right_elbow": [
		0.44529232382774353,
		0.40626874566078186,
		-0.07148154079914093,
		0.9790937304496765
	],
	"21. right_wrist": [
		0.45918136835098267,
		0.3347770571708679,
		-0.20598557591438293,
		0.9705184698104858
	],
	"24. nose": [
		0.5057693123817444,
		0.31638234853744507,
		-0.13298888504505157,
		0.9999686479568481
	],
	"25. left_eye": [
		0.5112637281417847,
		0.3070107400417328,
		-0.11670408397912979,
		0.9999088644981384
	],
	"26. right_eye": [
		0.500503420829773,
		0.3068740963935852,
		-0.1164199486374855,
		0.9998961687088013
	],
	"27. left_ear": [
		0.5166997909545898,
		0.3156779110431671,
		-0.031247183680534363,
		0.9998773336410522
	],
	"28. right_ear": [
		0.49346891045570374,
		0.31651926040649414,
		-0.03010861948132515,
		0.9998348951339722
	],
	"time stamp": 29.969946478656652
}