{
	"1. left_hip": [
		0.5272716879844666,
		0.5703788995742798,
		-0.014315158128738403,
		0.9989181756973267
	],
	"2. left_knee": [
		0.5198670625686646,
		0.7205533981323242,
		-0.06495539844036102,
		0.9456615447998047
	],
	"3. left_ankle": [
		0.5190242528915405,
		0.8428971171379089,
		0.04058927297592163,
		0.905756413936615
	],
	"6. right_hip": [
		0.4925681948661804,
		0.5732573866844177,
		0.01428166776895523,
		0.9991496801376343
	],
	"7. right_knee": [
		0.49649104475975037,
		0.7231146097183228,
		0.0046964287757873535,
		0.9695281982421875
	],
	"8. right_ankle": [
		0.505760133266449,
		0.7944223880767822,
		0.21799194812774658,
		0.9189980030059814
	],
	"14. left_shoulder": [
		0.5381073951721191,
		0.3978561758995056,
		0.00014578894479200244,
		0.9998611211776733
	],
	"15. left_elbow": [
		0.5527762174606323,
		0.46488380432128906,
		-0.13122700154781342,
		0.987227201461792
	],
	"16. left_wrist": [
		0.5453282594680786,
		0.37458664178848267,
		-0.28253406286239624,
		0.9880917072296143
	],
	"19. right_shoulder": [
		0.4798206686973572,
		0.3918827176094055,
		0.023633407428860664,
		0.999397873878479
	],
	"20. right_elbow": [
		0.4650772511959076,
		0.44631505012512207,
		-0.0874159187078476,
		0.9718635082244873
	],
	"21. right_wrist": [
		0.47148117423057556,
		0.3531922399997711,
		-0.2390596568584442,
		0.9701417684555054
	],
	"24. nose": [
		0.5085477828979492,
		0.3203519582748413,
		-0.10927891731262207,
		0.9999727606773376
	],
	"25. left_eye": [
		0.5132034420967102,
		0.31031566858291626,
		-0.09413965046405792,
		0.9999361038208008
	],
	"26. right_eye": [
		0.5031918287277222,
		0.3113601803779602,
		-0.0927526205778122,
		0.9999160766601562
	],
	"27. left_ear": [
		0.5194496512413025,
		0.32017257809638977,
		-0.015593884512782097,
		0.9999168515205383
	],
	"28. right_ear": [
		0.49717503786087036,
		0.32243168354034424,
		-0.009324459359049797,
		0.9998723864555359
	],
	"time stamp": 29.969946478656652
}