{
	"1. left_hip": [
		0.5284777283668518,
		0.5707563757896423,
		-0.012640805914998055,
		0.9991174340248108
	],
	"2. left_knee": [
		0.5196617245674133,
		0.7191504836082458,
		-0.07715477049350739,
		0.9553073644638062
	],
	"3. left_ankle": [
		0.5202557444572449,
		0.8434212803840637,
		-0.007497284561395645,
		0.9223336577415466
	],
	"6. right_hip": [
		0.4925946593284607,
		0.5727011561393738,
		0.01255684345960617,
		0.999275803565979
	],
	"7. right_knee": [
		0.4972286820411682,
		0.7190922498703003,
		0.053993433713912964,
		0.9708152413368225
	],
	"8. right_ankle": [
		0.5015517473220825,
		0.763912558555603,
		0.3195226192474365,
		0.8881428241729736
	],
	"14. left_shoulder": [
		0.5395141243934631,
		0.3915196657180786,
		-0.02086922712624073,
		0.9998731017112732
	],
	"15. left_elbow": [
		0.5557764768600464,
		0.43565329909324646,
		-0.15888462960720062,
		0.985634446144104
	],
	"16. left_wrist": [
		0.54558265209198,
		0.3438422977924347,
		-0.3108547329902649,
		0.9878351092338562
	],
	"19. right_shoulder": [
		0.48074156045913696,
		0.3883044421672821,
		-0.029333466663956642,
		0.9993590712547302
	],
	"20. right_elbow": [
		0.46218985319137573,
		0.4203436076641083,
		-0.16859561204910278,
		0.9729664325714111
	],
	"21. right_wrist": [
		0.47638511657714844,
		0.33456191420555115,
		-0.3246355652809143,
		0.970844566822052
	],
	"24. nose": [
		0.5097223520278931,
		0.32100945711135864,
		-0.14927245676517487,
		0.9999740123748779
	],
	"25. left_eye": [
		0.5144666433334351,
		0.31102919578552246,
		-0.13403314352035522,
		0.9999433755874634
	],
	"26. right_eye": [
		0.5040497183799744,
		0.31182780861854553,
		-0.134455144405365,
		0.9999229311943054
	],
	"27. left_ear": [
		0.5205029249191284,
		0.32051771879196167,
		-0.047396861016750336,
		0.9999244213104248
	],
	"28. right_ear": [
		0.4975893497467041,
		0.3222848176956177,
		-0.04934980347752571,
		0.9998841285705566
	],
	"time stamp": 29.969946478656652
}