{
	"1. left_hip": [
		0.5285983681678772,
		0.5698681473731995,
		-0.009410260245203972,
		0.9992034435272217
	],
	"2. left_knee": [
		0.5199825763702393,
		0.7176370620727539,
		-0.061027586460113525,
		0.9594555497169495
	],
	"3. left_ankle": [
		0.5210292339324951,
		0.8417309522628784,
		0.015965163707733154,
		0.9295850396156311
	],
	"6. right_hip": [
		0.492351233959198,
		0.5717930197715759,
		0.009255519136786461,
		0.9993370771408081
	],
	"7. right_knee": [
		0.49708279967308044,
		0.711472749710083,
		0.04411955922842026,
		0.9716761112213135
	],
	"8. right_ankle": [
		0.5003893971443176,
		0.7609694600105286,
		0.30212968587875366,
		0.8777327537536621
	],
	"14. left_shoulder": [
		0.5393379926681519,
		0.39133843779563904,
		-0.026524370536208153,
		0.9998651742935181
	],
	"15. left_elbow": [
		0.5625845789909363,
		0.39788514375686646,
		-0.16576263308525085,
		0.9853641390800476
	],
	"16. left_wrist": [
		0.546622633934021,
		0.31468677520751953,
		-0.31297141313552856,
		0.9873127937316895
	],
	"19. right_shoulder": [
		0.4806298315525055,
		0.38710567355155945,
		-0.04951252043247223,
		0.9993644952774048
	],
	"20. right_elbow": [
		0.46093207597732544,
		0.3922901153564453,
		-0.19478419423103333,
		0.9751996994018555
	],
	"21. right_wrist": [
		0.47602325677871704,
		0.3097415268421173,
		-0.3384968340396881,
		0.972834050655365
	],
	"24. nose": [
		0.5101171135902405,
		0.3212014436721802,
		-0.16177234053611755,
		0.9999750852584839
	],
	"25. left_eye": [
		0.5153712630271912,
		0.31111377477645874,
		-0.143961101770401,
		0.9999464750289917
	],
	"26. right_eye": [
		0.5044385194778442,
		0.31200599670410156,
		-0.1464124619960785,
		0.9999279975891113
	],
	"27. left_ear": [
		0.5212810039520264,
		0.3206467032432556,
		-0.05288660526275635,
		0.9999260306358337
	],
	"28. right_ear": [
		0.49758124351501465,
		0.3219336271286011,
		-0.063785120844841,
		0.999893069267273
	],
	"time stamp": 29.969946478656652
}