{
	"1. left_hip": [
		0.5263603329658508,
		0.5517925024032593,
		-0.004649724345654249,
		0.9994298219680786
	],
	"2. left_knee": [
		0.5217598080635071,
		0.7083350419998169,
		0.007209149654954672,
		0.971908688545227
	],
	"3. left_ankle": [
		0.5153121948242188,
		0.8465279340744019,
		0.13383574783802032,
		0.960919976234436
	],
	"6. right_hip": [
		0.48843279480934143,
		0.552148699760437,
		0.004563298542052507,
		0.9993538856506348
	],
	"7. right_knee": [
		0.49852848052978516,
		0.7082876563072205,
		0.023556217551231384,
		0.9756045341491699
	],
	"8. right_ankle": [
		0.49737805128097534,
		0.8466787338256836,
		0.14862391352653503,
		0.9331487417221069
	],
	"14. left_shoulder": [
		0.5409525632858276,
		0.3471350371837616,
		-0.11529457569122314,
		0.9995343089103699
	],
	"15. left_elbow": [
		0.5720228552818298,
		0.2670595645904541,
		-0.1318618357181549,
		0.984191358089447
	],
	"16. left_wrist": [
		0.6159459948539734,
		0.19375449419021606,
		-0.19671113789081573,
		0.9793592095375061
	],
	"19. right_shoulder": [
		0.48095592856407166,
		0.3496723473072052,
		-0.13208428025245667,
		0.998729407787323
	],
	"20. right_elbow": [
		0.4563376307487488,
		0.2667980194091797,
		-0.2269829511642456,
		0.9857974648475647
	],
	"21. right_wrist": [
		0.42306676506996155,
		0.1993408203125,
		-0.35921818017959595,
		0.9803001880645752
	],
	"24. nose": [
		0.510863184928894,
		0.30216556787490845,
		-0.2793457806110382,
		0.9999671578407288
	],
	"25. left_eye": [
		0.5153512358665466,
		0.29123207926750183,
		-0.26554903388023376,
		0.9999268054962158
	],
	"26. right_eye": [
		0.5049623250961304,
		0.2913952171802521,
		-0.26573795080184937,
		0.9999138116836548
	],
	"27. left_ear": [
		0.5207504034042358,
		0.29648125171661377,
		-0.17231453955173492,
		0.9999093413352966
	],
	"28. right_ear": [
		0.4987221658229828,
		0.29684552550315857,
		-0.17243267595767975,
		0.9998724460601807
	],
	"time stamp": 29.969946478656652
}