{
	"1. left_hip": [
		0.5267969369888306,
		0.5529614090919495,
		-0.006758499890565872,
		0.9992157816886902
	],
	"2. left_knee": [
		0.5208677649497986,
		0.7094792127609253,
		-0.006537386681884527,
		0.9753856062889099
	],
	"3. left_ankle": [
		0.5148019194602966,
		0.8462990522384644,
		0.10451487451791763,
		0.966434895992279
	],
	"6. right_hip": [
		0.48885756731033325,
		0.5542664527893066,
		0.006794745568186045,
		0.999062716960907
	],
	"7. right_knee": [
		0.49817556142807007,
		0.7128791809082031,
		0.0066526904702186584,
		0.9783592820167542
	],
	"8. right_ankle": [
		0.4972953796386719,
		0.8487454652786255,
		0.11388956010341644,
		0.9452991485595703
	],
	"14. left_shoulder": [
		0.5424926280975342,
		0.35032400488853455,
		-0.04857351630926132,
		0.9995118975639343
	],
	"15. left_elbow": [
		0.5905907154083252,
		0.3181270956993103,
		-0.08027342706918716,
		0.9855183959007263
	],
	"16. left_wrist": [
		0.6287806630134583,
		0.32358190417289734,
		-0.1998264193534851,
		0.9778152704238892
	],
	"19. right_shoulder": [
		0.47262486815452576,
		0.35264554619789124,
		-0.0454690083861351,
		0.9985659718513489
	],
	"20. right_elbow": [
		0.42733654379844666,
		0.3039817810058594,
		-0.07703693211078644,
		0.9876741170883179
	],
	"21. right_wrist": [
		0.38604408502578735,
		0.2919933795928955,
		-0.1953360140323639,
		0.9776671528816223
	],
	"24. nose": [
		0.5098477005958557,
		0.30101916193962097,
		-0.20651260018348694,
		0.9999587535858154
	],
	"25. left_eye": [
		0.5152643918991089,
		0.28934386372566223,
		-0.1902051568031311,
		0.999880850315094
	],
	"26. right_eye": [
		0.5026146769523621,
		0.289406418800354,
		-0.1914280652999878,
		0.9998735189437866
	],
	"27. left_ear": [
		0.5206692218780518,
		0.29502418637275696,
		-0.09580529481172562,
		0.9998409152030945
	],
	"28. right_ear": [
		0.49535471200942993,
		0.29583725333213806,
		-0.10051550716161728,
		0.9997988343238831
	],
	"time stamp": 29.969946478656652
}