{
	"1. left_hip": [
		0.5272399187088013,
		0.5598508715629578,
		-0.01164579764008522,
		0.9987930655479431
	],
	"2. left_knee": [
		0.5204776525497437,
		0.7151746153831482,
		0.005249430891126394,
		0.9776383638381958
	],
	"3. left_ankle": [
		0.5142983198165894,
		0.8473445177078247,
		0.13666534423828125,
		0.9708011746406555
	],
	"6. right_hip": [
		0.48979800939559937,
		0.5618239045143127,
		0.011588961817324162,
		0.998599648475647
	],
	"7. right_knee": [
		0.49873486161231995,
		0.7162768840789795,
		0.032589323818683624,
		0.9785474538803101
	],
	"8. right_ankle": [
		0.4981251358985901,
		0.8489967584609985,
		0.15525785088539124,
		0.9534807801246643
	],
	"14. left_shoulder": [
		0.5453174710273743,
		0.3780726194381714,
		-0.13087566196918488,
		0.9995424747467041
	],
	"15. left_elbow": [
		0.5974286794662476,
		0.3891960084438324,
		-0.15786635875701904,
		0.9886584877967834
	],
	"16. left_wrist": [
		0.6363776326179504,
		0.3907935321331024,
		-0.28818395733833313,
		0.9815873503684998
	],
	"19. right_shoulder": [
		0.47085386514663696,
		0.3708573281764984,
		-0.11319752782583237,
		0.9987011551856995
	],
	"20. right_elbow": [
		0.42359432578086853,
		0.3814231753349304,
		-0.11847400665283203,
		0.9904550909996033
	],
	"21. right_wrist": [
		0.3773527145385742,
		0.366839736700058,
		-0.23994357883930206,
		0.9824336767196655
	],
	"24. nose": [
		0.5086239576339722,
		0.3014828860759735,
		-0.2945559620857239,
		0.999960720539093
	],
	"25. left_eye": [
		0.5152524709701538,
		0.2907089591026306,
		-0.27997639775276184,
		0.9998647570610046
	],
	"26. right_eye": [
		0.5022351741790771,
		0.28989121317863464,
		-0.2805550694465637,
		0.9998722076416016
	],
	"27. left_ear": [
		0.5208557844161987,
		0.2977101504802704,
		-0.1872919201850891,
		0.999783456325531
	],
	"28. right_ear": [
		0.4954051077365875,
		0.29626545310020447,
		-0.19029121100902557,
		0.9997596740722656
	],
	"time stamp": 29.969946478656652
}