{
	"1. left_hip": [
		0.5271357297897339,
		0.560815691947937,
		-0.012632680125534534,
		0.9983281493186951
	],
	"2. left_knee": [
		0.520163357257843,
		0.7155832648277283,
		0.007992619648575783,
		0.9756481051445007
	],
	"3. left_ankle": [
		0.5136458873748779,
		0.8486115336418152,
		0.1069943755865097,
		0.9712259769439697
	],
	"6. right_hip": [
		0.49114736914634705,
		0.562691330909729,
		0.012564954347908497,
		0.998243510723114
	],
	"7. right_knee": [
		0.500548243522644,
		0.715823769569397,
		0.0314360149204731,
		0.9745558500289917
	],
	"8. right_ankle": [
		0.49846142530441284,
		0.8498092889785767,
		0.11785240471363068,
		0.955397367477417
	],
	"14. left_shoulder": [
		0.5454133749008179,
		0.38106533885002136,
		-0.11331199109554291,
		0.9995521903038025
	],
	"15. left_elbow": [
		0.5949190258979797,
		0.3949454724788666,
		-0.12909486889839172,
		0.9903112053871155
	],
	"16. left_wrist": [
		0.6373507380485535,
		0.3880619406700134,
		-0.23978355526924133,
		0.983768105506897
	],
	"19. right_shoulder": [
		0.47129106521606445,
		0.3744000792503357,
		-0.10989495366811752,
		0.9987956881523132
	],
	"20. right_elbow": [
		0.4231013357639313,
		0.37941238284111023,
		-0.07924669235944748,
		0.9917194247245789
	],
	"21. right_wrist": [
		0.37675386667251587,
		0.3556828498840332,
		-0.15562370419502258,
		0.9847385287284851
	],
	"24. nose": [
		0.5085444450378418,
		0.30218473076820374,
		-0.27541565895080566,
		0.9999623894691467
	],
	"25. left_eye": [
		0.5150856375694275,
		0.29150569438934326,
		-0.25860050320625305,
		0.9998628497123718
	],
	"26. right_eye": [
		0.5022761225700378,
		0.2905657887458801,
		-0.25956326723098755,
		0.9998719096183777
	],
	"27. left_ear": [
		0.5208152532577515,
		0.2992784082889557,
		-0.16384491324424744,
		0.9997679591178894
	],
	"28. right_ear": [
		0.49543625116348267,
		0.2972971796989441,
		-0.1667739301919937,
		0.9997459650039673
	],
	"time stamp": 29.969946478656652
}