{
	"1. left_hip": [
		0.5272659063339233,
		0.5605112314224243,
		-0.0115415770560503,
		0.998266875743866
	],
	"2. left_knee": [
		0.5216319561004639,
		0.7155806422233582,
		0.006394984666258097,
		0.9747191667556763
	],
	"3. left_ankle": [
		0.5136681199073792,
		0.8485348224639893,
		0.1021244153380394,
		0.9709353446960449
	],
	"6. right_hip": [
		0.4913419187068939,
		0.5625842809677124,
		0.011472942307591438,
		0.998200535774231
	],
	"7. right_knee": [
		0.5008617639541626,
		0.7153193354606628,
		0.015258468687534332,
		0.9729856252670288
	],
	"8. right_ankle": [
		0.49855098128318787,
		0.8493915796279907,
		0.10529842227697372,
		0.9560092687606812
	],
	"14. left_shoulder": [
		0.5452533960342407,
		0.38015323877334595,
		-0.0728936567902565,
		0.9995734095573425
	],
	"15. left_elbow": [
		0.5931979417800903,
		0.3956890106201172,
		-0.08739441633224487,
		0.9909389615058899
	],
	"16. left_wrist": [
		0.6350754499435425,
		0.38337910175323486,
		-0.20048007369041443,
		0.9848174452781677
	],
	"19. right_shoulder": [
		0.4714431166648865,
		0.3739050626754761,
		-0.060141194611787796,
		0.9988587498664856
	],
	"20. right_elbow": [
		0.4238313138484955,
		0.3803645372390747,
		-0.05781729891896248,
		0.992172360420227
	],
	"21. right_wrist": [
		0.3798014521598816,
		0.3514288663864136,
		-0.14958533644676208,
		0.9857186079025269
	],
	"24. nose": [
		0.5084360241889954,
		0.3022640347480774,
		-0.21971389651298523,
		0.9999642968177795
	],
	"25. left_eye": [
		0.5149945020675659,
		0.29153504967689514,
		-0.20417436957359314,
		0.9998680353164673
	],
	"26. right_eye": [
		0.5022531747817993,
		0.2906462252140045,
		-0.20479273796081543,
		0.9998769164085388
	],
	"27. left_ear": [
		0.5208104848861694,
		0.2993420958518982,
		-0.11776117235422134,
		0.9997757077217102
	],
	"28. right_ear": [
		0.49542027711868286,
		0.2973994016647339,
		-0.12166184186935425,
		0.999755859375
	],
	"time stamp": 29.969946478656652
}