{
	"1. left_hip": [
		0.5277172327041626,
		0.5604016780853271,
		-0.007339766714721918,
		0.998308002948761
	],
	"2. left_knee": [
		0.5226725339889526,
		0.7155749201774597,
		0.007606111466884613,
		0.974815309047699
	],
	"3. left_ankle": [
		0.5136822462081909,
		0.848475456237793,
		0.10596883296966553,
		0.971822202205658
	],
	"6. right_hip": [
		0.4915848672389984,
		0.5625190734863281,
		0.007273661904036999,
		0.9982233047485352
	],
	"7. right_knee": [
		0.5010113716125488,
		0.7147020101547241,
		0.010643994435667992,
		0.9717606902122498
	],
	"8. right_ankle": [
		0.4985527992248535,
		0.8491607904434204,
		0.1101931557059288,
		0.9572420716285706
	],
	"14. left_shoulder": [
		0.5444251894950867,
		0.37971919775009155,
		-0.050608135759830475,
		0.9995988011360168
	],
	"15. left_elbow": [
		0.5925015211105347,
		0.40180423855781555,
		-0.05865690857172012,
		0.9912541508674622
	],
	"16. left_wrist": [
		0.6318057775497437,
		0.3800792992115021,
		-0.15962788462638855,
		0.9856160283088684
	],
	"19. right_shoulder": [
		0.471243292093277,
		0.37401098012924194,
		-0.050676364451646805,
		0.9989241361618042
	],
	"20. right_elbow": [
		0.42569223046302795,
		0.38897794485092163,
		-0.07932643592357635,
		0.9922478795051575
	],
	"21. right_wrist": [
		0.383257120847702,
		0.35997629165649414,
		-0.1899079978466034,
		0.9862053990364075
	],
	"24. nose": [
		0.5084155797958374,
		0.3015185594558716,
		-0.203471377491951,
		0.9999668002128601
	],
	"25. left_eye": [
		0.5149567723274231,
		0.29104697704315186,
		-0.18706026673316956,
		0.9998764991760254
	],
	"26. right_eye": [
		0.5022221803665161,
		0.28996485471725464,
		-0.1888200342655182,
		0.999885082244873
	],
	"27. left_ear": [
		0.5207697153091431,
		0.2993125319480896,
		-0.09809652715921402,
		0.9997900128364563
	],
	"28. right_ear": [
		0.4952624440193176,
		0.29715970158576965,
		-0.1077166348695755,
		0.9997726082801819
	],
	"time stamp": 29.969946478656652
}