{
	"1. left_hip": [
		0.5283864736557007,
		0.5595071315765381,
		-0.006462971214205027,
		0.9985218048095703
	],
	"2. left_knee": [
		0.5233114957809448,
		0.71551513671875,
		-0.012404912151396275,
		0.9766719341278076
	],
	"3. left_ankle": [
		0.5141710638999939,
		0.8483904600143433,
		0.10657372325658798,
		0.974791407585144
	],
	"6. right_hip": [
		0.49189138412475586,
		0.5624014735221863,
		0.006436494644731283,
		0.9984040856361389
	],
	"7. right_knee": [
		0.5009545683860779,
		0.7138723731040955,
		0.000937506731133908,
		0.97293621301651
	],
	"8. right_ankle": [
		0.4985806345939636,
		0.8487719297409058,
		0.1104680672287941,
		0.9614030718803406
	],
	"14. left_shoulder": [
		0.5438218712806702,
		0.37805718183517456,
		-0.025879397988319397,
		0.999666690826416
	],
	"15. left_elbow": [
		0.5915443301200867,
		0.4222538471221924,
		-0.06584125757217407,
		0.9922177791595459
	],
	"16. left_wrist": [
		0.6136959791183472,
		0.3778405487537384,
		-0.20453886687755585,
		0.9875528812408447
	],
	"19. right_shoulder": [
		0.4714319705963135,
		0.37310662865638733,
		-0.016697291284799576,
		0.9990975260734558
	],
	"20. right_elbow": [
		0.42729073762893677,
		0.40516752004623413,
		-0.044334929436445236,
		0.9930853247642517
	],
	"21. right_wrist": [
		0.3907720744609833,
		0.35768556594848633,
		-0.18821504712104797,
		0.9882319569587708
	],
	"24. nose": [
		0.508266270160675,
		0.3002691864967346,
		-0.1964692771434784,
		0.9999727010726929
	],
	"25. left_eye": [
		0.5148142576217651,
		0.28953349590301514,
		-0.1801522672176361,
		0.9998987913131714
	],
	"26. right_eye": [
		0.5020580887794495,
		0.28868481516838074,
		-0.18100635707378387,
		0.999905526638031
	],
	"27. left_ear": [
		0.5207561254501343,
		0.2977137267589569,
		-0.08518142998218536,
		0.9998282790184021
	],
	"28. right_ear": [
		0.4951861798763275,
		0.29584643244743347,
		-0.0908224955201149,
		0.9998139142990112
	],
	"time stamp": 29.969946478656652
}