{
	"1. left_hip": [
		0.5289785265922546,
		0.5604496598243713,
		-0.0053243692964315414,
		0.9987800121307373
	],
	"2. left_knee": [
		0.5232411026954651,
		0.7165969014167786,
		-0.010180043056607246,
		0.9783093333244324
	],
	"3. left_ankle": [
		0.5141370892524719,
		0.8483409285545349,
		0.12840311229228973,
		0.9771502017974854
	],
	"6. right_hip": [
		0.4925544857978821,
		0.5622596144676208,
		0.00530993239954114,
		0.9986290335655212
	],
	"7. right_knee": [
		0.5017560124397278,
		0.7137300372123718,
		0.0017646044725552201,
		0.9734927415847778
	],
	"8. right_ankle": [
		0.4986063539981842,
		0.8486044406890869,
		0.13037832081317902,
		0.9644863605499268
	],
	"14. left_shoulder": [
		0.5436004400253296,
		0.3772708773612976,
		-0.023710578680038452,
		0.9997426867485046
	],
	"15. left_elbow": [
		0.5671908855438232,
		0.4575069546699524,
		-0.11500714719295502,
		0.99211186170578
	],
	"16. left_wrist": [
		0.576656699180603,
		0.3764275312423706,
		-0.30401358008384705,
		0.9893795847892761
	],
	"19. right_shoulder": [
		0.47428902983665466,
		0.3726542592048645,
		-0.005491417832672596,
		0.9992976188659668
	],
	"20. right_elbow": [
		0.44505277276039124,
		0.4391695261001587,
		-0.06435559689998627,
		0.9930444955825806
	],
	"21. right_wrist": [
		0.4311792850494385,
		0.36239340901374817,
		-0.261471688747406,
		0.9902428984642029
	],
	"24. nose": [
		0.5081993341445923,
		0.2961505353450775,
		-0.1860375851392746,
		0.9999791979789734
	],
	"25. left_eye": [
		0.5148075819015503,
		0.2852937579154968,
		-0.17113980650901794,
		0.9999241828918457
	],
	"26. right_eye": [
		0.5019772052764893,
		0.28620290756225586,
		-0.16943657398223877,
		0.9999279975891113
	],
	"27. left_ear": [
		0.5210946202278137,
		0.2946012616157532,
		-0.07883329689502716,
		0.9998713731765747
	],
	"28. right_ear": [
		0.49518099427223206,
		0.29512640833854675,
		-0.07248499989509583,
		0.9998595118522644
	],
	"time stamp": 29.969946478656652
}