{
	"1. left_hip": [
		0.5296550393104553,
		0.560973048210144,
		-0.005624169483780861,
		0.9991092085838318
	],
	"2. left_knee": [
		0.523310124874115,
		0.7170103192329407,
		-0.0065410383976995945,
		0.980224609375
	],
	"3. left_ankle": [
		0.5141560435295105,
		0.8482303023338318,
		0.14222264289855957,
		0.9787975549697876
	],
	"6. right_hip": [
		0.4929285943508148,
		0.5618100166320801,
		0.0055734240449965,
		0.99894118309021
	],
	"7. right_knee": [
		0.5027886033058167,
		0.7136302590370178,
		0.005873006768524647,
		0.9730242490768433
	],
	"8. right_ankle": [
		0.49862828850746155,
		0.84791499376297,
		0.14851564168930054,
		0.9660243391990662
	],
	"14. left_shoulder": [
		0.5437962412834167,
		0.3781256675720215,
		-0.030326494947075844,
		0.9998314380645752
	],
	"15. left_elbow": [
		0.5672544240951538,
		0.46033307909965515,
		-0.14114315807819366,
		0.9929512143135071
	],
	"16. left_wrist": [
		0.571234405040741,
		0.37745603919029236,
		-0.31741976737976074,
		0.9925506114959717
	],
	"19. right_shoulder": [
		0.4752807021141052,
		0.37218135595321655,
		-0.011481785215437412,
		0.9995157718658447
	],
	"20. right_elbow": [
		0.44730058312416077,
		0.44341903924942017,
		-0.11164514720439911,
		0.9925643801689148
	],
	"21. right_wrist": [
		0.4446064829826355,
		0.3567439615726471,
		-0.31077077984809875,
		0.9925763607025146
	],
	"24. nose": [
		0.5086537599563599,
		0.29547110199928284,
		-0.18902263045310974,
		0.9999864101409912
	],
	"25. left_eye": [
		0.515454113483429,
		0.28477516770362854,
		-0.173499196767807,
		0.9999526143074036
	],
	"26. right_eye": [
		0.5022094249725342,
		0.2853873074054718,
		-0.17172208428382874,
		0.9999527931213379
	],
	"27. left_ear": [
		0.522114634513855,
		0.29464736580848694,
		-0.08015339821577072,
		0.9999196529388428
	],
	"28. right_ear": [
		0.49530211091041565,
		0.2951379418373108,
		-0.07384786754846573,
		0.9999088048934937
	],
	"time stamp": 29.969946478656652
}