{
	"1. left_hip": [
		0.5293357968330383,
		0.5633597373962402,
		0.0004179281531833112,
		0.9994030594825745
	],
	"2. left_knee": [
		0.5228302478790283,
		0.7170992493629456,
		0.005050349049270153,
		0.9827849268913269
	],
	"3. left_ankle": [
		0.5139585137367249,
		0.848232626914978,
		0.1271953284740448,
		0.982891321182251
	],
	"6. right_hip": [
		0.4925572872161865,
		0.5630437731742859,
		-0.0004457159957382828,
		0.9991793632507324
	],
	"7. right_knee": [
		0.5000776648521423,
		0.7130895853042603,
		-0.0008017445215955377,
		0.9732576012611389
	],
	"8. right_ankle": [
		0.4981817305088043,
		0.8457393050193787,
		0.12893469631671906,
		0.9693207740783691
	],
	"14. left_shoulder": [
		0.5432140827178955,
		0.3834502696990967,
		-0.0878845602273941,
		0.9999130964279175
	],
	"15. left_elbow": [
		0.5580320954322815,
		0.4699075520038605,
		-0.04395381361246109,
		0.9876881241798401
	],
	"16. left_wrist": [
		0.593975305557251,
		0.540142297744751,
		-0.13373039662837982,
		0.9904581904411316
	],
	"19. right_shoulder": [
		0.4732210040092468,
		0.3774499297142029,
		-0.09778491407632828,
		0.9997035264968872
	],
	"20. right_elbow": [
		0.4556714594364166,
		0.4590872824192047,
		-0.06263860315084457,
		0.9724480509757996
	],
	"21. right_wrist": [
		0.4228076934814453,
		0.5281808972358704,
		-0.1464991271495819,
		0.9798423051834106
	],
	"24. nose": [
		0.5084742307662964,
		0.29458534717559814,
		-0.2655692994594574,
		0.9999921917915344
	],
	"25. left_eye": [
		0.5151326656341553,
		0.28468936681747437,
		-0.2511943280696869,
		0.9999750852584839
	],
	"26. right_eye": [
		0.5019201040267944,
		0.2851821482181549,
		-0.25365689396858215,
		0.9999722838401794
	],
	"27. left_ear": [
		0.5209304094314575,
		0.294641375541687,
		-0.15700921416282654,
		0.9999568462371826
	],
	"28. right_ear": [
		0.4948638081550598,
		0.2951793074607849,
		-0.1701340675354004,
		0.9999455213546753
	],
	"time stamp": 29.969946478656652
}