{
	"1. left_hip": [
		0.5302327275276184,
		0.5633558630943298,
		0.0031402292661368847,
		0.999416708946228
	],
	"2. left_knee": [
		0.5226494073867798,
		0.7159367203712463,
		0.008488166145980358,
		0.9811587333679199
	],
	"3. left_ankle": [
		0.5140968561172485,
		0.8486388921737671,
		0.1482667475938797,
		0.9830875396728516
	],
	"6. right_hip": [
		0.4925335943698883,
		0.5629754066467285,
		-0.0032169404439628124,
		0.9992328882217407
	],
	"7. right_knee": [
		0.5000163316726685,
		0.7126275897026062,
		-0.007258415222167969,
		0.9706188440322876
	],
	"8. right_ankle": [
		0.4980958104133606,
		0.8458884358406067,
		0.13531892001628876,
		0.9679538607597351
	],
	"14. left_shoulder": [
		0.54271399974823,
		0.3838428854942322,
		-0.08022087067365646,
		0.9999237656593323
	],
	"15. left_elbow": [
		0.5515639781951904,
		0.4759705066680908,
		-0.028483251109719276,
		0.9794012308120728
	],
	"16. left_wrist": [
		0.5602008104324341,
		0.5639374852180481,
		-0.1128188818693161,
		0.9715461134910583
	],
	"19. right_shoulder": [
		0.4725513458251953,
		0.37985146045684814,
		-0.09900686889886856,
		0.9997780323028564
	],
	"20. right_elbow": [
		0.46182337403297424,
		0.46915102005004883,
		-0.06236093118786812,
		0.9732412695884705
	],
	"21. right_wrist": [
		0.45591020584106445,
		0.5507789254188538,
		-0.13990357518196106,
		0.9703545570373535
	],
	"24. nose": [
		0.507815420627594,
		0.295076847076416,
		-0.26630815863609314,
		0.9999906420707703
	],
	"25. left_eye": [
		0.5144025683403015,
		0.28526413440704346,
		-0.25168249011039734,
		0.9999693036079407
	],
	"26. right_eye": [
		0.500922679901123,
		0.28602832555770874,
		-0.2543225586414337,
		0.9999653697013855
	],
	"27. left_ear": [
		0.5203592777252197,
		0.2952836751937866,
		-0.15503132343292236,
		0.9999307990074158
	],
	"28. right_ear": [
		0.4941015839576721,
		0.2965434491634369,
		-0.16846276819705963,
		0.9999306797981262
	],
	"time stamp": 29.969946478656652
}