{
	"1. left_hip": [
		0.5303546190261841,
		0.5645907521247864,
		0.0032495397608727217,
		0.9993865489959717
	],
	"2. left_knee": [
		0.5228806734085083,
		0.7159538865089417,
		0.006300064269453287,
		0.9793849587440491
	],
	"3. left_ankle": [
		0.5141164660453796,
		0.848899781703949,
		0.14584709703922272,
		0.9826638698577881
	],
	"6. right_hip": [
		0.49253401160240173,
		0.563671350479126,
		-0.0033343005925416946,
		0.9992159605026245
	],
	"7. right_knee": [
		0.5001506805419922,
		0.7128139734268188,
		-0.004591523203998804,
		0.9686408638954163
	],
	"8. right_ankle": [
		0.4980641007423401,
		0.8460944890975952,
		0.13974446058273315,
		0.96678227186203
	],
	"14. left_shoulder": [
		0.5435711145401001,
		0.3826180696487427,
		-0.1022758036851883,
		0.9999217987060547
	],
	"15. left_elbow": [
		0.551049530506134,
		0.4773058295249939,
		-0.051136624068021774,
		0.9718847274780273
	],
	"16. left_wrist": [
		0.5600674152374268,
		0.5631289482116699,
		-0.13313362002372742,
		0.955847442150116
	],
	"19. right_shoulder": [
		0.4728541970252991,
		0.3805297911167145,
		-0.10836281627416611,
		0.9998074769973755
	],
	"20. right_elbow": [
		0.46069568395614624,
		0.47305411100387573,
		-0.06055159121751785,
		0.9723257422447205
	],
	"21. right_wrist": [
		0.444444477558136,
		0.5509458780288696,
		-0.14190344512462616,
		0.9648886322975159
	],
	"24. nose": [
		0.5062994360923767,
		0.29528239369392395,
		-0.28501400351524353,
		0.9999878406524658
	],
	"25. left_eye": [
		0.5130553841590881,
		0.28546690940856934,
		-0.27117425203323364,
		0.9999608397483826
	],
	"26. right_eye": [
		0.49983519315719604,
		0.2865777313709259,
		-0.27241602540016174,
		0.9999540448188782
	],
	"27. left_ear": [
		0.5195186734199524,
		0.2953585088253021,
		-0.17625555396080017,
		0.9999043941497803
	],
	"28. right_ear": [
		0.49368220567703247,
		0.29731979966163635,
		-0.18288323283195496,
		0.999904453754425
	],
	"time stamp": 29.969946478656652
}