{
	"1. left_hip": [
		0.530347466468811,
		0.5662404894828796,
		-0.0004839845059905201,
		0.9993921518325806
	],
	"2. left_knee": [
		0.522891640663147,
		0.7161321043968201,
		0.02341509610414505,
		0.979171872138977
	],
	"3. left_ankle": [
		0.5142337083816528,
		0.8489185571670532,
		0.15916284918785095,
		0.9836642742156982
	],
	"6. right_hip": [
		0.49242621660232544,
		0.564328134059906,
		0.00036361190723255277,
		0.9992300868034363
	],
	"7. right_knee": [
		0.5002210736274719,
		0.7129101157188416,
		0.012777678668498993,
		0.9676527380943298
	],
	"8. right_ankle": [
		0.49812451004981995,
		0.8461199998855591,
		0.16043488681316376,
		0.9673142433166504
	],
	"14. left_shoulder": [
		0.5442199110984802,
		0.3809974789619446,
		-0.14727230370044708,
		0.9999343156814575
	],
	"15. left_elbow": [
		0.5635990500450134,
		0.46005457639694214,
		-0.08509192615747452,
		0.9750712513923645
	],
	"16. left_wrist": [
		0.5757586359977722,
		0.5390459895133972,
		-0.15120349824428558,
		0.9588402509689331
	],
	"19. right_shoulder": [
		0.47192931175231934,
		0.37894728779792786,
		-0.1504136025905609,
		0.9998400807380676
	],
	"20. right_elbow": [
		0.44021016359329224,
		0.44583553075790405,
		-0.0946321189403534,
		0.9763243198394775
	],
	"21. right_wrist": [
		0.4240170419216156,
		0.5210365056991577,
		-0.14036549627780914,
		0.9644132256507874
	],
	"24. nose": [
		0.5052251815795898,
		0.29647067189216614,
		-0.3497329652309418,
		0.9999887347221375
	],
	"25. left_eye": [
		0.5120492577552795,
		0.2858051657676697,
		-0.3353171944618225,
		0.9999641180038452
	],
	"26. right_eye": [
		0.4987526834011078,
		0.2873985767364502,
		-0.337824285030365,
		0.9999568462371826
	],
	"27. left_ear": [
		0.5186541080474854,
		0.2953033745288849,
		-0.23175373673439026,
		0.9999105334281921
	],
	"28. right_ear": [
		0.4930611252784729,
		0.2977198362350464,
		-0.2448687106370926,
		0.9999072551727295
	],
	"time stamp": 29.969946478656652
}