{
	"1. left_hip": [
		0.5304200053215027,
		0.5587621927261353,
		-0.00424977345392108,
		0.9993263483047485
	],
	"2. left_knee": [
		0.5234264731407166,
		0.714907169342041,
		-0.003701522946357727,
		0.9790305495262146
	],
	"3. left_ankle": [
		0.5143114328384399,
		0.8486455082893372,
		0.1091686487197876,
		0.9842154383659363
	],
	"6. right_hip": [
		0.4926123023033142,
		0.5602379441261292,
		0.004133868496865034,
		0.9991515874862671
	],
	"7. right_knee": [
		0.5003066658973694,
		0.7124311923980713,
		0.010929983109235764,
		0.9666664004325867
	],
	"8. right_ankle": [
		0.49815911054611206,
		0.845984160900116,
		0.12119507789611816,
		0.9681676030158997
	],
	"14. left_shoulder": [
		0.5452737808227539,
		0.37424662709236145,
		-0.04381593316793442,
		0.999945342540741
	],
	"15. left_elbow": [
		0.5903887748718262,
		0.4073438346385956,
		-0.1201094537973404,
		0.9817479252815247
	],
	"16. left_wrist": [
		0.6123037338256836,
		0.44517970085144043,
		-0.2970476746559143,
		0.9662700295448303
	],
	"19. right_shoulder": [
		0.46995553374290466,
		0.3670194447040558,
		-0.033142127096652985,
		0.999817967414856
	],
	"20. right_elbow": [
		0.4241703450679779,
		0.3868516683578491,
		-0.1184331625699997,
		0.9809128046035767
	],
	"21. right_wrist": [
		0.40274229645729065,
		0.4231644868850708,
		-0.29406312108039856,
		0.9622388482093811
	],
	"24. nose": [
		0.504894495010376,
		0.29749494791030884,
		-0.19633662700653076,
		0.9999866485595703
	],
	"25. left_eye": [
		0.5115723013877869,
		0.2863318920135498,
		-0.1805417537689209,
		0.9999600648880005
	],
	"26. right_eye": [
		0.4984626770019531,
		0.2879168689250946,
		-0.18101345002651215,
		0.9999526739120483
	],
	"27. left_ear": [
		0.517920732498169,
		0.29487964510917664,
		-0.0849127322435379,
		0.9999211430549622
	],
	"28. right_ear": [
		0.49279674887657166,
		0.2975730895996094,
		-0.08860735595226288,
		0.9999034404754639
	],
	"time stamp": 29.969946478656652
}