{
	"1. left_hip": [
		0.5288618206977844,
		0.559977650642395,
		0.0022791167721152306,
		0.9993606209754944
	],
	"2. left_knee": [
		0.5232470035552979,
		0.7152679562568665,
		0.001872540800832212,
		0.9767945408821106
	],
	"3. left_ankle": [
		0.5144819021224976,
		0.8462551832199097,
		0.1263069212436676,
		0.9807484745979309
	],
	"6. right_hip": [
		0.4914425015449524,
		0.5627041459083557,
		-0.002285157795995474,
		0.9991198778152466
	],
	"7. right_knee": [
		0.49920615553855896,
		0.7125834226608276,
		-0.010806458070874214,
		0.9654132127761841
	],
	"8. right_ankle": [
		0.4976966381072998,
		0.8451367616653442,
		0.10943138599395752,
		0.9657707810401917
	],
	"14. left_shoulder": [
		0.5421528816223145,
		0.3860498070716858,
		-0.0016728548798710108,
		0.999940037727356
	],
	"15. left_elbow": [
		0.5848766565322876,
		0.4332229197025299,
		-0.01729404926300049,
		0.986954391002655
	],
	"16. left_wrist": [
		0.6207093000411987,
		0.40972769260406494,
		-0.15050002932548523,
		0.9780874848365784
	],
	"19. right_shoulder": [
		0.4694038927555084,
		0.3768202066421509,
		-0.011406531557440758,
		0.9998065829277039
	],
	"20. right_elbow": [
		0.42524951696395874,
		0.4154834747314453,
		-0.04816002398729324,
		0.9877647757530212
	],
	"21. right_wrist": [
		0.38670146465301514,
		0.38756895065307617,
		-0.19936919212341309,
		0.9771938323974609
	],
	"24. nose": [
		0.5050994157791138,
		0.29888951778411865,
		-0.17152920365333557,
		0.9999883770942688
	],
	"25. left_eye": [
		0.5117455124855042,
		0.2880098223686218,
		-0.15446153283119202,
		0.9999623894691467
	],
	"26. right_eye": [
		0.49852705001831055,
		0.2889429032802582,
		-0.15627339482307434,
		0.9999585151672363
	],
	"27. left_ear": [
		0.5178977251052856,
		0.2975517809391022,
		-0.05905842036008835,
		0.9999309778213501
	],
	"28. right_ear": [
		0.4925835132598877,
		0.29837143421173096,
		-0.07026206701993942,
		0.9999166131019592
	],
	"time stamp": 29.969946478656652
}