{
	"1. left_hip": [
		0.5288716554641724,
		0.5606439113616943,
		0.0017725154757499695,
		0.9993332624435425
	],
	"2. left_knee": [
		0.5230981111526489,
		0.7157151103019714,
		0.0016953781014308333,
		0.9764297604560852
	],
	"3. left_ankle": [
		0.5144847631454468,
		0.846038818359375,
		0.12609992921352386,
		0.9806321263313293
	],
	"6. right_hip": [
		0.49144259095191956,
		0.5635732412338257,
		-0.0017954411450773478,
		0.999079167842865
	],
	"7. right_knee": [
		0.49912208318710327,
		0.7128213047981262,
		-0.007792712654918432,
		0.9658044576644897
	],
	"8. right_ankle": [
		0.49755483865737915,
		0.8450967669487,
		0.11409220844507217,
		0.9659320116043091
	],
	"14. left_shoulder": [
		0.5422050952911377,
		0.389799028635025,
		-0.05089486762881279,
		0.9999425411224365
	],
	"15. left_elbow": [
		0.5800405144691467,
		0.4496336579322815,
		-0.07048683613538742,
		0.987435519695282
	],
	"16. left_wrist": [
		0.6184606552124023,
		0.42211270332336426,
		-0.23983120918273926,
		0.9797298908233643
	],
	"19. right_shoulder": [
		0.4694748818874359,
		0.3789374530315399,
		-0.05110663175582886,
		0.99981689453125
	],
	"20. right_elbow": [
		0.42880669236183167,
		0.433521568775177,
		-0.05688728019595146,
		0.9885444045066833
	],
	"21. right_wrist": [
		0.3879987895488739,
		0.3960375487804413,
		-0.1916389912366867,
		0.9792402386665344
	],
	"24. nose": [
		0.505052387714386,
		0.2990870475769043,
		-0.2251909226179123,
		0.9999891519546509
	],
	"25. left_eye": [
		0.5117301940917969,
		0.2881965637207031,
		-0.21092574298381805,
		0.9999648928642273
	],
	"26. right_eye": [
		0.498506635427475,
		0.28922152519226074,
		-0.21181142330169678,
		0.9999608397483826
	],
	"27. left_ear": [
		0.5178986191749573,
		0.2978113293647766,
		-0.11835943162441254,
		0.999935507774353
	],
	"28. right_ear": [
		0.4925469756126404,
		0.29871028661727905,
		-0.1240110844373703,
		0.9999217987060547
	],
	"time stamp": 29.969946478656652
}