{
	"1. left_hip": [
		0.5290640592575073,
		0.5624665021896362,
		0.003894601482897997,
		0.9993057250976562
	],
	"2. left_knee": [
		0.5229367613792419,
		0.7186001539230347,
		0.0018956444691866636,
		0.9763268828392029
	],
	"3. left_ankle": [
		0.5143776535987854,
		0.8461255431175232,
		0.13920080661773682,
		0.9811360239982605
	],
	"6. right_hip": [
		0.49145442247390747,
		0.5641494393348694,
		-0.003957526758313179,
		0.9990574717521667
	],
	"7. right_knee": [
		0.4988030791282654,
		0.7135903239250183,
		-0.010317692533135414,
		0.9679791331291199
	],
	"8. right_ankle": [
		0.49660927057266235,
		0.8451887965202332,
		0.13577447831630707,
		0.9653868079185486
	],
	"14. left_shoulder": [
		0.5419910550117493,
		0.38960137963294983,
		-0.10085971653461456,
		0.9999491572380066
	],
	"15. left_elbow": [
		0.5631043910980225,
		0.4760110676288605,
		-0.10348153114318848,
		0.9859297871589661
	],
	"16. left_wrist": [
		0.6027833223342896,
		0.49420976638793945,
		-0.22984042763710022,
		0.9820863008499146
	],
	"19. right_shoulder": [
		0.46958932280540466,
		0.38005685806274414,
		-0.10584372282028198,
		0.9998499751091003
	],
	"20. right_elbow": [
		0.4435146749019623,
		0.4590243995189667,
		-0.09019617736339569,
		0.989966869354248
	],
	"21. right_wrist": [
		0.4046171307563782,
		0.4887196123600006,
		-0.21689991652965546,
		0.9837292432785034
	],
	"24. nose": [
		0.5051507949829102,
		0.29991966485977173,
		-0.2913077473640442,
		0.9999911189079285
	],
	"25. left_eye": [
		0.5117815732955933,
		0.2888074815273285,
		-0.277002215385437,
		0.9999714493751526
	],
	"26. right_eye": [
		0.4985343813896179,
		0.290083646774292,
		-0.2782730758190155,
		0.9999672770500183
	],
	"27. left_ear": [
		0.5180187225341797,
		0.29846668243408203,
		-0.17748691141605377,
		0.9999464750289917
	],
	"28. right_ear": [
		0.4923616945743561,
		0.2995541989803314,
		-0.18511134386062622,
		0.9999350905418396
	],
	"time stamp": 29.969946478656652
}