{
	"1. left_hip": [
		0.5289488434791565,
		0.5646167397499084,
		0.004541770555078983,
		0.9993265271186829
	],
	"2. left_knee": [
		0.5229495167732239,
		0.7194197773933411,
		0.0018814379582181573,
		0.9763006567955017
	],
	"3. left_ankle": [
		0.5143036246299744,
		0.8463216423988342,
		0.13650815188884735,
		0.9813453555107117
	],
	"6. right_hip": [
		0.49134331941604614,
		0.5648390650749207,
		-0.00461112754419446,
		0.9990832209587097
	],
	"7. right_knee": [
		0.4988076090812683,
		0.7137582302093506,
		-0.008955196477472782,
		0.9683065414428711
	],
	"8. right_ankle": [
		0.4963347315788269,
		0.8454049229621887,
		0.13308556377887726,
		0.9657434225082397
	],
	"14. left_shoulder": [
		0.5415891408920288,
		0.3893745541572571,
		-0.09272582828998566,
		0.9999517202377319
	],
	"15. left_elbow": [
		0.5581178069114685,
		0.4775489270687103,
		-0.06553463637828827,
		0.9853305220603943
	],
	"16. left_wrist": [
		0.594702422618866,
		0.5195690393447876,
		-0.1758929342031479,
		0.9825294613838196
	],
	"19. right_shoulder": [
		0.4695994257926941,
		0.3812653124332428,
		-0.10217887163162231,
		0.9998590350151062
	],
	"20. right_elbow": [
		0.4470089077949524,
		0.4649125933647156,
		-0.08460908383131027,
		0.9898320436477661
	],
	"21. right_wrist": [
		0.4115084111690521,
		0.5123071670532227,
		-0.18397758901119232,
		0.9845078587532043
	],
	"24. nose": [
		0.5051499605178833,
		0.3001292645931244,
		-0.2778177559375763,
		0.9999917149543762
	],
	"25. left_eye": [
		0.5117731094360352,
		0.28892678022384644,
		-0.26351410150527954,
		0.9999732971191406
	],
	"26. right_eye": [
		0.4985203146934509,
		0.29027652740478516,
		-0.26514559984207153,
		0.9999691247940063
	],
	"27. left_ear": [
		0.5180162191390991,
		0.29858607053756714,
		-0.1665283590555191,
		0.9999491572380066
	],
	"28. right_ear": [
		0.49221259355545044,
		0.2998245060443878,
		-0.17625388503074646,
		0.9999381899833679
	],
	"time stamp": 29.969946478656652
}