{
	"1. left_hip": [
		0.5287107229232788,
		0.5647943019866943,
		0.004600780550390482,
		0.9993323087692261
	],
	"2. left_knee": [
		0.5228486061096191,
		0.719527542591095,
		0.002426960738375783,
		0.9760977029800415
	],
	"3. left_ankle": [
		0.514093279838562,
		0.8466249108314514,
		0.13921231031417847,
		0.981235921382904
	],
	"6. right_hip": [
		0.49101027846336365,
		0.5649155378341675,
		-0.004669358022511005,
		0.9990854859352112
	],
	"7. right_knee": [
		0.49879175424575806,
		0.7138491868972778,
		-0.00814849603921175,
		0.9679338932037354
	],
	"8. right_ankle": [
		0.4960593581199646,
		0.8456268310546875,
		0.13480325043201447,
		0.9652472138404846
	],
	"14. left_shoulder": [
		0.5413397550582886,
		0.3891075551509857,
		-0.10972321033477783,
		0.9999535083770752
	],
	"15. left_elbow": [
		0.5584801435470581,
		0.47482186555862427,
		-0.07040956616401672,
		0.9852930903434753
	],
	"16. left_wrist": [
		0.5933536291122437,
		0.5319709181785583,
		-0.1774292290210724,
		0.9827384352684021
	],
	"19. right_shoulder": [
		0.4695169925689697,
		0.38137897849082947,
		-0.1234557032585144,
		0.9998622536659241
	],
	"20. right_elbow": [
		0.4473625719547272,
		0.4651773273944855,
		-0.08689889311790466,
		0.9893666505813599
	],
	"21. right_wrist": [
		0.41479581594467163,
		0.5230256915092468,
		-0.17576798796653748,
		0.9844220280647278
	],
	"24. nose": [
		0.5050843358039856,
		0.3001701235771179,
		-0.3014618754386902,
		0.9999918937683105
	],
	"25. left_eye": [
		0.5117224454879761,
		0.2889724373817444,
		-0.2863664925098419,
		0.9999740719795227
	],
	"26. right_eye": [
		0.49848026037216187,
		0.2903021574020386,
		-0.28914254903793335,
		0.9999694228172302
	],
	"27. left_ear": [
		0.517917811870575,
		0.29859328269958496,
		-0.1863122284412384,
		0.9999495148658752
	],
	"28. right_ear": [
		0.49208545684814453,
		0.29986685514450073,
		-0.2010406255722046,
		0.9999375939369202
	],
	"time stamp": 29.969946478656652
}