{
	"1. left_hip": [
		0.5075963139533997,
		0.5650924444198608,
		-0.057816553860902786,
		0.9994702339172363
	],
	"2. left_knee": [
		0.4699316620826721,
		0.6829677224159241,
		-0.21804621815681458,
		0.9840539693832397
	],
	"3. left_ankle": [
		0.5021209120750427,
		0.8153628706932068,
		-0.1771741509437561,
		0.9862986207008362
	],
	"6. right_hip": [
		0.472329318523407,
		0.5642740726470947,
		0.05779290199279785,
		0.9992766976356506
	],
	"7. right_knee": [
		0.4690566658973694,
		0.6943755149841309,
		-0.0361153669655323,
		0.9477088451385498
	],
	"8. right_ankle": [
		0.49367862939834595,
		0.8294629454612732,
		0.010592038743197918,
		0.959922194480896
	],
	"14. left_shoulder": [
		0.5268155932426453,
		0.37058648467063904,
		-0.008346601389348507,
		0.9998210072517395
	],
	"15. left_elbow": [
		0.5336219072341919,
		0.2989327311515808,
		-0.11178199201822281,
		0.9929335713386536
	],
	"16. left_wrist": [
		0.5318871140480042,
		0.22325477004051208,
		-0.19750484824180603,
		0.9803894758224487
	],
	"19. right_shoulder": [
		0.46397846937179565,
		0.37575361132621765,
		0.10049901157617569,
		0.9991841912269592
	],
	"20. right_elbow": [
		0.43600741028785706,
		0.31323277950286865,
		-0.00025350815849378705,
		0.9895767569541931
	],
	"21. right_wrist": [
		0.4117078185081482,
		0.25011301040649414,
		-0.17702999711036682,
		0.9866288304328918
	],
	"24. nose": [
		0.49018406867980957,
		0.3265988230705261,
		-0.06963697075843811,
		0.9999754428863525
	],
	"25. left_eye": [
		0.4974824786186218,
		0.3127926290035248,
		-0.056448567658662796,
		0.9999114871025085
	],
	"26. right_eye": [
		0.4855543076992035,
		0.31402942538261414,
		-0.048207011073827744,
		0.9998864531517029
	],
	"27. left_ear": [
		0.5063124895095825,
		0.31455719470977783,
		0.01278641540557146,
		0.9998864531517029
	],
	"28. right_ear": [
		0.4831310212612152,
		0.31679075956344604,
		0.051942966878414154,
		0.9998168349266052
	],
	"time stamp": 29.969946478656652
}