{
	"1. left_hip": [
		0.49421030282974243,
		0.5552212595939636,
		-0.07707563787698746,
		0.999694287776947
	],
	"2. left_knee": [
		0.46123355627059937,
		0.6836764812469482,
		-0.13737402856349945,
		0.9805912971496582
	],
	"3. left_ankle": [
		0.4887428283691406,
		0.8436879515647888,
		-0.11571403592824936,
		0.9759551882743835
	],
	"6. right_hip": [
		0.47444385290145874,
		0.5557339787483215,
		0.07720738649368286,
		0.9995461702346802
	],
	"7. right_knee": [
		0.4670135974884033,
		0.6958379745483398,
		0.046049900352954865,
		0.8255290389060974
	],
	"8. right_ankle": [
		0.4871634542942047,
		0.8361145257949829,
		0.07124973088502884,
		0.8694784045219421
	],
	"14. left_shoulder": [
		0.5106815099716187,
		0.3725520968437195,
		-0.02815617248415947,
		0.9998539686203003
	],
	"15. left_elbow": [
		0.5028389096260071,
		0.27638670802116394,
		-0.07896114140748978,
		0.9951511025428772
	],
	"16. left_wrist": [
		0.4825232923030853,
		0.2062869817018509,
		-0.023112703114748,
		0.9837139844894409
	],
	"19. right_shoulder": [
		0.4757358431816101,
		0.37865909934043884,
		0.15360167622566223,
		0.9993037581443787
	],
	"20. right_elbow": [
		0.46657195687294006,
		0.29093828797340393,
		0.1857898086309433,
		0.9547752737998962
	],
	"21. right_wrist": [
		0.4716169834136963,
		0.22317257523536682,
		0.1820952296257019,
		0.9552529454231262
	],
	"24. nose": [
		0.4857071340084076,
		0.3299221992492676,
		-0.04672180116176605,
		0.9999601244926453
	],
	"25. left_eye": [
		0.4907962381839752,
		0.3170114755630493,
		-0.03571010380983353,
		0.999927282333374
	],
	"26. right_eye": [
		0.481715589761734,
		0.32112616300582886,
		-0.022390540689229965,
		0.9998740553855896
	],
	"27. left_ear": [
		0.4995928406715393,
		0.3193562924861908,
		0.01793527416884899,
		0.9999290704727173
	],
	"28. right_ear": [
		0.48049670457839966,
		0.3250200152397156,
		0.08081340789794922,
		0.9998449087142944
	],
	"time stamp": 29.969946478656652
}