{
	"1. left_hip": [
		0.49358925223350525,
		0.5518006086349487,
		-0.07902095466852188,
		0.999718189239502
	],
	"2. left_knee": [
		0.4620669484138489,
		0.6877763271331787,
		-0.13024193048477173,
		0.9804550409317017
	],
	"3. left_ankle": [
		0.48856812715530396,
		0.8491690158843994,
		-0.11205162853002548,
		0.9755704402923584
	],
	"6. right_hip": [
		0.4756486415863037,
		0.5539492964744568,
		0.07914320379495621,
		0.9995731711387634
	],
	"7. right_knee": [
		0.4667973518371582,
		0.6973785758018494,
		0.049860879778862,
		0.8081347346305847
	],
	"8. right_ankle": [
		0.4864118695259094,
		0.8410758972167969,
		0.06946231424808502,
		0.8626208901405334
	],
	"14. left_shoulder": [
		0.5099141597747803,
		0.3713220953941345,
		-0.026692399755120277,
		0.9998608231544495
	],
	"15. left_elbow": [
		0.5025509595870972,
		0.2736450135707855,
		-0.0724610835313797,
		0.9954982995986938
	],
	"16. left_wrist": [
		0.48286551237106323,
		0.20458984375,
		-0.007544483058154583,
		0.983676552772522
	],
	"19. right_shoulder": [
		0.47638994455337524,
		0.3784666359424591,
		0.1577233076095581,
		0.9993124604225159
	],
	"20. right_elbow": [
		0.4659630358219147,
		0.28930777311325073,
		0.19957253336906433,
		0.9483961462974548
	],
	"21. right_wrist": [
		0.47130948305130005,
		0.22275763750076294,
		0.20800933241844177,
		0.9447000026702881
	],
	"24. nose": [
		0.4852842688560486,
		0.3293430805206299,
		-0.046841882169246674,
		0.9999628067016602
	],
	"25. left_eye": [
		0.4903189241886139,
		0.3163474500179291,
		-0.036276012659072876,
		0.9999334216117859
	],
	"26. right_eye": [
		0.4810718894004822,
		0.32030683755874634,
		-0.02250138856470585,
		0.9998838901519775
	],
	"27. left_ear": [
		0.4988172948360443,
		0.3176776170730591,
		0.01683451607823372,
		0.9999356865882874
	],
	"28. right_ear": [
		0.4795866906642914,
		0.32318803668022156,
		0.0819140300154686,
		0.9998586177825928
	],
	"time stamp": 29.969946478656652
}