{
	"1. left_hip": [
		0.49212831258773804,
		0.5515342354774475,
		-0.08052851259708405,
		0.9997336268424988
	],
	"2. left_knee": [
		0.46405887603759766,
		0.6969224214553833,
		-0.1215989738702774,
		0.9787564873695374
	],
	"3. left_ankle": [
		0.48972687125205994,
		0.8594553470611572,
		-0.10965265333652496,
		0.9748441576957703
	],
	"6. right_hip": [
		0.47677356004714966,
		0.5540170669555664,
		0.08058292418718338,
		0.9995729923248291
	],
	"7. right_knee": [
		0.4671711325645447,
		0.7005670070648193,
		0.05393078923225403,
		0.7794878482818604
	],
	"8. right_ankle": [
		0.4861243665218353,
		0.8467188477516174,
		0.0683683305978775,
		0.8489198088645935
	],
	"14. left_shoulder": [
		0.5084501504898071,
		0.36953094601631165,
		-0.027176957577466965,
		0.999858021736145
	],
	"15. left_elbow": [
		0.507809579372406,
		0.2803303003311157,
		-0.07418400049209595,
		0.9957450032234192
	],
	"16. left_wrist": [
		0.4905242323875427,
		0.2062685638666153,
		-0.019545476883649826,
		0.9824561476707458
	],
	"19. right_shoulder": [
		0.477632611989975,
		0.3778132200241089,
		0.1625763177871704,
		0.9992328882217407
	],
	"20. right_elbow": [
		0.46733221411705017,
		0.2923426032066345,
		0.2129085808992386,
		0.9346644282341003
	],
	"21. right_wrist": [
		0.4756929874420166,
		0.22655943036079407,
		0.22372694313526154,
		0.925774097442627
	],
	"24. nose": [
		0.48385486006736755,
		0.3286817669868469,
		-0.034154798835515976,
		0.9999633431434631
	],
	"25. left_eye": [
		0.488616406917572,
		0.31525564193725586,
		-0.02671835944056511,
		0.999937117099762
	],
	"26. right_eye": [
		0.48002225160598755,
		0.31800422072410583,
		-0.011442823335528374,
		0.99988853931427
	],
	"27. left_ear": [
		0.49802106618881226,
		0.31580987572669983,
		0.01547983568161726,
		0.9999405741691589
	],
	"28. right_ear": [
		0.4790290892124176,
		0.31973862648010254,
		0.08678583055734634,
		0.9998669624328613
	],
	"time stamp": 29.969946478656652
}