{
	"1. left_hip": [
		0.4890216886997223,
		0.5491041541099548,
		-0.07774049788713455,
		0.999822735786438
	],
	"2. left_knee": [
		0.48019129037857056,
		0.7114599347114563,
		-0.12974229454994202,
		0.9813371300697327
	],
	"3. left_ankle": [
		0.49857887625694275,
		0.8718902468681335,
		-0.15078239142894745,
		0.9802903532981873
	],
	"6. right_hip": [
		0.4753742218017578,
		0.5529512763023376,
		0.07774008810520172,
		0.9996471405029297
	],
	"7. right_knee": [
		0.473886102437973,
		0.7137048244476318,
		0.05728856846690178,
		0.7039713263511658
	],
	"8. right_ankle": [
		0.490389347076416,
		0.8533536195755005,
		0.06479665637016296,
		0.8355011940002441
	],
	"14. left_shoulder": [
		0.508921205997467,
		0.365609347820282,
		0.02830621227622032,
		0.9998862743377686
	],
	"15. left_elbow": [
		0.5228177905082703,
		0.2791312336921692,
		0.06525996327400208,
		0.996062695980072
	],
	"16. left_wrist": [
		0.5017350316047668,
		0.22697967290878296,
		0.21621808409690857,
		0.9640276432037354
	],
	"19. right_shoulder": [
		0.47739291191101074,
		0.37663543224334717,
		0.17926684021949768,
		0.9984552264213562
	],
	"20. right_elbow": [
		0.4697830080986023,
		0.3182431757450104,
		0.26329177618026733,
		0.8042300343513489
	],
	"21. right_wrist": [
		0.48833170533180237,
		0.25630640983581543,
		0.3122594952583313,
		0.7231210470199585
	],
	"24. nose": [
		0.4795570969581604,
		0.3260147273540497,
		-0.055507950484752655,
		0.999977171421051
	],
	"25. left_eye": [
		0.48590248823165894,
		0.31140443682670593,
		-0.04065507650375366,
		0.9999620318412781
	],
	"26. right_eye": [
		0.4763210415840149,
		0.31463438272476196,
		-0.027949258685112,
		0.9999322891235352
	],
	"27. left_ear": [
		0.4965110719203949,
		0.31153255701065063,
		0.03161143139004707,
		0.9999644756317139
	],
	"28. right_ear": [
		0.47695422172546387,
		0.31648293137550354,
		0.09263665974140167,
		0.9999188780784607
	],
	"time stamp": 29.969946478656652
}