{
	"1. left_hip": [
		0.490553081035614,
		0.5525795221328735,
		-0.06392158567905426,
		0.9998140335083008
	],
	"2. left_knee": [
		0.49556398391723633,
		0.7213979959487915,
		-0.1200730949640274,
		0.982255220413208
	],
	"3. left_ankle": [
		0.5032572746276855,
		0.8805726766586304,
		-0.14465221762657166,
		0.9837611317634583
	],
	"6. right_hip": [
		0.4735378623008728,
		0.5580819845199585,
		0.06372986733913422,
		0.9994978904724121
	],
	"7. right_knee": [
		0.47857218980789185,
		0.7215932011604309,
		0.07252497225999832,
		0.674926221370697
	],
	"8. right_ankle": [
		0.4950110912322998,
		0.8584851622581482,
		0.1094055324792862,
		0.8379878401756287
	],
	"14. left_shoulder": [
		0.5079731941223145,
		0.3814426064491272,
		0.0056563192047178745,
		0.999740481376648
	],
	"15. left_elbow": [
		0.5315451622009277,
		0.28597959876060486,
		0.05329803749918938,
		0.9918195605278015
	],
	"16. left_wrist": [
		0.513090968132019,
		0.289983868598938,
		0.2182202786207199,
		0.7932778000831604
	],
	"19. right_shoulder": [
		0.4738120138645172,
		0.3792306184768677,
		0.10928279161453247,
		0.9960918426513672
	],
	"20. right_elbow": [
		0.46520423889160156,
		0.3236563503742218,
		0.18742313981056213,
		0.7240134477615356
	],
	"21. right_wrist": [
		0.49146977066993713,
		0.2937159836292267,
		0.25003165006637573,
		0.5227840542793274
	],
	"24. nose": [
		0.47925877571105957,
		0.32491955161094666,
		-0.09127552062273026,
		0.9999637007713318
	],
	"25. left_eye": [
		0.4866262376308441,
		0.31174540519714355,
		-0.07907749712467194,
		0.9999546408653259
	],
	"26. right_eye": [
		0.47699180245399475,
		0.31232938170433044,
		-0.0682225450873375,
		0.9999252557754517
	],
	"27. left_ear": [
		0.4973909854888916,
		0.31771406531333923,
		-0.013706633821129799,
		0.99996417760849
	],
	"28. right_ear": [
		0.48071345686912537,
		0.31495046615600586,
		0.038789860904216766,
		0.9999110102653503
	],
	"time stamp": 29.969946478656652
}