{
	"1. left_hip": [
		0.4917086958885193,
		0.5535069108009338,
		-0.06327075511217117,
		0.9997990727424622
	],
	"2. left_knee": [
		0.4987640380859375,
		0.7234400510787964,
		-0.1067875474691391,
		0.9814780354499817
	],
	"3. left_ankle": [
		0.5036652684211731,
		0.8809069395065308,
		-0.11538752168416977,
		0.9842166900634766
	],
	"6. right_hip": [
		0.47320231795310974,
		0.5597590804100037,
		0.06310845911502838,
		0.9994447827339172
	],
	"7. right_knee": [
		0.4787837564945221,
		0.7236876487731934,
		0.08130629360675812,
		0.6703451871871948
	],
	"8. right_ankle": [
		0.49558383226394653,
		0.8600911498069763,
		0.1269513964653015,
		0.8372292518615723
	],
	"14. left_shoulder": [
		0.508196234703064,
		0.3813861906528473,
		-0.017065124586224556,
		0.99969083070755
	],
	"15. left_elbow": [
		0.5327335000038147,
		0.2856582701206207,
		0.035035524517297745,
		0.9897449612617493
	],
	"16. left_wrist": [
		0.5141077041625977,
		0.30206000804901123,
		0.19941896200180054,
		0.7291624546051025
	],
	"19. right_shoulder": [
		0.472419798374176,
		0.37932151556015015,
		0.08615832030773163,
		0.9955308437347412
	],
	"20. right_elbow": [
		0.46034175157546997,
		0.31055665016174316,
		0.16555045545101166,
		0.7054646015167236
	],
	"21. right_wrist": [
		0.49022024869918823,
		0.302967369556427,
		0.21161016821861267,
		0.4780375063419342
	],
	"24. nose": [
		0.47894731163978577,
		0.3248755633831024,
		-0.11758921295404434,
		0.9999523758888245
	],
	"25. left_eye": [
		0.4864397644996643,
		0.31170201301574707,
		-0.10721824318170547,
		0.9999455213546753
	],
	"26. right_eye": [
		0.47704750299453735,
		0.3122478127479553,
		-0.09534409642219543,
		0.9999098777770996
	],
	"27. left_ear": [
		0.49741291999816895,
		0.31758108735084534,
		-0.044609926640987396,
		0.9999601244926453
	],
	"28. right_ear": [
		0.4808025360107422,
		0.31485646963119507,
		0.013868054375052452,
		0.999894917011261
	],
	"time stamp": 29.969946478656652
}