{
	"1. left_hip": [
		0.4943944811820984,
		0.557788610458374,
		-0.06235509365797043,
		0.9997770190238953
	],
	"2. left_knee": [
		0.5021957755088806,
		0.728391170501709,
		-0.09315625578165054,
		0.9809443354606628
	],
	"3. left_ankle": [
		0.5040524005889893,
		0.8834382891654968,
		-0.08962808549404144,
		0.9841457009315491
	],
	"6. right_hip": [
		0.4730018675327301,
		0.5641041994094849,
		0.06218159943819046,
		0.9994040727615356
	],
	"7. right_knee": [
		0.4788551330566406,
		0.727634847164154,
		0.10065352916717529,
		0.6656060814857483
	],
	"8. right_ankle": [
		0.49639758467674255,
		0.8613051772117615,
		0.17147666215896606,
		0.8336465954780579
	],
	"14. left_shoulder": [
		0.5086897015571594,
		0.3818057179450989,
		-0.0237689558416605,
		0.9996421337127686
	],
	"15. left_elbow": [
		0.5319687128067017,
		0.28469449281692505,
		0.030657485127449036,
		0.9887597560882568
	],
	"16. left_wrist": [
		0.5148168802261353,
		0.30191004276275635,
		0.19442734122276306,
		0.6736242175102234
	],
	"19. right_shoulder": [
		0.47053512930870056,
		0.38008108735084534,
		0.08054890483617783,
		0.9952917098999023
	],
	"20. right_elbow": [
		0.4544332027435303,
		0.29661762714385986,
		0.16565047204494476,
		0.705411434173584
	],
	"21. right_wrist": [
		0.48610201478004456,
		0.29675722122192383,
		0.22557291388511658,
		0.4414249658584595
	],
	"24. nose": [
		0.4785396456718445,
		0.3248288333415985,
		-0.12347408384084702,
		0.9999470114707947
	],
	"25. left_eye": [
		0.4863433837890625,
		0.31168869137763977,
		-0.11242710053920746,
		0.9999410510063171
	],
	"26. right_eye": [
		0.4768971800804138,
		0.31222808361053467,
		-0.1013985425233841,
		0.9999027252197266
	],
	"27. left_ear": [
		0.49760374426841736,
		0.31746524572372437,
		-0.047191668301820755,
		0.9999585747718811
	],
	"28. right_ear": [
		0.48078423738479614,
		0.3147923946380615,
		0.007260954938828945,
		0.9998930096626282
	],
	"time stamp": 29.969946478656652
}