{
	"1. left_hip": [
		0.5028032064437866,
		0.570606529712677,
		-0.05231231451034546,
		0.9997426867485046
	],
	"2. left_knee": [
		0.506670355796814,
		0.7343724370002747,
		-0.07008402794599533,
		0.9833092093467712
	],
	"3. left_ankle": [
		0.5053658485412598,
		0.8837342858314514,
		-0.03646065667271614,
		0.9854906797409058
	],
	"6. right_hip": [
		0.47244229912757874,
		0.5772216320037842,
		0.052182577550411224,
		0.9993702173233032
	],
	"7. right_knee": [
		0.4786290228366852,
		0.7326974868774414,
		0.14213362336158752,
		0.6857959032058716
	],
	"8. right_ankle": [
		0.4963366389274597,
		0.8602545261383057,
		0.28773364424705505,
		0.8462511301040649
	],
	"14. left_shoulder": [
		0.5091420412063599,
		0.3811643719673157,
		-0.07194303721189499,
		0.9993812441825867
	],
	"15. left_elbow": [
		0.531442403793335,
		0.2823949158191681,
		-0.03979558125138283,
		0.9862921237945557
	],
	"16. left_wrist": [
		0.512031614780426,
		0.2908637225627899,
		0.10310499370098114,
		0.5817367434501648
	],
	"19. right_shoulder": [
		0.46146807074546814,
		0.3752588927745819,
		0.013985748402774334,
		0.995486319065094
	],
	"20. right_elbow": [
		0.4334871172904968,
		0.28705745935440063,
		0.08990093320608139,
		0.74239182472229
	],
	"21. right_wrist": [
		0.4705072045326233,
		0.28961557149887085,
		0.18144705891609192,
		0.3989866375923157
	],
	"24. nose": [
		0.4784567952156067,
		0.3162100613117218,
		-0.17850050330162048,
		0.9999325275421143
	],
	"25. left_eye": [
		0.48664647340774536,
		0.3045814633369446,
		-0.1662568747997284,
		0.9999133944511414
	],
	"26. right_eye": [
		0.4762098789215088,
		0.30409762263298035,
		-0.1602041870355606,
		0.9998756051063538
	],
	"27. left_ear": [
		0.49785417318344116,
		0.3133293390274048,
		-0.09199924021959305,
		0.9999393224716187
	],
	"28. right_ear": [
		0.4772493839263916,
		0.30973732471466064,
		-0.06150052696466446,
		0.9998911023139954
	],
	"time stamp": 29.969946478656652
}