{
	"1. left_hip": [
		0.5031231641769409,
		0.5730310082435608,
		-0.05323312431573868,
		0.9997434616088867
	],
	"2. left_knee": [
		0.504635751247406,
		0.733790934085846,
		-0.07467421889305115,
		0.9849891066551208
	],
	"3. left_ankle": [
		0.5051618218421936,
		0.8828364014625549,
		-0.046354614198207855,
		0.9862543940544128
	],
	"6. right_hip": [
		0.4709938168525696,
		0.579399824142456,
		0.05317332223057747,
		0.9993760585784912
	],
	"7. right_knee": [
		0.4784294068813324,
		0.7336632609367371,
		0.1409035623073578,
		0.7064468860626221
	],
	"8. right_ankle": [
		0.49647122621536255,
		0.8599900007247925,
		0.27406421303749084,
		0.8585057854652405
	],
	"14. left_shoulder": [
		0.5096885561943054,
		0.379862517118454,
		-0.056428343057632446,
		0.9993002414703369
	],
	"15. left_elbow": [
		0.5301264524459839,
		0.2815212905406952,
		-0.02662096917629242,
		0.9842583537101746
	],
	"16. left_wrist": [
		0.5119458436965942,
		0.2961658835411072,
		0.12013380229473114,
		0.5098313689231873
	],
	"19. right_shoulder": [
		0.4619670808315277,
		0.3754730522632599,
		0.042062632739543915,
		0.9956113696098328
	],
	"20. right_elbow": [
		0.4388318657875061,
		0.30101659893989563,
		0.11728955805301666,
		0.7555691003799438
	],
	"21. right_wrist": [
		0.46886855363845825,
		0.30541470646858215,
		0.19967642426490784,
		0.3461742699146271
	],
	"24. nose": [
		0.47863560914993286,
		0.3111833333969116,
		-0.14458289742469788,
		0.9999160766601562
	],
	"25. left_eye": [
		0.4870065152645111,
		0.2997923195362091,
		-0.13276755809783936,
		0.9998925924301147
	],
	"26. right_eye": [
		0.4762258529663086,
		0.29976800084114075,
		-0.12508496642112732,
		0.9998476505279541
	],
	"27. left_ear": [
		0.4978794455528259,
		0.3088490068912506,
		-0.06528502702713013,
		0.9999303817749023
	],
	"28. right_ear": [
		0.4766870141029358,
		0.30765998363494873,
		-0.027549872174859047,
		0.9998838901519775
	],
	"time stamp": 29.969946478656652
}