{
	"1. left_hip": [
		0.5031579732894897,
		0.5754846930503845,
		-0.05398893356323242,
		0.9997378587722778
	],
	"2. left_knee": [
		0.5040127038955688,
		0.734842836856842,
		-0.07243778556585312,
		0.9859951138496399
	],
	"3. left_ankle": [
		0.5040872097015381,
		0.8825324177742004,
		-0.045993395149707794,
		0.9870314598083496
	],
	"6. right_hip": [
		0.46998047828674316,
		0.5804433226585388,
		0.053919993340969086,
		0.9993941783905029
	],
	"7. right_knee": [
		0.478804349899292,
		0.7344517111778259,
		0.14255914092063904,
		0.7206098437309265
	],
	"8. right_ankle": [
		0.4964577555656433,
		0.8597733974456787,
		0.2732936441898346,
		0.8666646480560303
	],
	"14. left_shoulder": [
		0.5105684399604797,
		0.37962424755096436,
		-0.08397060632705688,
		0.9992063641548157
	],
	"15. left_elbow": [
		0.5248247385025024,
		0.29324275255203247,
		-0.05608100816607475,
		0.9818645715713501
	],
	"16. left_wrist": [
		0.5083835124969482,
		0.3073314130306244,
		0.09017009288072586,
		0.4809907376766205
	],
	"19. right_shoulder": [
		0.4600490629673004,
		0.3759210705757141,
		0.013426655903458595,
		0.995811939239502
	],
	"20. right_elbow": [
		0.4344619810581207,
		0.3106977939605713,
		0.025925610214471817,
		0.7637148499488831
	],
	"21. right_wrist": [
		0.4650394916534424,
		0.314770370721817,
		0.04069922864437103,
		0.3343378007411957
	],
	"24. nose": [
		0.4783761501312256,
		0.31039226055145264,
		-0.16204839944839478,
		0.9999055862426758
	],
	"25. left_eye": [
		0.48682889342308044,
		0.29886800050735474,
		-0.1529260128736496,
		0.9998822808265686
	],
	"26. right_eye": [
		0.4758099913597107,
		0.29888948798179626,
		-0.1441110223531723,
		0.9998394846916199
	],
	"27. left_ear": [
		0.4973854422569275,
		0.30754709243774414,
		-0.09055352210998535,
		0.9999260902404785
	],
	"28. right_ear": [
		0.4763559401035309,
		0.30710655450820923,
		-0.04794759303331375,
		0.9998810887336731
	],
	"time stamp": 29.969946478656652
}