{
	"1. left_hip": [
		0.5029834508895874,
		0.5743034482002258,
		-0.054310768842697144,
		0.9997355937957764
	],
	"2. left_knee": [
		0.500518798828125,
		0.7338254451751709,
		-0.07133127748966217,
		0.9855994582176208
	],
	"3. left_ankle": [
		0.5021154880523682,
		0.882085919380188,
		-0.05095815658569336,
		0.9871883988380432
	],
	"6. right_hip": [
		0.46867117285728455,
		0.5789249539375305,
		0.05426875501871109,
		0.9993897676467896
	],
	"7. right_knee": [
		0.4787248969078064,
		0.7336289286613464,
		0.122283935546875,
		0.7367196679115295
	],
	"8. right_ankle": [
		0.4964010715484619,
		0.8585731387138367,
		0.23768870532512665,
		0.8679900169372559
	],
	"14. left_shoulder": [
		0.512994647026062,
		0.38140732049942017,
		-0.07469271123409271,
		0.9992507100105286
	],
	"15. left_elbow": [
		0.5005154609680176,
		0.420183002948761,
		-0.19937369227409363,
		0.9811506271362305
	],
	"16. left_wrist": [
		0.48720264434814453,
		0.35003092885017395,
		-0.27506396174430847,
		0.526078462600708
	],
	"19. right_shoulder": [
		0.4602965712547302,
		0.3772289752960205,
		0.05296177789568901,
		0.9958560466766357
	],
	"20. right_elbow": [
		0.4361112713813782,
		0.337810754776001,
		-0.02954959310591221,
		0.7570191621780396
	],
	"21. right_wrist": [
		0.45917266607284546,
		0.31472790241241455,
		-0.1772523820400238,
		0.36052796244621277
	],
	"24. nose": [
		0.47755616903305054,
		0.309256374835968,
		-0.1070263534784317,
		0.9998870491981506
	],
	"25. left_eye": [
		0.4865719676017761,
		0.297147661447525,
		-0.10249847173690796,
		0.9998740553855896
	],
	"26. right_eye": [
		0.4756419062614441,
		0.2971738874912262,
		-0.0897551029920578,
		0.9998013973236084
	],
	"27. left_ear": [
		0.49725228548049927,
		0.3064152002334595,
		-0.05851157382130623,
		0.999919593334198
	],
	"28. right_ear": [
		0.4763771593570709,
		0.306201308965683,
		0.0007537028868682683,
		0.9998190999031067
	],
	"time stamp": 29.969946478656652
}