{
	"1. left_hip": [
		0.49831587076187134,
		0.5725923180580139,
		-0.07901769876480103,
		0.9994027018547058
	],
	"2. left_knee": [
		0.4708159565925598,
		0.7104291915893555,
		-0.11166639626026154,
		0.9782238602638245
	],
	"3. left_ankle": [
		0.49197807908058167,
		0.8575889468193054,
		-0.05215876176953316,
		0.9812910556793213
	],
	"6. right_hip": [
		0.4763760566711426,
		0.578618049621582,
		0.0790681540966034,
		0.9991501569747925
	],
	"7. right_knee": [
		0.47683006525039673,
		0.7201623916625977,
		0.07272809743881226,
		0.7010565400123596
	],
	"8. right_ankle": [
		0.4926474690437317,
		0.8585042357444763,
		0.12965181469917297,
		0.8593301177024841
	],
	"14. left_shoulder": [
		0.509597659111023,
		0.37982791662216187,
		-0.11955513805150986,
		0.9987708330154419
	],
	"15. left_elbow": [
		0.48632851243019104,
		0.4640549123287201,
		-0.22348889708518982,
		0.9698824882507324
	],
	"16. left_wrist": [
		0.4779026508331299,
		0.37869974970817566,
		-0.27060839533805847,
		0.673557698726654
	],
	"19. right_shoulder": [
		0.47608670592308044,
		0.3867863416671753,
		0.09231595695018768,
		0.9963948726654053
	],
	"20. right_elbow": [
		0.45984357595443726,
		0.45185762643814087,
		0.006197039969265461,
		0.5736203193664551
	],
	"21. right_wrist": [
		0.46366047859191895,
		0.4068068563938141,
		-0.20239131152629852,
		0.3759477436542511
	],
	"24. nose": [
		0.4770618975162506,
		0.30887719988822937,
		-0.12958231568336487,
		0.9996346235275269
	],
	"25. left_eye": [
		0.48664435744285583,
		0.2958585023880005,
		-0.1297740489244461,
		0.999683678150177
	],
	"26. right_eye": [
		0.47825488448143005,
		0.2954821288585663,
		-0.11164584010839462,
		0.9994438290596008
	],
	"27. left_ear": [
		0.4981408715248108,
		0.30746549367904663,
		-0.08956974744796753,
		0.9997565746307373
	],
	"28. right_ear": [
		0.4839720129966736,
		0.3051036298274994,
		-0.011022263206541538,
		0.9993067383766174
	],
	"time stamp": 29.969946478656652
}