{
	"1. left_hip": [
		0.49829068779945374,
		0.5761500000953674,
		-0.08161336928606033,
		0.999420702457428
	],
	"2. left_knee": [
		0.4659803509712219,
		0.7097709774971008,
		-0.13474948704242706,
		0.977317750453949
	],
	"3. left_ankle": [
		0.4924224019050598,
		0.8551475405693054,
		-0.08499117195606232,
		0.980140209197998
	],
	"6. right_hip": [
		0.4763067364692688,
		0.5798230767250061,
		0.08166231960058212,
		0.9991878271102905
	],
	"7. right_knee": [
		0.4750770032405853,
		0.7197427749633789,
		0.07668967545032501,
		0.6628948450088501
	],
	"8. right_ankle": [
		0.49206477403640747,
		0.8584508299827576,
		0.14009040594100952,
		0.8420429825782776
	],
	"14. left_shoulder": [
		0.5102614164352417,
		0.3845919370651245,
		-0.13392694294452667,
		0.9988186359405518
	],
	"15. left_elbow": [
		0.4872126579284668,
		0.47556695342063904,
		-0.23323595523834229,
		0.970403790473938
	],
	"16. left_wrist": [
		0.47580045461654663,
		0.38332438468933105,
		-0.2848033308982849,
		0.6975640654563904
	],
	"19. right_shoulder": [
		0.4755043089389801,
		0.3878210783004761,
		0.09026005119085312,
		0.9966738820075989
	],
	"20. right_elbow": [
		0.4625036120414734,
		0.4679394066333771,
		0.019615672528743744,
		0.5284275412559509
	],
	"21. right_wrist": [
		0.4562644064426422,
		0.4664892852306366,
		-0.1792794167995453,
		0.36107146739959717
	],
	"24. nose": [
		0.47707414627075195,
		0.3073212206363678,
		-0.13164068758487701,
		0.9996622800827026
	],
	"25. left_eye": [
		0.4867941439151764,
		0.2946392595767975,
		-0.1327357292175293,
		0.999706506729126
	],
	"26. right_eye": [
		0.47892647981643677,
		0.2939339280128479,
		-0.11348563432693481,
		0.9994847774505615
	],
	"27. left_ear": [
		0.4983970522880554,
		0.307492733001709,
		-0.10040584951639175,
		0.9997717142105103
	],
	"28. right_ear": [
		0.4847981035709381,
		0.3036423325538635,
		-0.015422572381794453,
		0.999352753162384
	],
	"time stamp": 29.969946478656652
}