{
	"1. left_hip": [
		0.4944552481174469,
		0.5742568373680115,
		-0.0894300788640976,
		0.9994899034500122
	],
	"2. left_knee": [
		0.4601666033267975,
		0.7107092142105103,
		-0.11593279987573624,
		0.9788164496421814
	],
	"3. left_ankle": [
		0.493028461933136,
		0.8569148778915405,
		-0.07659006118774414,
		0.9807050228118896
	],
	"6. right_hip": [
		0.48629650473594666,
		0.5756707787513733,
		0.08943064510822296,
		0.9993496537208557
	],
	"7. right_knee": [
		0.4661685824394226,
		0.7110387086868286,
		0.0891447514295578,
		0.5571606755256653
	],
	"8. right_ankle": [
		0.49124494194984436,
		0.8553481101989746,
		0.1222936362028122,
		0.7976163029670715
	],
	"14. left_shoulder": [
		0.500469982624054,
		0.37966346740722656,
		-0.13169163465499878,
		0.9991456270217896
	],
	"15. left_elbow": [
		0.47844791412353516,
		0.4734008312225342,
		-0.10716686397790909,
		0.9671587944030762
	],
	"16. left_wrist": [
		0.46912163496017456,
		0.42540982365608215,
		0.03910917788743973,
		0.7428837418556213
	],
	"19. right_shoulder": [
		0.48672738671302795,
		0.38575422763824463,
		0.13920733332633972,
		0.997645378112793
	],
	"20. right_elbow": [
		0.4710780084133148,
		0.46873652935028076,
		0.05598001927137375,
		0.3710778057575226
	],
	"21. right_wrist": [
		0.46094566583633423,
		0.43321067094802856,
		-0.12679533660411835,
		0.29146936535835266
	],
	"24. nose": [
		0.477988064289093,
		0.29822391271591187,
		-0.0191141776740551,
		0.9997624158859253
	],
	"25. left_eye": [
		0.48755931854248047,
		0.2911348342895508,
		-0.03676627576351166,
		0.9997968673706055
	],
	"26. right_eye": [
		0.48235654830932617,
		0.2884763181209564,
		-0.007999231107532978,
		0.9996452927589417
	],
	"27. left_ear": [
		0.49763888120651245,
		0.30730393528938293,
		-0.07937430590391159,
		0.9998432397842407
	],
	"28. right_ear": [
		0.4885110855102539,
		0.299132376909256,
		0.053095947951078415,
		0.9995540976524353
	],
	"time stamp": 29.969946478656652
}