{
	"1. left_hip": [
		0.49408960342407227,
		0.5727545022964478,
		-0.09241721779108047,
		0.9995034337043762
	],
	"2. left_knee": [
		0.4625816345214844,
		0.7120229005813599,
		-0.1130521297454834,
		0.9790913462638855
	],
	"3. left_ankle": [
		0.49417322874069214,
		0.8585158586502075,
		-0.06949128210544586,
		0.9811263680458069
	],
	"6. right_hip": [
		0.48885980248451233,
		0.5727294683456421,
		0.09247089177370071,
		0.9993556141853333
	],
	"7. right_knee": [
		0.4670777916908264,
		0.7104522585868835,
		0.10819520801305771,
		0.5121067762374878
	],
	"8. right_ankle": [
		0.4909132421016693,
		0.8514199256896973,
		0.15434883534908295,
		0.7700304388999939
	],
	"14. left_shoulder": [
		0.4971252977848053,
		0.38151952624320984,
		-0.14202548563480377,
		0.9992895126342773
	],
	"15. left_elbow": [
		0.48161226511001587,
		0.48867660760879517,
		-0.1635574847459793,
		0.9657590389251709
	],
	"16. left_wrist": [
		0.465276300907135,
		0.42310765385627747,
		-0.09080905467271805,
		0.7664415836334229
	],
	"19. right_shoulder": [
		0.4869707524776459,
		0.3840321898460388,
		0.13114188611507416,
		0.9979950785636902
	],
	"20. right_elbow": [
		0.4732446074485779,
		0.4675324261188507,
		0.07932190597057343,
		0.3139542043209076
	],
	"21. right_wrist": [
		0.46382632851600647,
		0.4035055339336395,
		-0.06992686539888382,
		0.27298492193222046
	],
	"24. nose": [
		0.4781685769557953,
		0.2945058345794678,
		-0.042551204562187195,
		0.9997944235801697
	],
	"25. left_eye": [
		0.48761624097824097,
		0.2880638837814331,
		-0.057133764028549194,
		0.9998282194137573
	],
	"26. right_eye": [
		0.48285016417503357,
		0.28487473726272583,
		-0.030317818745970726,
		0.999700665473938
	],
	"27. left_ear": [
		0.4973767399787903,
		0.305152028799057,
		-0.08676464110612869,
		0.9998689293861389
	],
	"28. right_ear": [
		0.489607572555542,
		0.2966563403606415,
		0.038404203951358795,
		0.999623715877533
	],
	"time stamp": 29.969946478656652
}