{
	"1. left_hip": [
		0.4921475946903229,
		0.5590425133705139,
		-0.09016559273004532,
		0.9995671510696411
	],
	"2. left_knee": [
		0.4738337993621826,
		0.7122818231582642,
		-0.11248509585857391,
		0.9822475910186768
	],
	"3. left_ankle": [
		0.4996662139892578,
		0.8628585934638977,
		-0.10932943969964981,
		0.9836912751197815
	],
	"6. right_hip": [
		0.48611980676651,
		0.5589755773544312,
		0.09021957218647003,
		0.9993553757667542
	],
	"7. right_knee": [
		0.4729022979736328,
		0.711061418056488,
		0.10287535190582275,
		0.5076232552528381
	],
	"8. right_ankle": [
		0.4907519817352295,
		0.8510419130325317,
		0.12156578153371811,
		0.7652558088302612
	],
	"14. left_shoulder": [
		0.4983585476875305,
		0.37494802474975586,
		-0.11420147120952606,
		0.9994750022888184
	],
	"15. left_elbow": [
		0.5021805167198181,
		0.4771338105201721,
		-0.10792485624551773,
		0.9718822240829468
	],
	"16. left_wrist": [
		0.4670908451080322,
		0.4471404254436493,
		0.0041170883923769,
		0.8200218081474304
	],
	"19. right_shoulder": [
		0.48503413796424866,
		0.37608176469802856,
		0.1560373604297638,
		0.9983598589897156
	],
	"20. right_elbow": [
		0.47647595405578613,
		0.46589288115501404,
		0.09118921309709549,
		0.243749737739563
	],
	"21. right_wrist": [
		0.466251939535141,
		0.41551586985588074,
		-0.07251586019992828,
		0.24406355619430542
	],
	"24. nose": [
		0.4780687689781189,
		0.29111847281455994,
		0.002657329197973013,
		0.9998398423194885
	],
	"25. left_eye": [
		0.48715654015541077,
		0.2848392128944397,
		-0.014136944897472858,
		0.9998688101768494
	],
	"26. right_eye": [
		0.483222097158432,
		0.28186267614364624,
		0.013688420876860619,
		0.9997707605361938
	],
	"27. left_ear": [
		0.49637389183044434,
		0.3002872169017792,
		-0.049461521208286285,
		0.9999015927314758
	],
	"28. right_ear": [
		0.4903246760368347,
		0.29370352625846863,
		0.07293197512626648,
		0.99970942735672
	],
	"time stamp": 29.969946478656652
}