{
	"1. left_hip": [
		0.49309587478637695,
		0.5707660913467407,
		-0.09214691072702408,
		0.9992961883544922
	],
	"2. left_knee": [
		0.4820125997066498,
		0.7263920903205872,
		-0.09891584515571594,
		0.9766014814376831
	],
	"3. left_ankle": [
		0.5055099129676819,
		0.8813520073890686,
		-0.07374892383813858,
		0.9828874468803406
	],
	"6. right_hip": [
		0.48854178190231323,
		0.5668187737464905,
		0.09219013154506683,
		0.9982509016990662
	],
	"7. right_knee": [
		0.4828087389469147,
		0.7197542786598206,
		0.09965319186449051,
		0.48832428455352783
	],
	"8. right_ankle": [
		0.49917513132095337,
		0.8568193316459656,
		0.13475415110588074,
		0.7130011916160583
	],
	"14. left_shoulder": [
		0.5023432374000549,
		0.37080904841423035,
		-0.13227710127830505,
		0.9997093081474304
	],
	"15. left_elbow": [
		0.522502064704895,
		0.4691206216812134,
		-0.2142408788204193,
		0.9772917032241821
	],
	"16. left_wrist": [
		0.49288278818130493,
		0.47481468319892883,
		-0.2630660831928253,
		0.8661898374557495
	],
	"19. right_shoulder": [
		0.48810872435569763,
		0.37443941831588745,
		0.135376438498497,
		0.9985061287879944
	],
	"20. right_elbow": [
		0.47666463255882263,
		0.44817835092544556,
		0.13381990790367126,
		0.14013034105300903
	],
	"21. right_wrist": [
		0.4673071801662445,
		0.44863659143447876,
		0.014519872143864632,
		0.15487036108970642
	],
	"24. nose": [
		0.4742521643638611,
		0.2967577576637268,
		-0.04731515422463417,
		0.9997676014900208
	],
	"25. left_eye": [
		0.4823288321495056,
		0.2844446897506714,
		-0.06185343116521835,
		0.9998416304588318
	],
	"26. right_eye": [
		0.4778352677822113,
		0.2833411991596222,
		-0.03427349776029587,
		0.999719500541687
	],
	"27. left_ear": [
		0.49606752395629883,
		0.2965925931930542,
		-0.08325371146202087,
		0.9998966455459595
	],
	"28. right_ear": [
		0.48853302001953125,
		0.2930890619754791,
		0.039562202990055084,
		0.9996110200881958
	],
	"time stamp": 29.969946478656652
}