{
	"1. left_hip": [
		0.4951930642127991,
		0.5845391154289246,
		-0.09257777035236359,
		0.9993301033973694
	],
	"2. left_knee": [
		0.47306913137435913,
		0.7360265254974365,
		-0.10145474970340729,
		0.9759400486946106
	],
	"3. left_ankle": [
		0.5049908757209778,
		0.8829594254493713,
		-0.0746866762638092,
		0.9822021126747131
	],
	"6. right_hip": [
		0.4884880483150482,
		0.5814762115478516,
		0.09264758974313736,
		0.9983652234077454
	],
	"7. right_knee": [
		0.48212718963623047,
		0.7304849624633789,
		0.09570984542369843,
		0.49105188250541687
	],
	"8. right_ankle": [
		0.4999071955680847,
		0.8641641139984131,
		0.13607051968574524,
		0.7033048272132874
	],
	"14. left_shoulder": [
		0.5070419907569885,
		0.3660919666290283,
		-0.1309036761522293,
		0.9997573494911194
	],
	"15. left_elbow": [
		0.5361825823783875,
		0.43731069564819336,
		-0.2384411096572876,
		0.980139434337616
	],
	"16. left_wrist": [
		0.5209730863571167,
		0.4799530506134033,
		-0.3517022430896759,
		0.8797856569290161
	],
	"19. right_shoulder": [
		0.486276775598526,
		0.3785553276538849,
		0.12887981534004211,
		0.9986892938613892
	],
	"20. right_elbow": [
		0.4677867293357849,
		0.4578046202659607,
		0.13775429129600525,
		0.15543925762176514
	],
	"21. right_wrist": [
		0.4529091715812683,
		0.45006513595581055,
		0.011218114756047726,
		0.22848951816558838
	],
	"24. nose": [
		0.47299036383628845,
		0.3004235029220581,
		-0.08681927621364594,
		0.999786913394928
	],
	"25. left_eye": [
		0.48130494356155396,
		0.28646859526634216,
		-0.09518741071224213,
		0.9998570084571838
	],
	"26. right_eye": [
		0.4734169840812683,
		0.2889055013656616,
		-0.07171545177698135,
		0.9997491836547852
	],
	"27. left_ear": [
		0.49601149559020996,
		0.2965053915977478,
		-0.08631815016269684,
		0.9999067783355713
	],
	"28. right_ear": [
		0.4799109995365143,
		0.29541847109794617,
		0.019200047478079796,
		0.9996548295021057
	],
	"time stamp": 29.969946478656652
}