{
	"1. left_hip": [
		0.4950464367866516,
		0.5856797695159912,
		-0.09219618141651154,
		0.999333381652832
	],
	"2. left_knee": [
		0.4712744653224945,
		0.7395679950714111,
		-0.09181718528270721,
		0.9746416807174683
	],
	"3. left_ankle": [
		0.5046036839485168,
		0.8834343552589417,
		-0.06021144241094589,
		0.9818465113639832
	],
	"6. right_hip": [
		0.4890159070491791,
		0.5825129151344299,
		0.09222456067800522,
		0.9983966946601868
	],
	"7. right_knee": [
		0.48188090324401855,
		0.7339521050453186,
		0.09579992294311523,
		0.49599671363830566
	],
	"8. right_ankle": [
		0.5005994439125061,
		0.8661152124404907,
		0.1381448209285736,
		0.6973808407783508
	],
	"14. left_shoulder": [
		0.5068402290344238,
		0.36624664068222046,
		-0.1288483738899231,
		0.9997764229774475
	],
	"15. left_elbow": [
		0.5339537858963013,
		0.44174131751060486,
		-0.24525904655456543,
		0.9808809161186218
	],
	"16. left_wrist": [
		0.5190237760543823,
		0.4785861670970917,
		-0.368465781211853,
		0.8846089839935303
	],
	"19. right_shoulder": [
		0.4862116277217865,
		0.3796793222427368,
		0.1260368973016739,
		0.9987831115722656
	],
	"20. right_elbow": [
		0.4665542244911194,
		0.46032124757766724,
		0.14930737018585205,
		0.17094503343105316
	],
	"21. right_wrist": [
		0.453687846660614,
		0.4525451362133026,
		0.05452071502804756,
		0.267110139131546
	],
	"24. nose": [
		0.47175607085227966,
		0.3025824725627899,
		-0.07263945788145065,
		0.9997967481613159
	],
	"25. left_eye": [
		0.47981756925582886,
		0.2883784770965576,
		-0.08367355167865753,
		0.9998642802238464
	],
	"26. right_eye": [
		0.47230520844459534,
		0.2911911904811859,
		-0.05833630636334419,
		0.9997639656066895
	],
	"27. left_ear": [
		0.49519529938697815,
		0.2966570258140564,
		-0.08690353482961655,
		0.9999099373817444
	],
	"28. right_ear": [
		0.4799814224243164,
		0.2967667281627655,
		0.025916825979948044,
		0.9996769428253174
	],
	"time stamp": 29.969946478656652
}