{
	"1. left_hip": [
		0.49869289994239807,
		0.5739920735359192,
		-0.0984048992395401,
		0.9992988109588623
	],
	"2. left_knee": [
		0.48058468103408813,
		0.7384614944458008,
		-0.08819837123155594,
		0.970383882522583
	],
	"3. left_ankle": [
		0.5076927542686462,
		0.8834892511367798,
		-0.05375083535909653,
		0.9835148453712463
	],
	"6. right_hip": [
		0.49011439085006714,
		0.5714252591133118,
		0.09829848259687424,
		0.9979897737503052
	],
	"7. right_knee": [
		0.4761563837528229,
		0.7207908034324646,
		0.12203066051006317,
		0.5808730125427246
	],
	"8. right_ankle": [
		0.5266029238700867,
		0.7857344746589661,
		0.22272033989429474,
		0.6991233229637146
	],
	"14. left_shoulder": [
		0.49846774339675903,
		0.35734590888023376,
		-0.16769495606422424,
		0.9998804926872253
	],
	"15. left_elbow": [
		0.5128822922706604,
		0.42539188265800476,
		-0.3837677538394928,
		0.9852171540260315
	],
	"16. left_wrist": [
		0.5262094736099243,
		0.42408639192581177,
		-0.596136748790741,
		0.924252986907959
	],
	"19. right_shoulder": [
		0.48858022689819336,
		0.3607850670814514,
		0.15017791092395782,
		0.9986321330070496
	],
	"20. right_elbow": [
		0.4851803779602051,
		0.4256543815135956,
		0.32731008529663086,
		0.13955503702163696
	],
	"21. right_wrist": [
		0.4848920702934265,
		0.4199134409427643,
		0.48557353019714355,
		0.30198410153388977
	],
	"24. nose": [
		0.4767233729362488,
		0.2845592200756073,
		-0.04447484388947487,
		0.9998598098754883
	],
	"25. left_eye": [
		0.4849780201911926,
		0.2749439775943756,
		-0.04423622041940689,
		0.999914288520813
	],
	"26. right_eye": [
		0.4799427390098572,
		0.2733176648616791,
		-0.031232714653015137,
		0.9998281598091125
	],
	"27. left_ear": [
		0.49790042638778687,
		0.2871268391609192,
		-0.0784720778465271,
		0.9999340772628784
	],
	"28. right_ear": [
		0.48759356141090393,
		0.28323793411254883,
		0.058026015758514404,
		0.9997788667678833
	],
	"time stamp": 29.969946478656652
}