{
	"1. left_hip": [
		0.5001308917999268,
		0.5708711743354797,
		-0.09764441847801208,
		0.999515950679779
	],
	"2. left_knee": [
		0.48537689447402954,
		0.7346022725105286,
		-0.09937530755996704,
		0.9766972661018372
	],
	"3. left_ankle": [
		0.5082204341888428,
		0.8842983841896057,
		-0.04119200259447098,
		0.988570511341095
	],
	"6. right_hip": [
		0.48661360144615173,
		0.5701186656951904,
		0.09758283197879791,
		0.9984885454177856
	],
	"7. right_knee": [
		0.4476478099822998,
		0.7058678865432739,
		0.07202725857496262,
		0.7082622051239014
	],
	"8. right_ankle": [
		0.52494877576828,
		0.7239140868186951,
		0.2468198537826538,
		0.761253297328949
	],
	"14. left_shoulder": [
		0.49742013216018677,
		0.3572899401187897,
		-0.18912363052368164,
		0.9999167323112488
	],
	"15. left_elbow": [
		0.5051330924034119,
		0.3852331042289734,
		-0.4159836173057556,
		0.9853156208992004
	],
	"16. left_wrist": [
		0.49546781182289124,
		0.34479278326034546,
		-0.6088817715644836,
		0.9444710612297058
	],
	"19. right_shoulder": [
		0.4835091531276703,
		0.3598465919494629,
		0.12136761099100113,
		0.9976745843887329
	],
	"20. right_elbow": [
		0.4837278425693512,
		0.38399675488471985,
		0.3179455101490021,
		0.10797998309135437
	],
	"21. right_wrist": [
		0.48556607961654663,
		0.36884990334510803,
		0.5167366862297058,
		0.2565450370311737
	],
	"24. nose": [
		0.47764259576797485,
		0.27710461616516113,
		-0.04954347014427185,
		0.9998602867126465
	],
	"25. left_eye": [
		0.4864366948604584,
		0.27227655053138733,
		-0.06735986471176147,
		0.9999321699142456
	],
	"26. right_eye": [
		0.4829462468624115,
		0.26953810453414917,
		-0.03528084605932236,
		0.9998262524604797
	],
	"27. left_ear": [
		0.49701762199401855,
		0.2879584729671478,
		-0.10928259789943695,
		0.9999399185180664
	],
	"28. right_ear": [
		0.4908819794654846,
		0.28279832005500793,
		0.03704827278852463,
		0.9998263120651245
	],
	"time stamp": 29.969946478656652
}