{
	"1. left_hip": [
		0.4830743372440338,
		0.5536059737205505,
		-0.08575157076120377,
		0.9996502995491028
	],
	"2. left_knee": [
		0.49269193410873413,
		0.725768506526947,
		-0.13117387890815735,
		0.9820393919944763
	],
	"3. left_ankle": [
		0.5086151361465454,
		0.8828672766685486,
		-0.10707785934209824,
		0.9930623769760132
	],
	"6. right_hip": [
		0.4674317240715027,
		0.5545667409896851,
		0.08572976291179657,
		0.9986883401870728
	],
	"7. right_knee": [
		0.42057856917381287,
		0.6809898614883423,
		0.051009178161621094,
		0.8367119431495667
	],
	"8. right_ankle": [
		0.4597806930541992,
		0.8059330582618713,
		0.14338813722133636,
		0.8034902215003967
	],
	"14. left_shoulder": [
		0.4722817540168762,
		0.336664080619812,
		-0.14743486046791077,
		0.9998201727867126
	],
	"15. left_elbow": [
		0.4533262252807617,
		0.37087488174438477,
		-0.2768341898918152,
		0.9367634057998657
	],
	"16. left_wrist": [
		0.4375106394290924,
		0.33334797620773315,
		-0.34485921263694763,
		0.7804932594299316
	],
	"19. right_shoulder": [
		0.46619558334350586,
		0.34218543767929077,
		0.12650541961193085,
		0.9981379508972168
	],
	"20. right_elbow": [
		0.460109144449234,
		0.44333240389823914,
		0.16360214352607727,
		0.06100545451045036
	],
	"21. right_wrist": [
		0.453112930059433,
		0.5235016942024231,
		0.12026430666446686,
		0.12889108061790466
	],
	"24. nose": [
		0.45287370681762695,
		0.27366799116134644,
		-0.030086612328886986,
		0.9995141625404358
	],
	"25. left_eye": [
		0.4615563452243805,
		0.26499634981155396,
		-0.04476022347807884,
		0.9995851516723633
	],
	"26. right_eye": [
		0.4598444104194641,
		0.2635959982872009,
		-0.016712220385670662,
		0.9993937015533447
	],
	"27. left_ear": [
		0.4715796411037445,
		0.2745784521102905,
		-0.0749611109495163,
		0.9994953870773315
	],
	"28. right_ear": [
		0.46801814436912537,
		0.27199235558509827,
		0.051671527326107025,
		0.9995731711387634
	],
	"time stamp": 29.969946478656652
}