{
	"1. left_hip": [
		0.47276076674461365,
		0.5513446927070618,
		-0.0869310200214386,
		0.9996873140335083
	],
	"2. left_knee": [
		0.4895039498806,
		0.7245520949363708,
		-0.1330220252275467,
		0.9846235513687134
	],
	"3. left_ankle": [
		0.5085985660552979,
		0.8827703595161438,
		-0.12194529920816422,
		0.993883490562439
	],
	"6. right_hip": [
		0.45605921745300293,
		0.5523086786270142,
		0.08689536154270172,
		0.9988743662834167
	],
	"7. right_knee": [
		0.4225090444087982,
		0.6916416883468628,
		0.07809972018003464,
		0.8528316617012024
	],
	"8. right_ankle": [
		0.43280309438705444,
		0.8445286154747009,
		0.13994139432907104,
		0.8324846029281616
	],
	"14. left_shoulder": [
		0.46108803153038025,
		0.33667927980422974,
		-0.12568515539169312,
		0.9998443126678467
	],
	"15. left_elbow": [
		0.4533690810203552,
		0.38782912492752075,
		-0.21127596497535706,
		0.946787416934967
	],
	"16. left_wrist": [
		0.43656015396118164,
		0.35168129205703735,
		-0.23962347209453583,
		0.807917594909668
	],
	"19. right_shoulder": [
		0.45303910970687866,
		0.3482317328453064,
		0.12054254859685898,
		0.9983441233634949
	],
	"20. right_elbow": [
		0.46796220541000366,
		0.4597439765930176,
		0.14493903517723083,
		0.07082602381706238
	],
	"21. right_wrist": [
		0.4895903170108795,
		0.5513761043548584,
		0.09581438452005386,
		0.1260259747505188
	],
	"24. nose": [
		0.4410852789878845,
		0.2774675190448761,
		-0.030790280550718307,
		0.9995692372322083
	],
	"25. left_eye": [
		0.4501771926879883,
		0.267450749874115,
		-0.042257457971572876,
		0.9996172189712524
	],
	"26. right_eye": [
		0.4465336203575134,
		0.26637235283851624,
		-0.01815582811832428,
		0.9994568824768066
	],
	"27. left_ear": [
		0.4608129858970642,
		0.275876522064209,
		-0.059813063591718674,
		0.9995466470718384
	],
	"28. right_ear": [
		0.4535365700721741,
		0.27310705184936523,
		0.04817097261548042,
		0.999599277973175
	],
	"time stamp": 29.969946478656652
}