{
	"1. left_hip": [
		0.4388081431388855,
		0.5806213021278381,
		-0.09833674132823944,
		0.9997208714485168
	],
	"2. left_knee": [
		0.41887983679771423,
		0.7383908033370972,
		-0.14894907176494598,
		0.9872683882713318
	],
	"3. left_ankle": [
		0.48155778646469116,
		0.8520997166633606,
		-0.12888547778129578,
		0.9949131011962891
	],
	"6. right_hip": [
		0.43344035744667053,
		0.5795227289199829,
		0.09834282845258713,
		0.9991495609283447
	],
	"7. right_knee": [
		0.41646233201026917,
		0.7234615087509155,
		0.11245428025722504,
		0.798579752445221
	],
	"8. right_ankle": [
		0.4231206476688385,
		0.859464168548584,
		0.16168078780174255,
		0.8660837411880493
	],
	"14. left_shoulder": [
		0.4429086148738861,
		0.38243648409843445,
		-0.14330895245075226,
		0.9998645782470703
	],
	"15. left_elbow": [
		0.42472052574157715,
		0.48407676815986633,
		-0.1367594599723816,
		0.9584595561027527
	],
	"16. left_wrist": [
		0.39909544587135315,
		0.504184365272522,
		-0.030131030827760696,
		0.8142366409301758
	],
	"19. right_shoulder": [
		0.435406357049942,
		0.3798018991947174,
		0.1506008505821228,
		0.9987215995788574
	],
	"20. right_elbow": [
		0.4194100797176361,
		0.47173500061035156,
		0.13437342643737793,
		0.059636685997247696
	],
	"21. right_wrist": [
		0.40169447660446167,
		0.5042797327041626,
		-0.0021715457551181316,
		0.10365161299705505
	],
	"24. nose": [
		0.42023760080337524,
		0.3097612261772156,
		-0.06176717206835747,
		0.9996697306632996
	],
	"25. left_eye": [
		0.42948776483535767,
		0.30016079545021057,
		-0.0711655244231224,
		0.9996861219406128
	],
	"26. right_eye": [
		0.42338165640830994,
		0.29809579253196716,
		-0.045530058443546295,
		0.999548077583313
	],
	"27. left_ear": [
		0.443046510219574,
		0.3104614019393921,
		-0.07458023726940155,
		0.9996473789215088
	],
	"28. right_ear": [
		0.43099528551101685,
		0.3056851029396057,
		0.038131941109895706,
		0.9994630217552185
	],
	"time stamp": 29.969946478656652
}