{
	"1. left_hip": [
		0.4259370267391205,
		0.5793006420135498,
		-0.09650646150112152,
		0.9996737837791443
	],
	"2. left_knee": [
		0.3833436071872711,
		0.7167888879776001,
		-0.14174464344978333,
		0.9838452935218811
	],
	"3. left_ankle": [
		0.437938392162323,
		0.8119059801101685,
		-0.08734361827373505,
		0.989046573638916
	],
	"6. right_hip": [
		0.42667025327682495,
		0.580450713634491,
		0.09658031165599823,
		0.9992835521697998
	],
	"7. right_knee": [
		0.4073936939239502,
		0.7229820489883423,
		0.09578705579042435,
		0.6797586679458618
	],
	"8. right_ankle": [
		0.42211222648620605,
		0.860808789730072,
		0.1182103306055069,
		0.8252004384994507
	],
	"14. left_shoulder": [
		0.4299166202545166,
		0.3790490925312042,
		-0.1340682953596115,
		0.9998541474342346
	],
	"15. left_elbow": [
		0.4232674241065979,
		0.4773637056350708,
		-0.1895243525505066,
		0.9612624645233154
	],
	"16. left_wrist": [
		0.4038425087928772,
		0.5497667193412781,
		-0.2141704112291336,
		0.8056813478469849
	],
	"19. right_shoulder": [
		0.4308212399482727,
		0.38646063208580017,
		0.1503186672925949,
		0.9989270567893982
	],
	"20. right_elbow": [
		0.4223247468471527,
		0.48137834668159485,
		0.20575937628746033,
		0.05054827407002449
	],
	"21. right_wrist": [
		0.4036610722541809,
		0.535480260848999,
		0.18191400170326233,
		0.08897720277309418
	],
	"24. nose": [
		0.4066966474056244,
		0.31938424706459045,
		-0.0468100905418396,
		0.9996538162231445
	],
	"25. left_eye": [
		0.41453033685684204,
		0.3067377209663391,
		-0.05463284254074097,
		0.9996137619018555
	],
	"26. right_eye": [
		0.40740370750427246,
		0.3077339828014374,
		-0.03151188790798187,
		0.9994738698005676
	],
	"27. left_ear": [
		0.4276820123195648,
		0.3130315840244293,
		-0.06271091848611832,
		0.9996054172515869
	],
	"28. right_ear": [
		0.41579681634902954,
		0.31206876039505005,
		0.04912785068154335,
		0.9992812275886536
	],
	"time stamp": 29.969946478656652
}