{
	"1. left_hip": [
		0.4191828668117523,
		0.5799022912979126,
		-0.09594469517469406,
		0.9996458292007446
	],
	"2. left_knee": [
		0.36574608087539673,
		0.7027691602706909,
		-0.13119535148143768,
		0.9853095412254333
	],
	"3. left_ankle": [
		0.42254242300987244,
		0.7995144128799438,
		-0.05935253947973251,
		0.9890893697738647
	],
	"6. right_hip": [
		0.4233619272708893,
		0.5832374095916748,
		0.09602906554937363,
		0.9993280172348022
	],
	"7. right_knee": [
		0.40833115577697754,
		0.7214130163192749,
		0.11616085469722748,
		0.6684120297431946
	],
	"8. right_ankle": [
		0.41905292868614197,
		0.8579493165016174,
		0.15198597311973572,
		0.833803653717041
	],
	"14. left_shoulder": [
		0.4244688153266907,
		0.37910130620002747,
		-0.1540745198726654,
		0.99984210729599
	],
	"15. left_elbow": [
		0.4197593629360199,
		0.4865839183330536,
		-0.1944311261177063,
		0.963462769985199
	],
	"16. left_wrist": [
		0.40674370527267456,
		0.5661343932151794,
		-0.18708865344524384,
		0.8108586668968201
	],
	"19. right_shoulder": [
		0.42823663353919983,
		0.3844904601573944,
		0.1265970766544342,
		0.9990014433860779
	],
	"20. right_elbow": [
		0.42091497778892517,
		0.48886027932167053,
		0.17280210554599762,
		0.047359537333250046
	],
	"21. right_wrist": [
		0.4078463017940521,
		0.5542733669281006,
		0.11365258693695068,
		0.08377598226070404
	],
	"24. nose": [
		0.4035908579826355,
		0.3161819577217102,
		-0.09144746512174606,
		0.9996730089187622
	],
	"25. left_eye": [
		0.4107646048069,
		0.3043857216835022,
		-0.09839700907468796,
		0.9996278882026672
	],
	"26. right_eye": [
		0.4044065475463867,
		0.30483928322792053,
		-0.07605685293674469,
		0.9995027780532837
	],
	"27. left_ear": [
		0.4222707748413086,
		0.3115844428539276,
		-0.09243504703044891,
		0.9996269345283508
	],
	"28. right_ear": [
		0.4109153151512146,
		0.31021055579185486,
		0.007580003701150417,
		0.9993248581886292
	],
	"time stamp": 29.969946478656652
}