{
	"1. left_hip": [
		0.3597108721733093,
		0.5797603726387024,
		-0.07182116061449051,
		0.9994341731071472
	],
	"2. left_knee": [
		0.3300749659538269,
		0.7039413452148438,
		-0.06971797347068787,
		0.9852535128593445
	],
	"3. left_ankle": [
		0.3197929263114929,
		0.8410614728927612,
		-0.042385634034872055,
		0.9910885691642761
	],
	"6. right_hip": [
		0.3769379258155823,
		0.5727685689926147,
		0.07182798534631729,
		0.9993746280670166
	],
	"7. right_knee": [
		0.3886304199695587,
		0.7113442420959473,
		0.037528812885284424,
		0.7685285806655884
	],
	"8. right_ankle": [
		0.4195326864719391,
		0.8543913960456848,
		0.02167186699807644,
		0.9030591249465942
	],
	"14. left_shoulder": [
		0.3652772307395935,
		0.39281079173088074,
		-0.1176852136850357,
		0.9999316334724426
	],
	"15. left_elbow": [
		0.38930630683898926,
		0.4962272346019745,
		-0.14436683058738708,
		0.9830237030982971
	],
	"16. left_wrist": [
		0.39558103680610657,
		0.5654047727584839,
		-0.13801679015159607,
		0.9197754263877869
	],
	"19. right_shoulder": [
		0.37448030710220337,
		0.39189496636390686,
		0.1262858361005783,
		0.9995459914207458
	],
	"20. right_elbow": [
		0.34549206495285034,
		0.4685753285884857,
		0.1691148281097412,
		0.15368196368217468
	],
	"21. right_wrist": [
		0.31140750646591187,
		0.46380552649497986,
		0.13510063290596008,
		0.4125322103500366
	],
	"24. nose": [
		0.34868162870407104,
		0.3278173804283142,
		-0.01852513663470745,
		0.9998655319213867
	],
	"25. left_eye": [
		0.35411375761032104,
		0.315668523311615,
		-0.03169652074575424,
		0.9998442530632019
	],
	"26. right_eye": [
		0.35275548696517944,
		0.31504806876182556,
		-0.007492647971957922,
		0.9997788667678833
	],
	"27. left_ear": [
		0.36533692479133606,
		0.31994715332984924,
		-0.0626128762960434,
		0.9998499155044556
	],
	"28. right_ear": [
		0.36393728852272034,
		0.3195973336696625,
		0.043461237102746964,
		0.9997090697288513
	],
	"time stamp": 29.969946478656652
}