{
	"1. left_hip": [
		0.3234981894493103,
		0.5779241919517517,
		-0.08306194096803665,
		0.9994102120399475
	],
	"2. left_knee": [
		0.30806607007980347,
		0.7115917801856995,
		-0.06888874620199203,
		0.9745639562606812
	],
	"3. left_ankle": [
		0.32665109634399414,
		0.8398147821426392,
		-0.024634767323732376,
		0.990629255771637
	],
	"6. right_hip": [
		0.32995396852493286,
		0.5695760250091553,
		0.08296512067317963,
		0.9989652037620544
	],
	"7. right_knee": [
		0.3134252429008484,
		0.6990554332733154,
		0.09893767535686493,
		0.7438841462135315
	],
	"8. right_ankle": [
		0.34324902296066284,
		0.805922269821167,
		0.15363004803657532,
		0.8866369724273682
	],
	"14. left_shoulder": [
		0.3399480879306793,
		0.39184707403182983,
		-0.14284078776836395,
		0.99994295835495
	],
	"15. left_elbow": [
		0.31496816873550415,
		0.4847008287906647,
		-0.19029316306114197,
		0.9777952432632446
	],
	"16. left_wrist": [
		0.28485459089279175,
		0.5188966393470764,
		-0.17748577892780304,
		0.9077976942062378
	],
	"19. right_shoulder": [
		0.34882432222366333,
		0.3885435461997986,
		0.09400416910648346,
		0.999624490737915
	],
	"20. right_elbow": [
		0.35824111104011536,
		0.45286673307418823,
		0.1810077279806137,
		0.17151258885860443
	],
	"21. right_wrist": [
		0.3532406985759735,
		0.4809042513370514,
		0.24317117035388947,
		0.4070548117160797
	],
	"24. nose": [
		0.3172110915184021,
		0.32570868730545044,
		-0.02209744043648243,
		0.9998457431793213
	],
	"25. left_eye": [
		0.32353946566581726,
		0.313681960105896,
		-0.03793247789144516,
		0.9998438358306885
	],
	"26. right_eye": [
		0.32044166326522827,
		0.3130071759223938,
		-0.013823213055729866,
		0.999761700630188
	],
	"27. left_ear": [
		0.33629363775253296,
		0.3174585998058319,
		-0.08325893431901932,
		0.9998632073402405
	],
	"28. right_ear": [
		0.33263668417930603,
		0.3171342611312866,
		0.027397384867072105,
		0.9997209310531616
	],
	"time stamp": 29.969946478656652
}