{
	"1. left_hip": [
		0.31940335035324097,
		0.5784674286842346,
		-0.08429229259490967,
		0.9993658065795898
	],
	"2. left_knee": [
		0.30403023958206177,
		0.7111680507659912,
		-0.06463057547807693,
		0.9668777585029602
	],
	"3. left_ankle": [
		0.3191382884979248,
		0.8426734805107117,
		-0.020661523565649986,
		0.9898614287376404
	],
	"6. right_hip": [
		0.3218182325363159,
		0.5722192525863647,
		0.08418074250221252,
		0.9984616637229919
	],
	"7. right_knee": [
		0.30331602692604065,
		0.6959102153778076,
		0.12045691162347794,
		0.7252245545387268
	],
	"8. right_ankle": [
		0.34296920895576477,
		0.7807341814041138,
		0.1867257058620453,
		0.8688539266586304
	],
	"14. left_shoulder": [
		0.334757536649704,
		0.3913923501968384,
		-0.1662047803401947,
		0.9999434351921082
	],
	"15. left_elbow": [
		0.31224459409713745,
		0.4799254536628723,
		-0.19193130731582642,
		0.9761925339698792
	],
	"16. left_wrist": [
		0.29492419958114624,
		0.5201974511146545,
		-0.141585111618042,
		0.8983100056648254
	],
	"19. right_shoulder": [
		0.340324342250824,
		0.3904626965522766,
		0.09981140494346619,
		0.9995592832565308
	],
	"20. right_elbow": [
		0.3226132094860077,
		0.4627457857131958,
		0.13064967095851898,
		0.16149821877479553
	],
	"21. right_wrist": [
		0.30296117067337036,
		0.5206077694892883,
		0.08425533026456833,
		0.3779888153076172
	],
	"24. nose": [
		0.31218451261520386,
		0.32545098662376404,
		-0.06229134276509285,
		0.9997621178627014
	],
	"25. left_eye": [
		0.31904786825180054,
		0.31342920660972595,
		-0.07637567818164825,
		0.9997984766960144
	],
	"26. right_eye": [
		0.3149295151233673,
		0.3130476772785187,
		-0.04973846301436424,
		0.9996539354324341
	],
	"27. left_ear": [
		0.3325970470905304,
		0.31726497411727905,
		-0.10472403466701508,
		0.9998241066932678
	],
	"28. right_ear": [
		0.32736650109291077,
		0.31704217195510864,
		0.014256631955504417,
		0.9995514750480652
	],
	"time stamp": 29.969946478656652
}