{
	"1. left_hip": [
		0.3173615038394928,
		0.581861138343811,
		-0.08576999604701996,
		0.9993568658828735
	],
	"2. left_knee": [
		0.3038257956504822,
		0.7172411680221558,
		-0.06297548860311508,
		0.9611708521842957
	],
	"3. left_ankle": [
		0.3176950514316559,
		0.844420313835144,
		-0.00523972325026989,
		0.9881479740142822
	],
	"6. right_hip": [
		0.3120555281639099,
		0.5763231515884399,
		0.08571125566959381,
		0.9978125691413879
	],
	"7. right_knee": [
		0.28914302587509155,
		0.6873337030410767,
		0.13974496722221375,
		0.6781623363494873
	],
	"8. right_ankle": [
		0.3260745108127594,
		0.7862282395362854,
		0.23624829947948456,
		0.8078397512435913
	],
	"14. left_shoulder": [
		0.33295708894729614,
		0.39142391085624695,
		-0.20549854636192322,
		0.9999493360519409
	],
	"15. left_elbow": [
		0.32470381259918213,
		0.4944691061973572,
		-0.23328113555908203,
		0.9777734875679016
	],
	"16. left_wrist": [
		0.3152875304222107,
		0.578721821308136,
		-0.20317232608795166,
		0.9012965559959412
	],
	"19. right_shoulder": [
		0.32738715410232544,
		0.3905958831310272,
		0.06016014888882637,
		0.99930739402771
	],
	"20. right_elbow": [
		0.3179802894592285,
		0.4886006712913513,
		0.09203357994556427,
		0.13846251368522644
	],
	"21. right_wrist": [
		0.3096800744533539,
		0.5591383576393127,
		0.04534297436475754,
		0.3178970515727997
	],
	"24. nose": [
		0.305791437625885,
		0.32501906156539917,
		-0.10008662939071655,
		0.9996340870857239
	],
	"25. left_eye": [
		0.31194695830345154,
		0.3129878640174866,
		-0.11550607532262802,
		0.9997404217720032
	],
	"26. right_eye": [
		0.30864447355270386,
		0.3126606345176697,
		-0.08855722844600677,
		0.9994822144508362
	],
	"27. left_ear": [
		0.3250974714756012,
		0.31682088971138,
		-0.1497754454612732,
		0.9998018145561218
	],
	"28. right_ear": [
		0.31984370946884155,
		0.3166411817073822,
		-0.028209533542394638,
		0.9993009567260742
	],
	"time stamp": 29.969946478656652
}