{
	"1. left_hip": [
		0.29882341623306274,
		0.5647626519203186,
		-0.054830215871334076,
		0.9993078708648682
	],
	"2. left_knee": [
		0.2773524224758148,
		0.7002646327018738,
		-0.051024653017520905,
		0.9806215167045593
	],
	"3. left_ankle": [
		0.2983871102333069,
		0.8263413310050964,
		0.02777719497680664,
		0.9926210045814514
	],
	"6. right_hip": [
		0.2667478322982788,
		0.5624657273292542,
		0.05485215038061142,
		0.998056173324585
	],
	"7. right_knee": [
		0.25830525159835815,
		0.6981925964355469,
		0.07978204637765884,
		0.8181923031806946
	],
	"8. right_ankle": [
		0.2675635516643524,
		0.817626953125,
		0.17333108186721802,
		0.8986199498176575
	],
	"14. left_shoulder": [
		0.3191300630569458,
		0.40416866540908813,
		-0.13632795214653015,
		0.9999640583992004
	],
	"15. left_elbow": [
		0.32412487268447876,
		0.49583709239959717,
		-0.11558099836111069,
		0.9869450926780701
	],
	"16. left_wrist": [
		0.329215407371521,
		0.5763120055198669,
		-0.12485618889331818,
		0.9076462388038635
	],
	"19. right_shoulder": [
		0.2658544182777405,
		0.39645516872406006,
		0.00392550602555275,
		0.9988889694213867
	],
	"20. right_elbow": [
		0.2622390389442444,
		0.491022527217865,
		0.05355576425790787,
		0.09527690708637238
	],
	"21. right_wrist": [
		0.25897693634033203,
		0.5546241998672485,
		-0.017034947872161865,
		0.1676817536354065
	],
	"24. nose": [
		0.27755334973335266,
		0.3210451304912567,
		-0.18885794281959534,
		0.9996641278266907
	],
	"25. left_eye": [
		0.2846962511539459,
		0.3107817471027374,
		-0.18987825512886047,
		0.9997259378433228
	],
	"26. right_eye": [
		0.27621781826019287,
		0.31192705035209656,
		-0.175724595785141,
		0.9993578791618347
	],
	"27. left_ear": [
		0.2971356213092804,
		0.3170900046825409,
		-0.14905643463134766,
		0.9998445510864258
	],
	"28. right_ear": [
		0.2794532775878906,
		0.31887027621269226,
		-0.09237399697303772,
		0.9988093972206116
	],
	"time stamp": 29.969946478656652
}