{
	"1. left_hip": [
		0.301240473985672,
		0.5597958564758301,
		-0.049148254096508026,
		0.9991485476493835
	],
	"2. left_knee": [
		0.2798481285572052,
		0.6865217685699463,
		-0.05235903710126877,
		0.9830630421638489
	],
	"3. left_ankle": [
		0.29703226685523987,
		0.8051363825798035,
		0.0379912331700325,
		0.9922906160354614
	],
	"6. right_hip": [
		0.2674487829208374,
		0.562635600566864,
		0.04916864633560181,
		0.9982295036315918
	],
	"7. right_knee": [
		0.2608974874019623,
		0.6913589239120483,
		0.053557973355054855,
		0.8361791968345642
	],
	"8. right_ankle": [
		0.26981380581855774,
		0.8161532878875732,
		0.14091737568378448,
		0.9155839681625366
	],
	"14. left_shoulder": [
		0.32005494832992554,
		0.39781537652015686,
		-0.13404321670532227,
		0.9999545216560364
	],
	"15. left_elbow": [
		0.32998424768447876,
		0.4843542277812958,
		-0.12699034810066223,
		0.9885673522949219
	],
	"16. left_wrist": [
		0.32750818133354187,
		0.558229386806488,
		-0.1666731983423233,
		0.9027777314186096
	],
	"19. right_shoulder": [
		0.2574838399887085,
		0.405282586812973,
		-0.02581026591360569,
		0.9990631937980652
	],
	"20. right_elbow": [
		0.24762892723083496,
		0.4918041229248047,
		0.018921788781881332,
		0.20741358399391174
	],
	"21. right_wrist": [
		0.2432020902633667,
		0.5574707388877869,
		-0.04180171340703964,
		0.24122101068496704
	],
	"24. nose": [
		0.27909213304519653,
		0.31873491406440735,
		-0.20593421161174774,
		0.999722957611084
	],
	"25. left_eye": [
		0.2857133746147156,
		0.3097594976425171,
		-0.19973938167095184,
		0.9997384548187256
	],
	"26. right_eye": [
		0.27592194080352783,
		0.311419278383255,
		-0.19230610132217407,
		0.9994387030601501
	],
	"27. left_ear": [
		0.29698750376701355,
		0.31701210141181946,
		-0.1472417563199997,
		0.9998403191566467
	],
	"28. right_ear": [
		0.2752869427204132,
		0.319998174905777,
		-0.10990001261234283,
		0.9988967180252075
	],
	"time stamp": 29.969946478656652
}