{
	"1. left_hip": [
		0.30792707204818726,
		0.5559869408607483,
		-0.029311809688806534,
		0.9991543292999268
	],
	"2. left_knee": [
		0.3017961382865906,
		0.6824212670326233,
		-0.015071362257003784,
		0.9864901900291443
	],
	"3. left_ankle": [
		0.32960835099220276,
		0.782744824886322,
		0.13694807887077332,
		0.9914498329162598
	],
	"6. right_hip": [
		0.2711102366447449,
		0.5606940388679504,
		0.02928597293794155,
		0.9987546801567078
	],
	"7. right_knee": [
		0.2704542577266693,
		0.6937240362167358,
		0.03111964464187622,
		0.8784106969833374
	],
	"8. right_ankle": [
		0.2693379521369934,
		0.8193130493164062,
		0.10564757883548737,
		0.9398094415664673
	],
	"14. left_shoulder": [
		0.32043176889419556,
		0.39182379841804504,
		-0.08488591760396957,
		0.9999106526374817
	],
	"15. left_elbow": [
		0.33359163999557495,
		0.47003284096717834,
		-0.0779428631067276,
		0.9861219525337219
	],
	"16. left_wrist": [
		0.3329291343688965,
		0.53532874584198,
		-0.16952599585056305,
		0.8688075542449951
	],
	"19. right_shoulder": [
		0.2607964873313904,
		0.405508816242218,
		-0.0344538651406765,
		0.9993374347686768
	],
	"20. right_elbow": [
		0.24829831719398499,
		0.48252806067466736,
		0.0009774512145668268,
		0.4224371910095215
	],
	"21. right_wrist": [
		0.2440718114376068,
		0.5455191135406494,
		-0.06617666035890579,
		0.4212348163127899
	],
	"24. nose": [
		0.2813555598258972,
		0.3145402669906616,
		-0.2036091536283493,
		0.9997947216033936
	],
	"25. left_eye": [
		0.28892719745635986,
		0.30709049105644226,
		-0.18790346384048462,
		0.999752402305603
	],
	"26. right_eye": [
		0.27703607082366943,
		0.30727291107177734,
		-0.18989165127277374,
		0.999562680721283
	],
	"27. left_ear": [
		0.29666855931282043,
		0.31656959652900696,
		-0.11849378049373627,
		0.9998135566711426
	],
	"28. right_ear": [
		0.27647799253463745,
		0.31842583417892456,
		-0.1079082265496254,
		0.9991011619567871
	],
	"time stamp": 29.969946478656652
}