{
	"1. left_hip": [
		0.3288516700267792,
		0.5644702315330505,
		-0.03448628634214401,
		0.9992920160293579
	],
	"2. left_knee": [
		0.3322276473045349,
		0.7022573947906494,
		-0.0417463555932045,
		0.9936575889587402
	],
	"3. left_ankle": [
		0.35403984785079956,
		0.8112104535102844,
		0.04381389915943146,
		0.99469393491745
	],
	"6. right_hip": [
		0.29567137360572815,
		0.5615607500076294,
		0.034424278885126114,
		0.9993375539779663
	],
	"7. right_knee": [
		0.27503544092178345,
		0.6862019300460815,
		0.015447845682501793,
		0.955876886844635
	],
	"8. right_ankle": [
		0.2727586627006531,
		0.8066682815551758,
		0.09236772358417511,
		0.9774825572967529
	],
	"14. left_shoulder": [
		0.3414325416088104,
		0.39142024517059326,
		-0.020934423431754112,
		0.9998766183853149
	],
	"15. left_elbow": [
		0.36459997296333313,
		0.46792834997177124,
		-0.07025684416294098,
		0.9800896644592285
	],
	"16. left_wrist": [
		0.38939884305000305,
		0.4864480197429657,
		-0.21318845450878143,
		0.8847222328186035
	],
	"19. right_shoulder": [
		0.28423619270324707,
		0.40756335854530334,
		0.05482397601008415,
		0.9996430277824402
	],
	"20. right_elbow": [
		0.27699270844459534,
		0.4935782253742218,
		0.014565220102667809,
		0.7149716019630432
	],
	"21. right_wrist": [
		0.25603899359703064,
		0.4774799048900604,
		-0.1621038317680359,
		0.7817181348800659
	],
	"24. nose": [
		0.3023463189601898,
		0.3283783495426178,
		-0.11436034739017487,
		0.9999253749847412
	],
	"25. left_eye": [
		0.30859023332595825,
		0.3174380958080292,
		-0.10453472286462784,
		0.9998964667320251
	],
	"26. right_eye": [
		0.29710179567337036,
		0.3201119303703308,
		-0.09834764897823334,
		0.999841034412384
	],
	"27. left_ear": [
		0.3162098526954651,
		0.32358238101005554,
		-0.04147263616323471,
		0.9999151825904846
	],
	"28. right_ear": [
		0.295013964176178,
		0.3277648389339447,
		-0.0107028279453516,
		0.9996634125709534
	],
	"time stamp": 29.969946478656652
}