{
	"1. left_hip": [
		0.328712522983551,
		0.5678142309188843,
		-0.03465302288532257,
		0.999355137348175
	],
	"2. left_knee": [
		0.33291441202163696,
		0.703429102897644,
		-0.03723955154418945,
		0.994102954864502
	],
	"3. left_ankle": [
		0.35403433442115784,
		0.8111473917961121,
		0.07769861817359924,
		0.9950589537620544
	],
	"6. right_hip": [
		0.2961258292198181,
		0.5645872950553894,
		0.034600064158439636,
		0.999395489692688
	],
	"7. right_knee": [
		0.270326167345047,
		0.6816954016685486,
		0.009709724225103855,
		0.959905207157135
	],
	"8. right_ankle": [
		0.2728472948074341,
		0.801340639591217,
		0.11532042920589447,
		0.979358971118927
	],
	"14. left_shoulder": [
		0.34396636486053467,
		0.3933156430721283,
		-0.04202042147517204,
		0.99988853931427
	],
	"15. left_elbow": [
		0.3746871054172516,
		0.46317991614341736,
		-0.1311580389738083,
		0.9819929599761963
	],
	"16. left_wrist": [
		0.39865079522132874,
		0.4282575249671936,
		-0.2882470488548279,
		0.8960579633712769
	],
	"19. right_shoulder": [
		0.2862445116043091,
		0.4097052216529846,
		0.015498894266784191,
		0.9996752142906189
	],
	"20. right_elbow": [
		0.27693676948547363,
		0.49272504448890686,
		-0.035735633224248886,
		0.7397471070289612
	],
	"21. right_wrist": [
		0.2549426257610321,
		0.48797568678855896,
		-0.2095431387424469,
		0.8029331564903259
	],
	"24. nose": [
		0.30384260416030884,
		0.3296419680118561,
		-0.15975050628185272,
		0.9999328255653381
	],
	"25. left_eye": [
		0.3096751570701599,
		0.3186679482460022,
		-0.14912840723991394,
		0.9999067187309265
	],
	"26. right_eye": [
		0.2986195981502533,
		0.32202163338661194,
		-0.1430351287126541,
		0.9998567700386047
	],
	"27. left_ear": [
		0.31719136238098145,
		0.3244946300983429,
		-0.07972774654626846,
		0.999923586845398
	],
	"28. right_ear": [
		0.2966395616531372,
		0.3304294943809509,
		-0.04911496490240097,
		0.9996967911720276
	],
	"time stamp": 29.969946478656652
}