{
	"1. left_hip": [
		0.327955961227417,
		0.5715526342391968,
		-0.03635944426059723,
		0.9994156956672668
	],
	"2. left_knee": [
		0.3329460024833679,
		0.7042310237884521,
		-0.0446324497461319,
		0.9944959282875061
	],
	"3. left_ankle": [
		0.3537804186344147,
		0.811171293258667,
		0.07359977066516876,
		0.9953799843788147
	],
	"6. right_hip": [
		0.29542481899261475,
		0.5672024488449097,
		0.03628392145037651,
		0.9994519352912903
	],
	"7. right_knee": [
		0.2624059319496155,
		0.6788528561592102,
		-0.020427247509360313,
		0.9636520147323608
	],
	"8. right_ankle": [
		0.2706647217273712,
		0.7950156927108765,
		0.09304849058389664,
		0.9810970425605774
	],
	"14. left_shoulder": [
		0.3458983898162842,
		0.3947018086910248,
		-0.04991709440946579,
		0.9998994469642639
	],
	"15. left_elbow": [
		0.37558937072753906,
		0.45630592107772827,
		-0.16011838614940643,
		0.9837257862091064
	],
	"16. left_wrist": [
		0.3934924602508545,
		0.4065004587173462,
		-0.32275038957595825,
		0.9062761664390564
	],
	"19. right_shoulder": [
		0.28726547956466675,
		0.40931007266044617,
		0.0191236212849617,
		0.99970543384552
	],
	"20. right_elbow": [
		0.27593159675598145,
		0.48946210741996765,
		-0.021398279815912247,
		0.7611616253852844
	],
	"21. right_wrist": [
		0.2528933882713318,
		0.5098946690559387,
		-0.19097095727920532,
		0.8215592503547668
	],
	"24. nose": [
		0.3046339154243469,
		0.33133259415626526,
		-0.15826624631881714,
		0.999939501285553
	],
	"25. left_eye": [
		0.3103603720664978,
		0.3203071355819702,
		-0.14782419800758362,
		0.9999160170555115
	],
	"26. right_eye": [
		0.2991730272769928,
		0.3238740563392639,
		-0.14140881597995758,
		0.999871015548706
	],
	"27. left_ear": [
		0.3181007504463196,
		0.326002299785614,
		-0.07898607850074768,
		0.9999311566352844
	],
	"28. right_ear": [
		0.2977544963359833,
		0.33219802379608154,
		-0.04734683036804199,
		0.9997270107269287
	],
	"time stamp": 29.969946478656652
}