{
	"1. left_hip": [
		0.31508445739746094,
		0.5775224566459656,
		-0.04953554645180702,
		0.9996716380119324
	],
	"2. left_knee": [
		0.3320362865924835,
		0.7021781206130981,
		-0.0851210504770279,
		0.9965450763702393
	],
	"3. left_ankle": [
		0.3534027934074402,
		0.8104453086853027,
		0.019332123920321465,
		0.9971145391464233
	],
	"6. right_hip": [
		0.2832930088043213,
		0.584434449672699,
		0.04955955594778061,
		0.999686598777771
	],
	"7. right_knee": [
		0.24175667762756348,
		0.6812406182289124,
		-0.005965200252830982,
		0.9803191423416138
	],
	"8. right_ankle": [
		0.2433963567018509,
		0.8060579299926758,
		0.13301540911197662,
		0.9888232350349426
	],
	"14. left_shoulder": [
		0.31188875436782837,
		0.40955621004104614,
		-0.1329021155834198,
		0.9999536275863647
	],
	"15. left_elbow": [
		0.3465481996536255,
		0.47430723905563354,
		-0.12093468755483627,
		0.9925706386566162
	],
	"16. left_wrist": [
		0.3813382685184479,
		0.5304173827171326,
		-0.19895701110363007,
		0.9570274353027344
	],
	"19. right_shoulder": [
		0.25656449794769287,
		0.42413440346717834,
		-0.003369223326444626,
		0.9998273253440857
	],
	"20. right_elbow": [
		0.25317761301994324,
		0.5135732889175415,
		0.04608533903956413,
		0.8161659240722656
	],
	"21. right_wrist": [
		0.2500053942203522,
		0.5881412029266357,
		-0.031076345592737198,
		0.8678157329559326
	],
	"24. nose": [
		0.2748417854309082,
		0.3397822678089142,
		-0.21160808205604553,
		0.9999722242355347
	],
	"25. left_eye": [
		0.2812538146972656,
		0.33031511306762695,
		-0.20229244232177734,
		0.9999584555625916
	],
	"26. right_eye": [
		0.2712557911872864,
		0.33264657855033875,
		-0.1939219981431961,
		0.9999369382858276
	],
	"27. left_ear": [
		0.29144662618637085,
		0.3372533619403839,
		-0.14144960045814514,
		0.9999651312828064
	],
	"28. right_ear": [
		0.27027466893196106,
		0.3414772152900696,
		-0.10216720402240753,
		0.999864935874939
	],
	"time stamp": 29.969946478656652
}