{
	"1. left_hip": [
		0.3100683391094208,
		0.581508219242096,
		-0.05336914211511612,
		0.9997657537460327
	],
	"2. left_knee": [
		0.334815114736557,
		0.7010840177536011,
		-0.11445768177509308,
		0.997019350528717
	],
	"3. left_ankle": [
		0.35369184613227844,
		0.8078342080116272,
		-0.02943943813443184,
		0.9974651336669922
	],
	"6. right_hip": [
		0.2780495882034302,
		0.5937967300415039,
		0.05339209362864494,
		0.9997466206550598
	],
	"7. right_knee": [
		0.23571011424064636,
		0.6824586391448975,
		-0.01680358126759529,
		0.9823615550994873
	],
	"8. right_ankle": [
		0.24102254211902618,
		0.8059020042419434,
		0.11757592111825943,
		0.9887003302574158
	],
	"14. left_shoulder": [
		0.2886369526386261,
		0.4212024211883545,
		-0.11671708524227142,
		0.9999716281890869
	],
	"15. left_elbow": [
		0.3325948715209961,
		0.4531182646751404,
		-0.12180706113576889,
		0.995341956615448
	],
	"16. left_wrist": [
		0.3674622178077698,
		0.4785931408405304,
		-0.20710349082946777,
		0.9725693464279175
	],
	"19. right_shoulder": [
		0.23480141162872314,
		0.4487379789352417,
		0.019813595339655876,
		0.9998695850372314
	],
	"20. right_elbow": [
		0.23982195556163788,
		0.5380933880805969,
		0.06961816549301147,
		0.7969613075256348
	],
	"21. right_wrist": [
		0.2435806542634964,
		0.610649049282074,
		-0.0002633947879076004,
		0.8619391918182373
	],
	"24. nose": [
		0.24768245220184326,
		0.36039090156555176,
		-0.19680139422416687,
		0.9999827742576599
	],
	"25. left_eye": [
		0.255123496055603,
		0.34988608956336975,
		-0.18471407890319824,
		0.999972403049469
	],
	"26. right_eye": [
		0.2445053607225418,
		0.35205134749412537,
		-0.17437879741191864,
		0.9999599456787109
	],
	"27. left_ear": [
		0.2636900842189789,
		0.358108252286911,
		-0.11766357719898224,
		0.9999762177467346
	],
	"28. right_ear": [
		0.24386858940124512,
		0.3603631258010864,
		-0.07541567087173462,
		0.9999130368232727
	],
	"time stamp": 29.969946478656652
}