{
	"1. left_hip": [
		0.30721864104270935,
		0.5824899673461914,
		-0.055479127913713455,
		0.9998177886009216
	],
	"2. left_knee": [
		0.33527034521102905,
		0.6995548009872437,
		-0.11702735722064972,
		0.9973230957984924
	],
	"3. left_ankle": [
		0.3534645140171051,
		0.8070039749145508,
		-0.041081346571445465,
		0.9978190064430237
	],
	"6. right_hip": [
		0.27700042724609375,
		0.5940239429473877,
		0.055524397641420364,
		0.9997594356536865
	],
	"7. right_knee": [
		0.23219946026802063,
		0.6800986528396606,
		-0.029534969478845596,
		0.9830396771430969
	],
	"8. right_ankle": [
		0.24052515625953674,
		0.804290771484375,
		0.08406081795692444,
		0.988135814666748
	],
	"14. left_shoulder": [
		0.2856948971748352,
		0.42277002334594727,
		-0.0963599756360054,
		0.9999804496765137
	],
	"15. left_elbow": [
		0.3307492434978485,
		0.4055749177932739,
		-0.13589705526828766,
		0.9968394637107849
	],
	"16. left_wrist": [
		0.36835843324661255,
		0.4042265713214874,
		-0.2463974952697754,
		0.9803564548492432
	],
	"19. right_shoulder": [
		0.23052506148815155,
		0.44633370637893677,
		0.012175587005913258,
		0.9998960494995117
	],
	"20. right_elbow": [
		0.23335568606853485,
		0.5349900722503662,
		0.04896153509616852,
		0.8351625800132751
	],
	"21. right_wrist": [
		0.23894102871418,
		0.6060168147087097,
		-0.02195671573281288,
		0.8866791725158691
	],
	"24. nose": [
		0.25102025270462036,
		0.36432546377182007,
		-0.19257929921150208,
		0.9999892115592957
	],
	"25. left_eye": [
		0.2571758031845093,
		0.355802446603775,
		-0.17857858538627625,
		0.9999799728393555
	],
	"26. right_eye": [
		0.2466394007205963,
		0.35363534092903137,
		-0.17154249548912048,
		0.9999741911888123
	],
	"27. left_ear": [
		0.2633425295352936,
		0.361505389213562,
		-0.1091325432062149,
		0.9999791383743286
	],
	"28. right_ear": [
		0.2416858673095703,
		0.3598828911781311,
		-0.06998894363641739,
		0.9999440908432007
	],
	"time stamp": 29.969946478656652
}