{
	"1. left_hip": [
		0.30705609917640686,
		0.5824030041694641,
		-0.05539799481630325,
		0.9998220205307007
	],
	"2. left_knee": [
		0.33530741930007935,
		0.6995629668235779,
		-0.11604668945074081,
		0.9972316026687622
	],
	"3. left_ankle": [
		0.35348159074783325,
		0.8070463538169861,
		-0.04302886873483658,
		0.9977717399597168
	],
	"6. right_hip": [
		0.2770236134529114,
		0.5940830707550049,
		0.0554245188832283,
		0.9997511506080627
	],
	"7. right_knee": [
		0.23174794018268585,
		0.6794817447662354,
		-0.030879667028784752,
		0.9820846915245056
	],
	"8. right_ankle": [
		0.24050292372703552,
		0.8042883276939392,
		0.07409265637397766,
		0.9872825145721436
	],
	"14. left_shoulder": [
		0.2859237492084503,
		0.42187637090682983,
		-0.09565757215023041,
		0.9999807476997375
	],
	"15. left_elbow": [
		0.3294225335121155,
		0.3944607973098755,
		-0.1354905515909195,
		0.9970850944519043
	],
	"16. left_wrist": [
		0.3649643063545227,
		0.3834213614463806,
		-0.23661907017230988,
		0.9813604354858398
	],
	"19. right_shoulder": [
		0.23099514842033386,
		0.44802677631378174,
		0.011036147363483906,
		0.9998851418495178
	],
	"20. right_elbow": [
		0.234012171626091,
		0.5372524857521057,
		0.0464777946472168,
		0.8411036729812622
	],
	"21. right_wrist": [
		0.2388753443956375,
		0.6072342395782471,
		-0.024286964908242226,
		0.8889552354812622
	],
	"24. nose": [
		0.2516250014305115,
		0.36412280797958374,
		-0.1916135847568512,
		0.9999896883964539
	],
	"25. left_eye": [
		0.25750285387039185,
		0.35578951239585876,
		-0.177271768450737,
		0.9999784231185913
	],
	"26. right_eye": [
		0.24720850586891174,
		0.3536562919616699,
		-0.17104020714759827,
		0.9999749660491943
	],
	"27. left_ear": [
		0.26352089643478394,
		0.3621988892555237,
		-0.10655087232589722,
		0.9999744296073914
	],
	"28. right_ear": [
		0.2423580437898636,
		0.3601810038089752,
		-0.07136368751525879,
		0.9999457597732544
	],
	"time stamp": 29.969946478656652
}