{
	"1. left_hip": [
		0.30663731694221497,
		0.5821681022644043,
		-0.05632821470499039,
		0.9998572468757629
	],
	"2. left_knee": [
		0.33530890941619873,
		0.6994754076004028,
		-0.11788364499807358,
		0.9970498085021973
	],
	"3. left_ankle": [
		0.3536010980606079,
		0.8074904680252075,
		-0.049433059990406036,
		0.9977080225944519
	],
	"6. right_hip": [
		0.27615153789520264,
		0.5955229997634888,
		0.056328315287828445,
		0.9997646808624268
	],
	"7. right_knee": [
		0.23053893446922302,
		0.6790453195571899,
		-0.014436398632824421,
		0.9781596660614014
	],
	"8. right_ankle": [
		0.2404656708240509,
		0.8041571974754333,
		0.10084442049264908,
		0.983648955821991
	],
	"14. left_shoulder": [
		0.28644269704818726,
		0.41457369923591614,
		-0.1039484366774559,
		0.9999812245368958
	],
	"15. left_elbow": [
		0.3250475525856018,
		0.3713172972202301,
		-0.1555757224559784,
		0.9979033470153809
	],
	"16. left_wrist": [
		0.35423699021339417,
		0.34784823656082153,
		-0.25184834003448486,
		0.9851815104484558
	],
	"19. right_shoulder": [
		0.22956633567810059,
		0.45268699526786804,
		0.008264981210231781,
		0.9998323917388916
	],
	"20. right_elbow": [
		0.2337404042482376,
		0.5432758927345276,
		0.04640669375658035,
		0.8598914742469788
	],
	"21. right_wrist": [
		0.23858988285064697,
		0.6106160283088684,
		-0.016611356288194656,
		0.8927006721496582
	],
	"24. nose": [
		0.25095972418785095,
		0.3645830452442169,
		-0.1872834414243698,
		0.9999903440475464
	],
	"25. left_eye": [
		0.2570074200630188,
		0.35723477602005005,
		-0.17446735501289368,
		0.9999685287475586
	],
	"26. right_eye": [
		0.2469925582408905,
		0.3545410633087158,
		-0.1680583953857422,
		0.9999738931655884
	],
	"27. left_ear": [
		0.2638451159000397,
		0.3642248809337616,
		-0.10757587850093842,
		0.9999500513076782
	],
	"28. right_ear": [
		0.24286611378192902,
		0.3612733483314514,
		-0.07684685289859772,
		0.9999470114707947
	],
	"time stamp": 29.969946478656652
}