{
	"1. left_hip": [
		0.306525856256485,
		0.5820395946502686,
		-0.055530447512865067,
		0.9998942613601685
	],
	"2. left_knee": [
		0.3352084159851074,
		0.6991482377052307,
		-0.12170733511447906,
		0.9969420433044434
	],
	"3. left_ankle": [
		0.3541255593299866,
		0.8075000047683716,
		-0.057531725615262985,
		0.9973284602165222
	],
	"6. right_hip": [
		0.2753368318080902,
		0.5968056321144104,
		0.05553647130727768,
		0.9997917413711548
	],
	"7. right_knee": [
		0.2295687198638916,
		0.6792713403701782,
		-0.013377618975937366,
		0.9759100079536438
	],
	"8. right_ankle": [
		0.24039819836616516,
		0.8030796647071838,
		0.09568281471729279,
		0.9797889590263367
	],
	"14. left_shoulder": [
		0.28554922342300415,
		0.41115278005599976,
		-0.08807546645402908,
		0.9999807476997375
	],
	"15. left_elbow": [
		0.3143126666545868,
		0.3583066165447235,
		-0.17095135152339935,
		0.9985316395759583
	],
	"16. left_wrist": [
		0.34243589639663696,
		0.32327163219451904,
		-0.2936864495277405,
		0.9888392686843872
	],
	"19. right_shoulder": [
		0.22908475995063782,
		0.4566592872142792,
		0.023855138570070267,
		0.9997805953025818
	],
	"20. right_elbow": [
		0.23356375098228455,
		0.5457257628440857,
		0.05453944951295853,
		0.8849431872367859
	],
	"21. right_wrist": [
		0.23836445808410645,
		0.6130593419075012,
		-0.012026907876133919,
		0.9062343239784241
	],
	"24. nose": [
		0.2494554966688156,
		0.36820173263549805,
		-0.15910319983959198,
		0.9999908208847046
	],
	"25. left_eye": [
		0.2566194534301758,
		0.3614253103733063,
		-0.14738161861896515,
		0.9999598860740662
	],
	"26. right_eye": [
		0.24630491435527802,
		0.35850995779037476,
		-0.1408415138721466,
		0.9999721646308899
	],
	"27. left_ear": [
		0.26462361216545105,
		0.3691059648990631,
		-0.08482785522937775,
		0.999927282333374
	],
	"28. right_ear": [
		0.24349066615104675,
		0.36467471718788147,
		-0.05312482267618179,
		0.9999491572380066
	],
	"time stamp": 29.969946478656652
}