{
	"1. left_hip": [
		0.305893212556839,
		0.5803139209747314,
		-0.049765195697546005,
		0.9999151825904846
	],
	"2. left_knee": [
		0.3343049883842468,
		0.6979813575744629,
		-0.09887693077325821,
		0.9969854354858398
	],
	"3. left_ankle": [
		0.3541108965873718,
		0.8063788414001465,
		-0.023633528500795364,
		0.9960982799530029
	],
	"6. right_hip": [
		0.2741588056087494,
		0.5960296392440796,
		0.04974646121263504,
		0.9998182058334351
	],
	"7. right_knee": [
		0.22804129123687744,
		0.6794416904449463,
		-0.021165767684578896,
		0.9776982665061951
	],
	"8. right_ankle": [
		0.24033141136169434,
		0.8029887676239014,
		0.08805825561285019,
		0.9769992828369141
	],
	"14. left_shoulder": [
		0.2820001244544983,
		0.40775617957115173,
		-0.06848402321338654,
		0.9999374747276306
	],
	"15. left_elbow": [
		0.2969495952129364,
		0.32487526535987854,
		-0.13918480277061462,
		0.9984548687934875
	],
	"16. left_wrist": [
		0.3091050088405609,
		0.2552763819694519,
		-0.2352605164051056,
		0.9891954064369202
	],
	"19. right_shoulder": [
		0.2288500815629959,
		0.4551005959510803,
		0.025950711220502853,
		0.999704122543335
	],
	"20. right_elbow": [
		0.23334255814552307,
		0.5443315505981445,
		0.06273636966943741,
		0.9029363989830017
	],
	"21. right_wrist": [
		0.23677106201648712,
		0.6114732623100281,
		-0.0069258930161595345,
		0.919511079788208
	],
	"24. nose": [
		0.2546458840370178,
		0.36797451972961426,
		-0.1513441652059555,
		0.9999901056289673
	],
	"25. left_eye": [
		0.2613006830215454,
		0.3608246147632599,
		-0.1376839578151703,
		0.9999460577964783
	],
	"26. right_eye": [
		0.2514598071575165,
		0.3577474355697632,
		-0.1348608136177063,
		0.9999749660491943
	],
	"27. left_ear": [
		0.26636144518852234,
		0.36822691559791565,
		-0.06628268957138062,
		0.9998767375946045
	],
	"28. right_ear": [
		0.24895229935646057,
		0.3635241687297821,
		-0.052062053233385086,
		0.9999653697013855
	],
	"time stamp": 29.969946478656652
}