{
	"1. left_hip": [
		0.30495578050613403,
		0.5794162154197693,
		-0.04832245409488678,
		0.9999009370803833
	],
	"2. left_knee": [
		0.3333098590373993,
		0.6985557079315186,
		-0.08699949830770493,
		0.9961413145065308
	],
	"3. left_ankle": [
		0.35405153036117554,
		0.8075225949287415,
		0.008180984295904636,
		0.9945198893547058
	],
	"6. right_hip": [
		0.27327850461006165,
		0.594344973564148,
		0.048245321959257126,
		0.9998247027397156
	],
	"7. right_knee": [
		0.22650930285453796,
		0.6806821823120117,
		-0.026559198275208473,
		0.9777737259864807
	],
	"8. right_ankle": [
		0.24086257815361023,
		0.8034003973007202,
		0.08678090572357178,
		0.9753406643867493
	],
	"14. left_shoulder": [
		0.2831698954105377,
		0.4078320264816284,
		-0.06939361989498138,
		0.9998708963394165
	],
	"15. left_elbow": [
		0.2919788956642151,
		0.31934741139411926,
		-0.12201626598834991,
		0.9985553622245789
	],
	"16. left_wrist": [
		0.29661840200424194,
		0.23810261487960815,
		-0.1862565577030182,
		0.9905136823654175
	],
	"19. right_shoulder": [
		0.23177507519721985,
		0.44363120198249817,
		0.019879426807165146,
		0.9996406435966492
	],
	"20. right_elbow": [
		0.2321133315563202,
		0.5317159295082092,
		0.055107392370700836,
		0.873358964920044
	],
	"21. right_wrist": [
		0.23549330234527588,
		0.6006518602371216,
		-0.015801582485437393,
		0.8894747495651245
	],
	"24. nose": [
		0.258561372756958,
		0.3659760653972626,
		-0.14668184518814087,
		0.9999681711196899
	],
	"25. left_eye": [
		0.2652207314968109,
		0.3579331338405609,
		-0.13384878635406494,
		0.9998323917388916
	],
	"26. right_eye": [
		0.2566337287425995,
		0.3557174801826477,
		-0.1311708688735962,
		0.9999476075172424
	],
	"27. left_ear": [
		0.2697863280773163,
		0.3646192252635956,
		-0.06516887247562408,
		0.9996358752250671
	],
	"28. right_ear": [
		0.25489264726638794,
		0.3615553677082062,
		-0.05655461549758911,
		0.9999440908432007
	],
	"time stamp": 29.969946478656652
}