{
	"1. left_hip": [
		0.30397266149520874,
		0.5793070197105408,
		-0.03859085589647293,
		0.999847948551178
	],
	"2. left_knee": [
		0.3325313925743103,
		0.6986326575279236,
		-0.07216934859752655,
		0.9949118494987488
	],
	"3. left_ankle": [
		0.35414987802505493,
		0.8071208596229553,
		0.01889984682202339,
		0.9912856817245483
	],
	"6. right_hip": [
		0.2722429037094116,
		0.5931692123413086,
		0.038598351180553436,
		0.9998189210891724
	],
	"7. right_knee": [
		0.22493824362754822,
		0.6821693181991577,
		-0.052297718822956085,
		0.9786761999130249
	],
	"8. right_ankle": [
		0.2408355176448822,
		0.8031356930732727,
		0.05415660887956619,
		0.9750770926475525
	],
	"14. left_shoulder": [
		0.2864643633365631,
		0.40924084186553955,
		-0.047626662999391556,
		0.9995876550674438
	],
	"15. left_elbow": [
		0.29312556982040405,
		0.32276785373687744,
		-0.11573682725429535,
		0.9978561401367188
	],
	"16. left_wrist": [
		0.29304343461990356,
		0.24644850194454193,
		-0.21564097702503204,
		0.9885924458503723
	],
	"19. right_shoulder": [
		0.23529577255249023,
		0.4333525002002716,
		0.01790430396795273,
		0.9996361136436462
	],
	"20. right_elbow": [
		0.23100164532661438,
		0.5142602324485779,
		0.03465362638235092,
		0.8727651834487915
	],
	"21. right_wrist": [
		0.23575298488140106,
		0.5734182000160217,
		-0.05198332667350769,
		0.8830737471580505
	],
	"24. nose": [
		0.26321691274642944,
		0.37017059326171875,
		-0.14166615903377533,
		0.9999229311943054
	],
	"25. left_eye": [
		0.2708290219306946,
		0.36091434955596924,
		-0.12730327248573303,
		0.9995982050895691
	],
	"26. right_eye": [
		0.26063448190689087,
		0.35816505551338196,
		-0.12729740142822266,
		0.9998941421508789
	],
	"27. left_ear": [
		0.2751561999320984,
		0.365119606256485,
		-0.049101922661066055,
		0.9990928769111633
	],
	"28. right_ear": [
		0.2586263418197632,
		0.36162635684013367,
		-0.052628736943006516,
		0.9999071359634399
	],
	"time stamp": 29.969946478656652
}