{
	"1. left_hip": [
		0.3040710985660553,
		0.5801181793212891,
		-0.029740527272224426,
		0.9998010993003845
	],
	"2. left_knee": [
		0.33206185698509216,
		0.7010939121246338,
		-0.08390475809574127,
		0.9943220615386963
	],
	"3. left_ankle": [
		0.3535555303096771,
		0.8071343898773193,
		0.008745389059185982,
		0.98743736743927
	],
	"6. right_hip": [
		0.27254095673561096,
		0.5929677486419678,
		0.029788848012685776,
		0.9998197555541992
	],
	"7. right_knee": [
		0.2249695062637329,
		0.6839768290519714,
		-0.06460164487361908,
		0.9809542298316956
	],
	"8. right_ankle": [
		0.24072864651679993,
		0.8040230870246887,
		0.03142823278903961,
		0.9766312837600708
	],
	"14. left_shoulder": [
		0.2938472032546997,
		0.4132641553878784,
		-0.021777428686618805,
		0.9991757869720459
	],
	"15. left_elbow": [
		0.31746482849121094,
		0.36743947863578796,
		-0.165749654173851,
		0.9952236413955688
	],
	"16. left_wrist": [
		0.3093533217906952,
		0.30336257815361023,
		-0.3146550953388214,
		0.982134997844696
	],
	"19. right_shoulder": [
		0.24194324016571045,
		0.42691391706466675,
		-0.02841837704181671,
		0.9996199011802673
	],
	"20. right_elbow": [
		0.23128199577331543,
		0.4811584949493408,
		-0.19454066455364227,
		0.8943307399749756
	],
	"21. right_wrist": [
		0.25442251563072205,
		0.4495737850666046,
		-0.36880096793174744,
		0.8981863856315613
	],
	"24. nose": [
		0.2727276682853699,
		0.3732074201107025,
		-0.13625435531139374,
		0.9999273419380188
	],
	"25. left_eye": [
		0.2787066102027893,
		0.3639887869358063,
		-0.11285972595214844,
		0.9996523857116699
	],
	"26. right_eye": [
		0.2689206302165985,
		0.360596626996994,
		-0.12602141499519348,
		0.9999097585678101
	],
	"27. left_ear": [
		0.28155672550201416,
		0.3668302297592163,
		-0.030551547184586525,
		0.9992637634277344
	],
	"28. right_ear": [
		0.2655859589576721,
		0.36177852749824524,
		-0.05608339235186577,
		0.9999244213104248
	],
	"time stamp": 29.969946478656652
}