{
	"1. left_hip": [
		0.30470043420791626,
		0.5779919624328613,
		-0.030566364526748657,
		0.9997803568840027
	],
	"2. left_knee": [
		0.3319070339202881,
		0.7009119391441345,
		-0.1003907099366188,
		0.9945339560508728
	],
	"3. left_ankle": [
		0.3524211347103119,
		0.8071131110191345,
		-0.009567908942699432,
		0.9876912236213684
	],
	"6. right_hip": [
		0.27259474992752075,
		0.591120183467865,
		0.030636239796876907,
		0.9998032450675964
	],
	"7. right_knee": [
		0.2259053736925125,
		0.6865729093551636,
		-0.060551710426807404,
		0.9831196665763855
	],
	"8. right_ankle": [
		0.24078063666820526,
		0.8041265606880188,
		0.04987722262740135,
		0.9782891273498535
	],
	"14. left_shoulder": [
		0.29730600118637085,
		0.4139184355735779,
		-0.007608882151544094,
		0.9991468191146851
	],
	"15. left_elbow": [
		0.32326653599739075,
		0.3986549377441406,
		-0.1445978432893753,
		0.992603600025177
	],
	"16. left_wrist": [
		0.3219079077243805,
		0.33911773562431335,
		-0.30669939517974854,
		0.9774407744407654
	],
	"19. right_shoulder": [
		0.24381747841835022,
		0.42166459560394287,
		-0.006966872606426477,
		0.9996147751808167
	],
	"20. right_elbow": [
		0.23062559962272644,
		0.4760299324989319,
		-0.14205946028232574,
		0.9125478267669678
	],
	"21. right_wrist": [
		0.2561143636703491,
		0.4250614047050476,
		-0.29650720953941345,
		0.9151911735534668
	],
	"24. nose": [
		0.27535873651504517,
		0.36953166127204895,
		-0.13401058316230774,
		0.9999338984489441
	],
	"25. left_eye": [
		0.28132230043411255,
		0.3607173562049866,
		-0.1161770448088646,
		0.9997036457061768
	],
	"26. right_eye": [
		0.27160531282424927,
		0.357776939868927,
		-0.1217099279165268,
		0.9999207258224487
	],
	"27. left_ear": [
		0.28537753224372864,
		0.36433982849121094,
		-0.025197625160217285,
		0.9993864893913269
	],
	"28. right_ear": [
		0.2680671513080597,
		0.3600021302700043,
		-0.04621395096182823,
		0.9999357461929321
	],
	"time stamp": 29.969946478656652
}