{
	"1. left_hip": [
		0.30508193373680115,
		0.5758862495422363,
		-0.03038136288523674,
		0.9997750520706177
	],
	"2. left_knee": [
		0.33190906047821045,
		0.7009153366088867,
		-0.09746745228767395,
		0.9947144985198975
	],
	"3. left_ankle": [
		0.3523385524749756,
		0.8076184391975403,
		-0.01162942685186863,
		0.9881351590156555
	],
	"6. right_hip": [
		0.27362850308418274,
		0.5872291922569275,
		0.03040873445570469,
		0.9997968077659607
	],
	"7. right_knee": [
		0.22775308787822723,
		0.6879909634590149,
		-0.04811299592256546,
		0.9838241934776306
	],
	"8. right_ankle": [
		0.24032452702522278,
		0.803863525390625,
		0.06507596373558044,
		0.9789372086524963
	],
	"14. left_shoulder": [
		0.29880303144454956,
		0.4138833284378052,
		-0.0038128956221044064,
		0.9991958141326904
	],
	"15. left_elbow": [
		0.3244933485984802,
		0.43049484491348267,
		-0.09442660957574844,
		0.992734432220459
	],
	"16. left_wrist": [
		0.32297855615615845,
		0.3684971332550049,
		-0.2053697556257248,
		0.9784572720527649
	],
	"19. right_shoulder": [
		0.24749846756458282,
		0.41722890734672546,
		0.01946752890944481,
		0.9996026754379272
	],
	"20. right_elbow": [
		0.22164055705070496,
		0.4601532816886902,
		-0.13161349296569824,
		0.9207562804222107
	],
	"21. right_wrist": [
		0.24311283230781555,
		0.4083528220653534,
		-0.22126337885856628,
		0.9224825501441956
	],
	"24. nose": [
		0.27567625045776367,
		0.36236312985420227,
		-0.12872080504894257,
		0.9999383091926575
	],
	"25. left_eye": [
		0.2819560468196869,
		0.3535262942314148,
		-0.11151983588933945,
		0.9997279644012451
	],
	"26. right_eye": [
		0.27224940061569214,
		0.35240909457206726,
		-0.11328009516000748,
		0.999924898147583
	],
	"27. left_ear": [
		0.2869943082332611,
		0.3581489026546478,
		-0.02485411986708641,
		0.9994405508041382
	],
	"28. right_ear": [
		0.2690509557723999,
		0.35598495602607727,
		-0.031864725053310394,
		0.9999393820762634
	],
	"time stamp": 29.969946478656652
}