{
	"1. left_hip": [
		0.30792057514190674,
		0.5739604234695435,
		-0.02283661440014839,
		0.9997550249099731
	],
	"2. left_knee": [
		0.3308711647987366,
		0.700914740562439,
		-0.05393426865339279,
		0.9951996803283691
	],
	"3. left_ankle": [
		0.35226893424987793,
		0.808104395866394,
		0.06609871238470078,
		0.9897477030754089
	],
	"6. right_hip": [
		0.2740805447101593,
		0.5794295072555542,
		0.02273031510412693,
		0.9997620582580566
	],
	"7. right_knee": [
		0.24578425288200378,
		0.6947830319404602,
		0.015287665650248528,
		0.9855908155441284
	],
	"8. right_ankle": [
		0.2310827076435089,
		0.8011311292648315,
		0.14162227511405945,
		0.9810395240783691
	],
	"14. left_shoulder": [
		0.313759982585907,
		0.41584768891334534,
		-0.07055650651454926,
		0.9993042945861816
	],
	"15. left_elbow": [
		0.31861045956611633,
		0.48712366819381714,
		-0.15944847464561462,
		0.9924390912055969
	],
	"16. left_wrist": [
		0.3095073997974396,
		0.40239354968070984,
		-0.2848823666572571,
		0.9807649254798889
	],
	"19. right_shoulder": [
		0.24901287257671356,
		0.4101276397705078,
		-0.021577751263976097,
		0.9996176958084106
	],
	"20. right_elbow": [
		0.20219357311725616,
		0.421941876411438,
		-0.08718910813331604,
		0.9350491762161255
	],
	"21. right_wrist": [
		0.1979168951511383,
		0.36757391691207886,
		-0.1798054426908493,
		0.9346981644630432
	],
	"24. nose": [
		0.2805485427379608,
		0.35565224289894104,
		-0.16975927352905273,
		0.9999441504478455
	],
	"25. left_eye": [
		0.28691011667251587,
		0.34511077404022217,
		-0.1564340740442276,
		0.9997683763504028
	],
	"26. right_eye": [
		0.2775129973888397,
		0.34418967366218567,
		-0.15495941042900085,
		0.9999240040779114
	],
	"27. left_ear": [
		0.2946372330188751,
		0.3518420457839966,
		-0.08704507350921631,
		0.9995206594467163
	],
	"28. right_ear": [
		0.27564388513565063,
		0.3502095341682434,
		-0.07718182355165482,
		0.9999319911003113
	],
	"time stamp": 29.969946478656652
}