{
	"1. left_hip": [
		0.3095957934856415,
		0.5712299346923828,
		-0.0032975557260215282,
		0.9996580481529236
	],
	"2. left_knee": [
		0.32883572578430176,
		0.7011028528213501,
		-0.0015818437095731497,
		0.9954036474227905
	],
	"3. left_ankle": [
		0.35233184695243835,
		0.8112262487411499,
		0.1175607442855835,
		0.9918116331100464
	],
	"6. right_hip": [
		0.27882492542266846,
		0.5715369582176208,
		0.003229862544685602,
		0.9995719790458679
	],
	"7. right_knee": [
		0.26429006457328796,
		0.7098050713539124,
		-0.017402317374944687,
		0.9887041449546814
	],
	"8. right_ankle": [
		0.21768207848072052,
		0.7953528761863708,
		0.09249948710203171,
		0.9842382073402405
	],
	"14. left_shoulder": [
		0.31818169355392456,
		0.41281530261039734,
		-0.03905326873064041,
		0.9993980526924133
	],
	"15. left_elbow": [
		0.3196333348751068,
		0.4877986013889313,
		-0.10296054184436798,
		0.9834032654762268
	],
	"16. left_wrist": [
		0.28210845589637756,
		0.49570024013519287,
		-0.23676398396492004,
		0.9738243818283081
	],
	"19. right_shoulder": [
		0.263516366481781,
		0.40194404125213623,
		0.0036159697920084,
		0.9994329810142517
	],
	"20. right_elbow": [
		0.21727928519248962,
		0.39581596851348877,
		-0.00977269932627678,
		0.9492968916893005
	],
	"21. right_wrist": [
		0.182101771235466,
		0.3860975503921509,
		-0.11451802402734756,
		0.9327696561813354
	],
	"24. nose": [
		0.28639549016952515,
		0.3507285714149475,
		-0.15882566571235657,
		0.9999154210090637
	],
	"25. left_eye": [
		0.292697012424469,
		0.33944573998451233,
		-0.1459989845752716,
		0.9997549057006836
	],
	"26. right_eye": [
		0.28243762254714966,
		0.3391743302345276,
		-0.1441030204296112,
		0.9998005032539368
	],
	"27. left_ear": [
		0.3001874089241028,
		0.34530913829803467,
		-0.0657632052898407,
		0.9994933605194092
	],
	"28. right_ear": [
		0.2797824442386627,
		0.34374555945396423,
		-0.05695782229304314,
		0.9996854662895203
	],
	"time stamp": 29.969946478656652
}