{
	"1. left_hip": [
		0.3051478862762451,
		0.5846954584121704,
		-0.04126124083995819,
		0.9996151924133301
	],
	"2. left_knee": [
		0.3311537802219391,
		0.6993178129196167,
		-0.10879850387573242,
		0.9966316819190979
	],
	"3. left_ankle": [
		0.35323166847229004,
		0.8113029599189758,
		-0.023689355701208115,
		0.9950506091117859
	],
	"6. right_hip": [
		0.2762061655521393,
		0.5914154648780823,
		0.0412093922495842,
		0.9995142817497253
	],
	"7. right_knee": [
		0.22455188632011414,
		0.6798660159111023,
		-0.05179234594106674,
		0.9900816679000854
	],
	"8. right_ankle": [
		0.24224033951759338,
		0.803040623664856,
		0.043186649680137634,
		0.9883531332015991
	],
	"14. left_shoulder": [
		0.3147153854370117,
		0.4240386486053467,
		-0.07258276641368866,
		0.9996858835220337
	],
	"15. left_elbow": [
		0.35616058111190796,
		0.4372082054615021,
		-0.0997028648853302,
		0.9911860823631287
	],
	"16. left_wrist": [
		0.39804428815841675,
		0.43053901195526123,
		-0.17156362533569336,
		0.9817886352539062
	],
	"19. right_shoulder": [
		0.25866609811782837,
		0.4138408601284027,
		-0.02692166529595852,
		0.9995875358581543
	],
	"20. right_elbow": [
		0.2251523733139038,
		0.4719342887401581,
		-0.12605968117713928,
		0.9742185473442078
	],
	"21. right_wrist": [
		0.2585434019565582,
		0.4483550190925598,
		-0.3024994730949402,
		0.9626171588897705
	],
	"24. nose": [
		0.28209230303764343,
		0.3650433421134949,
		-0.20684120059013367,
		0.9999470710754395
	],
	"25. left_eye": [
		0.2897617518901825,
		0.35421615839004517,
		-0.194742351770401,
		0.9998629093170166
	],
	"26. right_eye": [
		0.27909785509109497,
		0.35320162773132324,
		-0.1905716359615326,
		0.999868631362915
	],
	"27. left_ear": [
		0.29660865664482117,
		0.36015501618385315,
		-0.11802796274423599,
		0.9997398257255554
	],
	"28. right_ear": [
		0.2766236960887909,
		0.35646772384643555,
		-0.09691213071346283,
		0.999779462814331
	],
	"time stamp": 29.969946478656652
}