{
	"1. left_hip": [
		0.30299797654151917,
		0.5877435207366943,
		-0.044964611530303955,
		0.9996179938316345
	],
	"2. left_knee": [
		0.3312911093235016,
		0.7009314298629761,
		-0.10553477704524994,
		0.9974296689033508
	],
	"3. left_ankle": [
		0.3533537983894348,
		0.810762345790863,
		-0.029743436723947525,
		0.9965441226959229
	],
	"6. right_hip": [
		0.27397865056991577,
		0.5957440733909607,
		0.04491091147065163,
		0.9996275901794434
	],
	"7. right_knee": [
		0.22299031913280487,
		0.6812163591384888,
		-0.047084979712963104,
		0.9916650056838989
	],
	"8. right_ankle": [
		0.23913970589637756,
		0.801910936832428,
		0.0423174723982811,
		0.9909948706626892
	],
	"14. left_shoulder": [
		0.3060058355331421,
		0.42994096875190735,
		-0.07873063534498215,
		0.999743640422821
	],
	"15. left_elbow": [
		0.35394087433815,
		0.43019282817840576,
		-0.126063734292984,
		0.9947074055671692
	],
	"16. left_wrist": [
		0.3887835741043091,
		0.41420093178749084,
		-0.18415336310863495,
		0.983729898929596
	],
	"19. right_shoulder": [
		0.2514943480491638,
		0.42295438051223755,
		-0.005632669199258089,
		0.9993627667427063
	],
	"20. right_elbow": [
		0.22909772396087646,
		0.45329317450523376,
		-0.09085305035114288,
		0.976093590259552
	],
	"21. right_wrist": [
		0.2565876543521881,
		0.4085281789302826,
		-0.24830248951911926,
		0.9591535925865173
	],
	"24. nose": [
		0.27584221959114075,
		0.37095290422439575,
		-0.1874515861272812,
		0.9999659657478333
	],
	"25. left_eye": [
		0.2835038900375366,
		0.36124590039253235,
		-0.17437352240085602,
		0.9999100565910339
	],
	"26. right_eye": [
		0.272732675075531,
		0.35871657729148865,
		-0.16880062222480774,
		0.9999175071716309
	],
	"27. left_ear": [
		0.28981682658195496,
		0.3685429096221924,
		-0.10060647875070572,
		0.999849259853363
	],
	"28. right_ear": [
		0.27011531591415405,
		0.36249470710754395,
		-0.07342811673879623,
		0.9998666048049927
	],
	"time stamp": 29.969946478656652
}