{
	"1. left_hip": [
		0.3027953505516052,
		0.5874090194702148,
		-0.042933765798807144,
		0.9996017217636108
	],
	"2. left_knee": [
		0.33133891224861145,
		0.7006651759147644,
		-0.10672398656606674,
		0.9975637793540955
	],
	"3. left_ankle": [
		0.35336288809776306,
		0.8105225563049316,
		-0.03786083310842514,
		0.9968394041061401
	],
	"6. right_hip": [
		0.27186134457588196,
		0.5951446890830994,
		0.042879439890384674,
		0.999639630317688
	],
	"7. right_knee": [
		0.22260582447052002,
		0.6815841197967529,
		-0.04521765559911728,
		0.9922506213188171
	],
	"8. right_ankle": [
		0.2389499396085739,
		0.8015350103378296,
		0.04533350095152855,
		0.9916330575942993
	],
	"14. left_shoulder": [
		0.3068220019340515,
		0.4227011799812317,
		-0.08070561289787292,
		0.9997500777244568
	],
	"15. left_elbow": [
		0.3523635268211365,
		0.39797183871269226,
		-0.12929967045783997,
		0.9955363273620605
	],
	"16. left_wrist": [
		0.38484424352645874,
		0.37601181864738464,
		-0.17529091238975525,
		0.9846960306167603
	],
	"19. right_shoulder": [
		0.2517595887184143,
		0.4205176830291748,
		-0.010246219113469124,
		0.9991666674613953
	],
	"20. right_elbow": [
		0.22734680771827698,
		0.38089653849601746,
		-0.07971563935279846,
		0.9786041975021362
	],
	"21. right_wrist": [
		0.2545602321624756,
		0.3263278007507324,
		-0.17486698925495148,
		0.9612042307853699
	],
	"24. nose": [
		0.27405625581741333,
		0.37098586559295654,
		-0.187704399228096,
		0.9999673962593079
	],
	"25. left_eye": [
		0.28042519092559814,
		0.3604873716831207,
		-0.1773725003004074,
		0.9999148845672607
	],
	"26. right_eye": [
		0.27088478207588196,
		0.35901594161987305,
		-0.16919633746147156,
		0.9999166131019592
	],
	"27. left_ear": [
		0.2871081233024597,
		0.36661297082901,
		-0.10805795341730118,
		0.9998711943626404
	],
	"28. right_ear": [
		0.2681882977485657,
		0.36228811740875244,
		-0.07467440515756607,
		0.9998770952224731
	],
	"time stamp": 29.969946478656652
}