{
	"1. left_hip": [
		0.3038417398929596,
		0.5774224400520325,
		-0.04582744836807251,
		0.9996030926704407
	],
	"2. left_knee": [
		0.3314991593360901,
		0.6984854340553284,
		-0.10272451490163803,
		0.9963966012001038
	],
	"3. left_ankle": [
		0.3533058762550354,
		0.8085024356842041,
		-0.005609357263892889,
		0.9951077699661255
	],
	"6. right_hip": [
		0.2726753056049347,
		0.5821151733398438,
		0.04589329659938812,
		0.9996711611747742
	],
	"7. right_knee": [
		0.22557294368743896,
		0.6823192834854126,
		-0.052186597138643265,
		0.9931678175926208
	],
	"8. right_ankle": [
		0.24197867512702942,
		0.8030434250831604,
		0.04052526131272316,
		0.9915392398834229
	],
	"14. left_shoulder": [
		0.3068583011627197,
		0.40078210830688477,
		-0.05339939519762993,
		0.9997097253799438
	],
	"15. left_elbow": [
		0.34334033727645874,
		0.34715357422828674,
		-0.11160999536514282,
		0.9968698620796204
	],
	"16. left_wrist": [
		0.3702659606933594,
		0.28995978832244873,
		-0.17421722412109375,
		0.9872134923934937
	],
	"19. right_shoulder": [
		0.2582971453666687,
		0.40119820833206177,
		0.02834109589457512,
		0.9988142848014832
	],
	"20. right_elbow": [
		0.24502453207969666,
		0.32763272523880005,
		0.021825755015015602,
		0.9827631711959839
	],
	"21. right_wrist": [
		0.25360092520713806,
		0.24822093546390533,
		-0.021903254091739655,
		0.9717244505882263
	],
	"24. nose": [
		0.2744501233100891,
		0.35973671078681946,
		-0.14472433924674988,
		0.9999684691429138
	],
	"25. left_eye": [
		0.2806661128997803,
		0.347473680973053,
		-0.1313748061656952,
		0.9999157190322876
	],
	"26. right_eye": [
		0.27083930373191833,
		0.34888777136802673,
		-0.12303539365530014,
		0.9999025464057922
	],
	"27. left_ear": [
		0.28814980387687683,
		0.3509673476219177,
		-0.0634264200925827,
		0.999903678894043
	],
	"28. right_ear": [
		0.269123911857605,
		0.35175278782844543,
		-0.020238501951098442,
		0.9998873472213745
	],
	"time stamp": 29.969946478656652
}