{
	"1. left_hip": [
		0.304627925157547,
		0.5750917196273804,
		-0.04568134993314743,
		0.9996156692504883
	],
	"2. left_knee": [
		0.3314768373966217,
		0.6964849829673767,
		-0.10228099673986435,
		0.9958844780921936
	],
	"3. left_ankle": [
		0.3532790243625641,
		0.808499813079834,
		-0.00770917534828186,
		0.9944174885749817
	],
	"6. right_hip": [
		0.2735976278781891,
		0.5797860622406006,
		0.04575462266802788,
		0.9996805787086487
	],
	"7. right_knee": [
		0.2271726131439209,
		0.6829450130462646,
		-0.0385933555662632,
		0.992926836013794
	],
	"8. right_ankle": [
		0.24252431094646454,
		0.8036053776741028,
		0.07178499549627304,
		0.9908547401428223
	],
	"14. left_shoulder": [
		0.3077852427959442,
		0.3963760733604431,
		-0.05264969542622566,
		0.9997020959854126
	],
	"15. left_elbow": [
		0.33920103311538696,
		0.33647534251213074,
		-0.10678727924823761,
		0.9969845414161682
	],
	"16. left_wrist": [
		0.36432763934135437,
		0.27580419182777405,
		-0.16688093543052673,
		0.9874392747879028
	],
	"19. right_shoulder": [
		0.2606506049633026,
		0.39666104316711426,
		0.02962394990026951,
		0.9988265037536621
	],
	"20. right_elbow": [
		0.24748191237449646,
		0.32034480571746826,
		0.026585832238197327,
		0.9830057621002197
	],
	"21. right_wrist": [
		0.25335371494293213,
		0.2418343722820282,
		-0.017873629927635193,
		0.9735882878303528
	],
	"24. nose": [
		0.27456924319267273,
		0.357136994600296,
		-0.14475306868553162,
		0.9999682307243347
	],
	"25. left_eye": [
		0.28145870566368103,
		0.34555700421333313,
		-0.13119450211524963,
		0.9999150037765503
	],
	"26. right_eye": [
		0.2709549367427826,
		0.34678491950035095,
		-0.12229232490062714,
		0.9998995065689087
	],
	"27. left_ear": [
		0.2896527945995331,
		0.34902384877204895,
		-0.06303919851779938,
		0.9999071359634399
	],
	"28. right_ear": [
		0.2701925039291382,
		0.3489540219306946,
		-0.0173902940005064,
		0.9998879432678223
	],
	"time stamp": 29.969946478656652
}