{
	"1. left_hip": [
		0.3149823546409607,
		0.5658818483352661,
		-0.04671023041009903,
		0.9995635747909546
	],
	"2. left_knee": [
		0.3347076177597046,
		0.6945793628692627,
		-0.07284167408943176,
		0.9938890933990479
	],
	"3. left_ankle": [
		0.35445713996887207,
		0.8112732172012329,
		0.006659067235887051,
		0.990993857383728
	],
	"6. right_hip": [
		0.2831927239894867,
		0.5675675272941589,
		0.04680300131440163,
		0.9996081590652466
	],
	"7. right_knee": [
		0.25481361150741577,
		0.6869530081748962,
		0.012346779927611351,
		0.9919427633285522
	],
	"8. right_ankle": [
		0.25050070881843567,
		0.8101088404655457,
		0.09285800158977509,
		0.989135205745697
	],
	"14. left_shoulder": [
		0.3206450641155243,
		0.38386014103889465,
		-0.07880543917417526,
		0.9995093941688538
	],
	"15. left_elbow": [
		0.33771246671676636,
		0.30915191769599915,
		-0.16056780517101288,
		0.9972836971282959
	],
	"16. left_wrist": [
		0.3464551568031311,
		0.23726153373718262,
		-0.24035735428333282,
		0.9884504675865173
	],
	"19. right_shoulder": [
		0.2725796103477478,
		0.38451820611953735,
		0.03072083555161953,
		0.998417854309082
	],
	"20. right_elbow": [
		0.253703236579895,
		0.3086754381656647,
		0.023460356518626213,
		0.9824612736701965
	],
	"21. right_wrist": [
		0.2472931444644928,
		0.23005244135856628,
		-0.04066040739417076,
		0.98195481300354
	],
	"24. nose": [
		0.2892441749572754,
		0.3421590328216553,
		-0.14489756524562836,
		0.9999259114265442
	],
	"25. left_eye": [
		0.2957919239997864,
		0.3323478400707245,
		-0.1321030706167221,
		0.9998350143432617
	],
	"26. right_eye": [
		0.2855583429336548,
		0.3322576582431793,
		-0.1232825368642807,
		0.9997574090957642
	],
	"27. left_ear": [
		0.3034434914588928,
		0.337716281414032,
		-0.06984825432300568,
		0.9998483061790466
	],
	"28. right_ear": [
		0.2847951054573059,
		0.3356020152568817,
		-0.025644218549132347,
		0.999725878238678
	],
	"time stamp": 29.969946478656652
}