{
	"1. left_hip": [
		0.31630611419677734,
		0.5640155076980591,
		-0.046641409397125244,
		0.9995619058609009
	],
	"2. left_knee": [
		0.3353749215602875,
		0.6941931843757629,
		-0.0698341429233551,
		0.9937940835952759
	],
	"3. left_ankle": [
		0.3547496795654297,
		0.811208963394165,
		0.011026239022612572,
		0.9907689690589905
	],
	"6. right_hip": [
		0.28442490100860596,
		0.5653736591339111,
		0.046729765832424164,
		0.9996029138565063
	],
	"7. right_knee": [
		0.2579967677593231,
		0.6870664954185486,
		0.01248022262006998,
		0.9916955828666687
	],
	"8. right_ankle": [
		0.25199463963508606,
		0.8103353977203369,
		0.091962531208992,
		0.9892463088035583
	],
	"14. left_shoulder": [
		0.3228151202201843,
		0.38223937153816223,
		-0.06112249568104744,
		0.9994886517524719
	],
	"15. left_elbow": [
		0.33783042430877686,
		0.30488890409469604,
		-0.1466289460659027,
		0.9972739815711975
	],
	"16. left_wrist": [
		0.3454912602901459,
		0.23295874893665314,
		-0.23131616413593292,
		0.9885398149490356
	],
	"19. right_shoulder": [
		0.2749044895172119,
		0.3834798038005829,
		0.043769754469394684,
		0.9984079599380493
	],
	"20. right_elbow": [
		0.25542524456977844,
		0.3093145489692688,
		0.04033254459500313,
		0.9822961091995239
	],
	"21. right_wrist": [
		0.24671244621276855,
		0.23155280947685242,
		-0.018525516614317894,
		0.9825108647346497
	],
	"24. nose": [
		0.292990505695343,
		0.3404291868209839,
		-0.12879310548305511,
		0.999923825263977
	],
	"25. left_eye": [
		0.2991144359111786,
		0.3308902382850647,
		-0.11489472538232803,
		0.999830961227417
	],
	"26. right_eye": [
		0.288418710231781,
		0.3307279348373413,
		-0.10748621076345444,
		0.9997541308403015
	],
	"27. left_ear": [
		0.30646654963493347,
		0.3362407088279724,
		-0.04845523089170456,
		0.9998438358306885
	],
	"28. right_ear": [
		0.28669506311416626,
		0.334401398897171,
		-0.011358499526977539,
		0.9997202754020691
	],
	"time stamp": 29.969946478656652
}