{
	"1. left_hip": [
		0.3229547142982483,
		0.5618678331375122,
		-0.01737762801349163,
		0.9993653297424316
	],
	"2. left_knee": [
		0.3376163840293884,
		0.6945787072181702,
		-0.006846270523965359,
		0.9931198954582214
	],
	"3. left_ankle": [
		0.355617880821228,
		0.8115913271903992,
		0.11662377417087555,
		0.9894716739654541
	],
	"6. right_hip": [
		0.2875942587852478,
		0.561541736125946,
		0.017331574112176895,
		0.9993698000907898
	],
	"7. right_knee": [
		0.2711491286754608,
		0.6959518790245056,
		0.023511992767453194,
		0.9922635555267334
	],
	"8. right_ankle": [
		0.2561156153678894,
		0.812811553478241,
		0.13227102160453796,
		0.9912725687026978
	],
	"14. left_shoulder": [
		0.3415069282054901,
		0.38129764795303345,
		-0.03105088509619236,
		0.9986095428466797
	],
	"15. left_elbow": [
		0.3524925112724304,
		0.3108840882778168,
		-0.12551018595695496,
		0.9933701157569885
	],
	"16. left_wrist": [
		0.3438551127910614,
		0.24500611424446106,
		-0.2383255511522293,
		0.9776608347892761
	],
	"19. right_shoulder": [
		0.2819170653820038,
		0.37990066409111023,
		0.014084761962294579,
		0.9982272982597351
	],
	"20. right_elbow": [
		0.24553902447223663,
		0.32851582765579224,
		-0.0068027242086827755,
		0.9882962703704834
	],
	"21. right_wrist": [
		0.21702735126018524,
		0.2833266258239746,
		-0.07562780380249023,
		0.9842909574508667
	],
	"24. nose": [
		0.3102862238883972,
		0.32033345103263855,
		-0.12463933229446411,
		0.9998905062675476
	],
	"25. left_eye": [
		0.3155885338783264,
		0.31332892179489136,
		-0.10816340148448944,
		0.9997491836547852
	],
	"26. right_eye": [
		0.3055872619152069,
		0.3143678307533264,
		-0.10792199522256851,
		0.9997028112411499
	],
	"27. left_ear": [
		0.3219979405403137,
		0.32176828384399414,
		-0.03469834476709366,
		0.9996699094772339
	],
	"28. right_ear": [
		0.30082541704177856,
		0.3231915235519409,
		-0.025837654247879982,
		0.9996033906936646
	],
	"time stamp": 29.969946478656652
}