{
	"1. left_hip": [
		0.3153659403324127,
		0.5850062966346741,
		0.01151464506983757,
		0.9989100098609924
	],
	"2. left_knee": [
		0.35215553641319275,
		0.687754213809967,
		-0.09154213964939117,
		0.9907400012016296
	],
	"3. left_ankle": [
		0.3372543454170227,
		0.8096948266029358,
		0.009396106004714966,
		0.9894986152648926
	],
	"6. right_hip": [
		0.28173884749412537,
		0.5752919316291809,
		-0.011636780574917793,
		0.9992456436157227
	],
	"7. right_knee": [
		0.2664487659931183,
		0.6978258490562439,
		-0.03977654129266739,
		0.9935478568077087
	],
	"8. right_ankle": [
		0.25405949354171753,
		0.8117103576660156,
		0.06602336466312408,
		0.9917465448379517
	],
	"14. left_shoulder": [
		0.3470485806465149,
		0.4222868084907532,
		-0.029193749651312828,
		0.9935021996498108
	],
	"15. left_elbow": [
		0.35780951380729675,
		0.47742560505867004,
		-0.14485403895378113,
		0.9370682239532471
	],
	"16. left_wrist": [
		0.3270207643508911,
		0.4871537983417511,
		-0.3088732063770294,
		0.8502028584480286
	],
	"19. right_shoulder": [
		0.286594957113266,
		0.41026604175567627,
		-0.006018889136612415,
		0.9985102415084839
	],
	"20. right_elbow": [
		0.24284878373146057,
		0.4123128652572632,
		-0.07570552825927734,
		0.9891461133956909
	],
	"21. right_wrist": [
		0.20649251341819763,
		0.41131699085235596,
		-0.2251220941543579,
		0.975645899772644
	],
	"24. nose": [
		0.31381139159202576,
		0.3457089066505432,
		-0.14360715448856354,
		0.9994552731513977
	],
	"25. left_eye": [
		0.3193333148956299,
		0.33636316657066345,
		-0.13174358010292053,
		0.998784601688385
	],
	"26. right_eye": [
		0.3086633086204529,
		0.3383496105670929,
		-0.1284264773130417,
		0.9989288449287415
	],
	"27. left_ear": [
		0.3253721594810486,
		0.34485483169555664,
		-0.05739472433924675,
		0.9980461001396179
	],
	"28. right_ear": [
		0.30527693033218384,
		0.3471495807170868,
		-0.042062461376190186,
		0.9986451268196106
	],
	"time stamp": 29.969946478656652
}