{
	"1. left_hip": [
		0.34569358825683594,
		0.5679643154144287,
		-0.002428740495815873,
		0.9992016553878784
	],
	"2. left_knee": [
		0.35045480728149414,
		0.6992458701133728,
		-0.003153175814077258,
		0.991872251033783
	],
	"3. left_ankle": [
		0.3384324312210083,
		0.8116455674171448,
		0.0866677314043045,
		0.9918917417526245
	],
	"6. right_hip": [
		0.31008243560791016,
		0.5617357492446899,
		0.0023424960672855377,
		0.9993818402290344
	],
	"7. right_knee": [
		0.2893316149711609,
		0.694311261177063,
		-0.002264078240841627,
		0.9953686594963074
	],
	"8. right_ankle": [
		0.2662753462791443,
		0.807833194732666,
		0.0706065222620964,
		0.994026243686676
	],
	"14. left_shoulder": [
		0.363855242729187,
		0.39422717690467834,
		-0.02934536710381508,
		0.9965270757675171
	],
	"15. left_elbow": [
		0.37288278341293335,
		0.4405207335948944,
		-0.13402412831783295,
		0.9609019160270691
	],
	"16. left_wrist": [
		0.33318251371383667,
		0.4114009439945221,
		-0.2671566605567932,
		0.9191237092018127
	],
	"19. right_shoulder": [
		0.3019753098487854,
		0.4054870903491974,
		0.02838996984064579,
		0.9991196990013123
	],
	"20. right_elbow": [
		0.2608010172843933,
		0.4288645088672638,
		-0.01067313738167286,
		0.9848923087120056
	],
	"21. right_wrist": [
		0.23489300906658173,
		0.3910309970378876,
		-0.13361553847789764,
		0.9752499461174011
	],
	"24. nose": [
		0.3243420720100403,
		0.32671278715133667,
		-0.12140733003616333,
		0.9997186064720154
	],
	"25. left_eye": [
		0.33149224519729614,
		0.31824496388435364,
		-0.11078865826129913,
		0.9993911981582642
	],
	"26. right_eye": [
		0.3183923363685608,
		0.32093924283981323,
		-0.10502959787845612,
		0.9994434118270874
	],
	"27. left_ear": [
		0.3388279676437378,
		0.32698169350624084,
		-0.04695777967572212,
		0.9989840388298035
	],
	"28. right_ear": [
		0.3160824179649353,
		0.32992807030677795,
		-0.019931333139538765,
		0.9992698431015015
	],
	"time stamp": 29.969946478656652
}