{
	"1. left_hip": [
		0.34924259781837463,
		0.5544003844261169,
		-0.005253979470580816,
		0.9992796182632446
	],
	"2. left_knee": [
		0.3465889096260071,
		0.6967082619667053,
		0.002736153081059456,
		0.9913918972015381
	],
	"3. left_ankle": [
		0.3372579514980316,
		0.8113062381744385,
		0.10658929497003555,
		0.9919878244400024
	],
	"6. right_hip": [
		0.31439635157585144,
		0.5507080554962158,
		0.005160701926797628,
		0.9994668364524841
	],
	"7. right_knee": [
		0.30386441946029663,
		0.691162109375,
		0.005464044865220785,
		0.9953598380088806
	],
	"8. right_ankle": [
		0.2879551649093628,
		0.8019170165061951,
		0.10975384712219238,
		0.9942021369934082
	],
	"14. left_shoulder": [
		0.3650130331516266,
		0.38425958156585693,
		-0.012023872695863247,
		0.9967142939567566
	],
	"15. left_elbow": [
		0.3785918354988098,
		0.4314033091068268,
		-0.11118819564580917,
		0.9651386141777039
	],
	"16. left_wrist": [
		0.33454635739326477,
		0.3952638506889343,
		-0.22761878371238708,
		0.9280513525009155
	],
	"19. right_shoulder": [
		0.3042239844799042,
		0.38970252871513367,
		0.024770166724920273,
		0.99930340051651
	],
	"20. right_elbow": [
		0.26519542932510376,
		0.4288153350353241,
		-0.056736625730991364,
		0.9867169260978699
	],
	"21. right_wrist": [
		0.2629145085811615,
		0.3809642493724823,
		-0.21286098659038544,
		0.9794841408729553
	],
	"24. nose": [
		0.3282037377357483,
		0.3141617178916931,
		-0.12258575111627579,
		0.9997819662094116
	],
	"25. left_eye": [
		0.3352760076522827,
		0.3056199252605438,
		-0.10986538976430893,
		0.9995202422142029
	],
	"26. right_eye": [
		0.3230495750904083,
		0.3070450723171234,
		-0.10521213710308075,
		0.9995756149291992
	],
	"27. left_ear": [
		0.34207504987716675,
		0.31388917565345764,
		-0.0367378368973732,
		0.9991751313209534
	],
	"28. right_ear": [
		0.32001179456710815,
		0.31613877415657043,
		-0.016362331807613373,
		0.9994387626647949
	],
	"time stamp": 29.969946478656652
}