{
	"1. left_hip": [
		0.3505919277667999,
		0.5466228723526001,
		-0.002618804108351469,
		0.9993681907653809
	],
	"2. left_knee": [
		0.34712105989456177,
		0.6959584355354309,
		-0.0229791309684515,
		0.9905572533607483
	],
	"3. left_ankle": [
		0.34283801913261414,
		0.8091878890991211,
		0.11420843750238419,
		0.990288257598877
	],
	"6. right_hip": [
		0.3158346712589264,
		0.5443714261054993,
		0.0024754535406827927,
		0.9994897842407227
	],
	"7. right_knee": [
		0.3194316327571869,
		0.6885261535644531,
		-0.003739903448149562,
		0.9937601685523987
	],
	"8. right_ankle": [
		0.3108898401260376,
		0.799062967300415,
		0.1093258410692215,
		0.9916495680809021
	],
	"14. left_shoulder": [
		0.36361488699913025,
		0.3760216236114502,
		0.006009146571159363,
		0.9972285628318787
	],
	"15. left_elbow": [
		0.34941959381103516,
		0.4148117005825043,
		-0.09241561591625214,
		0.9676976203918457
	],
	"16. left_wrist": [
		0.2999846339225769,
		0.3945126533508301,
		-0.16660135984420776,
		0.9372147917747498
	],
	"19. right_shoulder": [
		0.3101767599582672,
		0.3855997323989868,
		0.06460175663232803,
		0.999297559261322
	],
	"20. right_elbow": [
		0.2863044738769531,
		0.4323233366012573,
		-0.0527099147439003,
		0.980898916721344
	],
	"21. right_wrist": [
		0.2929495573043823,
		0.3842114210128784,
		-0.18540838360786438,
		0.9761995673179626
	],
	"24. nose": [
		0.3314465880393982,
		0.30766594409942627,
		-0.051575906574726105,
		0.9998022317886353
	],
	"25. left_eye": [
		0.33894026279449463,
		0.2991430163383484,
		-0.03948834165930748,
		0.9995688796043396
	],
	"26. right_eye": [
		0.3268411457538605,
		0.30044353008270264,
		-0.03501703590154648,
		0.9996212720870972
	],
	"27. left_ear": [
		0.3462051749229431,
		0.3079797625541687,
		0.022100679576396942,
		0.9992735981941223
	],
	"28. right_ear": [
		0.3238418698310852,
		0.3093178868293762,
		0.04235447943210602,
		0.9994680285453796
	],
	"time stamp": 29.969946478656652
}