{
	"1. left_hip": [
		0.35096898674964905,
		0.547133207321167,
		-0.0024370886385440826,
		0.9994056224822998
	],
	"2. left_knee": [
		0.3495364785194397,
		0.6962804794311523,
		-0.02984556555747986,
		0.9898518323898315
	],
	"3. left_ankle": [
		0.34599608182907104,
		0.8089115619659424,
		0.10457664728164673,
		0.9885053634643555
	],
	"6. right_hip": [
		0.3163033425807953,
		0.5450831651687622,
		0.002309529110789299,
		0.9994441270828247
	],
	"7. right_knee": [
		0.32343435287475586,
		0.6882281303405762,
		-0.003319998038932681,
		0.9919272661209106
	],
	"8. right_ankle": [
		0.31870052218437195,
		0.8040415644645691,
		0.10746730864048004,
		0.988531231880188
	],
	"14. left_shoulder": [
		0.36462461948394775,
		0.3773226737976074,
		0.0015249836724251509,
		0.997585117816925
	],
	"15. left_elbow": [
		0.34080177545547485,
		0.4132835268974304,
		-0.08183930814266205,
		0.9657795429229736
	],
	"16. left_wrist": [
		0.29979199171066284,
		0.39675572514533997,
		-0.15148408710956573,
		0.9400871396064758
	],
	"19. right_shoulder": [
		0.3117204010486603,
		0.3868263363838196,
		0.053105682134628296,
		0.9990176558494568
	],
	"20. right_elbow": [
		0.2918192446231842,
		0.4465276598930359,
		-0.056336648762226105,
		0.9603506922721863
	],
	"21. right_wrist": [
		0.2991566061973572,
		0.3913007378578186,
		-0.20167621970176697,
		0.9571751356124878
	],
	"24. nose": [
		0.3344789743423462,
		0.31046101450920105,
		-0.0699404627084732,
		0.999774158000946
	],
	"25. left_eye": [
		0.34167391061782837,
		0.3026348948478699,
		-0.05719612166285515,
		0.9995377659797668
	],
	"26. right_eye": [
		0.32883432507514954,
		0.30362963676452637,
		-0.05381451174616814,
		0.9995858073234558
	],
	"27. left_ear": [
		0.3493873178958893,
		0.31145840883255005,
		0.00956359226256609,
		0.9992843270301819
	],
	"28. right_ear": [
		0.32534387707710266,
		0.31263113021850586,
		0.0251308586448431,
		0.999333381652832
	],
	"time stamp": 29.969946478656652
}