{
	"1. left_hip": [
		0.35165876150131226,
		0.5510650873184204,
		-0.000550169381313026,
		0.9994319677352905
	],
	"2. left_knee": [
		0.3519027829170227,
		0.7005544304847717,
		-0.03027322329580784,
		0.9870701432228088
	],
	"3. left_ankle": [
		0.3450195789337158,
		0.8093652725219727,
		0.10249749571084976,
		0.9845444560050964
	],
	"6. right_hip": [
		0.3176732659339905,
		0.5490682721138,
		0.00044031767174601555,
		0.9994120597839355
	],
	"7. right_knee": [
		0.32487767934799194,
		0.6944391131401062,
		-0.0013841718900948763,
		0.9888436198234558
	],
	"8. right_ankle": [
		0.3192802369594574,
		0.8121570348739624,
		0.10596777498722076,
		0.9821911454200745
	],
	"14. left_shoulder": [
		0.36739975214004517,
		0.3822639584541321,
		0.0005513955838978291,
		0.9977631568908691
	],
	"15. left_elbow": [
		0.3371739685535431,
		0.41393721103668213,
		-0.06287451088428497,
		0.9491522908210754
	],
	"16. left_wrist": [
		0.30344057083129883,
		0.40037816762924194,
		-0.11326050758361816,
		0.9234618544578552
	],
	"19. right_shoulder": [
		0.31461918354034424,
		0.3974442481994629,
		0.05747102573513985,
		0.998870849609375
	],
	"20. right_elbow": [
		0.292731374502182,
		0.4659914970397949,
		-0.04130827262997627,
		0.9397896528244019
	],
	"21. right_wrist": [
		0.30418670177459717,
		0.40584492683410645,
		-0.18103960156440735,
		0.9397907257080078
	],
	"24. nose": [
		0.3366153836250305,
		0.3232552111148834,
		-0.06439626961946487,
		0.9996882677078247
	],
	"25. left_eye": [
		0.34319499135017395,
		0.3127097487449646,
		-0.054078273475170135,
		0.9993953108787537
	],
	"26. right_eye": [
		0.3314518332481384,
		0.3135015070438385,
		-0.04879787191748619,
		0.9994474649429321
	],
	"27. left_ear": [
		0.3503970801830292,
		0.31913384795188904,
		0.004650530405342579,
		0.999136209487915
	],
	"28. right_ear": [
		0.3283751606941223,
		0.32026052474975586,
		0.029027646407485008,
		0.9990389943122864
	],
	"time stamp": 29.969946478656652
}