{
	"1. left_hip": [
		0.3517736494541168,
		0.5515871047973633,
		-0.001006827806122601,
		0.9994446635246277
	],
	"2. left_knee": [
		0.351829469203949,
		0.7003443837165833,
		-0.029591798782348633,
		0.9869837164878845
	],
	"3. left_ankle": [
		0.344978392124176,
		0.8093727231025696,
		0.1018616333603859,
		0.984391987323761
	],
	"6. right_hip": [
		0.3179584741592407,
		0.5494533777236938,
		0.0008939377730712295,
		0.9994184374809265
	],
	"7. right_knee": [
		0.32441359758377075,
		0.6943581700325012,
		-0.0011320540215820074,
		0.9885987639427185
	],
	"8. right_ankle": [
		0.3194153904914856,
		0.8120504021644592,
		0.1054980605840683,
		0.9816359281539917
	],
	"14. left_shoulder": [
		0.3671873211860657,
		0.3827217221260071,
		0.005194096826016903,
		0.9977640509605408
	],
	"15. left_elbow": [
		0.3374798595905304,
		0.4124145209789276,
		-0.06449297815561295,
		0.9442044496536255
	],
	"16. left_wrist": [
		0.30517739057540894,
		0.39849284291267395,
		-0.12344716489315033,
		0.91978919506073
	],
	"19. right_shoulder": [
		0.31458574533462524,
		0.3982759714126587,
		0.05778094008564949,
		0.9988529682159424
	],
	"20. right_elbow": [
		0.29199540615081787,
		0.46439793705940247,
		-0.04130502790212631,
		0.9382386207580566
	],
	"21. right_wrist": [
		0.30492541193962097,
		0.4055684506893158,
		-0.18091949820518494,
		0.9392141103744507
	],
	"24. nose": [
		0.336650013923645,
		0.324467271566391,
		-0.06194380670785904,
		0.9996767044067383
	],
	"25. left_eye": [
		0.3433837592601776,
		0.3138122260570526,
		-0.05079599469900131,
		0.9993768930435181
	],
	"26. right_eye": [
		0.33167216181755066,
		0.3148357570171356,
		-0.04606054350733757,
		0.9994395971298218
	],
	"27. left_ear": [
		0.35058313608169556,
		0.3198244869709015,
		0.009638076648116112,
		0.9991012215614319
	],
	"28. right_ear": [
		0.3287791609764099,
		0.32154417037963867,
		0.03153543546795845,
		0.9990236163139343
	],
	"time stamp": 29.969946478656652
}