{
	"1. left_hip": [
		0.354045569896698,
		0.5591089129447937,
		-0.02578114904463291,
		0.999386191368103
	],
	"2. left_knee": [
		0.34750890731811523,
		0.7038846611976624,
		-0.033176958560943604,
		0.9885948300361633
	],
	"3. left_ankle": [
		0.35094383358955383,
		0.8134223818778992,
		0.08330558240413666,
		0.9854122400283813
	],
	"6. right_hip": [
		0.3210606873035431,
		0.5617998242378235,
		0.02577832341194153,
		0.999284029006958
	],
	"7. right_knee": [
		0.3248234987258911,
		0.6997363567352295,
		0.03477764502167702,
		0.9856347441673279
	],
	"8. right_ankle": [
		0.3359609842300415,
		0.8125367760658264,
		0.14590732753276825,
		0.9809460043907166
	],
	"14. left_shoulder": [
		0.36742711067199707,
		0.3910086452960968,
		0.01759413629770279,
		0.9982856512069702
	],
	"15. left_elbow": [
		0.38514918088912964,
		0.4442457854747772,
		-0.07373736798763275,
		0.9439263939857483
	],
	"16. left_wrist": [
		0.35521072149276733,
		0.40327903628349304,
		-0.16831131279468536,
		0.8937747478485107
	],
	"19. right_shoulder": [
		0.30935806035995483,
		0.38538312911987305,
		0.05765374377369881,
		0.9989864230155945
	],
	"20. right_elbow": [
		0.31024014949798584,
		0.469107985496521,
		-0.030246689915657043,
		0.9426738023757935
	],
	"21. right_wrist": [
		0.34053200483322144,
		0.4120328724384308,
		-0.14791938662528992,
		0.9478280544281006
	],
	"24. nose": [
		0.3361576199531555,
		0.32223647832870483,
		-0.07646747678518295,
		0.9996752738952637
	],
	"25. left_eye": [
		0.34320923686027527,
		0.3125549256801605,
		-0.06327025592327118,
		0.9993630051612854
	],
	"26. right_eye": [
		0.3319586217403412,
		0.31285175681114197,
		-0.06059124320745468,
		0.9994534850120544
	],
	"27. left_ear": [
		0.34956270456314087,
		0.321370393037796,
		0.010276446118950844,
		0.9991627335548401
	],
	"28. right_ear": [
		0.32863131165504456,
		0.3194272220134735,
		0.02244056947529316,
		0.9991072416305542
	],
	"time stamp": 29.969946478656652
}