{
	"1. left_hip": [
		0.3542628288269043,
		0.5589048862457275,
		-0.011300411075353622,
		0.9993971586227417
	],
	"2. left_knee": [
		0.3511344790458679,
		0.7028672695159912,
		-0.032827407121658325,
		0.9906744360923767
	],
	"3. left_ankle": [
		0.3515015244483948,
		0.8175252079963684,
		0.10536305606365204,
		0.9872209429740906
	],
	"6. right_hip": [
		0.3217070698738098,
		0.5619004964828491,
		0.011348387226462364,
		0.9992810487747192
	],
	"7. right_knee": [
		0.32565197348594666,
		0.7009876370429993,
		-0.005812162533402443,
		0.9836869835853577
	],
	"8. right_ankle": [
		0.33110538125038147,
		0.8131754398345947,
		0.12467528879642487,
		0.9810028672218323
	],
	"14. left_shoulder": [
		0.367305725812912,
		0.3978828489780426,
		0.028612028807401657,
		0.9988873600959778
	],
	"15. left_elbow": [
		0.37385958433151245,
		0.4740758240222931,
		-0.056164778769016266,
		0.9571236968040466
	],
	"16. left_wrist": [
		0.3458443582057953,
		0.419967383146286,
		-0.16588842868804932,
		0.9213500022888184
	],
	"19. right_shoulder": [
		0.3079414367675781,
		0.3769869804382324,
		0.06120799109339714,
		0.9992530345916748
	],
	"20. right_elbow": [
		0.2943655252456665,
		0.45188039541244507,
		-0.02169390767812729,
		0.9428523778915405
	],
	"21. right_wrist": [
		0.3117762506008148,
		0.4330257475376129,
		-0.16029377281665802,
		0.9468042850494385
	],
	"24. nose": [
		0.33677393198013306,
		0.32952603697776794,
		-0.07947583496570587,
		0.9997692108154297
	],
	"25. left_eye": [
		0.34366434812545776,
		0.31923216581344604,
		-0.06438501924276352,
		0.9995529651641846
	],
	"26. right_eye": [
		0.3327607214450836,
		0.3195398449897766,
		-0.06385315954685211,
		0.9995999336242676
	],
	"27. left_ear": [
		0.35002249479293823,
		0.32781362533569336,
		0.01090562716126442,
		0.9994367957115173
	],
	"28. right_ear": [
		0.3289295732975006,
		0.32614749670028687,
		0.02195304073393345,
		0.9993717074394226
	],
	"time stamp": 29.969946478656652
}