{
	"1. left_hip": [
		0.35367870330810547,
		0.5584462285041809,
		-0.009621252305805683,
		0.9993095397949219
	],
	"2. left_knee": [
		0.3514537513256073,
		0.7005317807197571,
		-0.019372250884771347,
		0.9887374639511108
	],
	"3. left_ankle": [
		0.3526678681373596,
		0.8181164264678955,
		0.08877842128276825,
		0.9867520332336426
	],
	"6. right_hip": [
		0.3215327560901642,
		0.5596073269844055,
		0.009618254378437996,
		0.9992051124572754
	],
	"7. right_knee": [
		0.3283460736274719,
		0.6987930536270142,
		-0.00491277826949954,
		0.9836481213569641
	],
	"8. right_ankle": [
		0.3298916816711426,
		0.8125705122947693,
		0.10043010860681534,
		0.9794021248817444
	],
	"14. left_shoulder": [
		0.36740171909332275,
		0.397277295589447,
		-0.021459195762872696,
		0.9990460872650146
	],
	"15. left_elbow": [
		0.36485645174980164,
		0.46674981713294983,
		-0.11517926305532455,
		0.9558007121086121
	],
	"16. left_wrist": [
		0.3461228013038635,
		0.43221592903137207,
		-0.2830718159675598,
		0.9210233092308044
	],
	"19. right_shoulder": [
		0.31003686785697937,
		0.3772454857826233,
		0.03643520921468735,
		0.9993674755096436
	],
	"20. right_elbow": [
		0.2872593104839325,
		0.4412706196308136,
		0.0732860267162323,
		0.943808376789093
	],
	"21. right_wrist": [
		0.2853776514530182,
		0.5012007355690002,
		0.017852991819381714,
		0.9297884702682495
	],
	"24. nose": [
		0.33558377623558044,
		0.3271869122982025,
		-0.13151952624320984,
		0.9997787475585938
	],
	"25. left_eye": [
		0.34208858013153076,
		0.31754204630851746,
		-0.12093333899974823,
		0.9995611310005188
	],
	"26. right_eye": [
		0.33128875494003296,
		0.31966572999954224,
		-0.11627799272537231,
		0.9995717406272888
	],
	"27. left_ear": [
		0.34933581948280334,
		0.32536780834198,
		-0.04829370975494385,
		0.9994081854820251
	],
	"28. right_ear": [
		0.3284367024898529,
		0.32676824927330017,
		-0.027072425931692123,
		0.999390184879303
	],
	"time stamp": 29.969946478656652
}