{
	"1. left_hip": [
		0.3496999144554138,
		0.5753774642944336,
		0.00011984072625637054,
		0.9994235038757324
	],
	"2. left_knee": [
		0.3529055118560791,
		0.7108108401298523,
		-0.03569652885198593,
		0.9841976165771484
	],
	"3. left_ankle": [
		0.35226303339004517,
		0.8205217123031616,
		0.07689239084720612,
		0.9817711114883423
	],
	"6. right_hip": [
		0.31730514764785767,
		0.5736209750175476,
		-0.0002779376518446952,
		0.99934983253479
	],
	"7. right_knee": [
		0.3297231197357178,
		0.7104829549789429,
		-0.02938597835600376,
		0.9848803281784058
	],
	"8. right_ankle": [
		0.3248121440410614,
		0.818785548210144,
		0.08063935488462448,
		0.97328782081604
	],
	"14. left_shoulder": [
		0.3675915598869324,
		0.40132495760917664,
		-0.014014510437846184,
		0.9993387460708618
	],
	"15. left_elbow": [
		0.3626820147037506,
		0.44405999779701233,
		-0.12350155413150787,
		0.9582778811454773
	],
	"16. left_wrist": [
		0.3483799695968628,
		0.38292962312698364,
		-0.2718361020088196,
		0.9392001628875732
	],
	"19. right_shoulder": [
		0.31350818276405334,
		0.40506425499916077,
		0.03737034276127815,
		0.9995689392089844
	],
	"20. right_elbow": [
		0.29005998373031616,
		0.49097761511802673,
		0.0633440762758255,
		0.9509397149085999
	],
	"21. right_wrist": [
		0.2783183157444,
		0.5632851123809814,
		0.019215043634176254,
		0.9355375170707703
	],
	"24. nose": [
		0.3322049379348755,
		0.350372850894928,
		-0.07874617725610733,
		0.9998182654380798
	],
	"25. left_eye": [
		0.3358011841773987,
		0.33767402172088623,
		-0.07672393321990967,
		0.9996215105056763
	],
	"26. right_eye": [
		0.3272164463996887,
		0.34706753492355347,
		-0.06931502372026443,
		0.999578595161438
	],
	"27. left_ear": [
		0.34281983971595764,
		0.3390043377876282,
		-0.032399944961071014,
		0.9994058609008789
	],
	"28. right_ear": [
		0.32683253288269043,
		0.3539773225784302,
		0.000559463573154062,
		0.9994881749153137
	],
	"time stamp": 29.969946478656652
}