{
	"1. left_hip": [
		0.3154250979423523,
		0.5712028741836548,
		0.012314435094594955,
		0.9990125298500061
	],
	"2. left_knee": [
		0.32732924818992615,
		0.7094188928604126,
		-0.0017400222131982446,
		0.9577227234840393
	],
	"3. left_ankle": [
		0.3323301374912262,
		0.8206873536109924,
		0.0410899855196476,
		0.9720701575279236
	],
	"6. right_hip": [
		0.3385384976863861,
		0.5688437819480896,
		-0.012313161045312881,
		0.9988497495651245
	],
	"7. right_knee": [
		0.337887167930603,
		0.7088460922241211,
		-0.005060265772044659,
		0.9760773181915283
	],
	"8. right_ankle": [
		0.34019502997398376,
		0.8221973776817322,
		0.0366300530731678,
		0.9652591347694397
	],
	"14. left_shoulder": [
		0.31433701515197754,
		0.4090682864189148,
		0.04844970628619194,
		0.9991523623466492
	],
	"15. left_elbow": [
		0.3151372969150543,
		0.47806817293167114,
		0.044800661504268646,
		0.8507843017578125
	],
	"16. left_wrist": [
		0.32364413142204285,
		0.5179703831672668,
		0.035123251378536224,
		0.8169698715209961
	],
	"19. right_shoulder": [
		0.3554377257823944,
		0.41046205163002014,
		0.0018089646473526955,
		0.9995478391647339
	],
	"20. right_elbow": [
		0.33666449785232544,
		0.5018624067306519,
		-0.029252493754029274,
		0.9059284329414368
	],
	"21. right_wrist": [
		0.32307419180870056,
		0.5672703385353088,
		-0.06256125867366791,
		0.8272139430046082
	],
	"24. nose": [
		0.32673150300979614,
		0.3528754413127899,
		0.12292739003896713,
		0.9974935054779053
	],
	"25. left_eye": [
		0.3264206349849701,
		0.3408561944961548,
		0.1086701974272728,
		0.9972985982894897
	],
	"26. right_eye": [
		0.32431814074516296,
		0.3457193076610565,
		0.10536334663629532,
		0.9975717663764954
	],
	"27. left_ear": [
		0.3279701769351959,
		0.3468596637248993,
		0.05591808632016182,
		0.99737948179245
	],
	"28. right_ear": [
		0.3268551230430603,
		0.35178446769714355,
		0.042150210589170456,
		0.9981280565261841
	],
	"time stamp": 29.969946478656652
}