{
	"1. left_hip": [
		0.33900561928749084,
		0.5584384202957153,
		-0.008257882669568062,
		0.9986748695373535
	],
	"2. left_knee": [
		0.3314268887042999,
		0.7036959528923035,
		-0.0349855050444603,
		0.9552568793296814
	],
	"3. left_ankle": [
		0.3421128988265991,
		0.8200713992118835,
		0.07075570523738861,
		0.9681471586227417
	],
	"6. right_hip": [
		0.31871387362480164,
		0.5604557991027832,
		0.0081497086212039,
		0.9981419444084167
	],
	"7. right_knee": [
		0.3240487575531006,
		0.7019211649894714,
		-0.013265627436339855,
		0.9703807830810547
	],
	"8. right_ankle": [
		0.32689258456230164,
		0.8189657330513,
		0.08182378113269806,
		0.9626943469047546
	],
	"14. left_shoulder": [
		0.35057851672172546,
		0.3834567070007324,
		0.010772556997835636,
		0.9986796975135803
	],
	"15. left_elbow": [
		0.3427676558494568,
		0.3805080056190491,
		-0.12086044251918793,
		0.817233145236969
	],
	"16. left_wrist": [
		0.3224404454231262,
		0.37957653403282166,
		-0.221692755818367,
		0.6036201119422913
	],
	"19. right_shoulder": [
		0.31397026777267456,
		0.3929849863052368,
		0.0451238639652729,
		0.9971931576728821
	],
	"20. right_elbow": [
		0.3005651831626892,
		0.4107845425605774,
		-0.06837183237075806,
		0.7834427356719971
	],
	"21. right_wrist": [
		0.32451850175857544,
		0.38856634497642517,
		-0.179092139005661,
		0.568717896938324
	],
	"24. nose": [
		0.3279881477355957,
		0.3340538740158081,
		-0.04847947880625725,
		0.9963123202323914
	],
	"25. left_eye": [
		0.32834964990615845,
		0.32801616191864014,
		-0.04177951067686081,
		0.9957678914070129
	],
	"26. right_eye": [
		0.3241673409938812,
		0.3305812478065491,
		-0.03910689800977707,
		0.994754433631897
	],
	"27. left_ear": [
		0.330642431974411,
		0.3345834016799927,
		0.015802977606654167,
		0.9957383871078491
	],
	"28. right_ear": [
		0.3208940327167511,
		0.3412833511829376,
		0.029729565605521202,
		0.9955161213874817
	],
	"time stamp": 29.969946478656652
}