{
	"1. left_hip": [
		0.34658363461494446,
		0.5604719519615173,
		-0.03425053134560585,
		0.9989526867866516
	],
	"2. left_knee": [
		0.3370654582977295,
		0.7053443193435669,
		-0.07034830749034882,
		0.962307333946228
	],
	"3. left_ankle": [
		0.34550711512565613,
		0.8186159133911133,
		0.03907584026455879,
		0.9716821908950806
	],
	"6. right_hip": [
		0.31665652990341187,
		0.5642310380935669,
		0.03412231430411339,
		0.9984527230262756
	],
	"7. right_knee": [
		0.3181914687156677,
		0.7017921209335327,
		0.023038633167743683,
		0.9714889526367188
	],
	"8. right_ankle": [
		0.3249446749687195,
		0.8158776760101318,
		0.11828067153692245,
		0.9645407795906067
	],
	"14. left_shoulder": [
		0.35458576679229736,
		0.3749296963214874,
		-0.025419190526008606,
		0.9989772439002991
	],
	"15. left_elbow": [
		0.35849839448928833,
		0.3581978678703308,
		-0.1307171881198883,
		0.8438543677330017
	],
	"16. left_wrist": [
		0.32908791303634644,
		0.37270498275756836,
		-0.21735110878944397,
		0.6325070858001709
	],
	"19. right_shoulder": [
		0.3135188817977905,
		0.4033745229244232,
		0.08056215941905975,
		0.9977872371673584
	],
	"20. right_elbow": [
		0.301401823759079,
		0.47994691133499146,
		0.06263293325901031,
		0.7603864669799805
	],
	"21. right_wrist": [
		0.2932761013507843,
		0.5233150124549866,
		-0.022801147773861885,
		0.5957844257354736
	],
	"24. nose": [
		0.3278285264968872,
		0.3331902027130127,
		-0.076677106320858,
		0.9971928000450134
	],
	"25. left_eye": [
		0.3325032591819763,
		0.3236090838909149,
		-0.0685906857252121,
		0.9966642260551453
	],
	"26. right_eye": [
		0.323700875043869,
		0.3267253041267395,
		-0.05996761471033096,
		0.9958319664001465
	],
	"27. left_ear": [
		0.34041285514831543,
		0.32963356375694275,
		-0.016333092004060745,
		0.9965635538101196
	],
	"28. right_ear": [
		0.32095178961753845,
		0.33472439646720886,
		0.023684104904532433,
		0.996376633644104
	],
	"time stamp": 29.969946478656652
}