{
	"1. left_hip": [
		0.3483739495277405,
		0.5664608478546143,
		-0.04069745913147926,
		0.9990636706352234
	],
	"2. left_knee": [
		0.3378278613090515,
		0.707911491394043,
		-0.07678809016942978,
		0.9672682285308838
	],
	"3. left_ankle": [
		0.3460055887699127,
		0.8201041221618652,
		0.03014182113111019,
		0.9748250246047974
	],
	"6. right_hip": [
		0.31828573346138,
		0.5676259994506836,
		0.04063809663057327,
		0.9986250400543213
	],
	"7. right_knee": [
		0.3177914023399353,
		0.7032662034034729,
		0.025048529729247093,
		0.9701112508773804
	],
	"8. right_ankle": [
		0.3250212073326111,
		0.8155719041824341,
		0.11832497268915176,
		0.9657354354858398
	],
	"14. left_shoulder": [
		0.3538246154785156,
		0.3812960684299469,
		-0.02683895453810692,
		0.9991108775138855
	],
	"15. left_elbow": [
		0.3452695310115814,
		0.4011323153972626,
		-0.06613056361675262,
		0.8505169153213501
	],
	"16. left_wrist": [
		0.32483917474746704,
		0.42632538080215454,
		-0.10553528368473053,
		0.6337695717811584
	],
	"19. right_shoulder": [
		0.3145235478878021,
		0.40818896889686584,
		0.08627117425203323,
		0.9981303811073303
	],
	"20. right_elbow": [
		0.2996322512626648,
		0.4766387641429901,
		0.05909619852900505,
		0.7741672992706299
	],
	"21. right_wrist": [
		0.29443109035491943,
		0.5128332376480103,
		-0.03230414167046547,
		0.6483184695243835
	],
	"24. nose": [
		0.32812127470970154,
		0.33679115772247314,
		-0.08585099130868912,
		0.9977006912231445
	],
	"25. left_eye": [
		0.33461201190948486,
		0.326738178730011,
		-0.07764965295791626,
		0.997238278388977
	],
	"26. right_eye": [
		0.3238903284072876,
		0.32812273502349854,
		-0.06968780606985092,
		0.9965708255767822
	],
	"27. left_ear": [
		0.3415358364582062,
		0.3317239284515381,
		-0.019231712445616722,
		0.9971413612365723
	],
	"28. right_ear": [
		0.321283221244812,
		0.33426642417907715,
		0.02020266093313694,
		0.9970040321350098
	],
	"time stamp": 29.969946478656652
}