{
	"1. left_hip": [
		0.347805380821228,
		0.5719722509384155,
		-0.04477456212043762,
		0.9990808367729187
	],
	"2. left_knee": [
		0.3375263810157776,
		0.7103712558746338,
		-0.07025521993637085,
		0.9694347977638245
	],
	"3. left_ankle": [
		0.34590741991996765,
		0.8202071189880371,
		0.05233452469110489,
		0.9759165644645691
	],
	"6. right_hip": [
		0.3196052610874176,
		0.5722324252128601,
		0.044774509966373444,
		0.9986293315887451
	],
	"7. right_knee": [
		0.3182404637336731,
		0.7054071426391602,
		0.035923123359680176,
		0.9662471413612366
	],
	"8. right_ankle": [
		0.32558324933052063,
		0.8155601620674133,
		0.14413240551948547,
		0.9654874801635742
	],
	"14. left_shoulder": [
		0.3526942729949951,
		0.3915979564189911,
		-0.05610119551420212,
		0.9991904497146606
	],
	"15. left_elbow": [
		0.34150347113609314,
		0.4762316942214966,
		-0.06449253112077713,
		0.8592942357063293
	],
	"16. left_wrist": [
		0.3257879614830017,
		0.5418936610221863,
		-0.08893407881259918,
		0.6523595452308655
	],
	"19. right_shoulder": [
		0.3148669898509979,
		0.4091920554637909,
		0.07969645410776138,
		0.998219907283783
	],
	"20. right_elbow": [
		0.3007308840751648,
		0.4768069386482239,
		0.05493452027440071,
		0.7407349944114685
	],
	"21. right_wrist": [
		0.29586857557296753,
		0.5043198466300964,
		-0.07245594263076782,
		0.6456895470619202
	],
	"24. nose": [
		0.3282249867916107,
		0.34006062150001526,
		-0.10961513221263885,
		0.9978974461555481
	],
	"25. left_eye": [
		0.33564987778663635,
		0.3309577405452728,
		-0.1024816483259201,
		0.9974463582038879
	],
	"26. right_eye": [
		0.32435640692710876,
		0.3302708864212036,
		-0.09483582526445389,
		0.9968149065971375
	],
	"27. left_ear": [
		0.3421492874622345,
		0.3374919891357422,
		-0.044367991387844086,
		0.9973730444908142
	],
	"28. right_ear": [
		0.3216947019100189,
		0.3355135917663574,
		-0.01118763443082571,
		0.9971073269844055
	],
	"time stamp": 29.969946478656652
}