{
	"1. left_hip": [
		0.3484632968902588,
		0.5787786245346069,
		-0.03883526474237442,
		0.9991114735603333
	],
	"2. left_knee": [
		0.3375229239463806,
		0.7126768231391907,
		-0.06596387922763824,
		0.9711790084838867
	],
	"3. left_ankle": [
		0.3460623025894165,
		0.8211198449134827,
		0.07635467499494553,
		0.9767442941665649
	],
	"6. right_hip": [
		0.3213616907596588,
		0.5780568718910217,
		0.03881759196519852,
		0.9986876249313354
	],
	"7. right_knee": [
		0.31827038526535034,
		0.7082706093788147,
		0.026907270774245262,
		0.9626586437225342
	],
	"8. right_ankle": [
		0.3258898854255676,
		0.8159390091896057,
		0.1448965221643448,
		0.9657219052314758
	],
	"14. left_shoulder": [
		0.35254916548728943,
		0.40255534648895264,
		-0.049234770238399506,
		0.9992515444755554
	],
	"15. left_elbow": [
		0.3421918451786041,
		0.5004557967185974,
		-0.034925349056720734,
		0.8548061847686768
	],
	"16. left_wrist": [
		0.34378695487976074,
		0.5693722367286682,
		-0.07305467873811722,
		0.6458172798156738
	],
	"19. right_shoulder": [
		0.3145769238471985,
		0.40863609313964844,
		0.04037442058324814,
		0.9983457326889038
	],
	"20. right_elbow": [
		0.29989093542099,
		0.47604507207870483,
		0.0009517784346826375,
		0.7248560190200806
	],
	"21. right_wrist": [
		0.29789191484451294,
		0.4993593096733093,
		-0.15096542239189148,
		0.6501494646072388
	],
	"24. nose": [
		0.3283533453941345,
		0.3441673815250397,
		-0.14513060450553894,
		0.998102068901062
	],
	"25. left_eye": [
		0.33615416288375854,
		0.335021436214447,
		-0.13554337620735168,
		0.9976890087127686
	],
	"26. right_eye": [
		0.32468512654304504,
		0.33371737599372864,
		-0.13060936331748962,
		0.9971184134483337
	],
	"27. left_ear": [
		0.34263378381729126,
		0.34167787432670593,
		-0.06475365161895752,
		0.9976218938827515
	],
	"28. right_ear": [
		0.32188084721565247,
		0.3384479582309723,
		-0.04460194706916809,
		0.9973708987236023
	],
	"time stamp": 29.969946478656652
}