{
	"1. left_hip": [
		0.3513118624687195,
		0.5681925415992737,
		-0.0042793299071490765,
		0.9993718266487122
	],
	"2. left_knee": [
		0.3437104821205139,
		0.7062798142433167,
		-0.04151167348027229,
		0.9809788465499878
	],
	"3. left_ankle": [
		0.34719836711883545,
		0.8185594081878662,
		0.07405571639537811,
		0.9824573397636414
	],
	"6. right_hip": [
		0.321025550365448,
		0.5703364014625549,
		0.004368380643427372,
		0.9989604949951172
	],
	"7. right_knee": [
		0.318518728017807,
		0.7052519917488098,
		-0.012246621772646904,
		0.9659700393676758
	],
	"8. right_ankle": [
		0.3259841799736023,
		0.8145014643669128,
		0.09658081829547882,
		0.9718310832977295
	],
	"14. left_shoulder": [
		0.3576801121234894,
		0.41669654846191406,
		0.018070589751005173,
		0.9995821714401245
	],
	"15. left_elbow": [
		0.38206541538238525,
		0.4856262505054474,
		-0.06051135063171387,
		0.9049294590950012
	],
	"16. left_wrist": [
		0.4192044734954834,
		0.47414499521255493,
		-0.2226496934890747,
		0.7974690794944763
	],
	"19. right_shoulder": [
		0.3061772584915161,
		0.39955028891563416,
		-0.01731168106198311,
		0.9988250136375427
	],
	"20. right_elbow": [
		0.296647846698761,
		0.44199302792549133,
		-0.13497294485569,
		0.7710381746292114
	],
	"21. right_wrist": [
		0.34701141715049744,
		0.4263382852077484,
		-0.2635112404823303,
		0.756146252155304
	],
	"24. nose": [
		0.3309800624847412,
		0.3546110689640045,
		-0.12500472366809845,
		0.9989725351333618
	],
	"25. left_eye": [
		0.33805397152900696,
		0.34319883584976196,
		-0.10886044800281525,
		0.9987422227859497
	],
	"26. right_eye": [
		0.3271406292915344,
		0.3428133428096771,
		-0.11123967170715332,
		0.9984157085418701
	],
	"27. left_ear": [
		0.344112753868103,
		0.3490639626979828,
		-0.017045877873897552,
		0.9987061023712158
	],
	"28. right_ear": [
		0.3238977789878845,
		0.34727737307548523,
		-0.030580881983041763,
		0.998521625995636
	],
	"time stamp": 29.969946478656652
}