{
	"1. left_hip": [
		0.3516239523887634,
		0.5613936185836792,
		0.005263284780085087,
		0.9992932677268982
	],
	"2. left_knee": [
		0.34575986862182617,
		0.699190616607666,
		-0.019965220242738724,
		0.9833855032920837
	],
	"3. left_ankle": [
		0.34777942299842834,
		0.8148971796035767,
		0.08069588989019394,
		0.983683705329895
	],
	"6. right_hip": [
		0.31911158561706543,
		0.5657549500465393,
		-0.0052093276754021645,
		0.9988385438919067
	],
	"7. right_knee": [
		0.31863147020339966,
		0.6992458701133728,
		-0.0064291744492948055,
		0.9707589149475098
	],
	"8. right_ankle": [
		0.325591504573822,
		0.8119679093360901,
		0.10236106812953949,
		0.9734424948692322
	],
	"14. left_shoulder": [
		0.35982850193977356,
		0.4018533527851105,
		0.020134910941123962,
		0.99940425157547
	],
	"15. left_elbow": [
		0.39127928018569946,
		0.43151506781578064,
		-0.07849801331758499,
		0.8678484559059143
	],
	"16. left_wrist": [
		0.4068771004676819,
		0.37912407517433167,
		-0.21813789010047913,
		0.7772751450538635
	],
	"19. right_shoulder": [
		0.30597013235092163,
		0.3878714144229889,
		-0.048175860196352005,
		0.998736560344696
	],
	"20. right_elbow": [
		0.3171759843826294,
		0.423014372587204,
		-0.1605774611234665,
		0.8244659900665283
	],
	"21. right_wrist": [
		0.35612648725509644,
		0.4021400809288025,
		-0.2573406994342804,
		0.8020821809768677
	],
	"24. nose": [
		0.3308485448360443,
		0.3539893925189972,
		-0.1353185623884201,
		0.9990703463554382
	],
	"25. left_eye": [
		0.33785998821258545,
		0.3423258066177368,
		-0.12201519310474396,
		0.9988628029823303
	],
	"26. right_eye": [
		0.3269262909889221,
		0.3417746424674988,
		-0.12487920373678207,
		0.9985524415969849
	],
	"27. left_ear": [
		0.34404128789901733,
		0.3470172882080078,
		-0.03571771830320358,
		0.9988421201705933
	],
	"28. right_ear": [
		0.32384151220321655,
		0.34454628825187683,
		-0.04636097326874733,
		0.998735249042511
	],
	"time stamp": 29.969946478656652
}