{
	"1. left_hip": [
		0.3511967062950134,
		0.5627045035362244,
		-0.0019678983371704817,
		0.9993769526481628
	],
	"2. left_knee": [
		0.34511899948120117,
		0.7000963091850281,
		-0.02878759242594242,
		0.9850892424583435
	],
	"3. left_ankle": [
		0.3476206660270691,
		0.8150302171707153,
		0.08257830142974854,
		0.9846935868263245
	],
	"6. right_hip": [
		0.3175336718559265,
		0.565552294254303,
		0.002001057378947735,
		0.9989315867424011
	],
	"7. right_knee": [
		0.3209778666496277,
		0.7002171277999878,
		-0.00011036133946618065,
		0.9736752510070801
	],
	"8. right_ankle": [
		0.3255499601364136,
		0.8112062215805054,
		0.12509353458881378,
		0.9746963381767273
	],
	"14. left_shoulder": [
		0.3635910153388977,
		0.40027686953544617,
		0.007262791506946087,
		0.9993765950202942
	],
	"15. left_elbow": [
		0.3905283510684967,
		0.37600889801979065,
		-0.15110181272029877,
		0.8843793869018555
	],
	"16. left_wrist": [
		0.368134081363678,
		0.35534125566482544,
		-0.2830679714679718,
		0.7779316306114197
	],
	"19. right_shoulder": [
		0.30652493238449097,
		0.3876500725746155,
		-0.027141693979501724,
		0.9982954859733582
	],
	"20. right_elbow": [
		0.3267059922218323,
		0.4217294454574585,
		-0.1470746397972107,
		0.8510426878929138
	],
	"21. right_wrist": [
		0.351042240858078,
		0.3833986818790436,
		-0.24923749268054962,
		0.8266867995262146
	],
	"24. nose": [
		0.32857710123062134,
		0.35363101959228516,
		-0.1322290450334549,
		0.9988988637924194
	],
	"25. left_eye": [
		0.3347603678703308,
		0.3404829800128937,
		-0.11903142929077148,
		0.9986399412155151
	],
	"26. right_eye": [
		0.3254217505455017,
		0.3414667248725891,
		-0.12066638469696045,
		0.9980356097221375
	],
	"27. left_ear": [
		0.34244391322135925,
		0.3441266715526581,
		-0.0357176773250103,
		0.9988090395927429
	],
	"28. right_ear": [
		0.32346054911613464,
		0.34347501397132874,
		-0.033935561776161194,
		0.9983900785446167
	],
	"time stamp": 29.969946478656652
}