{
	"1. left_hip": [
		0.34989529848098755,
		0.564679741859436,
		-0.0037438436411321163,
		0.999453604221344
	],
	"2. left_knee": [
		0.3443455100059509,
		0.7027423977851868,
		-0.02651188150048256,
		0.9859361052513123
	],
	"3. left_ankle": [
		0.34640830755233765,
		0.815681517124176,
		0.08142533153295517,
		0.9851416349411011
	],
	"6. right_hip": [
		0.3169301152229309,
		0.566133439540863,
		0.003870532615110278,
		0.9990164041519165
	],
	"7. right_knee": [
		0.3220871090888977,
		0.7011508941650391,
		-0.0021690907888114452,
		0.9754518270492554
	],
	"8. right_ankle": [
		0.32532012462615967,
		0.811836302280426,
		0.112074114382267,
		0.9748930931091309
	],
	"14. left_shoulder": [
		0.363270103931427,
		0.3981308043003082,
		0.02809872291982174,
		0.9993756413459778
	],
	"15. left_elbow": [
		0.38567668199539185,
		0.373373419046402,
		-0.11831114441156387,
		0.8961614966392517
	],
	"16. left_wrist": [
		0.3581322729587555,
		0.35440829396247864,
		-0.23622873425483704,
		0.7778961062431335
	],
	"19. right_shoulder": [
		0.3086143136024475,
		0.3971840739250183,
		0.016193410381674767,
		0.9981271624565125
	],
	"20. right_elbow": [
		0.3260155916213989,
		0.4592446982860565,
		-0.020102273672819138,
		0.8362394571304321
	],
	"21. right_wrist": [
		0.3371536135673523,
		0.47198787331581116,
		-0.05286818742752075,
		0.7872883081436157
	],
	"24. nose": [
		0.3278542459011078,
		0.3540123701095581,
		-0.09134546667337418,
		0.9989285469055176
	],
	"25. left_eye": [
		0.33396127820014954,
		0.34102723002433777,
		-0.07720433920621872,
		0.9986922740936279
	],
	"26. right_eye": [
		0.32488659024238586,
		0.34293264150619507,
		-0.07846542447805405,
		0.9980617761611938
	],
	"27. left_ear": [
		0.34169575572013855,
		0.3440598249435425,
		0.0040288022719323635,
		0.9989031553268433
	],
	"28. right_ear": [
		0.3231578767299652,
		0.345395565032959,
		0.0010962369851768017,
		0.9984398484230042
	],
	"time stamp": 29.969946478656652
}