{
	"1. left_hip": [
		0.34596675634384155,
		0.5688921809196472,
		-0.013183725997805595,
		0.9994863271713257
	],
	"2. left_knee": [
		0.34158623218536377,
		0.7089217305183411,
		-0.040116749703884125,
		0.9857803583145142
	],
	"3. left_ankle": [
		0.34511300921440125,
		0.8189829587936401,
		0.06341923773288727,
		0.983661949634552
	],
	"6. right_hip": [
		0.3165378272533417,
		0.5685911178588867,
		0.01322528999298811,
		0.9990150928497314
	],
	"7. right_knee": [
		0.32359588146209717,
		0.7062827348709106,
		-0.001324574463069439,
		0.9741826057434082
	],
	"8. right_ankle": [
		0.3250211179256439,
		0.8148877620697021,
		0.10484759509563446,
		0.9699772596359253
	],
	"14. left_shoulder": [
		0.3630498945713043,
		0.3932173550128937,
		0.006178324576467276,
		0.9993479251861572
	],
	"15. left_elbow": [
		0.3791038393974304,
		0.39298728108406067,
		-0.15036913752555847,
		0.9081279039382935
	],
	"16. left_wrist": [
		0.34182703495025635,
		0.37410324811935425,
		-0.24989347159862518,
		0.7829767465591431
	],
	"19. right_shoulder": [
		0.31120502948760986,
		0.4176417589187622,
		0.035785458981990814,
		0.9974365830421448
	],
	"20. right_elbow": [
		0.32083961367607117,
		0.4667701721191406,
		-0.08077803999185562,
		0.8314121961593628
	],
	"21. right_wrist": [
		0.3278660178184509,
		0.40861451625823975,
		-0.2284516841173172,
		0.7953200340270996
	],
	"24. nose": [
		0.3278411030769348,
		0.36574482917785645,
		-0.08643235266208649,
		0.9984595775604248
	],
	"25. left_eye": [
		0.3323744535446167,
		0.35195672512054443,
		-0.0768781378865242,
		0.9982062578201294
	],
	"26. right_eye": [
		0.32531923055648804,
		0.35316571593284607,
		-0.07222864031791687,
		0.9969439506530762
	],
	"27. left_ear": [
		0.3373338580131531,
		0.3521976172924042,
		-0.008136209100484848,
		0.9987131357192993
	],
	"28. right_ear": [
		0.32406026124954224,
		0.3545876741409302,
		0.015146794728934765,
		0.9973210692405701
	],
	"time stamp": 29.969946478656652
}