{
	"1. left_hip": [
		0.32084497809410095,
		0.5712242126464844,
		-0.005229354836046696,
		0.9995112419128418
	],
	"2. left_knee": [
		0.3288573920726776,
		0.7114728093147278,
		-0.0062703839503228664,
		0.9806056618690491
	],
	"3. left_ankle": [
		0.33536046743392944,
		0.8194008469581604,
		0.06563352048397064,
		0.9810227155685425
	],
	"6. right_hip": [
		0.33461859822273254,
		0.5701810121536255,
		0.005236152559518814,
		0.9990329742431641
	],
	"7. right_knee": [
		0.32977575063705444,
		0.7094200849533081,
		0.006254779640585184,
		0.9694042801856995
	],
	"8. right_ankle": [
		0.33332183957099915,
		0.8198426961898804,
		0.0846262201666832,
		0.9681856036186218
	],
	"14. left_shoulder": [
		0.3172665536403656,
		0.40815335512161255,
		0.015309000387787819,
		0.9993778467178345
	],
	"15. left_elbow": [
		0.3356339633464813,
		0.4100225269794464,
		-0.1275290697813034,
		0.8974754810333252
	],
	"16. left_wrist": [
		0.324740469455719,
		0.3779554069042206,
		-0.25031769275665283,
		0.760231614112854
	],
	"19. right_shoulder": [
		0.3461758494377136,
		0.41388964653015137,
		0.022252824157476425,
		0.9974056482315063
	],
	"20. right_elbow": [
		0.36701202392578125,
		0.43711453676223755,
		-0.1041610836982727,
		0.8035641312599182
	],
	"21. right_wrist": [
		0.34750255942344666,
		0.4066079556941986,
		-0.22141197323799133,
		0.7319059371948242
	],
	"24. nose": [
		0.3279068171977997,
		0.36507344245910645,
		0.0905856192111969,
		0.9984927177429199
	],
	"25. left_eye": [
		0.3289555609226227,
		0.3532286286354065,
		0.0759216770529747,
		0.9982765913009644
	],
	"26. right_eye": [
		0.3276505172252655,
		0.35367414355278015,
		0.07359320670366287,
		0.9971024990081787
	],
	"27. left_ear": [
		0.3294904828071594,
		0.3552267253398895,
		0.045954879373311996,
		0.9987978935241699
	],
	"28. right_ear": [
		0.3277908265590668,
		0.3569924235343933,
		0.03545167297124863,
		0.9974884986877441
	],
	"time stamp": 29.969946478656652
}