{
	"1. left_hip": [
		0.3308272957801819,
		0.5723706483840942,
		-0.01111095305532217,
		0.999509334564209
	],
	"2. left_knee": [
		0.33111992478370667,
		0.713261604309082,
		-0.01817946881055832,
		0.9789159297943115
	],
	"3. left_ankle": [
		0.3377317786216736,
		0.8199724555015564,
		0.06772498786449432,
		0.9791021943092346
	],
	"6. right_hip": [
		0.3314795196056366,
		0.5721628069877625,
		0.011132398620247841,
		0.9989806413650513
	],
	"7. right_knee": [
		0.3283999264240265,
		0.7104829549789429,
		0.013062040321528912,
		0.9674649238586426
	],
	"8. right_ankle": [
		0.3318977952003479,
		0.8197494745254517,
		0.09776009619235992,
		0.9656299352645874
	],
	"14. left_shoulder": [
		0.3238450288772583,
		0.4039923846721649,
		0.012844366021454334,
		0.9994027614593506
	],
	"15. left_elbow": [
		0.3544186055660248,
		0.40678033232688904,
		-0.12744443118572235,
		0.8996413350105286
	],
	"16. left_wrist": [
		0.32698431611061096,
		0.38317662477493286,
		-0.24512441456317902,
		0.7609080076217651
	],
	"19. right_shoulder": [
		0.32537126541137695,
		0.42210668325424194,
		0.04142056033015251,
		0.996916651725769
	],
	"20. right_elbow": [
		0.33723875880241394,
		0.46317243576049805,
		-0.05187992379069328,
		0.7718730568885803
	],
	"21. right_wrist": [
		0.3267965316772461,
		0.408349871635437,
		-0.147268146276474,
		0.6947036981582642
	],
	"24. nose": [
		0.32807376980781555,
		0.3662564158439636,
		-0.026309844106435776,
		0.9984426498413086
	],
	"25. left_eye": [
		0.3295688331127167,
		0.35447871685028076,
		-0.02435888722538948,
		0.9982395172119141
	],
	"26. right_eye": [
		0.32757821679115295,
		0.3553566336631775,
		-0.025240903720259666,
		0.9969619512557983
	],
	"27. left_ear": [
		0.33131033182144165,
		0.35670965909957886,
		0.01578347757458687,
		0.998795747756958
	],
	"28. right_ear": [
		0.32765862345695496,
		0.35963720083236694,
		0.02065092884004116,
		0.997227132320404
	],
	"time stamp": 29.969946478656652
}