{
	"1. left_hip": [
		0.31834062933921814,
		0.5732316970825195,
		-0.027507593855261803,
		0.9994210600852966
	],
	"2. left_knee": [
		0.32289308309555054,
		0.7127406001091003,
		-0.013353420421481133,
		0.9763078093528748
	],
	"3. left_ankle": [
		0.32833632826805115,
		0.8199544548988342,
		0.01241002045571804,
		0.9793463945388794
	],
	"6. right_hip": [
		0.3378313481807709,
		0.5730688571929932,
		0.027429724112153053,
		0.9987962245941162
	],
	"7. right_knee": [
		0.33277517557144165,
		0.7110979557037354,
		0.03476322069764137,
		0.9674316048622131
	],
	"8. right_ankle": [
		0.3412136137485504,
		0.8232777714729309,
		0.06230227276682854,
		0.9650384187698364
	],
	"14. left_shoulder": [
		0.33272233605384827,
		0.40246981382369995,
		-0.02045196294784546,
		0.9994341731071472
	],
	"15. left_elbow": [
		0.3349643051624298,
		0.4252723753452301,
		-0.12467044591903687,
		0.9003472924232483
	],
	"16. left_wrist": [
		0.3124799132347107,
		0.3969670236110687,
		-0.1712571084499359,
		0.7687262296676636
	],
	"19. right_shoulder": [
		0.34628814458847046,
		0.41776058077812195,
		0.10137329250574112,
		0.9970325231552124
	],
	"20. right_elbow": [
		0.3352634310722351,
		0.46043869853019714,
		0.0936330109834671,
		0.7026574015617371
	],
	"21. right_wrist": [
		0.31193217635154724,
		0.4109676480293274,
		0.050127722322940826,
		0.6322685480117798
	],
	"24. nose": [
		0.32480958104133606,
		0.3673815131187439,
		0.04901188611984253,
		0.9985630512237549
	],
	"25. left_eye": [
		0.3263082206249237,
		0.3557097613811493,
		0.03572731092572212,
		0.9983877539634705
	],
	"26. right_eye": [
		0.3256722092628479,
		0.3567834198474884,
		0.04982983320951462,
		0.9972213506698608
	],
	"27. left_ear": [
		0.33111312985420227,
		0.3576865792274475,
		0.01119544729590416,
		0.9988921880722046
	],
	"28. right_ear": [
		0.32770419120788574,
		0.3601576089859009,
		0.07187655568122864,
		0.9974667429924011
	],
	"time stamp": 29.969946478656652
}