{
	"1. left_hip": [
		0.3432421386241913,
		0.5621310472488403,
		-0.04804809391498566,
		0.9995196461677551
	],
	"2. left_knee": [
		0.3302343785762787,
		0.7027187347412109,
		-0.06311587244272232,
		0.9836801290512085
	],
	"3. left_ankle": [
		0.3445883095264435,
		0.8109999895095825,
		0.0782478004693985,
		0.9833377003669739
	],
	"6. right_hip": [
		0.31454163789749146,
		0.5660579800605774,
		0.04786702245473862,
		0.9992947578430176
	],
	"7. right_knee": [
		0.31567367911338806,
		0.7019744515419006,
		0.05897004157304764,
		0.9551842212677002
	],
	"8. right_ankle": [
		0.324341744184494,
		0.813397228717804,
		0.16989947855472565,
		0.9611303806304932
	],
	"14. left_shoulder": [
		0.3479609787464142,
		0.38811612129211426,
		-0.09734432399272919,
		0.9995864033699036
	],
	"15. left_elbow": [
		0.2953256070613861,
		0.38876134157180786,
		-0.15626518428325653,
		0.9369827508926392
	],
	"16. left_wrist": [
		0.28693869709968567,
		0.33210310339927673,
		-0.13634712994098663,
		0.8624367713928223
	],
	"19. right_shoulder": [
		0.3133929371833801,
		0.3966292142868042,
		0.07933195680379868,
		0.9984421133995056
	],
	"20. right_elbow": [
		0.2801339328289032,
		0.38833990693092346,
		-0.022450556978583336,
		0.7196606397628784
	],
	"21. right_wrist": [
		0.2855486273765564,
		0.332330584526062,
		-0.17571105062961578,
		0.7282214760780334
	],
	"24. nose": [
		0.32181593775749207,
		0.3421860635280609,
		-0.0929846465587616,
		0.9993605017662048
	],
	"25. left_eye": [
		0.33043068647384644,
		0.3330758213996887,
		-0.08912931382656097,
		0.9992827773094177
	],
	"26. right_eye": [
		0.3210933208465576,
		0.3315352201461792,
		-0.07572595030069351,
		0.9987731575965881
	],
	"27. left_ear": [
		0.3403891623020172,
		0.3407856523990631,
		-0.054429590702056885,
		0.9995054006576538
	],
	"28. right_ear": [
		0.32423096895217896,
		0.33499372005462646,
		0.007249751128256321,
		0.9988167881965637
	],
	"time stamp": 29.969946478656652
}