{
	"1. left_hip": [
		0.3265524208545685,
		0.5543546676635742,
		-0.04195787385106087,
		0.9994117617607117
	],
	"2. left_knee": [
		0.3331576883792877,
		0.6965746283531189,
		-0.03976207971572876,
		0.9787638187408447
	],
	"3. left_ankle": [
		0.34849947690963745,
		0.8151540756225586,
		0.07486632466316223,
		0.9841547012329102
	],
	"6. right_hip": [
		0.29621437191963196,
		0.5559797883033752,
		0.04188237711787224,
		0.99925696849823
	],
	"7. right_knee": [
		0.28231412172317505,
		0.6946780681610107,
		0.03778572008013725,
		0.9222403764724731
	],
	"8. right_ankle": [
		0.29886120557785034,
		0.8046712875366211,
		0.15485532581806183,
		0.9414031505584717
	],
	"14. left_shoulder": [
		0.3426527678966522,
		0.38050025701522827,
		-0.06015755608677864,
		0.9994584321975708
	],
	"15. left_elbow": [
		0.35639116168022156,
		0.3001134693622589,
		-0.09782789647579193,
		0.9758144021034241
	],
	"16. left_wrist": [
		0.33686235547065735,
		0.24672383069992065,
		-0.041795581579208374,
		0.8859311938285828
	],
	"19. right_shoulder": [
		0.295563668012619,
		0.37653008103370667,
		0.07405032217502594,
		0.9981551766395569
	],
	"20. right_elbow": [
		0.2807637155056,
		0.3025670051574707,
		0.10231147706508636,
		0.7508869171142578
	],
	"21. right_wrist": [
		0.29449087381362915,
		0.23778370022773743,
		0.12705765664577484,
		0.6472769379615784
	],
	"24. nose": [
		0.3090526759624481,
		0.3245261609554291,
		-0.10533253848552704,
		0.9995803833007812
	],
	"25. left_eye": [
		0.315051406621933,
		0.3130602240562439,
		-0.09793081879615784,
		0.9995775818824768
	],
	"26. right_eye": [
		0.3059668242931366,
		0.3176954984664917,
		-0.08536145836114883,
		0.9990755915641785
	],
	"27. left_ear": [
		0.3259274363517761,
		0.31740155816078186,
		-0.047637149691581726,
		0.9996523261070251
	],
	"28. right_ear": [
		0.30598825216293335,
		0.32257649302482605,
		0.009423616342246532,
		0.99932861328125
	],
	"time stamp": 29.969946478656652
}