{
	"1. left_hip": [
		0.3232021927833557,
		0.5531430244445801,
		-0.04330052435398102,
		0.9993956685066223
	],
	"2. left_knee": [
		0.33220383524894714,
		0.6922369599342346,
		-0.042488232254981995,
		0.9801319241523743
	],
	"3. left_ankle": [
		0.3484472632408142,
		0.8140811324119568,
		0.06628836691379547,
		0.9848113059997559
	],
	"6. right_hip": [
		0.2919172942638397,
		0.5547366142272949,
		0.04319325089454651,
		0.9992529153823853
	],
	"7. right_knee": [
		0.27630144357681274,
		0.6910920739173889,
		0.04044594243168831,
		0.9290328025817871
	],
	"8. right_ankle": [
		0.28910234570503235,
		0.805378794670105,
		0.13249385356903076,
		0.9463929533958435
	],
	"14. left_shoulder": [
		0.34256356954574585,
		0.37621304392814636,
		-0.05479513481259346,
		0.9994723796844482
	],
	"15. left_elbow": [
		0.3642985224723816,
		0.3052223026752472,
		-0.11062519252300262,
		0.978131890296936
	],
	"16. left_wrist": [
		0.34311455488204956,
		0.2446773499250412,
		-0.10706573724746704,
		0.8957770466804504
	],
	"19. right_shoulder": [
		0.29078537225723267,
		0.3720460534095764,
		0.07983727753162384,
		0.9981933832168579
	],
	"20. right_elbow": [
		0.2729746699333191,
		0.2996029853820801,
		0.1032809242606163,
		0.772024393081665
	],
	"21. right_wrist": [
		0.2830572724342346,
		0.2374705672264099,
		0.10857169330120087,
		0.6742169857025146
	],
	"24. nose": [
		0.3071623146533966,
		0.3204379677772522,
		-0.09559847414493561,
		0.9996164441108704
	],
	"25. left_eye": [
		0.31378495693206787,
		0.3091851770877838,
		-0.08895258605480194,
		0.9996087551116943
	],
	"26. right_eye": [
		0.30304569005966187,
		0.31464555859565735,
		-0.07577228546142578,
		0.9991483092308044
	],
	"27. left_ear": [
		0.32550156116485596,
		0.313798189163208,
		-0.04401515796780586,
		0.9996821284294128
	],
	"28. right_ear": [
		0.3027603030204773,
		0.31926941871643066,
		0.016754968091845512,
		0.9993775486946106
	],
	"time stamp": 29.969946478656652
}