{
	"1. left_hip": [
		0.3136892318725586,
		0.5551936030387878,
		-0.04615290090441704,
		0.9994180798530579
	],
	"2. left_knee": [
		0.3240530788898468,
		0.6924185156822205,
		-0.05494774132966995,
		0.9845204949378967
	],
	"3. left_ankle": [
		0.3474859595298767,
		0.8140164613723755,
		0.02528088353574276,
		0.9875821471214294
	],
	"6. right_hip": [
		0.28201910853385925,
		0.555327832698822,
		0.04615712910890579,
		0.9993230700492859
	],
	"7. right_knee": [
		0.2640842795372009,
		0.6905957460403442,
		0.05005486682057381,
		0.9461768269538879
	],
	"8. right_ankle": [
		0.26911306381225586,
		0.8123548626899719,
		0.11954568326473236,
		0.9596293568611145
	],
	"14. left_shoulder": [
		0.3352048695087433,
		0.3778237998485565,
		-0.057351745665073395,
		0.9995251893997192
	],
	"15. left_elbow": [
		0.3648223876953125,
		0.32285499572753906,
		-0.17065778374671936,
		0.9839321970939636
	],
	"16. left_wrist": [
		0.352302610874176,
		0.2604508101940155,
		-0.23505716025829315,
		0.9225616455078125
	],
	"19. right_shoulder": [
		0.28288930654525757,
		0.37645232677459717,
		0.07837458699941635,
		0.9982544183731079
	],
	"20. right_elbow": [
		0.26257187128067017,
		0.31491827964782715,
		0.1290930062532425,
		0.8240630030632019
	],
	"21. right_wrist": [
		0.2669493556022644,
		0.25244319438934326,
		0.1392209678888321,
		0.7520360350608826
	],
	"24. nose": [
		0.3003230690956116,
		0.3261045813560486,
		-0.10706298053264618,
		0.9997063279151917
	],
	"25. left_eye": [
		0.3067241311073303,
		0.3156099021434784,
		-0.09938282519578934,
		0.9996934533119202
	],
	"26. right_eye": [
		0.29563719034194946,
		0.3191693127155304,
		-0.08611227571964264,
		0.9993407726287842
	],
	"27. left_ear": [
		0.31856268644332886,
		0.320065438747406,
		-0.05195757746696472,
		0.9997559785842896
	],
	"28. right_ear": [
		0.2947925627231598,
		0.3243599832057953,
		0.011353619396686554,
		0.9995110034942627
	],
	"time stamp": 29.969946478656652
}