{
	"1. left_hip": [
		0.3091110289096832,
		0.5584759712219238,
		-0.04628440737724304,
		0.9994294047355652
	],
	"2. left_knee": [
		0.3200330138206482,
		0.6977081894874573,
		-0.055405162274837494,
		0.9859200119972229
	],
	"3. left_ankle": [
		0.34641343355178833,
		0.8146982192993164,
		0.025717610493302345,
		0.9885951280593872
	],
	"6. right_hip": [
		0.27862024307250977,
		0.5583361387252808,
		0.046264711767435074,
		0.9993566274642944
	],
	"7. right_knee": [
		0.26040369272232056,
		0.6921664476394653,
		0.04988914728164673,
		0.9509211778640747
	],
	"8. right_ankle": [
		0.2675780653953552,
		0.8151469826698303,
		0.12425176799297333,
		0.9633849859237671
	],
	"14. left_shoulder": [
		0.3309597373008728,
		0.3815244436264038,
		-0.0614849217236042,
		0.999536395072937
	],
	"15. left_elbow": [
		0.3634912669658661,
		0.3563351631164551,
		-0.1811080425977707,
		0.9854891300201416
	],
	"16. left_wrist": [
		0.3556389808654785,
		0.26982632279396057,
		-0.2721481919288635,
		0.9297593832015991
	],
	"19. right_shoulder": [
		0.27929526567459106,
		0.3789290487766266,
		0.06949732452630997,
		0.9983247518539429
	],
	"20. right_elbow": [
		0.2551591992378235,
		0.3308860957622528,
		0.14339928328990936,
		0.8390814065933228
	],
	"21. right_wrist": [
		0.2590533196926117,
		0.259337455034256,
		0.17820723354816437,
		0.7748754024505615
	],
	"24. nose": [
		0.29706627130508423,
		0.3303672671318054,
		-0.11911258846521378,
		0.999730110168457
	],
	"25. left_eye": [
		0.3029307425022125,
		0.3184339106082916,
		-0.11203233897686005,
		0.9997167587280273
	],
	"26. right_eye": [
		0.2921002507209778,
		0.3231511116027832,
		-0.09868283569812775,
		0.9993947744369507
	],
	"27. left_ear": [
		0.3144482672214508,
		0.3223890960216522,
		-0.06453957408666611,
		0.9997747540473938
	],
	"28. right_ear": [
		0.29140403866767883,
		0.328660786151886,
		-0.000542880967259407,
		0.9995525479316711
	],
	"time stamp": 29.969946478656652
}