{
	"1. left_hip": [
		0.30358415842056274,
		0.5643062591552734,
		-0.04803550988435745,
		0.9994385838508606
	],
	"2. left_knee": [
		0.31079864501953125,
		0.7029584050178528,
		-0.05649036169052124,
		0.9871375560760498
	],
	"3. left_ankle": [
		0.3447456955909729,
		0.8147412538528442,
		0.041703689843416214,
		0.9894859194755554
	],
	"6. right_hip": [
		0.27423349022865295,
		0.5648810863494873,
		0.04794066399335861,
		0.9993953108787537
	],
	"7. right_knee": [
		0.25592750310897827,
		0.6946732997894287,
		0.04974820464849472,
		0.955043375492096
	],
	"8. right_ankle": [
		0.266573965549469,
		0.8167396783828735,
		0.13954956829547882,
		0.9667105078697205
	],
	"14. left_shoulder": [
		0.3239505887031555,
		0.39456722140312195,
		-0.09133957326412201,
		0.9995511174201965
	],
	"15. left_elbow": [
		0.36010539531707764,
		0.37646472454071045,
		-0.22844362258911133,
		0.9869051575660706
	],
	"16. left_wrist": [
		0.3581467866897583,
		0.2888330817222595,
		-0.3515494167804718,
		0.9365090131759644
	],
	"19. right_shoulder": [
		0.2743736803531647,
		0.3875366747379303,
		0.05715695023536682,
		0.9983808994293213
	],
	"20. right_elbow": [
		0.24953989684581757,
		0.34942057728767395,
		0.1592484563589096,
		0.8524577021598816
	],
	"21. right_wrist": [
		0.2529842257499695,
		0.28909093141555786,
		0.22881090641021729,
		0.7962412238121033
	],
	"24. nose": [
		0.2930871248245239,
		0.3330381214618683,
		-0.13446219265460968,
		0.9997525811195374
	],
	"25. left_eye": [
		0.29851099848747253,
		0.32195281982421875,
		-0.12790320813655853,
		0.9997392296791077
	],
	"26. right_eye": [
		0.28891873359680176,
		0.3258582055568695,
		-0.1145024523139,
		0.999445915222168
	],
	"27. left_ear": [
		0.3091807961463928,
		0.3283690810203552,
		-0.08293625712394714,
		0.9997907876968384
	],
	"28. right_ear": [
		0.28788790106773376,
		0.3336489498615265,
		-0.019660526886582375,
		0.9995912909507751
	],
	"time stamp": 29.969946478656652
}