{
	"1. left_hip": [
		0.2878531813621521,
		0.5632718205451965,
		-0.05825002118945122,
		0.9995537400245667
	],
	"2. left_knee": [
		0.27660781145095825,
		0.7051626443862915,
		-0.12800146639347076,
		0.9874939918518066
	],
	"3. left_ankle": [
		0.3283812403678894,
		0.8078006505966187,
		-0.08519148826599121,
		0.9898045063018799
	],
	"6. right_hip": [
		0.26437264680862427,
		0.5635533332824707,
		0.05822087451815605,
		0.9995311498641968
	],
	"7. right_knee": [
		0.2534485459327698,
		0.6952256560325623,
		0.0324544832110405,
		0.926568329334259
	],
	"8. right_ankle": [
		0.2676888108253479,
		0.8195222616195679,
		0.09567266702651978,
		0.963753879070282
	],
	"14. left_shoulder": [
		0.3110131025314331,
		0.40004628896713257,
		-0.043204158544540405,
		0.9996610283851624
	],
	"15. left_elbow": [
		0.34929412603378296,
		0.42577916383743286,
		-0.1497613787651062,
		0.9903174042701721
	],
	"16. left_wrist": [
		0.35539668798446655,
		0.34496012330055237,
		-0.22900116443634033,
		0.9530167579650879
	],
	"19. right_shoulder": [
		0.2660711705684662,
		0.3944218158721924,
		0.10816226899623871,
		0.998715877532959
	],
	"20. right_elbow": [
		0.2482471764087677,
		0.39363330602645874,
		0.19651181995868683,
		0.8726261854171753
	],
	"21. right_wrist": [
		0.24894365668296814,
		0.3310544490814209,
		0.25517189502716064,
		0.8455696105957031
	],
	"24. nose": [
		0.28485703468322754,
		0.33216533064842224,
		-0.0640815943479538,
		0.9998176097869873
	],
	"25. left_eye": [
		0.2917889654636383,
		0.32349568605422974,
		-0.058742064982652664,
		0.9998073577880859
	],
	"26. right_eye": [
		0.2810991406440735,
		0.32547008991241455,
		-0.045287586748600006,
		0.9995904564857483
	],
	"27. left_ear": [
		0.301630437374115,
		0.3319912254810333,
		-0.024712299928069115,
		0.9998449683189392
	],
	"28. right_ear": [
		0.2780051827430725,
		0.3342488408088684,
		0.037346094846725464,
		0.9996969103813171
	],
	"time stamp": 29.969946478656652
}