{
	"1. left_hip": [
		0.26698386669158936,
		0.5667078495025635,
		-0.07678080350160599,
		0.9996472597122192
	],
	"2. left_knee": [
		0.23030753433704376,
		0.6822725534439087,
		-0.08124689757823944,
		0.9784896373748779
	],
	"3. left_ankle": [
		0.268459677696228,
		0.7842999696731567,
		-0.024558227509260178,
		0.9843708872795105
	],
	"6. right_hip": [
		0.26830369234085083,
		0.5674008727073669,
		0.0769500657916069,
		0.9996013641357422
	],
	"7. right_knee": [
		0.25784698128700256,
		0.6974037885665894,
		0.08557339012622833,
		0.7698512077331543
	],
	"8. right_ankle": [
		0.2683967351913452,
		0.826292872428894,
		0.13039200007915497,
		0.8899617195129395
	],
	"14. left_shoulder": [
		0.27998656034469604,
		0.3946882486343384,
		-0.11080507189035416,
		0.9997711777687073
	],
	"15. left_elbow": [
		0.2905771732330322,
		0.4792560935020447,
		-0.24686458706855774,
		0.99297034740448
	],
	"16. left_wrist": [
		0.29921358823776245,
		0.43704837560653687,
		-0.37685734033584595,
		0.9678717255592346
	],
	"19. right_shoulder": [
		0.2706317901611328,
		0.3962865173816681,
		0.0982198417186737,
		0.9988713264465332
	],
	"20. right_elbow": [
		0.26311948895454407,
		0.476468026638031,
		0.16189000010490417,
		0.6753323674201965
	],
	"21. right_wrist": [
		0.26281219720840454,
		0.48759591579437256,
		0.13611340522766113,
		0.7315892577171326
	],
	"24. nose": [
		0.2563229203224182,
		0.32423558831214905,
		-0.0820721983909607,
		0.9998594522476196
	],
	"25. left_eye": [
		0.26397261023521423,
		0.31548261642456055,
		-0.09157799184322357,
		0.9998617172241211
	],
	"26. right_eye": [
		0.26094698905944824,
		0.3140218257904053,
		-0.07014709711074829,
		0.999669075012207
	],
	"27. left_ear": [
		0.27438458800315857,
		0.3278132677078247,
		-0.08055128157138824,
		0.9998875260353088
	],
	"28. right_ear": [
		0.26972097158432007,
		0.3247431218624115,
		-0.005007099825888872,
		0.9997273087501526
	],
	"time stamp": 29.969946478656652
}