{
	"1. left_hip": [
		0.2621351480484009,
		0.5652436017990112,
		-0.07651460915803909,
		0.9996671080589294
	],
	"2. left_knee": [
		0.22198915481567383,
		0.6678997278213501,
		-0.0652548223733902,
		0.9808667898178101
	],
	"3. left_ankle": [
		0.25114914774894714,
		0.7809781432151794,
		0.0015215411549434066,
		0.9848420023918152
	],
	"6. right_hip": [
		0.2695818543434143,
		0.5674257278442383,
		0.07662957906723022,
		0.999630868434906
	],
	"7. right_knee": [
		0.25814199447631836,
		0.6921488642692566,
		0.09145646542310715,
		0.7509745955467224
	],
	"8. right_ankle": [
		0.26667746901512146,
		0.8183252215385437,
		0.13062964379787445,
		0.8838297128677368
	],
	"14. left_shoulder": [
		0.2762233018875122,
		0.3902443051338196,
		-0.11867841333150864,
		0.9998116493225098
	],
	"15. left_elbow": [
		0.2754323184490204,
		0.4761820435523987,
		-0.2378949224948883,
		0.9929478764533997
	],
	"16. left_wrist": [
		0.2757858335971832,
		0.45986178517341614,
		-0.33055609464645386,
		0.9722939729690552
	],
	"19. right_shoulder": [
		0.2708314061164856,
		0.3959861397743225,
		0.10646865516901016,
		0.9990635514259338
	],
	"20. right_elbow": [
		0.26428982615470886,
		0.4784333407878876,
		0.1474524736404419,
		0.5581369400024414
	],
	"21. right_wrist": [
		0.25488176941871643,
		0.4901655912399292,
		0.08485110104084015,
		0.6281745433807373
	],
	"24. nose": [
		0.2505636215209961,
		0.3209080100059509,
		-0.047749049961566925,
		0.9998809099197388
	],
	"25. left_eye": [
		0.2574464976787567,
		0.31175997853279114,
		-0.05952295660972595,
		0.9998844861984253
	],
	"26. right_eye": [
		0.2564326524734497,
		0.3107805550098419,
		-0.03601272404193878,
		0.9997216463088989
	],
	"27. left_ear": [
		0.2674863934516907,
		0.32355448603630066,
		-0.0771147683262825,
		0.999905526638031
	],
	"28. right_ear": [
		0.26621538400650024,
		0.320909321308136,
		0.024313490837812424,
		0.999771237373352
	],
	"time stamp": 29.969946478656652
}