{
	"1. left_hip": [
		0.25609245896339417,
		0.5577439069747925,
		-0.07109282910823822,
		0.9996397495269775
	],
	"2. left_knee": [
		0.2198265790939331,
		0.662287712097168,
		-0.06711707264184952,
		0.9817449450492859
	],
	"3. left_ankle": [
		0.23353567719459534,
		0.7798709273338318,
		-0.02171568013727665,
		0.9854760766029358
	],
	"6. right_hip": [
		0.269887775182724,
		0.562397837638855,
		0.07114715129137039,
		0.9996092319488525
	],
	"7. right_knee": [
		0.25818803906440735,
		0.6885387897491455,
		0.06873983889818192,
		0.7620511054992676
	],
	"8. right_ankle": [
		0.267525851726532,
		0.8186533451080322,
		0.06459642201662064,
		0.8886897563934326
	],
	"14. left_shoulder": [
		0.2645707130432129,
		0.3859535753726959,
		-0.1096707358956337,
		0.9998190402984619
	],
	"15. left_elbow": [
		0.2611991763114929,
		0.46469634771347046,
		-0.17238005995750427,
		0.9896811842918396
	],
	"16. left_wrist": [
		0.2554624378681183,
		0.4663628041744232,
		-0.20435965061187744,
		0.96451336145401
	],
	"19. right_shoulder": [
		0.27722033858299255,
		0.3918928802013397,
		0.11278103291988373,
		0.9991387724876404
	],
	"20. right_elbow": [
		0.28086358308792114,
		0.46027886867523193,
		0.19765299558639526,
		0.5051991939544678
	],
	"21. right_wrist": [
		0.2623734176158905,
		0.46505624055862427,
		0.24449138343334198,
		0.5708143711090088
	],
	"24. nose": [
		0.2475864142179489,
		0.32167598605155945,
		-0.005216702353209257,
		0.9998826384544373
	],
	"25. left_eye": [
		0.2533468008041382,
		0.3125505745410919,
		-0.020597558468580246,
		0.9998857975006104
	],
	"26. right_eye": [
		0.25336557626724243,
		0.31180331110954285,
		0.001982165966182947,
		0.9997366666793823
	],
	"27. left_ear": [
		0.2622736096382141,
		0.3236198127269745,
		-0.05708302929997444,
		0.9999058842658997
	],
	"28. right_ear": [
		0.2628979980945587,
		0.3214414715766907,
		0.04474354907870293,
		0.9997838735580444
	],
	"time stamp": 29.969946478656652
}