{
	"1. left_hip": [
		0.2389369010925293,
		0.5551151633262634,
		-0.043431930243968964,
		0.9996200799942017
	],
	"2. left_knee": [
		0.21904119849205017,
		0.6775268316268921,
		-0.027169454842805862,
		0.9858751893043518
	],
	"3. left_ankle": [
		0.20150962471961975,
		0.8008422255516052,
		-0.019741134718060493,
		0.9879453182220459
	],
	"6. right_hip": [
		0.268401175737381,
		0.5592858195304871,
		0.04319892078638077,
		0.9995459914207458
	],
	"7. right_knee": [
		0.2582547068595886,
		0.6886218190193176,
		0.053623687475919724,
		0.8292867541313171
	],
	"8. right_ankle": [
		0.26628488302230835,
		0.8167957663536072,
		0.04585941880941391,
		0.9145933985710144
	],
	"14. left_shoulder": [
		0.23600459098815918,
		0.3898469805717468,
		-0.05564337223768234,
		0.9998677372932434
	],
	"15. left_elbow": [
		0.2153788059949875,
		0.47189900279045105,
		-0.0847039669752121,
		0.9879575371742249
	],
	"16. left_wrist": [
		0.17980657517910004,
		0.4979492723941803,
		-0.05648065358400345,
		0.9559180736541748
	],
	"19. right_shoulder": [
		0.28336548805236816,
		0.39428722858428955,
		0.1153101921081543,
		0.9993420839309692
	],
	"20. right_elbow": [
		0.30146414041519165,
		0.47216686606407166,
		0.18380466103553772,
		0.530519425868988
	],
	"21. right_wrist": [
		0.32044753432273865,
		0.47244295477867126,
		0.25150367617607117,
		0.4845825433731079
	],
	"24. nose": [
		0.24170497059822083,
		0.3345557749271393,
		0.11416783183813095,
		0.9999047517776489
	],
	"25. left_eye": [
		0.24257436394691467,
		0.32553496956825256,
		0.09047147631645203,
		0.9999058246612549
	],
	"26. right_eye": [
		0.24749478697776794,
		0.32465606927871704,
		0.1059487909078598,
		0.9998078346252441
	],
	"27. left_ear": [
		0.2455100119113922,
		0.32961606979370117,
		0.01340994518250227,
		0.9999200701713562
	],
	"28. right_ear": [
		0.2557952404022217,
		0.32793372869491577,
		0.08079221844673157,
		0.9998326897621155
	],
	"time stamp": 29.969946478656652
}