{
	"1. left_hip": [
		0.23367559909820557,
		0.557086169719696,
		-0.018821774050593376,
		0.9995684623718262
	],
	"2. left_knee": [
		0.21935641765594482,
		0.6851958632469177,
		-0.00341378478333354,
		0.9867453575134277
	],
	"3. left_ankle": [
		0.20344805717468262,
		0.8074817061424255,
		0.019384946674108505,
		0.9881147146224976
	],
	"6. right_hip": [
		0.266372948884964,
		0.5636566877365112,
		0.018550805747509003,
		0.9994347095489502
	],
	"7. right_knee": [
		0.25702542066574097,
		0.6935163140296936,
		0.04179372638463974,
		0.8457143902778625
	],
	"8. right_ankle": [
		0.26525357365608215,
		0.8181447386741638,
		0.058997828513383865,
		0.9216225147247314
	],
	"14. left_shoulder": [
		0.23202018439769745,
		0.395224928855896,
		-0.012214620597660542,
		0.9998778104782104
	],
	"15. left_elbow": [
		0.20126736164093018,
		0.4727051258087158,
		-0.03395609185099602,
		0.989093005657196
	],
	"16. left_wrist": [
		0.16546601057052612,
		0.5055777430534363,
		-0.02343672513961792,
		0.9599018692970276
	],
	"19. right_shoulder": [
		0.2848762273788452,
		0.4018983244895935,
		0.06028582528233528,
		0.9993855357170105
	],
	"20. right_elbow": [
		0.305798202753067,
		0.48102569580078125,
		0.08861043304204941,
		0.5770881175994873
	],
	"21. right_wrist": [
		0.3299795985221863,
		0.4904880225658417,
		0.13662189245224,
		0.5238287448883057
	],
	"24. nose": [
		0.2448635995388031,
		0.3422662019729614,
		0.14750799536705017,
		0.9999098181724548
	],
	"25. left_eye": [
		0.24350766837596893,
		0.33275604248046875,
		0.12418340146541595,
		0.9999107122421265
	],
	"26. right_eye": [
		0.24981796741485596,
		0.33255136013031006,
		0.1308535933494568,
		0.9998222589492798
	],
	"27. left_ear": [
		0.24329733848571777,
		0.33611199259757996,
		0.04206957295536995,
		0.999922513961792
	],
	"28. right_ear": [
		0.2574160695075989,
		0.3353789150714874,
		0.07241811603307724,
		0.9998410940170288
	],
	"time stamp": 29.969946478656652
}