{
	"1. left_hip": [
		0.2226165235042572,
		0.5657179355621338,
		0.07508565485477448,
		0.9995537400245667
	],
	"2. left_knee": [
		0.2229236662387848,
		0.6928071975708008,
		0.06254305690526962,
		0.9404303431510925
	],
	"3. left_ankle": [
		0.20940466225147247,
		0.8068333864212036,
		0.06883526593446732,
		0.9470314383506775
	],
	"6. right_hip": [
		0.24733784794807434,
		0.56361323595047,
		-0.07519426941871643,
		0.9992453455924988
	],
	"7. right_knee": [
		0.267082154750824,
		0.680488109588623,
		-0.05560024827718735,
		0.9365769028663635
	],
	"8. right_ankle": [
		0.23047080636024475,
		0.784533679485321,
		-0.008714823983609676,
		0.9557458162307739
	],
	"14. left_shoulder": [
		0.22893306612968445,
		0.39910078048706055,
		0.13913245499134064,
		0.9997039437294006
	],
	"15. left_elbow": [
		0.2268286943435669,
		0.4846465587615967,
		0.15940101444721222,
		0.7515600323677063
	],
	"16. left_wrist": [
		0.2355606108903885,
		0.5324041843414307,
		0.13097484409809113,
		0.6185228228569031
	],
	"19. right_shoulder": [
		0.25995320081710815,
		0.39470985531806946,
		-0.10646436363458633,
		0.9997026920318604
	],
	"20. right_elbow": [
		0.2562205493450165,
		0.4802073538303375,
		-0.12348248809576035,
		0.8429347276687622
	],
	"21. right_wrist": [
		0.2603042423725128,
		0.5382314920425415,
		-0.06493903696537018,
		0.7489247918128967
	],
	"24. nose": [
		0.2695605754852295,
		0.33910784125328064,
		0.016361908987164497,
		0.999841570854187
	],
	"25. left_eye": [
		0.2647751569747925,
		0.32837432622909546,
		0.026982907205820084,
		0.9998090863227844
	],
	"26. right_eye": [
		0.2642320990562439,
		0.32996904850006104,
		0.004467847757041454,
		0.9998309016227722
	],
	"27. left_ear": [
		0.25414159893989563,
		0.33484891057014465,
		0.06637092679738998,
		0.9997305274009705
	],
	"28. right_ear": [
		0.2563672363758087,
		0.3370495140552521,
		-0.03207514435052872,
		0.9998613595962524
	],
	"time stamp": 29.969946478656652
}