{
	"1. left_hip": [
		0.2629573941230774,
		0.5634225010871887,
		0.06011784076690674,
		0.9994919300079346
	],
	"2. left_knee": [
		0.24792273342609406,
		0.6865400075912476,
		0.07798682153224945,
		0.7789306044578552
	],
	"3. left_ankle": [
		0.20724347233772278,
		0.780691385269165,
		0.13328443467617035,
		0.913040041923523
	],
	"6. right_hip": [
		0.25351375341415405,
		0.5606608390808105,
		-0.06021084263920784,
		0.9994189739227295
	],
	"7. right_knee": [
		0.2657265067100525,
		0.6873086094856262,
		-0.06732716411352158,
		0.9581180214881897
	],
	"8. right_ankle": [
		0.26360276341438293,
		0.7994017601013184,
		-0.019981147721409798,
		0.9647590517997742
	],
	"14. left_shoulder": [
		0.27723070979118347,
		0.41406431794166565,
		0.04863806441426277,
		0.9996564984321594
	],
	"15. left_elbow": [
		0.28708893060684204,
		0.4918861389160156,
		0.08590726554393768,
		0.5262311100959778
	],
	"16. left_wrist": [
		0.30468305945396423,
		0.5623111128807068,
		0.014301130548119545,
		0.5629050135612488
	],
	"19. right_shoulder": [
		0.2427324801683426,
		0.4027758240699768,
		-0.10378340631723404,
		0.9998583197593689
	],
	"20. right_elbow": [
		0.2247055023908615,
		0.48235151171684265,
		-0.133340522646904,
		0.9213545918464661
	],
	"21. right_wrist": [
		0.21012146770954132,
		0.5544589161872864,
		-0.19989877939224243,
		0.8649815917015076
	],
	"24. nose": [
		0.26774609088897705,
		0.33738771080970764,
		-0.15349788963794708,
		0.9999248385429382
	],
	"25. left_eye": [
		0.2685014605522156,
		0.3315514028072357,
		-0.13673871755599976,
		0.999901294708252
	],
	"26. right_eye": [
		0.2595967650413513,
		0.3322054147720337,
		-0.14763005077838898,
		0.9999206066131592
	],
	"27. left_ear": [
		0.26968637108802795,
		0.3389659821987152,
		-0.04832905903458595,
		0.999841570854187
	],
	"28. right_ear": [
		0.25010380148887634,
		0.3420881927013397,
		-0.09681078791618347,
		0.9999344944953918
	],
	"time stamp": 29.969946478656652
}