{
	"1. left_hip": [
		0.28511422872543335,
		0.5718259215354919,
		0.05153856426477432,
		0.9995078444480896
	],
	"2. left_knee": [
		0.29701876640319824,
		0.6855069398880005,
		0.058923326432704926,
		0.7737627625465393
	],
	"3. left_ankle": [
		0.2540053129196167,
		0.7521304488182068,
		0.19431272149085999,
		0.9061629772186279
	],
	"6. right_hip": [
		0.25876763463020325,
		0.5736463665962219,
		-0.05158638209104538,
		0.9995976686477661
	],
	"7. right_knee": [
		0.2813348174095154,
		0.6906583309173584,
		-0.08699236810207367,
		0.9674890041351318
	],
	"8. right_ankle": [
		0.26499679684638977,
		0.7889944911003113,
		-0.018952321261167526,
		0.9751754999160767
	],
	"14. left_shoulder": [
		0.2956208288669586,
		0.4194445013999939,
		-0.0013871275587007403,
		0.999786376953125
	],
	"15. left_elbow": [
		0.30245882272720337,
		0.49849027395248413,
		0.019404904916882515,
		0.6860688924789429
	],
	"16. left_wrist": [
		0.2971867620944977,
		0.5594881772994995,
		-0.0793706625699997,
		0.7215742468833923
	],
	"19. right_shoulder": [
		0.24365432560443878,
		0.42260879278182983,
		-0.10069262981414795,
		0.9999111890792847
	],
	"20. right_elbow": [
		0.23343339562416077,
		0.5078803300857544,
		-0.08542041480541229,
		0.9497578144073486
	],
	"21. right_wrist": [
		0.23449544608592987,
		0.5792933702468872,
		-0.1415298879146576,
		0.9101293087005615
	],
	"24. nose": [
		0.2738349735736847,
		0.35061115026474,
		-0.17195579409599304,
		0.9999528527259827
	],
	"25. left_eye": [
		0.2773101031780243,
		0.3425309956073761,
		-0.15629860758781433,
		0.9999344348907471
	],
	"26. right_eye": [
		0.2670629024505615,
		0.3429304361343384,
		-0.16494350135326385,
		0.9999475479125977
	],
	"27. left_ear": [
		0.2796512246131897,
		0.34971481561660767,
		-0.07293155789375305,
		0.999885618686676
	],
	"28. right_ear": [
		0.25885024666786194,
		0.3518514335155487,
		-0.11184462159872055,
		0.9999516606330872
	],
	"time stamp": 29.969946478656652
}