{
	"1. left_hip": [
		0.28769925236701965,
		0.5710866451263428,
		0.04148487001657486,
		0.9994899034500122
	],
	"2. left_knee": [
		0.3039422333240509,
		0.6852813959121704,
		0.013164939358830452,
		0.7856490015983582
	],
	"3. left_ankle": [
		0.26331618428230286,
		0.7473586201667786,
		0.1740303933620453,
		0.88630610704422
	],
	"6. right_hip": [
		0.2596450746059418,
		0.5727811455726624,
		-0.04150031879544258,
		0.9996050000190735
	],
	"7. right_knee": [
		0.27982833981513977,
		0.6905136108398438,
		-0.08175568282604218,
		0.9678815603256226
	],
	"8. right_ankle": [
		0.267872154712677,
		0.7909899950027466,
		-0.006340376101434231,
		0.975256621837616
	],
	"14. left_shoulder": [
		0.29868361353874207,
		0.41801130771636963,
		-0.0003097325097769499,
		0.9998007416725159
	],
	"15. left_elbow": [
		0.3024093508720398,
		0.4941238760948181,
		-0.006960065104067326,
		0.7126622796058655
	],
	"16. left_wrist": [
		0.29656967520713806,
		0.5446573495864868,
		-0.13480031490325928,
		0.745861291885376
	],
	"19. right_shoulder": [
		0.24384765326976776,
		0.4201701283454895,
		-0.05343245342373848,
		0.9999141693115234
	],
	"20. right_elbow": [
		0.23816773295402527,
		0.5052693486213684,
		-0.028349528089165688,
		0.9523463845252991
	],
	"21. right_wrist": [
		0.241633802652359,
		0.5753675103187561,
		-0.09274832159280777,
		0.9144209027290344
	],
	"24. nose": [
		0.2743295431137085,
		0.3498835563659668,
		-0.15930739045143127,
		0.9999513030052185
	],
	"25. left_eye": [
		0.2781895101070404,
		0.341967910528183,
		-0.14386382699012756,
		0.999929666519165
	],
	"26. right_eye": [
		0.2677130103111267,
		0.3428320288658142,
		-0.15317542850971222,
		0.9999403357505798
	],
	"27. left_ear": [
		0.2813636362552643,
		0.34914886951446533,
		-0.06365187466144562,
		0.9998713135719299
	],
	"28. right_ear": [
		0.26045969128608704,
		0.35116103291511536,
		-0.08405063301324844,
		0.9999305009841919
	],
	"time stamp": 29.969946478656652
}