{
	"1. left_hip": [
		0.30301231145858765,
		0.5551164150238037,
		-0.00884318444877863,
		0.9988688230514526
	],
	"2. left_knee": [
		0.2971187233924866,
		0.6833969950675964,
		-0.026427093893289566,
		0.9245284199714661
	],
	"3. left_ankle": [
		0.2948976159095764,
		0.786374568939209,
		0.07958807051181793,
		0.9417533278465271
	],
	"6. right_hip": [
		0.2743630111217499,
		0.5556421279907227,
		0.008864347822964191,
		0.9990083575248718
	],
	"7. right_knee": [
		0.27173444628715515,
		0.6821154952049255,
		0.0008418504148721695,
		0.9814544320106506
	],
	"8. right_ankle": [
		0.27289384603500366,
		0.7866470217704773,
		0.10035568475723267,
		0.9818357229232788
	],
	"14. left_shoulder": [
		0.31011781096458435,
		0.40035247802734375,
		-0.00011178625572938472,
		0.9996898174285889
	],
	"15. left_elbow": [
		0.3109457790851593,
		0.473090797662735,
		-0.04144931957125664,
		0.8819336891174316
	],
	"16. left_wrist": [
		0.27089953422546387,
		0.48464134335517883,
		-0.09559379518032074,
		0.8469496369361877
	],
	"19. right_shoulder": [
		0.2627021372318268,
		0.40418434143066406,
		0.03933198004961014,
		0.9994634985923767
	],
	"20. right_elbow": [
		0.2517780065536499,
		0.46513107419013977,
		-0.03352244198322296,
		0.9280011057853699
	],
	"21. right_wrist": [
		0.2681898772716522,
		0.42835336923599243,
		-0.16911062598228455,
		0.8392693400382996
	],
	"24. nose": [
		0.2807992994785309,
		0.3491572439670563,
		-0.0879044458270073,
		0.9994222521781921
	],
	"25. left_eye": [
		0.2871053218841553,
		0.3406849801540375,
		-0.07808305323123932,
		0.9987187385559082
	],
	"26. right_eye": [
		0.2787083685398102,
		0.338776558637619,
		-0.07518423348665237,
		0.9987100958824158
	],
	"27. left_ear": [
		0.29428350925445557,
		0.3455062508583069,
		-0.01501254178583622,
		0.9984404444694519
	],
	"28. right_ear": [
		0.27864283323287964,
		0.34220582246780396,
		-0.001684481045231223,
		0.997586727142334
	],
	"time stamp": 29.969946478656652
}