{
	"1. left_hip": [
		0.30550721287727356,
		0.5543162226676941,
		-0.010170022025704384,
		0.9988366365432739
	],
	"2. left_knee": [
		0.2996298670768738,
		0.6824002265930176,
		-0.026710456237196922,
		0.9380588531494141
	],
	"3. left_ankle": [
		0.2970561385154724,
		0.7876242995262146,
		0.07361934334039688,
		0.9515161514282227
	],
	"6. right_hip": [
		0.27561336755752563,
		0.5549062490463257,
		0.010210623033344746,
		0.9988762736320496
	],
	"7. right_knee": [
		0.27179938554763794,
		0.681551992893219,
		0.0007473380537703633,
		0.9834432601928711
	],
	"8. right_ankle": [
		0.27251818776130676,
		0.7862021327018738,
		0.09246818721294403,
		0.9831861853599548
	],
	"14. left_shoulder": [
		0.31258875131607056,
		0.40305617451667786,
		-0.003308868035674095,
		0.9996916055679321
	],
	"15. left_elbow": [
		0.31527456641197205,
		0.47989463806152344,
		-0.041909147053956985,
		0.8986345529556274
	],
	"16. left_wrist": [
		0.27343183755874634,
		0.4877609610557556,
		-0.09588435292243958,
		0.8584185838699341
	],
	"19. right_shoulder": [
		0.26308944821357727,
		0.40375882387161255,
		0.033047933131456375,
		0.9992789030075073
	],
	"20. right_elbow": [
		0.2568913698196411,
		0.4651137888431549,
		-0.037763696163892746,
		0.9025338888168335
	],
	"21. right_wrist": [
		0.2706075608730316,
		0.4239387512207031,
		-0.1796606332063675,
		0.8323817849159241
	],
	"24. nose": [
		0.28320375084877014,
		0.3539198637008667,
		-0.1003042608499527,
		0.9992749094963074
	],
	"25. left_eye": [
		0.2897278368473053,
		0.3458007872104645,
		-0.09063564240932465,
		0.9984046816825867
	],
	"26. right_eye": [
		0.2818400263786316,
		0.3427700698375702,
		-0.08844373375177383,
		0.9982995390892029
	],
	"27. left_ear": [
		0.29687047004699707,
		0.34908348321914673,
		-0.024908605962991714,
		0.9983028173446655
	],
	"28. right_ear": [
		0.2809694707393646,
		0.34429851174354553,
		-0.014869865961372852,
		0.9965969920158386
	],
	"time stamp": 29.969946478656652
}