{
	"1. left_hip": [
		0.31152600049972534,
		0.5598856806755066,
		-0.004654972348362207,
		0.9986180663108826
	],
	"2. left_knee": [
		0.3134508728981018,
		0.6843752264976501,
		-0.03675096109509468,
		0.9534316658973694
	],
	"3. left_ankle": [
		0.3081853985786438,
		0.7862456440925598,
		0.07954440265893936,
		0.9618057012557983
	],
	"6. right_hip": [
		0.28099754452705383,
		0.5601985454559326,
		0.004714642651379108,
		0.9986608624458313
	],
	"7. right_knee": [
		0.27223896980285645,
		0.6852030158042908,
		-0.019825013354420662,
		0.9857304692268372
	],
	"8. right_ankle": [
		0.2722357213497162,
		0.7871488928794861,
		0.07607428729534149,
		0.9843123555183411
	],
	"14. left_shoulder": [
		0.31516677141189575,
		0.40922605991363525,
		0.019606273621320724,
		0.9993650913238525
	],
	"15. left_elbow": [
		0.3150065541267395,
		0.4813643991947174,
		0.008168983273208141,
		0.8242740631103516
	],
	"16. left_wrist": [
		0.3054371774196625,
		0.49893879890441895,
		-0.06627951562404633,
		0.7596147656440735
	],
	"19. right_shoulder": [
		0.2694365382194519,
		0.39604148268699646,
		0.01855427399277687,
		0.9992752075195312
	],
	"20. right_elbow": [
		0.2580597996711731,
		0.45470255613327026,
		-0.06227246671915054,
		0.9016344547271729
	],
	"21. right_wrist": [
		0.280331015586853,
		0.43004390597343445,
		-0.1861049383878708,
		0.849143385887146
	],
	"24. nose": [
		0.29194578528404236,
		0.3718709349632263,
		-0.07013899087905884,
		0.9985558390617371
	],
	"25. left_eye": [
		0.29945486783981323,
		0.36396530270576477,
		-0.06712429225444794,
		0.9966049194335938
	],
	"26. right_eye": [
		0.2908545732498169,
		0.35906973481178284,
		-0.07602007687091827,
		0.9967801570892334
	],
	"27. left_ear": [
		0.30661362409591675,
		0.36608803272247314,
		-0.008062572218477726,
		0.996455192565918
	],
	"28. right_ear": [
		0.2902355194091797,
		0.35642102360725403,
		-0.015413472428917885,
		0.9946891069412231
	],
	"time stamp": 29.969946478656652
}