{
	"1. left_hip": [
		0.3144260048866272,
		0.5662661790847778,
		0.008202891796827316,
		0.9985799193382263
	],
	"2. left_knee": [
		0.320515900850296,
		0.6810377240180969,
		-0.011414805427193642,
		0.9571308493614197
	],
	"3. left_ankle": [
		0.315636545419693,
		0.7782747149467468,
		0.10637180507183075,
		0.9641991257667542
	],
	"6. right_hip": [
		0.28407716751098633,
		0.5661743879318237,
		-0.008173154667019844,
		0.9987220168113708
	],
	"7. right_knee": [
		0.2725871801376343,
		0.6849108934402466,
		-0.026218106970191002,
		0.9866266846656799
	],
	"8. right_ankle": [
		0.27162840962409973,
		0.7874444127082825,
		0.06941201537847519,
		0.9853140115737915
	],
	"14. left_shoulder": [
		0.319663405418396,
		0.4205605387687683,
		0.0043938374146819115,
		0.998879611492157
	],
	"15. left_elbow": [
		0.31612926721572876,
		0.4968995749950409,
		0.013499483466148376,
		0.7833849787712097
	],
	"16. left_wrist": [
		0.3154413104057312,
		0.5597514510154724,
		-0.04042578116059303,
		0.7199007868766785
	],
	"19. right_shoulder": [
		0.27413409948349,
		0.39622700214385986,
		-0.045269548892974854,
		0.9993308782577515
	],
	"20. right_elbow": [
		0.2590200901031494,
		0.4481143057346344,
		-0.12064465135335922,
		0.9097051620483398
	],
	"21. right_wrist": [
		0.28728023171424866,
		0.4592016041278839,
		-0.23920679092407227,
		0.8600251078605652
	],
	"24. nose": [
		0.2966415584087372,
		0.37021055817604065,
		-0.14476732909679413,
		0.9986552596092224
	],
	"25. left_eye": [
		0.30388933420181274,
		0.36210277676582336,
		-0.13361983001232147,
		0.9967917203903198
	],
	"26. right_eye": [
		0.2956880033016205,
		0.358782023191452,
		-0.1369570791721344,
		0.997018575668335
	],
	"27. left_ear": [
		0.3111599087715149,
		0.3673761487007141,
		-0.054315805435180664,
		0.9964640736579895
	],
	"28. right_ear": [
		0.2958461344242096,
		0.35874155163764954,
		-0.06974063813686371,
		0.9951404333114624
	],
	"time stamp": 29.969946478656652
}