{
	"1. left_hip": [
		0.31513965129852295,
		0.5685973167419434,
		0.012403040193021297,
		0.9984797239303589
	],
	"2. left_knee": [
		0.32185032963752747,
		0.6801972985267639,
		-0.0006029178039170802,
		0.9604663252830505
	],
	"3. left_ankle": [
		0.31651225686073303,
		0.7763692140579224,
		0.11366243660449982,
		0.966593861579895
	],
	"6. right_hip": [
		0.28480491042137146,
		0.5687052607536316,
		-0.012373361736536026,
		0.9987565279006958
	],
	"7. right_knee": [
		0.27296409010887146,
		0.6854014992713928,
		-0.026947790756821632,
		0.9875994920730591
	],
	"8. right_ankle": [
		0.27112478017807007,
		0.787459671497345,
		0.06666147708892822,
		0.9863365888595581
	],
	"14. left_shoulder": [
		0.32135075330734253,
		0.4199006259441376,
		0.0020847159903496504,
		0.998375415802002
	],
	"15. left_elbow": [
		0.317536324262619,
		0.49535268545150757,
		0.02139383926987648,
		0.7403157949447632
	],
	"16. left_wrist": [
		0.31730931997299194,
		0.5556286573410034,
		-0.031039584428071976,
		0.6778393983840942
	],
	"19. right_shoulder": [
		0.2747778594493866,
		0.3962642550468445,
		-0.0435204803943634,
		0.9993832111358643
	],
	"20. right_elbow": [
		0.2597939074039459,
		0.45033758878707886,
		-0.11373361200094223,
		0.9169532656669617
	],
	"21. right_wrist": [
		0.2878476083278656,
		0.469387948513031,
		-0.23198363184928894,
		0.8697580695152283
	],
	"24. nose": [
		0.2973732352256775,
		0.3732554018497467,
		-0.14663729071617126,
		0.998712956905365
	],
	"25. left_eye": [
		0.30467045307159424,
		0.3639605641365051,
		-0.13664227724075317,
		0.9968438148498535
	],
	"26. right_eye": [
		0.29639095067977905,
		0.36150872707366943,
		-0.1387372761964798,
		0.9971814751625061
	],
	"27. left_ear": [
		0.3121104836463928,
		0.3683204650878906,
		-0.05925814434885979,
		0.9961836338043213
	],
	"28. right_ear": [
		0.29672175645828247,
		0.36086606979370117,
		-0.07134018838405609,
		0.9955126047134399
	],
	"time stamp": 29.969946478656652
}