{
	"1. left_hip": [
		0.31780755519866943,
		0.5660495162010193,
		0.0206210408359766,
		0.9986657500267029
	],
	"2. left_knee": [
		0.33475643396377563,
		0.6710065603256226,
		0.010965146124362946,
		0.9663476347923279
	],
	"3. left_ankle": [
		0.3349660336971283,
		0.7745735049247742,
		0.10591341555118561,
		0.9716412425041199
	],
	"6. right_hip": [
		0.28722459077835083,
		0.5671700239181519,
		-0.02063669078052044,
		0.9989573955535889
	],
	"7. right_knee": [
		0.27424710988998413,
		0.6844213008880615,
		-0.03742268681526184,
		0.9897154569625854
	],
	"8. right_ankle": [
		0.2708005905151367,
		0.7874675393104553,
		0.04465479403734207,
		0.9886847734451294
	],
	"14. left_shoulder": [
		0.33098381757736206,
		0.4211731255054474,
		-0.003060402348637581,
		0.9984961152076721
	],
	"15. left_elbow": [
		0.33530154824256897,
		0.49845367670059204,
		0.016397977247834206,
		0.7452476620674133
	],
	"16. left_wrist": [
		0.34894904494285583,
		0.5643942952156067,
		-0.047850899398326874,
		0.6980330348014832
	],
	"19. right_shoulder": [
		0.2855941653251648,
		0.39445003867149353,
		-0.05134590342640877,
		0.9994944930076599
	],
	"20. right_elbow": [
		0.2735258936882019,
		0.4515266418457031,
		-0.0996909812092781,
		0.9302666783332825
	],
	"21. right_wrist": [
		0.28969207406044006,
		0.508604109287262,
		-0.21410007774829865,
		0.8908208608627319
	],
	"24. nose": [
		0.3056371510028839,
		0.3693516254425049,
		-0.15962055325508118,
		0.9989431500434875
	],
	"25. left_eye": [
		0.3129251301288605,
		0.3604496717453003,
		-0.15002134442329407,
		0.9973997473716736
	],
	"26. right_eye": [
		0.3051148056983948,
		0.35749927163124084,
		-0.1502745896577835,
		0.9976891875267029
	],
	"27. left_ear": [
		0.3219020962715149,
		0.36432820558547974,
		-0.07504607737064362,
		0.9967719316482544
	],
	"28. right_ear": [
		0.3060017228126526,
		0.3577466309070587,
		-0.07850944995880127,
		0.9963366389274597
	],
	"time stamp": 29.969946478656652
}