{
	"1. left_hip": [
		0.31926390528678894,
		0.5677648186683655,
		0.020411456003785133,
		0.9987875819206238
	],
	"2. left_knee": [
		0.342603474855423,
		0.6652909517288208,
		-0.026731139048933983,
		0.9689853191375732
	],
	"3. left_ankle": [
		0.3479655385017395,
		0.7741853594779968,
		0.06620942056179047,
		0.9739165306091309
	],
	"6. right_hip": [
		0.28810662031173706,
		0.5658198595046997,
		-0.020447757095098495,
		0.9990495443344116
	],
	"7. right_knee": [
		0.2746945917606354,
		0.682984471321106,
		-0.045023269951343536,
		0.9906034469604492
	],
	"8. right_ankle": [
		0.2703242599964142,
		0.7874681949615479,
		0.040186647325754166,
		0.9895792603492737
	],
	"14. left_shoulder": [
		0.340751975774765,
		0.42573195695877075,
		-0.012766281142830849,
		0.9986382722854614
	],
	"15. left_elbow": [
		0.3524237275123596,
		0.5000110864639282,
		0.009747413918375969,
		0.7671160697937012
	],
	"16. left_wrist": [
		0.37117281556129456,
		0.5592719316482544,
		-0.05437322333455086,
		0.7240080237388611
	],
	"19. right_shoulder": [
		0.293300598859787,
		0.39452314376831055,
		-0.0525512769818306,
		0.9995425939559937
	],
	"20. right_elbow": [
		0.28222745656967163,
		0.45164379477500916,
		-0.09771858900785446,
		0.9348849058151245
	],
	"21. right_wrist": [
		0.29034799337387085,
		0.5176051259040833,
		-0.2212897539138794,
		0.8989653587341309
	],
	"24. nose": [
		0.3123044967651367,
		0.3684937655925751,
		-0.16425548493862152,
		0.9990467429161072
	],
	"25. left_eye": [
		0.3197314441204071,
		0.36016812920570374,
		-0.15467262268066406,
		0.9976535439491272
	],
	"26. right_eye": [
		0.3107417821884155,
		0.35632362961769104,
		-0.15302780270576477,
		0.9979130625724792
	],
	"27. left_ear": [
		0.3288896679878235,
		0.36346083879470825,
		-0.08248516917228699,
		0.9970811605453491
	],
	"28. right_ear": [
		0.31121110916137695,
		0.3571033477783203,
		-0.07668725401163101,
		0.9966906309127808
	],
	"time stamp": 29.969946478656652
}