{
	"1. left_hip": [
		0.32384923100471497,
		0.5802554488182068,
		0.017945611849427223,
		0.999052882194519
	],
	"2. left_knee": [
		0.3549545407295227,
		0.6686512231826782,
		-0.03843546658754349,
		0.9743590354919434
	],
	"3. left_ankle": [
		0.3693062365055084,
		0.7790141701698303,
		0.06965814530849457,
		0.9790299534797668
	],
	"6. right_hip": [
		0.2925751805305481,
		0.5729979872703552,
		-0.017978567630052567,
		0.9992645978927612
	],
	"7. right_knee": [
		0.2780500650405884,
		0.6856265068054199,
		-0.02287079021334648,
		0.9925475120544434
	],
	"8. right_ankle": [
		0.26990145444869995,
		0.7875205874443054,
		0.0994374006986618,
		0.9915032386779785
	],
	"14. left_shoulder": [
		0.3606899082660675,
		0.4402216970920563,
		-0.06003965809941292,
		0.9989887475967407
	],
	"15. left_elbow": [
		0.3892456293106079,
		0.5010308027267456,
		-0.09290337562561035,
		0.8258953094482422
	],
	"16. left_wrist": [
		0.4146493971347809,
		0.541057288646698,
		-0.2301032990217209,
		0.7903876304626465
	],
	"19. right_shoulder": [
		0.30554863810539246,
		0.4228953421115875,
		-0.08099089562892914,
		0.9996621012687683
	],
	"20. right_elbow": [
		0.2851594090461731,
		0.49334025382995605,
		-0.12242921441793442,
		0.9482142925262451
	],
	"21. right_wrist": [
		0.2985740900039673,
		0.5394939184188843,
		-0.24393434822559357,
		0.9203808307647705
	],
	"24. nose": [
		0.32532328367233276,
		0.36979594826698303,
		-0.1899711787700653,
		0.9992997050285339
	],
	"25. left_eye": [
		0.33192405104637146,
		0.3596603274345398,
		-0.18426789343357086,
		0.998270571231842
	],
	"26. right_eye": [
		0.3234863877296448,
		0.3600544333457947,
		-0.17865125834941864,
		0.9984605312347412
	],
	"27. left_ear": [
		0.340313583612442,
		0.36494195461273193,
		-0.1293450891971588,
		0.9978322982788086
	],
	"28. right_ear": [
		0.3247654438018799,
		0.36551716923713684,
		-0.10122834146022797,
		0.9975618720054626
	],
	"time stamp": 29.969946478656652
}