{
	"1. left_hip": [
		0.3602336049079895,
		0.5821227431297302,
		0.015243181958794594,
		0.999363124370575
	],
	"2. left_knee": [
		0.37939542531967163,
		0.6841071844100952,
		-0.03946453705430031,
		0.9807073473930359
	],
	"3. left_ankle": [
		0.37509557604789734,
		0.7924577593803406,
		0.05333265662193298,
		0.9845253229141235
	],
	"6. right_hip": [
		0.3294581174850464,
		0.5715721845626831,
		-0.015335829928517342,
		0.9995086193084717
	],
	"7. right_knee": [
		0.3039126992225647,
		0.6837882399559021,
		-0.05678996443748474,
		0.9946186542510986
	],
	"8. right_ankle": [
		0.2791585326194763,
		0.785181999206543,
		0.024318493902683258,
		0.9935930967330933
	],
	"14. left_shoulder": [
		0.3894497752189636,
		0.42796623706817627,
		-0.08329956978559494,
		0.9993852972984314
	],
	"15. left_elbow": [
		0.4307788908481598,
		0.4398239850997925,
		-0.13369819521903992,
		0.8949558734893799
	],
	"16. left_wrist": [
		0.46038562059402466,
		0.45155447721481323,
		-0.2624515891075134,
		0.8710649013519287
	],
	"19. right_shoulder": [
		0.336134672164917,
		0.4366450905799866,
		-0.10340815782546997,
		0.9997965693473816
	],
	"20. right_elbow": [
		0.31089159846305847,
		0.5007133483886719,
		-0.15070077776908875,
		0.9663763642311096
	],
	"21. right_wrist": [
		0.32606029510498047,
		0.5346497297286987,
		-0.258437842130661,
		0.9491159319877625
	],
	"24. nose": [
		0.3471105098724365,
		0.37869542837142944,
		-0.22181610763072968,
		0.9995859861373901
	],
	"25. left_eye": [
		0.3525373637676239,
		0.3665309548377991,
		-0.2175908088684082,
		0.9989769458770752
	],
	"26. right_eye": [
		0.34529948234558105,
		0.3698745369911194,
		-0.2107660323381424,
		0.9990891218185425
	],
	"27. left_ear": [
		0.36258357763290405,
		0.36878687143325806,
		-0.16191993653774261,
		0.9987165927886963
	],
	"28. right_ear": [
		0.3483349084854126,
		0.37410232424736023,
		-0.12862078845500946,
		0.9985588192939758
	],
	"time stamp": 29.969946478656652
}