{
	"1. left_hip": [
		0.3780011236667633,
		0.5586476922035217,
		0.0076463790610432625,
		0.9994264841079712
	],
	"2. left_knee": [
		0.38060981035232544,
		0.6808678507804871,
		-0.014723597094416618,
		0.9820283651351929
	],
	"3. left_ankle": [
		0.3770890533924103,
		0.7919243574142456,
		0.03897535428404808,
		0.985850989818573
	],
	"6. right_hip": [
		0.34662073850631714,
		0.5516617894172668,
		-0.007654400076717138,
		0.9995576739311218
	],
	"7. right_knee": [
		0.33005768060684204,
		0.6735649704933167,
		-0.029371267184615135,
		0.9950586557388306
	],
	"8. right_ankle": [
		0.3141287565231323,
		0.780849277973175,
		0.02885999158024788,
		0.9941111207008362
	],
	"14. left_shoulder": [
		0.40087026357650757,
		0.4064561128616333,
		-0.04471110180020332,
		0.9994695782661438
	],
	"15. left_elbow": [
		0.4423845708370209,
		0.4118425250053406,
		-0.10654346644878387,
		0.9133235216140747
	],
	"16. left_wrist": [
		0.46923166513442993,
		0.4102291464805603,
		-0.2337140589952469,
		0.8912017941474915
	],
	"19. right_shoulder": [
		0.3457943797111511,
		0.4147970378398895,
		-0.066626638174057,
		0.9998270869255066
	],
	"20. right_elbow": [
		0.3268284201622009,
		0.4833400845527649,
		-0.1060362309217453,
		0.9709106087684631
	],
	"21. right_wrist": [
		0.34509164094924927,
		0.5286886096000671,
		-0.19745025038719177,
		0.95516037940979
	],
	"24. nose": [
		0.3629576861858368,
		0.35248076915740967,
		-0.19865524768829346,
		0.9996640086174011
	],
	"25. left_eye": [
		0.37003591656684875,
		0.3425237238407135,
		-0.19032476842403412,
		0.9991685748100281
	],
	"26. right_eye": [
		0.360922634601593,
		0.3447420299053192,
		-0.18734478950500488,
		0.9992601871490479
	],
	"27. left_ear": [
		0.3793397545814514,
		0.3488336503505707,
		-0.11903823912143707,
		0.9989539384841919
	],
	"28. right_ear": [
		0.3615383207798004,
		0.35144707560539246,
		-0.10526762902736664,
		0.9988311529159546
	],
	"time stamp": 29.969946478656652
}