{
	"1. left_hip": [
		0.3855932950973511,
		0.5509175658226013,
		0.00807547103613615,
		0.99944669008255
	],
	"2. left_knee": [
		0.38235634565353394,
		0.6795295476913452,
		-0.0040550255216658115,
		0.982465922832489
	],
	"3. left_ankle": [
		0.37743836641311646,
		0.7906370162963867,
		0.051274895668029785,
		0.9863797426223755
	],
	"6. right_hip": [
		0.3541201949119568,
		0.5455650687217712,
		-0.008106714114546776,
		0.999561071395874
	],
	"7. right_knee": [
		0.3441975712776184,
		0.6726341843605042,
		-0.017792394384741783,
		0.9952179789543152
	],
	"8. right_ankle": [
		0.3309875428676605,
		0.7779883742332458,
		0.04529053345322609,
		0.994102418422699
	],
	"14. left_shoulder": [
		0.40611425042152405,
		0.4030829668045044,
		-0.05363196134567261,
		0.9994959235191345
	],
	"15. left_elbow": [
		0.44657760858535767,
		0.40205153822898865,
		-0.12207327783107758,
		0.9208513498306274
	],
	"16. left_wrist": [
		0.4760195314884186,
		0.3890874683856964,
		-0.261711984872818,
		0.8985460996627808
	],
	"19. right_shoulder": [
		0.3484250605106354,
		0.40760117769241333,
		-0.09158958494663239,
		0.9998389482498169
	],
	"20. right_elbow": [
		0.3332669734954834,
		0.48007771372795105,
		-0.12772847712039948,
		0.9733366370201111
	],
	"21. right_wrist": [
		0.35396650433540344,
		0.5253639817237854,
		-0.2119200974702835,
		0.957979142665863
	],
	"24. nose": [
		0.37175992131233215,
		0.3465275466442108,
		-0.21907059848308563,
		0.9996974468231201
	],
	"25. left_eye": [
		0.378676176071167,
		0.33682435750961304,
		-0.20910561084747314,
		0.999251127243042
	],
	"26. right_eye": [
		0.36734938621520996,
		0.3373282849788666,
		-0.20802994072437286,
		0.9993337392807007
	],
	"27. left_ear": [
		0.38579511642456055,
		0.3438739478588104,
		-0.13257631659507751,
		0.9990569353103638
	],
	"28. right_ear": [
		0.3653474450111389,
		0.345081627368927,
		-0.12675532698631287,
		0.99894779920578
	],
	"time stamp": 29.969946478656652
}