{
	"1. left_hip": [
		0.45450860261917114,
		0.5609482526779175,
		0.07036275416612625,
		0.9990415573120117
	],
	"2. left_knee": [
		0.4589323401451111,
		0.6835387349128723,
		0.06321591138839722,
		0.784617006778717
	],
	"3. left_ankle": [
		0.45159634947776794,
		0.7921489477157593,
		0.07744143903255463,
		0.9018314480781555
	],
	"6. right_hip": [
		0.4724416732788086,
		0.5626217126846313,
		-0.07048825174570084,
		0.9984309673309326
	],
	"7. right_knee": [
		0.5081033110618591,
		0.6730989217758179,
		-0.0452435202896595,
		0.9805796146392822
	],
	"8. right_ankle": [
		0.4797871708869934,
		0.7809298038482666,
		-0.022302836179733276,
		0.9837766289710999
	],
	"14. left_shoulder": [
		0.4708282947540283,
		0.4018976390361786,
		0.10359368473291397,
		0.9971120953559875
	],
	"15. left_elbow": [
		0.45850682258605957,
		0.4073437452316284,
		0.19667622447013855,
		0.48511865735054016
	],
	"16. left_wrist": [
		0.4541971683502197,
		0.412383109331131,
		0.30656731128692627,
		0.44424310326576233
	],
	"19. right_shoulder": [
		0.492208868265152,
		0.40472739934921265,
		-0.09977781027555466,
		0.9993254542350769
	],
	"20. right_elbow": [
		0.47844424843788147,
		0.4509156048297882,
		-0.22839686274528503,
		0.8726366758346558
	],
	"21. right_wrist": [
		0.4793762266635895,
		0.4976332485675812,
		-0.34506040811538696,
		0.7584200501441956
	],
	"24. nose": [
		0.5155934691429138,
		0.37217772006988525,
		0.01882709003984928,
		0.9985768795013428
	],
	"25. left_eye": [
		0.5119110345840454,
		0.3600832223892212,
		0.024036576971411705,
		0.9974285364151001
	],
	"26. right_eye": [
		0.5122145414352417,
		0.3607243299484253,
		0.0037550374399870634,
		0.998672604560852
	],
	"27. left_ear": [
		0.5009669661521912,
		0.35840389132499695,
		0.05117012932896614,
		0.9960223436355591
	],
	"28. right_ear": [
		0.5031389594078064,
		0.3597707152366638,
		-0.04113529250025749,
		0.9988656044006348
	],
	"time stamp": 29.969946478656652
}