{
	"1. left_hip": [
		0.45717382431030273,
		0.5584514141082764,
		0.06455225497484207,
		0.9991179704666138
	],
	"2. left_knee": [
		0.4583624005317688,
		0.6844459176063538,
		0.041224099695682526,
		0.8056024312973022
	],
	"3. left_ankle": [
		0.45030125975608826,
		0.796920120716095,
		0.02764080837368965,
		0.9092247486114502
	],
	"6. right_hip": [
		0.4831297993659973,
		0.5624661445617676,
		-0.06478087604045868,
		0.9985682368278503
	],
	"7. right_knee": [
		0.519226610660553,
		0.6701244115829468,
		-0.02511397935450077,
		0.9823368191719055
	],
	"8. right_ankle": [
		0.5126701593399048,
		0.7841100096702576,
		-0.01918182522058487,
		0.9847951531410217
	],
	"14. left_shoulder": [
		0.4694530963897705,
		0.3993915915489197,
		0.09663614630699158,
		0.9973558187484741
	],
	"15. left_elbow": [
		0.445657879114151,
		0.4077604413032532,
		0.1801542341709137,
		0.513548731803894
	],
	"16. left_wrist": [
		0.4505464434623718,
		0.3913443982601166,
		0.2904786169528961,
		0.42015281319618225
	],
	"19. right_shoulder": [
		0.5081784129142761,
		0.41945159435272217,
		-0.05362619832158089,
		0.9993889331817627
	],
	"20. right_elbow": [
		0.5034730434417725,
		0.4997704029083252,
		-0.12948156893253326,
		0.8678420186042786
	],
	"21. right_wrist": [
		0.5013943314552307,
		0.5662630796432495,
		-0.1842627227306366,
		0.733634889125824
	],
	"24. nose": [
		0.5208286046981812,
		0.3785851299762726,
		0.08337190747261047,
		0.9987114071846008
	],
	"25. left_eye": [
		0.5178031325340271,
		0.3666618764400482,
		0.08193422853946686,
		0.9976797103881836
	],
	"26. right_eye": [
		0.5192195177078247,
		0.3690207302570343,
		0.0664370208978653,
		0.998802661895752
	],
	"27. left_ear": [
		0.5079070329666138,
		0.3621179759502411,
		0.07896856963634491,
		0.9964166879653931
	],
	"28. right_ear": [
		0.5116730332374573,
		0.3675113618373871,
		0.0082649365067482,
		0.9989759922027588
	],
	"time stamp": 29.969946478656652
}