{
	"1. left_hip": [
		0.491710901260376,
		0.5674375891685486,
		0.035099513828754425,
		0.9994704723358154
	],
	"2. left_knee": [
		0.4679635465145111,
		0.6855750679969788,
		0.019800439476966858,
		0.8960062265396118
	],
	"3. left_ankle": [
		0.45250600576400757,
		0.7964664101600647,
		0.008639896288514137,
		0.9488683938980103
	],
	"6. right_hip": [
		0.5224583148956299,
		0.5769773721694946,
		-0.03539822995662689,
		0.99916672706604
	],
	"7. right_knee": [
		0.5557135343551636,
		0.677502453327179,
		-0.005410349927842617,
		0.9903857707977295
	],
	"8. right_ankle": [
		0.5557395219802856,
		0.7962425351142883,
		0.011464727111160755,
		0.9910467863082886
	],
	"14. left_shoulder": [
		0.4989771246910095,
		0.4138003885746002,
		0.07904676347970963,
		0.998299241065979
	],
	"15. left_elbow": [
		0.4616735875606537,
		0.40412211418151855,
		0.04380152374505997,
		0.7136228680610657
	],
	"16. left_wrist": [
		0.44332581758499146,
		0.3712660074234009,
		0.03330061212182045,
		0.5710096955299377
	],
	"19. right_shoulder": [
		0.5547753572463989,
		0.43302175402641296,
		0.04952923581004143,
		0.9995928406715393
	],
	"20. right_elbow": [
		0.5507151484489441,
		0.5156503915786743,
		0.07085702568292618,
		0.8514257669448853
	],
	"21. right_wrist": [
		0.5390488505363464,
		0.5455889105796814,
		0.13996273279190063,
		0.5858862400054932
	],
	"24. nose": [
		0.533520519733429,
		0.38178274035453796,
		0.20341059565544128,
		0.998926043510437
	],
	"25. left_eye": [
		0.5303027629852295,
		0.3710152804851532,
		0.18356168270111084,
		0.9984795451164246
	],
	"26. right_eye": [
		0.5368674993515015,
		0.37403038144111633,
		0.18485118448734283,
		0.9990952014923096
	],
	"27. left_ear": [
		0.5262717604637146,
		0.3720267117023468,
		0.10927127301692963,
		0.9977632761001587
	],
	"28. right_ear": [
		0.5377224087715149,
		0.377493292093277,
		0.11450475454330444,
		0.9992145299911499
	],
	"time stamp": 29.969946478656652
}