{
	"1. left_hip": [
		0.5292262434959412,
		0.5510947108268738,
		0.048171449452638626,
		0.9993957281112671
	],
	"2. left_knee": [
		0.514818549156189,
		0.6724302768707275,
		0.005681063514202833,
		0.9193594455718994
	],
	"3. left_ankle": [
		0.4998137056827545,
		0.7896226048469543,
		0.004267711658030748,
		0.9594568610191345
	],
	"6. right_hip": [
		0.538157045841217,
		0.5491051077842712,
		-0.04820411652326584,
		0.9992424845695496
	],
	"7. right_knee": [
		0.5650473833084106,
		0.6684585809707642,
		-0.0748889222741127,
		0.9918279647827148
	],
	"8. right_ankle": [
		0.5522912740707397,
		0.793903112411499,
		-0.07040585577487946,
		0.9921727180480957
	],
	"14. left_shoulder": [
		0.5577356219291687,
		0.41250890493392944,
		0.04683871567249298,
		0.9985125660896301
	],
	"15. left_elbow": [
		0.5494824647903442,
		0.45194974541664124,
		0.05649126321077347,
		0.7074766755104065
	],
	"16. left_wrist": [
		0.525413990020752,
		0.469290167093277,
		0.0002425976999802515,
		0.5990748405456543
	],
	"19. right_shoulder": [
		0.5318742990493774,
		0.38751715421676636,
		-0.052039045840501785,
		0.9996829032897949
	],
	"20. right_elbow": [
		0.49099797010421753,
		0.35337314009666443,
		-0.09226079285144806,
		0.8736910820007324
	],
	"21. right_wrist": [
		0.45838284492492676,
		0.3194480836391449,
		-0.11146644502878189,
		0.6408416628837585
	],
	"24. nose": [
		0.5624701380729675,
		0.35358935594558716,
		0.011795612052083015,
		0.9989076256752014
	],
	"25. left_eye": [
		0.5614205598831177,
		0.3434987962245941,
		0.009484500624239445,
		0.9986298680305481
	],
	"26. right_eye": [
		0.5608493089675903,
		0.3430540859699249,
		0.0004624742141459137,
		0.9991055130958557
	],
	"27. left_ear": [
		0.5575231313705444,
		0.3456917107105255,
		0.016382236033678055,
		0.9981282949447632
	],
	"28. right_ear": [
		0.555939257144928,
		0.34524592757225037,
		-0.025785434991121292,
		0.999268114566803
	],
	"time stamp": 29.969946478656652
}