{
	"1. left_hip": [
		0.5436522960662842,
		0.546360969543457,
		0.06074199825525284,
		0.9994423985481262
	],
	"2. left_knee": [
		0.5358735918998718,
		0.6773704290390015,
		0.03496553748846054,
		0.9212239384651184
	],
	"3. left_ankle": [
		0.5181701183319092,
		0.7887789607048035,
		0.020113712176680565,
		0.9544848799705505
	],
	"6. right_hip": [
		0.5703981518745422,
		0.5490260720252991,
		-0.061331458389759064,
		0.9993475079536438
	],
	"7. right_knee": [
		0.6073183417320251,
		0.6571448445320129,
		-0.04741766303777695,
		0.9937445521354675
	],
	"8. right_ankle": [
		0.5972747802734375,
		0.7834582924842834,
		-0.038802582770586014,
		0.991080641746521
	],
	"14. left_shoulder": [
		0.5472437143325806,
		0.3833913505077362,
		0.09663493931293488,
		0.9988402128219604
	],
	"15. left_elbow": [
		0.5196366906166077,
		0.34388142824172974,
		0.12296322733163834,
		0.7953312993049622
	],
	"16. left_wrist": [
		0.497720330953598,
		0.2845749855041504,
		0.16093894839286804,
		0.7052379250526428
	],
	"19. right_shoulder": [
		0.5924573540687561,
		0.3986118733882904,
		0.0067240996286273,
		0.999779999256134
	],
	"20. right_elbow": [
		0.5789657831192017,
		0.4511560797691345,
		0.04218342900276184,
		0.8834527730941772
	],
	"21. right_wrist": [
		0.5555970072746277,
		0.44308874011039734,
		0.1306646168231964,
		0.6835570931434631
	],
	"24. nose": [
		0.5862627625465393,
		0.35423657298088074,
		0.15113434195518494,
		0.9990963935852051
	],
	"25. left_eye": [
		0.5822067856788635,
		0.3421590030193329,
		0.14091263711452484,
		0.99884432554245
	],
	"26. right_eye": [
		0.5876762866973877,
		0.3440520763397217,
		0.1344793289899826,
		0.9992750287055969
	],
	"27. left_ear": [
		0.5764504671096802,
		0.3408195674419403,
		0.10093764215707779,
		0.9985751509666443
	],
	"28. right_ear": [
		0.5855392217636108,
		0.3450821042060852,
		0.06747343391180038,
		0.999399721622467
	],
	"time stamp": 29.969946478656652
}