{
	"1. left_hip": [
		0.5705165266990662,
		0.5491763353347778,
		0.05537067726254463,
		0.9995055198669434
	],
	"2. left_knee": [
		0.540446937084198,
		0.678547739982605,
		0.03236369043588638,
		0.9292577505111694
	],
	"3. left_ankle": [
		0.5219811201095581,
		0.7881093621253967,
		0.03379180282354355,
		0.9600051641464233
	],
	"6. right_hip": [
		0.5702638626098633,
		0.5502157211303711,
		-0.05551875755190849,
		0.9994375705718994
	],
	"7. right_knee": [
		0.6143912672996521,
		0.6616585850715637,
		-0.07744961977005005,
		0.9944725632667542
	],
	"8. right_ankle": [
		0.6170209646224976,
		0.7925258278846741,
		-0.06051843240857124,
		0.9920598268508911
	],
	"14. left_shoulder": [
		0.6054308414459229,
		0.4068901836872101,
		0.05927327275276184,
		0.9990341067314148
	],
	"15. left_elbow": [
		0.6230486631393433,
		0.46826109290122986,
		0.0276540108025074,
		0.8239268660545349
	],
	"16. left_wrist": [
		0.6064389944076538,
		0.5121816396713257,
		-0.10200390964746475,
		0.746449887752533
	],
	"19. right_shoulder": [
		0.5745256543159485,
		0.39258337020874023,
		-0.0321633480489254,
		0.999817967414856
	],
	"20. right_elbow": [
		0.5357257723808289,
		0.35253700613975525,
		-0.08587919175624847,
		0.902029275894165
	],
	"21. right_wrist": [
		0.5102456212043762,
		0.2918984591960907,
		-0.13396532833576202,
		0.7343703508377075
	],
	"24. nose": [
		0.6038734316825867,
		0.35470396280288696,
		-0.06466520577669144,
		0.9992583990097046
	],
	"25. left_eye": [
		0.6026955842971802,
		0.3428437113761902,
		-0.052149247378110886,
		0.9990469217300415
	],
	"26. right_eye": [
		0.5997744202613831,
		0.3435032367706299,
		-0.06234754994511604,
		0.9994021058082581
	],
	"27. left_ear": [
		0.5982986688613892,
		0.3414304554462433,
		0.013009200803935528,
		0.9988299012184143
	],
	"28. right_ear": [
		0.5909901857376099,
		0.3448565900325775,
		-0.03275247663259506,
		0.9995063543319702
	],
	"time stamp": 29.969946478656652
}