{
	"1. left_hip": [
		0.5803933143615723,
		0.5644635558128357,
		0.04388800635933876,
		0.9996064901351929
	],
	"2. left_knee": [
		0.5580615401268005,
		0.6812121272087097,
		0.03710366040468216,
		0.9475401043891907
	],
	"3. left_ankle": [
		0.5256510376930237,
		0.7862950563430786,
		0.029587512835860252,
		0.9693050980567932
	],
	"6. right_hip": [
		0.6058695316314697,
		0.571637749671936,
		-0.04432671517133713,
		0.9995481371879578
	],
	"7. right_knee": [
		0.631261944770813,
		0.6794906854629517,
		-0.02416888438165188,
		0.995342493057251
	],
	"8. right_ankle": [
		0.6265373826026917,
		0.8033684492111206,
		-0.012486446648836136,
		0.9930962324142456
	],
	"14. left_shoulder": [
		0.5778121948242188,
		0.4090755581855774,
		0.10823214054107666,
		0.9992796182632446
	],
	"15. left_elbow": [
		0.5415710806846619,
		0.38321131467819214,
		0.11821343749761581,
		0.8799474835395813
	],
	"16. left_wrist": [
		0.5353418588638306,
		0.3354054391384125,
		0.17226257920265198,
		0.8196333050727844
	],
	"19. right_shoulder": [
		0.6337916851043701,
		0.40763983130455017,
		0.038749419152736664,
		0.9998372793197632
	],
	"20. right_elbow": [
		0.6495066285133362,
		0.4736390709877014,
		0.08553705364465714,
		0.9153587818145752
	],
	"21. right_wrist": [
		0.6426208019256592,
		0.4760911166667938,
		0.21693333983421326,
		0.6177877187728882
	],
	"24. nose": [
		0.6133798360824585,
		0.35418567061424255,
		0.2174111306667328,
		0.9994559288024902
	],
	"25. left_eye": [
		0.6078847646713257,
		0.342216819524765,
		0.19970157742500305,
		0.9992998242378235
	],
	"26. right_eye": [
		0.6158227324485779,
		0.3442761301994324,
		0.1964915245771408,
		0.9995487332344055
	],
	"27. left_ear": [
		0.6015837788581848,
		0.34733814001083374,
		0.131991446018219,
		0.9991248250007629
	],
	"28. right_ear": [
		0.6168484687805176,
		0.3502630591392517,
		0.11688758432865143,
		0.999624490737915
	],
	"time stamp": 29.969946478656652
}