{
	"1. left_hip": [
		0.5941685438156128,
		0.5657016038894653,
		0.06211910769343376,
		0.9996239542961121
	],
	"2. left_knee": [
		0.5737482309341431,
		0.6848680377006531,
		0.060304611921310425,
		0.949993371963501
	],
	"3. left_ankle": [
		0.5345680117607117,
		0.7786778807640076,
		0.06949391216039658,
		0.9701498746871948
	],
	"6. right_hip": [
		0.6122488379478455,
		0.5702995657920837,
		-0.062352199107408524,
		0.9995696544647217
	],
	"7. right_knee": [
		0.6381874084472656,
		0.6805495023727417,
		-0.041321463882923126,
		0.9952065944671631
	],
	"8. right_ankle": [
		0.6267729997634888,
		0.8028538227081299,
		-0.032661255449056625,
		0.9932947158813477
	],
	"14. left_shoulder": [
		0.5895591974258423,
		0.41153356432914734,
		0.0970531702041626,
		0.9993229508399963
	],
	"15. left_elbow": [
		0.5583810210227966,
		0.4144912660121918,
		0.16145093739032745,
		0.889483630657196
	],
	"16. left_wrist": [
		0.5597854256629944,
		0.36550480127334595,
		0.2594541907310486,
		0.8116576671600342
	],
	"19. right_shoulder": [
		0.6306396722793579,
		0.4073423147201538,
		-0.06278375536203384,
		0.9998408555984497
	],
	"20. right_elbow": [
		0.6502991914749146,
		0.46923986077308655,
		-0.044130921363830566,
		0.9189615845680237
	],
	"21. right_wrist": [
		0.6512383818626404,
		0.4689640998840332,
		0.08586741238832474,
		0.5964047312736511
	],
	"24. nose": [
		0.6312878727912903,
		0.3561946153640747,
		0.06428854167461395,
		0.9995090961456299
	],
	"25. left_eye": [
		0.6262234449386597,
		0.3443373441696167,
		0.06237678974866867,
		0.999367892742157
	],
	"26. right_eye": [
		0.6270211935043335,
		0.3457755148410797,
		0.0473918654024601,
		0.9995928406715393
	],
	"27. left_ear": [
		0.6161415576934814,
		0.35188838839530945,
		0.06534400582313538,
		0.9992095828056335
	],
	"28. right_ear": [
		0.619164764881134,
		0.35417598485946655,
		-0.0014495295472443104,
		0.9996605515480042
	],
	"time stamp": 29.969946478656652
}