{
	"1. left_hip": [
		0.6560919880867004,
		0.5785239338874817,
		0.07214328646659851,
		0.9974508285522461
	],
	"2. left_knee": [
		0.6900166869163513,
		0.6843337416648865,
		0.050655364990234375,
		0.7625775933265686
	],
	"3. left_ankle": [
		0.650372326374054,
		0.7702150344848633,
		0.14550429582595825,
		0.8285945057868958
	],
	"6. right_hip": [
		0.6440171599388123,
		0.5791224837303162,
		-0.07226530462503433,
		0.9973279237747192
	],
	"7. right_knee": [
		0.6635457277297974,
		0.6994656324386597,
		-0.08910836279392242,
		0.9686521291732788
	],
	"8. right_ankle": [
		0.62959885597229,
		0.799663782119751,
		-0.05155951902270317,
		0.9848623275756836
	],
	"14. left_shoulder": [
		0.6518889665603638,
		0.42537736892700195,
		0.07012432813644409,
		0.9992218613624573
	],
	"15. left_elbow": [
		0.690615177154541,
		0.4580609202384949,
		0.12246569246053696,
		0.5449385046958923
	],
	"16. left_wrist": [
		0.7267361879348755,
		0.47729063034057617,
		0.08240088820457458,
		0.6019622683525085
	],
	"19. right_shoulder": [
		0.6387547254562378,
		0.4201013445854187,
		-0.16091027855873108,
		0.9997497200965881
	],
	"20. right_elbow": [
		0.6904657483100891,
		0.4323940575122833,
		-0.21370486915111542,
		0.9357780814170837
	],
	"21. right_wrist": [
		0.7293022871017456,
		0.4554751515388489,
		-0.22860395908355713,
		0.709884762763977
	],
	"24. nose": [
		0.6579918265342712,
		0.36617934703826904,
		-0.14079532027244568,
		0.999754786491394
	],
	"25. left_eye": [
		0.656499981880188,
		0.3564038574695587,
		-0.12367375195026398,
		0.9996255040168762
	],
	"26. right_eye": [
		0.6503738164901733,
		0.3564385175704956,
		-0.14248299598693848,
		0.999787449836731
	],
	"27. left_ear": [
		0.6510711312294006,
		0.3605855405330658,
		-0.03614622354507446,
		0.9994543194770813
	],
	"28. right_ear": [
		0.6403576135635376,
		0.36293700337409973,
		-0.11950186640024185,
		0.9998047947883606
	],
	"time stamp": 29.969946478656652
}