{
	"1. left_hip": [
		0.679509162902832,
		0.5784146785736084,
		0.07064150273799896,
		0.998195469379425
	],
	"2. left_knee": [
		0.713919997215271,
		0.6689499616622925,
		0.07352916896343231,
		0.8164253830909729
	],
	"3. left_ankle": [
		0.7371882200241089,
		0.78334641456604,
		0.1394955813884735,
		0.8746422529220581
	],
	"6. right_hip": [
		0.6662254929542542,
		0.5760752558708191,
		-0.07076771557331085,
		0.9980015158653259
	],
	"7. right_knee": [
		0.6582238078117371,
		0.6994754076004028,
		-0.07317157089710236,
		0.9774292707443237
	],
	"8. right_ankle": [
		0.6280361413955688,
		0.800593912601471,
		-0.018056269735097885,
		0.9889277815818787
	],
	"14. left_shoulder": [
		0.6798943281173706,
		0.4251755475997925,
		0.09265215694904327,
		0.9994724988937378
	],
	"15. left_elbow": [
		0.7055625319480896,
		0.46601447463035583,
		0.12546943128108978,
		0.600425124168396
	],
	"16. left_wrist": [
		0.7384054660797119,
		0.4923652708530426,
		0.07320138067007065,
		0.719074010848999
	],
	"19. right_shoulder": [
		0.6646738052368164,
		0.4043255150318146,
		-0.1372702419757843,
		0.9998212456703186
	],
	"20. right_elbow": [
		0.7081371545791626,
		0.42699432373046875,
		-0.22141674160957336,
		0.9570742845535278
	],
	"21. right_wrist": [
		0.7438549399375916,
		0.45430099964141846,
		-0.25049787759780884,
		0.8082202076911926
	],
	"24. nose": [
		0.6891180276870728,
		0.3654886484146118,
		-0.08738192170858383,
		0.9998374581336975
	],
	"25. left_eye": [
		0.6878827810287476,
		0.3548579216003418,
		-0.07264646887779236,
		0.999748706817627
	],
	"26. right_eye": [
		0.6825790405273438,
		0.354745090007782,
		-0.09206406027078629,
		0.9998576045036316
	],
	"27. left_ear": [
		0.6811574697494507,
		0.358637273311615,
		-0.0031141031067818403,
		0.9996287822723389
	],
	"28. right_ear": [
		0.6724709272384644,
		0.36051037907600403,
		-0.08555145561695099,
		0.9998670816421509
	],
	"time stamp": 29.969946478656652
}