{
	"1. left_hip": [
		0.7235437631607056,
		0.6118810176849365,
		0.06797624379396439,
		0.9992276430130005
	],
	"2. left_knee": [
		0.7641244530677795,
		0.6815393567085266,
		0.02018851414322853,
		0.9314178228378296
	],
	"3. left_ankle": [
		0.758815586566925,
		0.7985807657241821,
		0.05295443534851074,
		0.9551202058792114
	],
	"6. right_hip": [
		0.7077998518943787,
		0.6143354773521423,
		-0.06801708042621613,
		0.999022901058197
	],
	"7. right_knee": [
		0.6863394379615784,
		0.7329767942428589,
		-0.05847259238362312,
		0.9874110221862793
	],
	"8. right_ankle": [
		0.6303995847702026,
		0.7950493097305298,
		-0.015751661732792854,
		0.9943735003471375
	],
	"14. left_shoulder": [
		0.7455396056175232,
		0.4536222219467163,
		0.091014064848423,
		0.9968366026878357
	],
	"15. left_elbow": [
		0.771698534488678,
		0.45404115319252014,
		0.19831925630569458,
		0.27119097113609314
	],
	"16. left_wrist": [
		0.7627934813499451,
		0.4238260090351105,
		0.2989715039730072,
		0.3847505748271942
	],
	"19. right_shoulder": [
		0.7365490198135376,
		0.4593425393104553,
		-0.12162744998931885,
		0.999485969543457
	],
	"20. right_elbow": [
		0.7348899841308594,
		0.4995679557323456,
		-0.14809410274028778,
		0.9198949933052063
	],
	"21. right_wrist": [
		0.7366377115249634,
		0.4824865162372589,
		-0.09950079023838043,
		0.820547342300415
	],
	"24. nose": [
		0.7616792917251587,
		0.4123684763908386,
		-0.08614536374807358,
		0.9999304413795471
	],
	"25. left_eye": [
		0.7584524154663086,
		0.40171018242836,
		-0.07147086411714554,
		0.9998849034309387
	],
	"26. right_eye": [
		0.7551795244216919,
		0.40294986963272095,
		-0.08901526033878326,
		0.9999417066574097
	],
	"27. left_ear": [
		0.7523270845413208,
		0.4046696126461029,
		-0.0031238070223480463,
		0.999850869178772
	],
	"28. right_ear": [
		0.7449900507926941,
		0.4087969958782196,
		-0.08609385788440704,
		0.9999375939369202
	],
	"time stamp": 29.969946478656652
}