{
	"1. left_hip": [
		0.7177059650421143,
		0.6070874929428101,
		0.07043656706809998,
		0.9992850422859192
	],
	"2. left_knee": [
		0.7583758234977722,
		0.6818146109580994,
		0.041852422058582306,
		0.9416263103485107
	],
	"3. left_ankle": [
		0.7587440609931946,
		0.7981358766555786,
		0.07173825800418854,
		0.963697075843811
	],
	"6. right_hip": [
		0.7045593857765198,
		0.6062774658203125,
		-0.07052254676818848,
		0.9990921020507812
	],
	"7. right_knee": [
		0.6790512800216675,
		0.7220720052719116,
		-0.07402677088975906,
		0.9882537126541138
	],
	"8. right_ankle": [
		0.6302242279052734,
		0.7950220704078674,
		-0.04044332727789879,
		0.994881272315979
	],
	"14. left_shoulder": [
		0.7348340749740601,
		0.4495011568069458,
		0.10507640987634659,
		0.9951426386833191
	],
	"15. left_elbow": [
		0.7336230278015137,
		0.5023618936538696,
		0.2563139796257019,
		0.20314821600914001
	],
	"16. left_wrist": [
		0.7272484302520752,
		0.4990280568599701,
		0.329462468624115,
		0.28763264417648315
	],
	"19. right_shoulder": [
		0.7204174995422363,
		0.44920676946640015,
		-0.12174443900585175,
		0.9992156624794006
	],
	"20. right_elbow": [
		0.7242088317871094,
		0.5036656856536865,
		-0.21499714255332947,
		0.8732472658157349
	],
	"21. right_wrist": [
		0.7230849862098694,
		0.45817553997039795,
		-0.26416003704071045,
		0.7986623644828796
	],
	"24. nose": [
		0.739637017250061,
		0.3859526216983795,
		-0.050101883709430695,
		0.9999313354492188
	],
	"25. left_eye": [
		0.7344264984130859,
		0.37839475274086,
		-0.03884545713663101,
		0.9998832941055298
	],
	"26. right_eye": [
		0.7328959107398987,
		0.3796466886997223,
		-0.05881331115961075,
		0.9999432563781738
	],
	"27. left_ear": [
		0.73002690076828,
		0.3873395323753357,
		0.01882261037826538,
		0.9998528361320496
	],
	"28. right_ear": [
		0.7264949679374695,
		0.3910841941833496,
		-0.06964923441410065,
		0.999931812286377
	],
	"time stamp": 29.969946478656652
}