{
	"1. left_hip": [
		0.6852736473083496,
		0.5939866900444031,
		0.06695203483104706,
		0.9993232488632202
	],
	"2. left_knee": [
		0.7327985167503357,
		0.6834312677383423,
		0.05994138866662979,
		0.9478529691696167
	],
	"3. left_ankle": [
		0.7561030983924866,
		0.7965251207351685,
		0.1266765296459198,
		0.9797106385231018
	],
	"6. right_hip": [
		0.6721840500831604,
		0.5963329076766968,
		-0.06717102974653244,
		0.9988301992416382
	],
	"7. right_knee": [
		0.6679447889328003,
		0.7199442386627197,
		-0.05676450580358505,
		0.9926002025604248
	],
	"8. right_ankle": [
		0.6271626949310303,
		0.8024131655693054,
		0.025780927389860153,
		0.996664822101593
	],
	"14. left_shoulder": [
		0.6757693886756897,
		0.4452488422393799,
		0.07835906744003296,
		0.9971517324447632
	],
	"15. left_elbow": [
		0.7147069573402405,
		0.47653281688690186,
		0.13438817858695984,
		0.24787907302379608
	],
	"16. left_wrist": [
		0.7571398019790649,
		0.49406343698501587,
		0.09251320362091064,
		0.4176372289657593
	],
	"19. right_shoulder": [
		0.665170431137085,
		0.434569388628006,
		-0.1728854775428772,
		0.9995959997177124
	],
	"20. right_elbow": [
		0.7136837840080261,
		0.46255725622177124,
		-0.24321690201759338,
		0.9424663782119751
	],
	"21. right_wrist": [
		0.7586339712142944,
		0.48254767060279846,
		-0.23641929030418396,
		0.9058408141136169
	],
	"24. nose": [
		0.6870700120925903,
		0.39587000012397766,
		-0.10648985207080841,
		0.9999581575393677
	],
	"25. left_eye": [
		0.6866878867149353,
		0.3850528299808502,
		-0.09179749339818954,
		0.9999082684516907
	],
	"26. right_eye": [
		0.6821705102920532,
		0.38228437304496765,
		-0.11544628441333771,
		0.999959409236908
	],
	"27. left_ear": [
		0.6790933609008789,
		0.385044127702713,
		-0.016993211582303047,
		0.999764084815979
	],
	"28. right_ear": [
		0.6702773571014404,
		0.38014158606529236,
		-0.13831916451454163,
		0.9999488592147827
	],
	"time stamp": 29.969946478656652
}