{
	"1. left_hip": [
		0.6885541677474976,
		0.5907620191574097,
		0.06550341099500656,
		0.9994960427284241
	],
	"2. left_knee": [
		0.7292635440826416,
		0.6821199059486389,
		0.02647569216787815,
		0.9432016015052795
	],
	"3. left_ankle": [
		0.7540268898010254,
		0.7922789454460144,
		0.07669635862112045,
		0.9800373315811157
	],
	"6. right_hip": [
		0.6705830693244934,
		0.5896069407463074,
		-0.06564216315746307,
		0.9989624619483948
	],
	"7. right_knee": [
		0.6628948450088501,
		0.7151997089385986,
		-0.07014162838459015,
		0.9931784868240356
	],
	"8. right_ankle": [
		0.6268526315689087,
		0.802291214466095,
		-0.01743900030851364,
		0.9965001940727234
	],
	"14. left_shoulder": [
		0.6933860778808594,
		0.44341978430747986,
		0.1000257283449173,
		0.9982605576515198
	],
	"15. left_elbow": [
		0.7216087579727173,
		0.482789009809494,
		0.0814002975821495,
		0.3874284029006958
	],
	"16. left_wrist": [
		0.7445617914199829,
		0.496957391500473,
		-0.02681170403957367,
		0.5757733583450317
	],
	"19. right_shoulder": [
		0.66172194480896,
		0.4184156656265259,
		-0.12122218310832977,
		0.9997444152832031
	],
	"20. right_elbow": [
		0.6994283199310303,
		0.4542709290981293,
		-0.19506913423538208,
		0.9652392864227295
	],
	"21. right_wrist": [
		0.7378853559494019,
		0.4796057343482971,
		-0.18503586947917938,
		0.9415852427482605
	],
	"24. nose": [
		0.705500066280365,
		0.3960467576980591,
		-0.061916183680295944,
		0.9999644160270691
	],
	"25. left_eye": [
		0.7071157693862915,
		0.3864312171936035,
		-0.04608793184161186,
		0.9999035000801086
	],
	"26. right_eye": [
		0.7027020454406738,
		0.3820422291755676,
		-0.06752550601959229,
		0.9999575018882751
	],
	"27. left_ear": [
		0.6991207599639893,
		0.38682976365089417,
		0.031235506758093834,
		0.9997175931930542
	],
	"28. right_ear": [
		0.6919572353363037,
		0.37832871079444885,
		-0.06623376905918121,
		0.9999459385871887
	],
	"time stamp": 29.969946478656652
}