{
	"1. left_hip": [
		0.6902774572372437,
		0.5890660881996155,
		0.06378181278705597,
		0.9995849132537842
	],
	"2. left_knee": [
		0.7283486127853394,
		0.6811950206756592,
		0.023314977064728737,
		0.9452204704284668
	],
	"3. left_ankle": [
		0.7509931325912476,
		0.7917643785476685,
		0.03714866191148758,
		0.9822468161582947
	],
	"6. right_hip": [
		0.6710193157196045,
		0.5879285335540771,
		-0.06400758773088455,
		0.99910968542099
	],
	"7. right_knee": [
		0.6617249250411987,
		0.7065823674201965,
		-0.05964313820004463,
		0.9931613802909851
	],
	"8. right_ankle": [
		0.6273688673973083,
		0.8007973432540894,
		-0.013609793968498707,
		0.9963429570198059
	],
	"14. left_shoulder": [
		0.7061790227890015,
		0.4344466030597687,
		0.1093384250998497,
		0.9985651969909668
	],
	"15. left_elbow": [
		0.7087246179580688,
		0.48106884956359863,
		0.22064903378486633,
		0.3488869071006775
	],
	"16. left_wrist": [
		0.7316279411315918,
		0.48821398615837097,
		0.2780580222606659,
		0.5032464861869812
	],
	"19. right_shoulder": [
		0.6947189569473267,
		0.419824481010437,
		-0.11363625526428223,
		0.9997828006744385
	],
	"20. right_elbow": [
		0.6914591789245605,
		0.4935174286365509,
		-0.11986925452947617,
		0.962282121181488
	],
	"21. right_wrist": [
		0.698393702507019,
		0.5228872299194336,
		-0.08672863245010376,
		0.9097837805747986
	],
	"24. nose": [
		0.7357444763183594,
		0.402080237865448,
		-0.03571518510580063,
		0.9999650120735168
	],
	"25. left_eye": [
		0.7359674572944641,
		0.39172226190567017,
		-0.02488507516682148,
		0.9999129772186279
	],
	"26. right_eye": [
		0.7333251237869263,
		0.3881184756755829,
		-0.04828748479485512,
		0.9999569058418274
	],
	"27. left_ear": [
		0.7276003360748291,
		0.38877224922180176,
		0.03059692680835724,
		0.9997469186782837
	],
	"28. right_ear": [
		0.721581757068634,
		0.3820968568325043,
		-0.07586421817541122,
		0.9999473094940186
	],
	"time stamp": 29.969946478656652
}