{
	"1. left_hip": [
		0.6970571279525757,
		0.5894982814788818,
		0.061381746083498,
		0.9989386796951294
	],
	"2. left_knee": [
		0.7329713702201843,
		0.6847798824310303,
		0.037404246628284454,
		0.9504176378250122
	],
	"3. left_ankle": [
		0.7501029372215271,
		0.795689046382904,
		0.06703057885169983,
		0.9824874401092529
	],
	"6. right_hip": [
		0.6754406690597534,
		0.5848116278648376,
		-0.061394572257995605,
		0.9989303946495056
	],
	"7. right_knee": [
		0.6621745824813843,
		0.7079343795776367,
		-0.06431552022695541,
		0.9938348531723022
	],
	"8. right_ankle": [
		0.6273663640022278,
		0.8002459406852722,
		-0.02466857060790062,
		0.9964666962623596
	],
	"14. left_shoulder": [
		0.7332311272621155,
		0.4521316885948181,
		0.0691654235124588,
		0.9978638887405396
	],
	"15. left_elbow": [
		0.7117072343826294,
		0.502286970615387,
		0.10100416839122772,
		0.2666527330875397
	],
	"16. left_wrist": [
		0.6999433636665344,
		0.561461329460144,
		0.07096803933382034,
		0.3756259083747864
	],
	"19. right_shoulder": [
		0.7158119678497314,
		0.42712584137916565,
		-0.11973879486322403,
		0.9997730255126953
	],
	"20. right_elbow": [
		0.6980464458465576,
		0.4385010600090027,
		-0.2262176275253296,
		0.9561633467674255
	],
	"21. right_wrist": [
		0.7144119739532471,
		0.4596794545650482,
		-0.28658944368362427,
		0.8640768527984619
	],
	"24. nose": [
		0.7596424221992493,
		0.4128347933292389,
		-0.08289521187543869,
		0.9998751282691956
	],
	"25. left_eye": [
		0.7589254975318909,
		0.4017772674560547,
		-0.06843884289264679,
		0.9997453689575195
	],
	"26. right_eye": [
		0.7540963888168335,
		0.400036484003067,
		-0.0886790007352829,
		0.9998016953468323
	],
	"27. left_ear": [
		0.7506311535835266,
		0.4006286561489105,
		0.0009562281775288284,
		0.9995139241218567
	],
	"28. right_ear": [
		0.7416070699691772,
		0.3983083963394165,
		-0.09120343625545502,
		0.9997902512550354
	],
	"time stamp": 29.969946478656652
}