{
	"1. left_hip": [
		0.7567246556282043,
		0.5506272912025452,
		0.033603496849536896,
		0.9992894530296326
	],
	"2. left_knee": [
		0.7616323232650757,
		0.6685875654220581,
		0.009257765486836433,
		0.9553490281105042
	],
	"3. left_ankle": [
		0.7566412687301636,
		0.7892757058143616,
		0.06782928854227066,
		0.9830306768417358
	],
	"6. right_hip": [
		0.7271844744682312,
		0.5448290705680847,
		-0.033637069165706635,
		0.9995190501213074
	],
	"7. right_knee": [
		0.7371587753295898,
		0.6677161455154419,
		-0.04958447068929672,
		0.995280921459198
	],
	"8. right_ankle": [
		0.7164394855499268,
		0.7687125205993652,
		0.03199711814522743,
		0.9956871271133423
	],
	"14. left_shoulder": [
		0.7788718342781067,
		0.40191832184791565,
		0.009356038644909859,
		0.9990758299827576
	],
	"15. left_elbow": [
		0.8042091131210327,
		0.44918230175971985,
		-0.06187145784497261,
		0.6123673915863037
	],
	"16. left_wrist": [
		0.8196551203727722,
		0.4019125998020172,
		-0.2281494140625,
		0.6677358150482178
	],
	"19. right_shoulder": [
		0.7307365536689758,
		0.386687308549881,
		-0.041135333478450775,
		0.9999340772628784
	],
	"20. right_elbow": [
		0.7124384641647339,
		0.45881181955337524,
		0.008186333812773228,
		0.9815245866775513
	],
	"21. right_wrist": [
		0.6970690488815308,
		0.5192854404449463,
		0.010125488042831421,
		0.9392321109771729
	],
	"24. nose": [
		0.7627318501472473,
		0.3374159336090088,
		-0.159980908036232,
		0.999961256980896
	],
	"25. left_eye": [
		0.766008198261261,
		0.3266744911670685,
		-0.14610539376735687,
		0.9999182224273682
	],
	"26. right_eye": [
		0.7566735744476318,
		0.3279113471508026,
		-0.149899423122406,
		0.99993896484375
	],
	"27. left_ear": [
		0.7670895457267761,
		0.3309447765350342,
		-0.05967633053660393,
		0.9998432993888855
	],
	"28. right_ear": [
		0.7490288019180298,
		0.33520957827568054,
		-0.07821398228406906,
		0.999938428401947
	],
	"time stamp": 29.969946478656652
}