{
	"1. left_hip": [
		0.7641541361808777,
		0.5460242033004761,
		0.007700224872678518,
		0.9993810057640076
	],
	"2. left_knee": [
		0.7677193880081177,
		0.6727847456932068,
		-0.004567690193653107,
		0.9614695310592651
	],
	"3. left_ankle": [
		0.7672447562217712,
		0.7839947938919067,
		0.10514646768569946,
		0.9808731079101562
	],
	"6. right_hip": [
		0.732408344745636,
		0.5433303117752075,
		-0.007689476944506168,
		0.9994357228279114
	],
	"7. right_knee": [
		0.7457317113876343,
		0.6723259687423706,
		-0.007825024425983429,
		0.990364134311676
	],
	"8. right_ankle": [
		0.7493705749511719,
		0.7861930131912231,
		0.10117435455322266,
		0.98768550157547
	],
	"14. left_shoulder": [
		0.7762834429740906,
		0.38968098163604736,
		-0.01147226057946682,
		0.9994354248046875
	],
	"15. left_elbow": [
		0.7684406042098999,
		0.4250255525112152,
		-0.04413598030805588,
		0.7311235070228577
	],
	"16. left_wrist": [
		0.7451790571212769,
		0.40078818798065186,
		-0.14883527159690857,
		0.7291560769081116
	],
	"19. right_shoulder": [
		0.7269631028175354,
		0.3919782340526581,
		-0.011803986504673958,
		0.9998940229415894
	],
	"20. right_elbow": [
		0.7170876264572144,
		0.48497599363327026,
		0.0422857403755188,
		0.9266074299812317
	],
	"21. right_wrist": [
		0.7110031247138977,
		0.543523907661438,
		0.04809005185961723,
		0.8004457354545593
	],
	"24. nose": [
		0.7561787366867065,
		0.3431933522224426,
		-0.16381824016571045,
		0.9999555945396423
	],
	"25. left_eye": [
		0.7595440149307251,
		0.33162009716033936,
		-0.15085069835186005,
		0.9999077320098877
	],
	"26. right_eye": [
		0.748853325843811,
		0.3339177370071411,
		-0.15350329875946045,
		0.9998927116394043
	],
	"27. left_ear": [
		0.7621554136276245,
		0.33653444051742554,
		-0.060146670788526535,
		0.9998079538345337
	],
	"28. right_ear": [
		0.7406967878341675,
		0.34104835987091064,
		-0.06030156463384628,
		0.9998875260353088
	],
	"time stamp": 29.969946478656652
}