{
	"1. left_hip": [
		0.7663582563400269,
		0.5480411648750305,
		0.0025786967016756535,
		0.9994059801101685
	],
	"2. left_knee": [
		0.7683305144309998,
		0.6798962950706482,
		-0.017992055043578148,
		0.9656580090522766
	],
	"3. left_ankle": [
		0.7678540945053101,
		0.7851129174232483,
		0.09895196557044983,
		0.9812158346176147
	],
	"6. right_hip": [
		0.7345828413963318,
		0.5546661615371704,
		-0.0024653393775224686,
		0.9993290305137634
	],
	"7. right_knee": [
		0.7452787160873413,
		0.6785927414894104,
		-0.006388071924448013,
		0.9882659912109375
	],
	"8. right_ankle": [
		0.7503048777580261,
		0.788600742816925,
		0.1050482764840126,
		0.9841462969779968
	],
	"14. left_shoulder": [
		0.7731970548629761,
		0.39292868971824646,
		0.017265502363443375,
		0.9994370341300964
	],
	"15. left_elbow": [
		0.7651697993278503,
		0.4022640585899353,
		-0.07730954885482788,
		0.7529072165489197
	],
	"16. left_wrist": [
		0.7346688508987427,
		0.3701404929161072,
		-0.14585185050964355,
		0.7014248967170715
	],
	"19. right_shoulder": [
		0.7260352373123169,
		0.3950445353984833,
		0.022802090272307396,
		0.9985867738723755
	],
	"20. right_elbow": [
		0.7295815348625183,
		0.42201265692710876,
		0.015473653562366962,
		0.8618943095207214
	],
	"21. right_wrist": [
		0.7422541379928589,
		0.39471668004989624,
		0.029967766255140305,
		0.6854621767997742
	],
	"24. nose": [
		0.7521381974220276,
		0.3451034426689148,
		-0.07774420082569122,
		0.9996872544288635
	],
	"25. left_eye": [
		0.7564105987548828,
		0.33284813165664673,
		-0.06569366157054901,
		0.9996417760848999
	],
	"26. right_eye": [
		0.7462267875671387,
		0.3357406258583069,
		-0.06684299558401108,
		0.9992339611053467
	],
	"27. left_ear": [
		0.7597151398658752,
		0.337878555059433,
		0.0052991448901593685,
		0.9995706677436829
	],
	"28. right_ear": [
		0.7391536235809326,
		0.3432430922985077,
		0.0016695400699973106,
		0.9992586970329285
	],
	"time stamp": 29.969946478656652
}