{
	"1. left_hip": [
		0.7660000920295715,
		0.5482802987098694,
		0.0015841160202398896,
		0.9994000196456909
	],
	"2. left_knee": [
		0.7691230773925781,
		0.6821051836013794,
		-0.019200753420591354,
		0.9672143459320068
	],
	"3. left_ankle": [
		0.7684789896011353,
		0.7853049635887146,
		0.09048311412334442,
		0.9796568155288696
	],
	"6. right_hip": [
		0.7337402105331421,
		0.5570428371429443,
		-0.0016021955525502563,
		0.9992790222167969
	],
	"7. right_knee": [
		0.7437609434127808,
		0.6811535954475403,
		-0.00862537045031786,
		0.9867931008338928
	],
	"8. right_ankle": [
		0.7502979040145874,
		0.7883411049842834,
		0.09261275082826614,
		0.9801425933837891
	],
	"14. left_shoulder": [
		0.7724231481552124,
		0.39467722177505493,
		0.0008778333431109786,
		0.9992895722389221
	],
	"15. left_elbow": [
		0.7656916379928589,
		0.4005493223667145,
		-0.14575062692165375,
		0.759209394454956
	],
	"16. left_wrist": [
		0.7381622195243835,
		0.3696651756763458,
		-0.25689274072647095,
		0.6972132325172424
	],
	"19. right_shoulder": [
		0.7255560159683228,
		0.39570188522338867,
		0.003967211581766605,
		0.9976385235786438
	],
	"20. right_elbow": [
		0.7282694578170776,
		0.39593517780303955,
		-0.1501588374376297,
		0.8552053570747375
	],
	"21. right_wrist": [
		0.7331758737564087,
		0.3427625298500061,
		-0.279163658618927,
		0.673056423664093
	],
	"24. nose": [
		0.7499864101409912,
		0.35055243968963623,
		-0.07420088350772858,
		0.9994699954986572
	],
	"25. left_eye": [
		0.7554307579994202,
		0.3393042981624603,
		-0.06272551417350769,
		0.9993865489959717
	],
	"26. right_eye": [
		0.7449705004692078,
		0.3403083086013794,
		-0.06375344842672348,
		0.998683512210846
	],
	"27. left_ear": [
		0.7593271136283875,
		0.3429945707321167,
		0.005383356940001249,
		0.9994174838066101
	],
	"28. right_ear": [
		0.7386795282363892,
		0.34439921379089355,
		0.001838103635236621,
		0.9985897541046143
	],
	"time stamp": 29.969946478656652
}