{
	"1. left_hip": [
		0.758745551109314,
		0.5578569173812866,
		-0.020095791667699814,
		0.9995987415313721
	],
	"2. left_knee": [
		0.7638879418373108,
		0.6842816472053528,
		-0.04452456161379814,
		0.9788830280303955
	],
	"3. left_ankle": [
		0.7685067653656006,
		0.793446958065033,
		0.05237192660570145,
		0.9846479892730713
	],
	"6. right_hip": [
		0.7262083292007446,
		0.5552616119384766,
		0.020128050819039345,
		0.9994246363639832
	],
	"7. right_knee": [
		0.7075313329696655,
		0.6742461919784546,
		0.009094717912375927,
		0.9896058440208435
	],
	"8. right_ankle": [
		0.6935130953788757,
		0.779109537601471,
		0.09695485234260559,
		0.9840924739837646
	],
	"14. left_shoulder": [
		0.7646225690841675,
		0.394700288772583,
		-0.02134106680750847,
		0.9994184374809265
	],
	"15. left_elbow": [
		0.7334480881690979,
		0.3760564923286438,
		-0.1398828774690628,
		0.8386067748069763
	],
	"16. left_wrist": [
		0.7049841284751892,
		0.3744664490222931,
		-0.1938173472881317,
		0.7732899785041809
	],
	"19. right_shoulder": [
		0.7269182205200195,
		0.3986225128173828,
		0.08490093052387238,
		0.996311604976654
	],
	"20. right_elbow": [
		0.7294227480888367,
		0.46677136421203613,
		0.07047498971223831,
		0.6276780962944031
	],
	"21. right_wrist": [
		0.7249864339828491,
		0.515041708946228,
		-0.011451425962150097,
		0.4858606457710266
	],
	"24. nose": [
		0.7364341616630554,
		0.3545604348182678,
		-0.056489549577236176,
		0.9994710087776184
	],
	"25. left_eye": [
		0.7431948184967041,
		0.345119446516037,
		-0.049802400171756744,
		0.9994695782661438
	],
	"26. right_eye": [
		0.7354251146316528,
		0.34643346071243286,
		-0.033724747598171234,
		0.9986802339553833
	],
	"27. left_ear": [
		0.7505714893341064,
		0.3470264971256256,
		0.001457311911508441,
		0.999565064907074
	],
	"28. right_ear": [
		0.7368627786636353,
		0.3469175696372986,
		0.0393352285027504,
		0.9985532760620117
	],
	"time stamp": 29.969946478656652
}