{
	"1. left_hip": [
		0.7524638175964355,
		0.5689530968666077,
		-0.022522930055856705,
		0.9996998310089111
	],
	"2. left_knee": [
		0.7619915008544922,
		0.6895424127578735,
		-0.03386475890874863,
		0.9835253357887268
	],
	"3. left_ankle": [
		0.7678135633468628,
		0.7941557765007019,
		0.083894282579422,
		0.9872857332229614
	],
	"6. right_hip": [
		0.7206733226776123,
		0.5644739270210266,
		0.02248314768075943,
		0.9995695948600769
	],
	"7. right_knee": [
		0.6923726201057434,
		0.6770381927490234,
		0.01150218490511179,
		0.9917623400688171
	],
	"8. right_ankle": [
		0.6685190200805664,
		0.7830288410186768,
		0.11445729434490204,
		0.9876179099082947
	],
	"14. left_shoulder": [
		0.758144736289978,
		0.4005923271179199,
		-0.0925055667757988,
		0.9995266199111938
	],
	"15. left_elbow": [
		0.730739951133728,
		0.3703303039073944,
		-0.2565428614616394,
		0.8813338279724121
	],
	"16. left_wrist": [
		0.6969687342643738,
		0.3283233344554901,
		-0.36331161856651306,
		0.8314905166625977
	],
	"19. right_shoulder": [
		0.7222356796264648,
		0.4128929674625397,
		0.010319875553250313,
		0.9972060322761536
	],
	"20. right_elbow": [
		0.7179309725761414,
		0.463936984539032,
		-0.07264629006385803,
		0.5876622796058655
	],
	"21. right_wrist": [
		0.7122623920440674,
		0.5109583139419556,
		-0.21579143404960632,
		0.46798592805862427
	],
	"24. nose": [
		0.738420307636261,
		0.3536767065525055,
		-0.14287316799163818,
		0.9996069669723511
	],
	"25. left_eye": [
		0.7440171837806702,
		0.3462834060192108,
		-0.13176730275154114,
		0.9996037483215332
	],
	"26. right_eye": [
		0.735684871673584,
		0.3471638262271881,
		-0.12551531195640564,
		0.999023973941803
	],
	"27. left_ear": [
		0.7485552430152893,
		0.3530077338218689,
		-0.06631172448396683,
		0.9996766448020935
	],
	"28. right_ear": [
		0.7341158986091614,
		0.35162079334259033,
		-0.036602213978767395,
		0.9989281892776489
	],
	"time stamp": 29.969946478656652
}