{
	"1. left_hip": [
		0.7504391074180603,
		0.574539065361023,
		-0.021090781316161156,
		0.9997188448905945
	],
	"2. left_knee": [
		0.7612088918685913,
		0.6914766430854797,
		-0.025301938876509666,
		0.9848952889442444
	],
	"3. left_ankle": [
		0.7677247524261475,
		0.7945184707641602,
		0.07946313172578812,
		0.9880049824714661
	],
	"6. right_hip": [
		0.7190492153167725,
		0.5718689560890198,
		0.021059690043330193,
		0.9996039271354675
	],
	"7. right_knee": [
		0.6875770688056946,
		0.6802462339401245,
		0.012050526216626167,
		0.9923644661903381
	],
	"8. right_ankle": [
		0.6650047302246094,
		0.7877045273780823,
		0.1053292527794838,
		0.9886001944541931
	],
	"14. left_shoulder": [
		0.7571481466293335,
		0.4089398980140686,
		-0.08892761170864105,
		0.999285101890564
	],
	"15. left_elbow": [
		0.7330660223960876,
		0.3656631112098694,
		-0.24494998157024384,
		0.8917303085327148
	],
	"16. left_wrist": [
		0.7055270671844482,
		0.3118649125099182,
		-0.3304000794887543,
		0.8461740612983704
	],
	"19. right_shoulder": [
		0.7194830179214478,
		0.4212992489337921,
		-0.0006102529005147517,
		0.9971888661384583
	],
	"20. right_elbow": [
		0.7133721113204956,
		0.41595879197120667,
		-0.13824620842933655,
		0.5964174866676331
	],
	"21. right_wrist": [
		0.7129364013671875,
		0.3335556983947754,
		-0.30456992983818054,
		0.4921394884586334
	],
	"24. nose": [
		0.7370884418487549,
		0.3586159944534302,
		-0.12801554799079895,
		0.9996364712715149
	],
	"25. left_eye": [
		0.7416962385177612,
		0.3501085638999939,
		-0.11759529262781143,
		0.9996328353881836
	],
	"26. right_eye": [
		0.73329097032547,
		0.35241350531578064,
		-0.11144377291202545,
		0.9991077780723572
	],
	"27. left_ear": [
		0.7452770471572876,
		0.357527494430542,
		-0.05810784548521042,
		0.9997022151947021
	],
	"28. right_ear": [
		0.7313945889472961,
		0.3583005666732788,
		-0.029038166627287865,
		0.9990158677101135
	],
	"time stamp": 29.969946478656652
}