{
	"1. left_hip": [
		0.734144926071167,
		0.6127282977104187,
		-0.004335636273026466,
		0.9996920824050903
	],
	"2. left_knee": [
		0.7574986219406128,
		0.7035508155822754,
		-0.11442007124423981,
		0.9891542196273804
	],
	"3. left_ankle": [
		0.7656570672988892,
		0.7967914342880249,
		0.004547768272459507,
		0.9882969260215759
	],
	"6. right_hip": [
		0.7001478672027588,
		0.6165549159049988,
		0.004291561897844076,
		0.9996734857559204
	],
	"7. right_knee": [
		0.6672540307044983,
		0.6967921853065491,
		-0.09362637251615524,
		0.9944242835044861
	],
	"8. right_ankle": [
		0.6589089035987854,
		0.7966911196708679,
		0.030165573582053185,
		0.9923570156097412
	],
	"14. left_shoulder": [
		0.741483747959137,
		0.46069374680519104,
		-0.0484795942902565,
		0.9985796809196472
	],
	"15. left_elbow": [
		0.7647719979286194,
		0.3990077078342438,
		-0.08853359520435333,
		0.9425809979438782
	],
	"16. left_wrist": [
		0.7839986085891724,
		0.3419581651687622,
		-0.1777510792016983,
		0.909363865852356
	],
	"19. right_shoulder": [
		0.6909619569778442,
		0.47484099864959717,
		-0.052724432200193405,
		0.997611939907074
	],
	"20. right_elbow": [
		0.6832211017608643,
		0.5547040104866028,
		-0.06301019340753555,
		0.621854305267334
	],
	"21. right_wrist": [
		0.6810523271560669,
		0.6107792854309082,
		-0.1320049911737442,
		0.46587973833084106
	],
	"24. nose": [
		0.7269454598426819,
		0.41233354806900024,
		-0.1730566769838333,
		0.9994919300079346
	],
	"25. left_eye": [
		0.7306147217750549,
		0.4060394763946533,
		-0.155373677611351,
		0.9985715746879578
	],
	"26. right_eye": [
		0.7210277318954468,
		0.4037778973579407,
		-0.1604274958372116,
		0.9987249374389648
	],
	"27. left_ear": [
		0.7322981357574463,
		0.4131869077682495,
		-0.0713920071721077,
		0.9966260194778442
	],
	"28. right_ear": [
		0.713096022605896,
		0.40944287180900574,
		-0.09370238333940506,
		0.9982011318206787
	],
	"time stamp": 29.969946478656652
}