{
	"1. left_hip": [
		0.7336195707321167,
		0.6134170293807983,
		-0.0046721529215574265,
		0.9997207522392273
	],
	"2. left_knee": [
		0.7580183148384094,
		0.7038536667823792,
		-0.14224542677402496,
		0.9903733134269714
	],
	"3. left_ankle": [
		0.7644450664520264,
		0.798980712890625,
		-0.040915943682193756,
		0.9890781044960022
	],
	"6. right_hip": [
		0.6996038556098938,
		0.6168820858001709,
		0.004604562185704708,
		0.9997023344039917
	],
	"7. right_knee": [
		0.66692715883255,
		0.6977472901344299,
		-0.07514365017414093,
		0.9949225187301636
	],
	"8. right_ankle": [
		0.6593129634857178,
		0.7969454526901245,
		0.050632257014513016,
		0.9929200410842896
	],
	"14. left_shoulder": [
		0.7422574758529663,
		0.46374428272247314,
		-0.04579363390803337,
		0.9985983371734619
	],
	"15. left_elbow": [
		0.7674413323402405,
		0.40291404724121094,
		-0.06830708682537079,
		0.9514358043670654
	],
	"16. left_wrist": [
		0.7882370948791504,
		0.3505189120769501,
		-0.13871346414089203,
		0.9203261137008667
	],
	"19. right_shoulder": [
		0.6895533800125122,
		0.47612956166267395,
		-0.04943431168794632,
		0.9978979229927063
	],
	"20. right_elbow": [
		0.6797324419021606,
		0.5556939244270325,
		-0.05317928269505501,
		0.6792035102844238
	],
	"21. right_wrist": [
		0.6758129596710205,
		0.613854169845581,
		-0.11558543145656586,
		0.5287178754806519
	],
	"24. nose": [
		0.7248748540878296,
		0.41250497102737427,
		-0.17038965225219727,
		0.9995695352554321
	],
	"25. left_eye": [
		0.729476809501648,
		0.4067448079586029,
		-0.15346385538578033,
		0.9987275004386902
	],
	"26. right_eye": [
		0.7195516228675842,
		0.4050554633140564,
		-0.15752509236335754,
		0.9989178776741028
	],
	"27. left_ear": [
		0.7318311929702759,
		0.4145742952823639,
		-0.07301123440265656,
		0.9969387650489807
	],
	"28. right_ear": [
		0.7125660181045532,
		0.4107080101966858,
		-0.09108804911375046,
		0.998470664024353
	],
	"time stamp": 29.969946478656652
}