{
	"1. left_hip": [
		0.73403400182724,
		0.6144701838493347,
		-0.003961492795497179,
		0.9997333884239197
	],
	"2. left_knee": [
		0.759356677532196,
		0.7043618559837341,
		-0.14807972311973572,
		0.9910140037536621
	],
	"3. left_ankle": [
		0.7640560865402222,
		0.7989124059677124,
		-0.03317037597298622,
		0.989548921585083
	],
	"6. right_hip": [
		0.6998528242111206,
		0.618236780166626,
		0.003886515973135829,
		0.9997172355651855
	],
	"7. right_knee": [
		0.6664921045303345,
		0.6980501413345337,
		-0.09806597232818604,
		0.9951618313789368
	],
	"8. right_ankle": [
		0.6596172451972961,
		0.7973300218582153,
		0.030173441395163536,
		0.9932386875152588
	],
	"14. left_shoulder": [
		0.7423622012138367,
		0.46674644947052,
		-0.04991011321544647,
		0.9986458420753479
	],
	"15. left_elbow": [
		0.7671676874160767,
		0.41060107946395874,
		-0.07010719925165176,
		0.9556326270103455
	],
	"16. left_wrist": [
		0.7898147702217102,
		0.35781899094581604,
		-0.13466322422027588,
		0.9262993335723877
	],
	"19. right_shoulder": [
		0.6881687045097351,
		0.47786301374435425,
		-0.05181270092725754,
		0.9980543851852417
	],
	"20. right_elbow": [
		0.6775680780410767,
		0.5552043318748474,
		-0.053242288529872894,
		0.7064319252967834
	],
	"21. right_wrist": [
		0.6731458902359009,
		0.615854799747467,
		-0.11533130705356598,
		0.5625854134559631
	],
	"24. nose": [
		0.7234888672828674,
		0.4154534935951233,
		-0.1737898290157318,
		0.9996052980422974
	],
	"25. left_eye": [
		0.7281461954116821,
		0.40916764736175537,
		-0.15684038400650024,
		0.998802900314331
	],
	"26. right_eye": [
		0.7184016108512878,
		0.408173143863678,
		-0.1608850508928299,
		0.9990076422691345
	],
	"27. left_ear": [
		0.7305055856704712,
		0.4169009029865265,
		-0.07569094747304916,
		0.9971091747283936
	],
	"28. right_ear": [
		0.7119804620742798,
		0.41360199451446533,
		-0.09462375193834305,
		0.9985992908477783
	],
	"time stamp": 29.969946478656652
}