{
	"1. left_hip": [
		0.7348126173019409,
		0.6192387342453003,
		-0.005011209286749363,
		0.9997953772544861
	],
	"2. left_knee": [
		0.7626429796218872,
		0.7065917253494263,
		-0.13854797184467316,
		0.9933825135231018
	],
	"3. left_ankle": [
		0.7639224529266357,
		0.798521101474762,
		-0.022659115493297577,
		0.9917103052139282
	],
	"6. right_hip": [
		0.7003793716430664,
		0.6221997141838074,
		0.004978240001946688,
		0.9997870326042175
	],
	"7. right_knee": [
		0.6674669981002808,
		0.7002083659172058,
		-0.09903699159622192,
		0.9962843060493469
	],
	"8. right_ankle": [
		0.6600202918052673,
		0.7982320189476013,
		0.029470961540937424,
		0.9947686791419983
	],
	"14. left_shoulder": [
		0.7429201602935791,
		0.471516877412796,
		-0.05906113237142563,
		0.9989319443702698
	],
	"15. left_elbow": [
		0.7681034207344055,
		0.42253243923187256,
		-0.09666125476360321,
		0.9691702723503113
	],
	"16. left_wrist": [
		0.78773033618927,
		0.36755380034446716,
		-0.18547198176383972,
		0.9464380145072937
	],
	"19. right_shoulder": [
		0.6870364546775818,
		0.48259446024894714,
		-0.043669912964105606,
		0.9986334443092346
	],
	"20. right_elbow": [
		0.6755046844482422,
		0.5567074418067932,
		-0.021565038710832596,
		0.7968794703483582
	],
	"21. right_wrist": [
		0.6706501245498657,
		0.618016242980957,
		-0.062298428267240524,
		0.6843961477279663
	],
	"24. nose": [
		0.719912052154541,
		0.42157411575317383,
		-0.17155806720256805,
		0.9997317790985107
	],
	"25. left_eye": [
		0.7250322103500366,
		0.4142642617225647,
		-0.15636596083641052,
		0.9991492629051208
	],
	"26. right_eye": [
		0.7150400876998901,
		0.41349083185195923,
		-0.15749529004096985,
		0.9993253350257874
	],
	"27. left_ear": [
		0.728710949420929,
		0.4210750460624695,
		-0.08209799975156784,
		0.997939944267273
	],
	"28. right_ear": [
		0.7094494104385376,
		0.4200037121772766,
		-0.08727103471755981,
		0.9990518689155579
	],
	"time stamp": 29.969946478656652
}