{
	"1. left_hip": [
		0.7291346788406372,
		0.6158761978149414,
		0.002036938676610589,
		0.9999110102653503
	],
	"2. left_knee": [
		0.7632578611373901,
		0.6995847225189209,
		-0.11218182742595673,
		0.9964718818664551
	],
	"3. left_ankle": [
		0.7639655470848083,
		0.7969802618026733,
		-0.01473044604063034,
		0.9953569173812866
	],
	"6. right_hip": [
		0.6964341998100281,
		0.6152212619781494,
		-0.002214108593761921,
		0.9998985528945923
	],
	"7. right_knee": [
		0.6754084825515747,
		0.7112988233566284,
		-0.00942730251699686,
		0.997616171836853
	],
	"8. right_ankle": [
		0.6597262620925903,
		0.7986282110214233,
		0.1172536164522171,
		0.996724009513855
	],
	"14. left_shoulder": [
		0.7413201332092285,
		0.4668388068675995,
		-0.07955630868673325,
		0.9992409348487854
	],
	"15. left_elbow": [
		0.7580710053443909,
		0.4084059000015259,
		-0.17067170143127441,
		0.9866020083427429
	],
	"16. left_wrist": [
		0.7398191094398499,
		0.35486742854118347,
		-0.2852114140987396,
		0.9688423871994019
	],
	"19. right_shoulder": [
		0.6878905892372131,
		0.48122626543045044,
		-0.05665980651974678,
		0.999427080154419
	],
	"20. right_elbow": [
		0.6765970587730408,
		0.5534013509750366,
		-0.06714523583650589,
		0.9069108963012695
	],
	"21. right_wrist": [
		0.6704627275466919,
		0.6115958094596863,
		-0.14062711596488953,
		0.8274337649345398
	],
	"24. nose": [
		0.7098726034164429,
		0.4187859296798706,
		-0.19258558750152588,
		0.9998944401741028
	],
	"25. left_eye": [
		0.7155815958976746,
		0.409224271774292,
		-0.18061824142932892,
		0.9996503591537476
	],
	"26. right_eye": [
		0.7068900465965271,
		0.41209232807159424,
		-0.1797279417514801,
		0.9997393488883972
	],
	"27. left_ear": [
		0.7228604555130005,
		0.41535788774490356,
		-0.10890860855579376,
		0.9991378784179688
	],
	"28. right_ear": [
		0.7052221298217773,
		0.42021051049232483,
		-0.10470380634069443,
		0.999634325504303
	],
	"time stamp": 29.969946478656652
}