{
	"1. left_hip": [
		0.7157353162765503,
		0.5873996019363403,
		0.039494045078754425,
		0.9999215602874756
	],
	"2. left_knee": [
		0.7481439709663391,
		0.6834244132041931,
		0.01815846562385559,
		0.9864878058433533
	],
	"3. left_ankle": [
		0.7611192464828491,
		0.7919186353683472,
		0.11903728544712067,
		0.9918819069862366
	],
	"6. right_hip": [
		0.68840491771698,
		0.5800411701202393,
		-0.03976120799779892,
		0.999910295009613
	],
	"7. right_knee": [
		0.6735540628433228,
		0.6882496476173401,
		-0.10734957456588745,
		0.9977651238441467
	],
	"8. right_ankle": [
		0.6344330906867981,
		0.7812598347663879,
		-0.030968645587563515,
		0.9947660565376282
	],
	"14. left_shoulder": [
		0.7310860753059387,
		0.4217413663864136,
		-0.024414509534835815,
		0.999403715133667
	],
	"15. left_elbow": [
		0.7381017804145813,
		0.34628352522850037,
		-0.04978596419095993,
		0.9851198792457581
	],
	"16. left_wrist": [
		0.7401543855667114,
		0.28219395875930786,
		-0.1275438368320465,
		0.9797055721282959
	],
	"19. right_shoulder": [
		0.6912352442741394,
		0.44826528429985046,
		-0.09615735709667206,
		0.9996726512908936
	],
	"20. right_elbow": [
		0.678185760974884,
		0.5223900675773621,
		-0.12569114565849304,
		0.928786039352417
	],
	"21. right_wrist": [
		0.6706382632255554,
		0.5814815163612366,
		-0.1921134889125824,
		0.8431392312049866
	],
	"24. nose": [
		0.6972193717956543,
		0.39225736260414124,
		-0.17822305858135223,
		0.9999210834503174
	],
	"25. left_eye": [
		0.7026385068893433,
		0.3786123991012573,
		-0.16529878973960876,
		0.9997207522392273
	],
	"26. right_eye": [
		0.6967933177947998,
		0.38217946887016296,
		-0.17234301567077637,
		0.9998196959495544
	],
	"27. left_ear": [
		0.7127577662467957,
		0.3797661364078522,
		-0.08742858469486237,
		0.9990551471710205
	],
	"28. right_ear": [
		0.700223982334137,
		0.386231005191803,
		-0.10969389975070953,
		0.9997451305389404
	],
	"time stamp": 29.969946478656652
}