{
	"1. left_hip": [
		0.7159785032272339,
		0.5887270569801331,
		0.036748506128787994,
		0.9999135136604309
	],
	"2. left_knee": [
		0.747073769569397,
		0.6846790909767151,
		-0.0056107426062226295,
		0.9831942915916443
	],
	"3. left_ankle": [
		0.7609590291976929,
		0.7912085056304932,
		0.09604965895414352,
		0.9903461337089539
	],
	"6. right_hip": [
		0.6876980066299438,
		0.5833441019058228,
		-0.037018656730651855,
		0.999912440776825
	],
	"7. right_knee": [
		0.6728814840316772,
		0.6901277303695679,
		-0.1040538102388382,
		0.9977622628211975
	],
	"8. right_ankle": [
		0.6347370147705078,
		0.7815005779266357,
		-0.01653302274644375,
		0.9949731826782227
	],
	"14. left_shoulder": [
		0.73026043176651,
		0.42152395844459534,
		-0.023785565048456192,
		0.9994078278541565
	],
	"15. left_elbow": [
		0.7382868528366089,
		0.34562480449676514,
		-0.08495761454105377,
		0.9839848279953003
	],
	"16. left_wrist": [
		0.7401367425918579,
		0.2826882600784302,
		-0.1944454163312912,
		0.981156587600708
	],
	"19. right_shoulder": [
		0.6897633671760559,
		0.4487917721271515,
		-0.09020688384771347,
		0.9997265338897705
	],
	"20. right_elbow": [
		0.6773076057434082,
		0.5215901732444763,
		-0.11747567355632782,
		0.9353379011154175
	],
	"21. right_wrist": [
		0.6701950430870056,
		0.5818554759025574,
		-0.1884172260761261,
		0.8580405712127686
	],
	"24. nose": [
		0.695843517780304,
		0.3933005928993225,
		-0.18269994854927063,
		0.9999241828918457
	],
	"25. left_eye": [
		0.7013156414031982,
		0.3797040283679962,
		-0.16991379857063293,
		0.9997158646583557
	],
	"26. right_eye": [
		0.6954241991043091,
		0.382996529340744,
		-0.1737668812274933,
		0.9998334050178528
	],
	"27. left_ear": [
		0.7114621996879578,
		0.38088852167129517,
		-0.08277993649244308,
		0.9989116787910461
	],
	"28. right_ear": [
		0.6987276673316956,
		0.386889785528183,
		-0.10177227109670639,
		0.9997634291648865
	],
	"time stamp": 29.969946478656652
}