{
	"1. left_hip": [
		0.7221784591674805,
		0.5906237363815308,
		-0.006140087265521288,
		0.9999138712882996
	],
	"2. left_knee": [
		0.7475193738937378,
		0.6977214813232422,
		-0.00026083970442414284,
		0.9844933748245239
	],
	"3. left_ankle": [
		0.7609785795211792,
		0.7939043641090393,
		0.12616392970085144,
		0.9893572330474854
	],
	"6. right_hip": [
		0.6885090470314026,
		0.5868408679962158,
		0.006078167352825403,
		0.9999106526374817
	],
	"7. right_knee": [
		0.6705272197723389,
		0.691077709197998,
		-0.012700701132416725,
		0.9977315664291382
	],
	"8. right_ankle": [
		0.6506210565567017,
		0.7890333533287048,
		0.10071973502635956,
		0.9945270419120789
	],
	"14. left_shoulder": [
		0.731822669506073,
		0.4194321632385254,
		-0.10655971616506577,
		0.9995191693305969
	],
	"15. left_elbow": [
		0.7567379474639893,
		0.37067386507987976,
		-0.22372789680957794,
		0.9876053929328918
	],
	"16. left_wrist": [
		0.7393776178359985,
		0.32227417826652527,
		-0.3467697203159332,
		0.984706461429596
	],
	"19. right_shoulder": [
		0.6844178438186646,
		0.45093533396720886,
		-0.044181160628795624,
		0.9997457265853882
	],
	"20. right_elbow": [
		0.6784698963165283,
		0.5236209630966187,
		-0.018066871911287308,
		0.9196789264678955
	],
	"21. right_wrist": [
		0.6773797273635864,
		0.585081160068512,
		-0.0670504942536354,
		0.8206809163093567
	],
	"24. nose": [
		0.6955374479293823,
		0.39168086647987366,
		-0.19641408324241638,
		0.9998677968978882
	],
	"25. left_eye": [
		0.7012152671813965,
		0.37863820791244507,
		-0.1896110326051712,
		0.9995266795158386
	],
	"26. right_eye": [
		0.6942790746688843,
		0.38309618830680847,
		-0.1816011667251587,
		0.9995790123939514
	],
	"27. left_ear": [
		0.7105956673622131,
		0.3818984925746918,
		-0.12960132956504822,
		0.9985176920890808
	],
	"28. right_ear": [
		0.6960378289222717,
		0.3883548676967621,
		-0.09178940206766129,
		0.9993317723274231
	],
	"time stamp": 29.969946478656652
}