{
	"1. left_hip": [
		0.7298256754875183,
		0.5929520130157471,
		-0.044592760503292084,
		0.9998988509178162
	],
	"2. left_knee": [
		0.7444289326667786,
		0.7028374671936035,
		-0.012304862961173058,
		0.9885862469673157
	],
	"3. left_ankle": [
		0.7615535259246826,
		0.7951198816299438,
		0.12366193532943726,
		0.9909271001815796
	],
	"6. right_hip": [
		0.701233983039856,
		0.5964959263801575,
		0.04473496600985527,
		0.9999206066131592
	],
	"7. right_knee": [
		0.6613600850105286,
		0.6798006892204285,
		-0.044704619795084,
		0.9979379177093506
	],
	"8. right_ankle": [
		0.661126434803009,
		0.7962770462036133,
		0.026477351784706116,
		0.9958471655845642
	],
	"14. left_shoulder": [
		0.7265022993087769,
		0.4367454946041107,
		-0.12033822387456894,
		0.9995803833007812
	],
	"15. left_elbow": [
		0.7163904905319214,
		0.49092403054237366,
		-0.2673092484474182,
		0.9890638589859009
	],
	"16. left_wrist": [
		0.7125675678253174,
		0.42036357522010803,
		-0.4086201786994934,
		0.984341561794281
	],
	"19. right_shoulder": [
		0.6926120519638062,
		0.43497154116630554,
		0.04124448075890541,
		0.9995169639587402
	],
	"20. right_elbow": [
		0.6966995000839233,
		0.4922218322753906,
		0.13994018733501434,
		0.6742445230484009
	],
	"21. right_wrist": [
		0.7048338055610657,
		0.5130667686462402,
		0.18240365386009216,
		0.5708634257316589
	],
	"24. nose": [
		0.6956638097763062,
		0.38377270102500916,
		-0.15113148093223572,
		0.9998767375946045
	],
	"25. left_eye": [
		0.7007297873497009,
		0.37227627635002136,
		-0.15070953965187073,
		0.9996263980865479
	],
	"26. right_eye": [
		0.6947138905525208,
		0.3741509020328522,
		-0.13624154031276703,
		0.9996272921562195
	],
	"27. left_ear": [
		0.7097083926200867,
		0.37727487087249756,
		-0.11951933056116104,
		0.9989670515060425
	],
	"28. right_ear": [
		0.6954464316368103,
		0.37895911931991577,
		-0.04838985204696655,
		0.999424159526825
	],
	"time stamp": 29.969946478656652
}