{
	"1. left_hip": [
		0.7156134843826294,
		0.569273054599762,
		-0.05808436870574951,
		0.9998376965522766
	],
	"2. left_knee": [
		0.7263124585151672,
		0.6985852718353271,
		-0.08847995102405548,
		0.9915176033973694
	],
	"3. left_ankle": [
		0.7589027881622314,
		0.7773498296737671,
		0.04977394640445709,
		0.9918174147605896
	],
	"6. right_hip": [
		0.6947005987167358,
		0.5704377293586731,
		0.05791066959500313,
		0.9999179840087891
	],
	"7. right_knee": [
		0.6667138338088989,
		0.6754358410835266,
		0.030094275251030922,
		0.9878209829330444
	],
	"8. right_ankle": [
		0.6614362001419067,
		0.796152651309967,
		0.10794961452484131,
		0.9941049814224243
	],
	"14. left_shoulder": [
		0.7123235464096069,
		0.41001150012016296,
		-0.1448432058095932,
		0.998932957649231
	],
	"15. left_elbow": [
		0.660068154335022,
		0.40886741876602173,
		-0.1758880913257599,
		0.9841903448104858
	],
	"16. left_wrist": [
		0.6347751617431641,
		0.36886143684387207,
		-0.15346689522266388,
		0.9526049494743347
	],
	"19. right_shoulder": [
		0.6978159546852112,
		0.40937432646751404,
		0.0665476843714714,
		0.9986556768417358
	],
	"20. right_elbow": [
		0.6566442847251892,
		0.4038222134113312,
		0.10872296988964081,
		0.4659423232078552
	],
	"21. right_wrist": [
		0.6362958550453186,
		0.3647550344467163,
		0.06012718752026558,
		0.4037007987499237
	],
	"24. nose": [
		0.6978197693824768,
		0.3525397777557373,
		-0.13140253722667694,
		0.99989253282547
	],
	"25. left_eye": [
		0.7058498859405518,
		0.3458589017391205,
		-0.1307586431503296,
		0.9997584223747253
	],
	"26. right_eye": [
		0.6987951993942261,
		0.3435395658016205,
		-0.10856781154870987,
		0.9997425675392151
	],
	"27. left_ear": [
		0.7136746644973755,
		0.35481464862823486,
		-0.10401563346385956,
		0.9993975162506104
	],
	"28. right_ear": [
		0.7031163573265076,
		0.3487536609172821,
		-0.027288109064102173,
		0.999584436416626
	],
	"time stamp": 29.969946478656652
}