{
	"1. left_hip": [
		0.6925645470619202,
		0.5541043877601624,
		-0.07572764903306961,
		0.9997718930244446
	],
	"2. left_knee": [
		0.7219212055206299,
		0.6668714880943298,
		-0.12343865633010864,
		0.9962989687919617
	],
	"3. left_ankle": [
		0.7785521745681763,
		0.7209668755531311,
		-0.06026703119277954,
		0.9968497157096863
	],
	"6. right_hip": [
		0.6866363883018494,
		0.5560975670814514,
		0.07579296082258224,
		0.9997841119766235
	],
	"7. right_knee": [
		0.6702052354812622,
		0.6687077879905701,
		0.0736771672964096,
		0.9540233612060547
	],
	"8. right_ankle": [
		0.6741604804992676,
		0.7829134464263916,
		0.10241814702749252,
		0.9911095499992371
	],
	"14. left_shoulder": [
		0.6778269410133362,
		0.4025783836841583,
		-0.13132180273532867,
		0.9997570514678955
	],
	"15. left_elbow": [
		0.6921274065971375,
		0.49223920702934265,
		-0.1569872796535492,
		0.9820190668106079
	],
	"16. left_wrist": [
		0.7101563811302185,
		0.5488207340240479,
		-0.1530081182718277,
		0.9023184776306152
	],
	"19. right_shoulder": [
		0.6858932375907898,
		0.40184882283210754,
		0.10639407485723495,
		0.9993917346000671
	],
	"20. right_elbow": [
		0.6943162083625793,
		0.4758152365684509,
		0.15192972123622894,
		0.14574064314365387
	],
	"21. right_wrist": [
		0.7078121900558472,
		0.5303977727890015,
		0.15151068568229675,
		0.1830456554889679
	],
	"24. nose": [
		0.6751469373703003,
		0.33613646030426025,
		-0.025082062929868698,
		0.9996333122253418
	],
	"25. left_eye": [
		0.6806040406227112,
		0.3315659761428833,
		-0.0402388796210289,
		0.9995670914649963
	],
	"26. right_eye": [
		0.6798717975616455,
		0.3292265236377716,
		-0.014608033001422882,
		0.9993782043457031
	],
	"27. left_ear": [
		0.6847045421600342,
		0.3397936224937439,
		-0.07944323122501373,
		0.9996368885040283
	],
	"28. right_ear": [
		0.6847410202026367,
		0.33718839287757874,
		0.037312813103199005,
		0.998809814453125
	],
	"time stamp": 29.969946478656652
}