{
	"1. left_hip": [
		0.6926811933517456,
		0.5626155734062195,
		-0.07317706942558289,
		0.9997826814651489
	],
	"2. left_knee": [
		0.7144231200218201,
		0.6764811277389526,
		-0.1324504166841507,
		0.9965710043907166
	],
	"3. left_ankle": [
		0.777512788772583,
		0.7080553770065308,
		-0.06361235678195953,
		0.9969930052757263
	],
	"6. right_hip": [
		0.6853808164596558,
		0.564358115196228,
		0.07325924932956696,
		0.9998008608818054
	],
	"7. right_knee": [
		0.6648125648498535,
		0.6723991632461548,
		0.06850042194128036,
		0.9468470811843872
	],
	"8. right_ankle": [
		0.6745342016220093,
		0.7845388650894165,
		0.09136354178190231,
		0.9910632371902466
	],
	"14. left_shoulder": [
		0.6751483678817749,
		0.4155398905277252,
		-0.10934770107269287,
		0.9997778534889221
	],
	"15. left_elbow": [
		0.6930815577507019,
		0.48980093002319336,
		-0.11182212829589844,
		0.9777007699012756
	],
	"16. left_wrist": [
		0.7095544934272766,
		0.5329848527908325,
		-0.08589242398738861,
		0.8826690912246704
	],
	"19. right_shoulder": [
		0.6788944005966187,
		0.4165053963661194,
		0.11083362251520157,
		0.9994181990623474
	],
	"20. right_elbow": [
		0.6872433423995972,
		0.48380687832832336,
		0.16865965723991394,
		0.1319579780101776
	],
	"21. right_wrist": [
		0.7065914869308472,
		0.5236930251121521,
		0.1840088665485382,
		0.16653874516487122
	],
	"24. nose": [
		0.6737957000732422,
		0.34084993600845337,
		-0.020206131041049957,
		0.9996506571769714
	],
	"25. left_eye": [
		0.6791988015174866,
		0.339656800031662,
		-0.03426043689250946,
		0.999587893486023
	],
	"26. right_eye": [
		0.6788437366485596,
		0.3367026150226593,
		-0.01045147143304348,
		0.9993980526924133
	],
	"27. left_ear": [
		0.6830660104751587,
		0.3520065248012543,
		-0.06723544746637344,
		0.9996567964553833
	],
	"28. right_ear": [
		0.6830776929855347,
		0.3489481806755066,
		0.0419045053422451,
		0.9988489747047424
	],
	"time stamp": 29.969946478656652
}