{
	"1. left_hip": [
		0.6897807121276855,
		0.5658019781112671,
		-0.07260073721408844,
		0.9998016953468323
	],
	"2. left_knee": [
		0.705100953578949,
		0.6862702965736389,
		-0.13791140913963318,
		0.9968567490577698
	],
	"3. left_ankle": [
		0.7770329713821411,
		0.6916627883911133,
		-0.05396067351102829,
		0.9970440864562988
	],
	"6. right_hip": [
		0.6826735734939575,
		0.5669943690299988,
		0.07268039882183075,
		0.9998195767402649
	],
	"7. right_knee": [
		0.661108672618866,
		0.6753316521644592,
		0.05765082687139511,
		0.9436912536621094
	],
	"8. right_ankle": [
		0.6747170686721802,
		0.7854956984519958,
		0.058905262500047684,
		0.9909782409667969
	],
	"14. left_shoulder": [
		0.6745072603225708,
		0.4180853068828583,
		-0.11182870715856552,
		0.9997995495796204
	],
	"15. left_elbow": [
		0.6984506249427795,
		0.48618465662002563,
		-0.1390155702829361,
		0.9790701866149902
	],
	"16. left_wrist": [
		0.7204064130783081,
		0.531196653842926,
		-0.15361131727695465,
		0.8896768689155579
	],
	"19. right_shoulder": [
		0.674714207649231,
		0.4201841950416565,
		0.10648663341999054,
		0.9994657039642334
	],
	"20. right_elbow": [
		0.6915376782417297,
		0.48531651496887207,
		0.14284248650074005,
		0.12010747194290161
	],
	"21. right_wrist": [
		0.7093508243560791,
		0.5323721766471863,
		0.1252908557653427,
		0.15362349152565002
	],
	"24. nose": [
		0.6698320508003235,
		0.34990453720092773,
		-0.022673608735203743,
		0.9996803998947144
	],
	"25. left_eye": [
		0.6760472059249878,
		0.3485274910926819,
		-0.03551705554127693,
		0.9996212720870972
	],
	"26. right_eye": [
		0.6751024723052979,
		0.3454921841621399,
		-0.011843875981867313,
		0.9994447827339172
	],
	"27. left_ear": [
		0.6814106702804565,
		0.362984299659729,
		-0.0652526244521141,
		0.9996863007545471
	],
	"28. right_ear": [
		0.6797000169754028,
		0.3587281107902527,
		0.04302053153514862,
		0.9989363551139832
	],
	"time stamp": 29.969946478656652
}