{
	"1. left_hip": [
		0.689705491065979,
		0.5677594542503357,
		-0.07188205420970917,
		0.9998193383216858
	],
	"2. left_knee": [
		0.7030371427536011,
		0.6907923817634583,
		-0.1465744972229004,
		0.9970930218696594
	],
	"3. left_ankle": [
		0.7748608589172363,
		0.6921372413635254,
		-0.06763210892677307,
		0.9970791935920715
	],
	"6. right_hip": [
		0.6825018525123596,
		0.5696125626564026,
		0.07196289300918579,
		0.9998365044593811
	],
	"7. right_knee": [
		0.6590544581413269,
		0.6775482892990112,
		0.06102404743432999,
		0.9377321600914001
	],
	"8. right_ankle": [
		0.6751914024353027,
		0.7861909866333008,
		0.0719764232635498,
		0.9906915426254272
	],
	"14. left_shoulder": [
		0.6729656457901001,
		0.4203590452671051,
		-0.11004441976547241,
		0.9998190999031067
	],
	"15. left_elbow": [
		0.6969844102859497,
		0.48402145504951477,
		-0.13323664665222168,
		0.9799441695213318
	],
	"16. left_wrist": [
		0.7193440198898315,
		0.5309962034225464,
		-0.15083888173103333,
		0.8928017616271973
	],
	"19. right_shoulder": [
		0.6735869646072388,
		0.4233832359313965,
		0.1046224981546402,
		0.9995097517967224
	],
	"20. right_elbow": [
		0.6915796995162964,
		0.48697739839553833,
		0.13495589792728424,
		0.10927227139472961
	],
	"21. right_wrist": [
		0.7062712907791138,
		0.5341870188713074,
		0.11159195750951767,
		0.14109106361865997
	],
	"24. nose": [
		0.6694905757904053,
		0.3511747121810913,
		-0.02813420072197914,
		0.9997096657752991
	],
	"25. left_eye": [
		0.6759066581726074,
		0.3498922288417816,
		-0.040055010467767715,
		0.99965500831604
	],
	"26. right_eye": [
		0.6745603084564209,
		0.3470973074436188,
		-0.01701325550675392,
		0.9994933605194092
	],
	"27. left_ear": [
		0.6812455058097839,
		0.3643079400062561,
		-0.06556041538715363,
		0.9997149705886841
	],
	"28. right_ear": [
		0.6791765093803406,
		0.3599613308906555,
		0.039405375719070435,
		0.9990288615226746
	],
	"time stamp": 29.969946478656652
}