{
	"1. left_hip": [
		0.69129478931427,
		0.5938802361488342,
		-0.07589885592460632,
		0.9997587203979492
	],
	"2. left_knee": [
		0.6530543565750122,
		0.6831191182136536,
		-0.10486792027950287,
		0.994473934173584
	],
	"3. left_ankle": [
		0.672956645488739,
		0.7840971350669861,
		-0.07964552193880081,
		0.9963990449905396
	],
	"6. right_hip": [
		0.6923322677612305,
		0.5904713273048401,
		0.07602288573980331,
		0.9997497200965881
	],
	"7. right_knee": [
		0.6611512303352356,
		0.6800639033317566,
		0.07430244982242584,
		0.853212833404541
	],
	"8. right_ankle": [
		0.7074778079986572,
		0.7537456154823303,
		0.12038411945104599,
		0.9547333717346191
	],
	"14. left_shoulder": [
		0.6596693992614746,
		0.4400847852230072,
		-0.13789936900138855,
		0.9998412132263184
	],
	"15. left_elbow": [
		0.6718834042549133,
		0.5087022185325623,
		-0.15490147471427917,
		0.9633588194847107
	],
	"16. left_wrist": [
		0.6763468384742737,
		0.5528669953346252,
		-0.11073527485132217,
		0.7971203923225403
	],
	"19. right_shoulder": [
		0.6671777367591858,
		0.4448321461677551,
		0.08992534130811691,
		0.9993928074836731
	],
	"20. right_elbow": [
		0.6719340085983276,
		0.5137422680854797,
		0.12224610149860382,
		0.0693993791937828
	],
	"21. right_wrist": [
		0.6768750548362732,
		0.5551922917366028,
		0.08909092843532562,
		0.09058275073766708
	],
	"24. nose": [
		0.6442848443984985,
		0.3872394859790802,
		-0.04731498286128044,
		0.9996525645256042
	],
	"25. left_eye": [
		0.6504610180854797,
		0.38014253973960876,
		-0.05923266336321831,
		0.999641478061676
	],
	"26. right_eye": [
		0.6485907435417175,
		0.37939634919166565,
		-0.035679176449775696,
		0.999478816986084
	],
	"27. left_ear": [
		0.6585598587989807,
		0.3877844512462616,
		-0.08653665333986282,
		0.9996850490570068
	],
	"28. right_ear": [
		0.6562547087669373,
		0.3862402141094208,
		0.01817430555820465,
		0.9991095066070557
	],
	"time stamp": 29.969946478656652
}