{
	"1. left_hip": [
		0.6994543671607971,
		0.6157238483428955,
		-0.07126666605472565,
		0.999617338180542
	],
	"2. left_knee": [
		0.6545507311820984,
		0.6855192184448242,
		-0.08437670767307281,
		0.9464623332023621
	],
	"3. left_ankle": [
		0.6778214573860168,
		0.7944126725196838,
		-0.03154703229665756,
		0.9757299423217773
	],
	"6. right_hip": [
		0.6912654042243958,
		0.6091448068618774,
		0.07123621553182602,
		0.9994204044342041
	],
	"7. right_knee": [
		0.6512042880058289,
		0.6756666898727417,
		0.09841873496770859,
		0.7150351405143738
	],
	"8. right_ankle": [
		0.6749109029769897,
		0.7796245813369751,
		0.1743943691253662,
		0.7820943593978882
	],
	"14. left_shoulder": [
		0.6504014134407043,
		0.49510863423347473,
		-0.1581868976354599,
		0.9999025464057922
	],
	"15. left_elbow": [
		0.6370912790298462,
		0.5862508416175842,
		-0.1853770911693573,
		0.9722492694854736
	],
	"16. left_wrist": [
		0.6284035444259644,
		0.6512918472290039,
		-0.14974263310432434,
		0.863926112651825
	],
	"19. right_shoulder": [
		0.6506848931312561,
		0.4925505220890045,
		0.07269605994224548,
		0.9994884133338928
	],
	"20. right_elbow": [
		0.6406246423721313,
		0.576223611831665,
		0.09147109091281891,
		0.08092223107814789
	],
	"21. right_wrist": [
		0.6288691759109497,
		0.6388548016548157,
		0.03225717321038246,
		0.1101948544383049
	],
	"24. nose": [
		0.6172569990158081,
		0.47938716411590576,
		-0.10700099170207977,
		0.999727725982666
	],
	"25. left_eye": [
		0.6161297559738159,
		0.46529486775398254,
		-0.11343668401241302,
		0.999729573726654
	],
	"26. right_eye": [
		0.6138023138046265,
		0.47197210788726807,
		-0.0937919169664383,
		0.9996277093887329
	],
	"27. left_ear": [
		0.6253491640090942,
		0.4538513123989105,
		-0.11266569793224335,
		0.9997691512107849
	],
	"28. right_ear": [
		0.6203067898750305,
		0.462160587310791,
		-0.025726890191435814,
		0.9994108080863953
	],
	"time stamp": 29.969946478656652
}