{
	"1. left_hip": [
		0.7051482796669006,
		0.6159670948982239,
		-0.07376359403133392,
		0.9994674921035767
	],
	"2. left_knee": [
		0.6546244621276855,
		0.6869121789932251,
		-0.07888057827949524,
		0.9316567182540894
	],
	"3. left_ankle": [
		0.6789764761924744,
		0.7949795126914978,
		-0.03120194934308529,
		0.9717380404472351
	],
	"6. right_hip": [
		0.695318341255188,
		0.609904408454895,
		0.07379865646362305,
		0.9989518523216248
	],
	"7. right_knee": [
		0.6520564556121826,
		0.6786423325538635,
		0.0876518040895462,
		0.6358205080032349
	],
	"8. right_ankle": [
		0.6752907037734985,
		0.7812568545341492,
		0.1539585292339325,
		0.7205623388290405
	],
	"14. left_shoulder": [
		0.6513127088546753,
		0.4945417642593384,
		-0.1430179625749588,
		0.9999179244041443
	],
	"15. left_elbow": [
		0.6295940279960632,
		0.5780017375946045,
		-0.1722799390554428,
		0.9750580787658691
	],
	"16. left_wrist": [
		0.5987995862960815,
		0.634353756904602,
		-0.15987218916416168,
		0.8851606845855713
	],
	"19. right_shoulder": [
		0.6476901173591614,
		0.5053386092185974,
		0.08547307550907135,
		0.9994645118713379
	],
	"20. right_elbow": [
		0.6305394768714905,
		0.5815935134887695,
		0.12140543758869171,
		0.08759427815675735
	],
	"21. right_wrist": [
		0.6043213605880737,
		0.6272023916244507,
		0.07991287857294083,
		0.12733380496501923
	],
	"24. nose": [
		0.6159555315971375,
		0.5026054978370667,
		-0.08792518079280853,
		0.9995852112770081
	],
	"25. left_eye": [
		0.6126952767372131,
		0.490580290555954,
		-0.09409622102975845,
		0.9996207356452942
	],
	"26. right_eye": [
		0.6109775304794312,
		0.5000790357589722,
		-0.07848060131072998,
		0.9994558691978455
	],
	"27. left_ear": [
		0.6201257705688477,
		0.47473496198654175,
		-0.0964917317032814,
		0.9996510148048401
	],
	"28. right_ear": [
		0.6154398918151855,
		0.49115484952926636,
		-0.013076232746243477,
		0.9992848038673401
	],
	"time stamp": 29.969946478656652
}