{
	"1. left_hip": [
		0.7068517804145813,
		0.6149322986602783,
		-0.07335226237773895,
		0.9993990063667297
	],
	"2. left_knee": [
		0.6548886299133301,
		0.6862107515335083,
		-0.08872512727975845,
		0.9270270466804504
	],
	"3. left_ankle": [
		0.6785026788711548,
		0.7961658239364624,
		-0.04343630373477936,
		0.9708423018455505
	],
	"6. right_hip": [
		0.6961120367050171,
		0.6097994446754456,
		0.07335106283426285,
		0.9987951517105103
	],
	"7. right_knee": [
		0.6519575715065002,
		0.679810106754303,
		0.07099474966526031,
		0.6077305674552917
	],
	"8. right_ankle": [
		0.6748338937759399,
		0.7825030088424683,
		0.12473414093255997,
		0.6968376636505127
	],
	"14. left_shoulder": [
		0.6503702402114868,
		0.4939294159412384,
		-0.12547165155410767,
		0.9999236464500427
	],
	"15. left_elbow": [
		0.627737820148468,
		0.5714468955993652,
		-0.1598295420408249,
		0.9763606190681458
	],
	"16. left_wrist": [
		0.5947213768959045,
		0.6265347003936768,
		-0.15781953930854797,
		0.8947263360023499
	],
	"19. right_shoulder": [
		0.6444186568260193,
		0.5123724937438965,
		0.08853865414857864,
		0.9994576573371887
	],
	"20. right_elbow": [
		0.6237558126449585,
		0.5799169540405273,
		0.12407448142766953,
		0.10800769180059433
	],
	"21. right_wrist": [
		0.5970582365989685,
		0.6201363205909729,
		0.0881781131029129,
		0.1590099036693573
	],
	"24. nose": [
		0.6162332892417908,
		0.5117349624633789,
		-0.05967232584953308,
		0.9995720386505127
	],
	"25. left_eye": [
		0.6114838719367981,
		0.5000653862953186,
		-0.0690934807062149,
		0.9996046423912048
	],
	"26. right_eye": [
		0.6109495162963867,
		0.5109217762947083,
		-0.05171594023704529,
		0.9994325637817383
	],
	"27. left_ear": [
		0.6167076826095581,
		0.48358413577079773,
		-0.07762505859136581,
		0.9996177554130554
	],
	"28. right_ear": [
		0.6147398948669434,
		0.5021781325340271,
		0.0035231243818998337,
		0.9992814064025879
	],
	"time stamp": 29.969946478656652
}