{
	"1. left_hip": [
		0.7077598571777344,
		0.6136284470558167,
		-0.07152889668941498,
		0.9992051720619202
	],
	"2. left_knee": [
		0.6554957032203674,
		0.6855447292327881,
		-0.08856043219566345,
		0.9154341220855713
	],
	"3. left_ankle": [
		0.6773168444633484,
		0.7952382564544678,
		-0.052338749170303345,
		0.966949999332428
	],
	"6. right_hip": [
		0.6985604166984558,
		0.6080833077430725,
		0.07153388112783432,
		0.9982616305351257
	],
	"7. right_knee": [
		0.6521713137626648,
		0.68003249168396,
		0.06270159780979156,
		0.5393224954605103
	],
	"8. right_ankle": [
		0.6748846769332886,
		0.7849319577217102,
		0.11351649463176727,
		0.6373815536499023
	],
	"14. left_shoulder": [
		0.6490717530250549,
		0.49457770586013794,
		-0.11405600607395172,
		0.9999315142631531
	],
	"15. left_elbow": [
		0.6274002194404602,
		0.5684077739715576,
		-0.16082611680030823,
		0.9785804152488708
	],
	"16. left_wrist": [
		0.5901376008987427,
		0.6184055209159851,
		-0.16111525893211365,
		0.9119680523872375
	],
	"19. right_shoulder": [
		0.6440664529800415,
		0.5118879079818726,
		0.09629537910223007,
		0.9993036985397339
	],
	"20. right_elbow": [
		0.6237035989761353,
		0.5749972462654114,
		0.12735626101493835,
		0.13661865890026093
	],
	"21. right_wrist": [
		0.5937146544456482,
		0.6175100803375244,
		0.09800738096237183,
		0.2012893259525299
	],
	"24. nose": [
		0.618496298789978,
		0.5176977515220642,
		-0.02021799422800541,
		0.9993566274642944
	],
	"25. left_eye": [
		0.6140325665473938,
		0.5071702003479004,
		-0.03140701726078987,
		0.9993925094604492
	],
	"26. right_eye": [
		0.6140274405479431,
		0.514933705329895,
		-0.011677989736199379,
		0.9990853667259216
	],
	"27. left_ear": [
		0.6181478500366211,
		0.49139100313186646,
		-0.05747796222567558,
		0.9991990923881531
	],
	"28. right_ear": [
		0.6172138452529907,
		0.5051676034927368,
		0.03128834441304207,
		0.9989475607872009
	],
	"time stamp": 29.969946478656652
}