{
	"1. left_hip": [
		0.7077443599700928,
		0.6067589521408081,
		-0.07111579924821854,
		0.9989742636680603
	],
	"2. left_knee": [
		0.6569782495498657,
		0.6851579546928406,
		-0.07812590152025223,
		0.9119323492050171
	],
	"3. left_ankle": [
		0.6772090792655945,
		0.7967974543571472,
		-0.039791807532310486,
		0.9651033878326416
	],
	"6. right_hip": [
		0.6980727314949036,
		0.6046037077903748,
		0.07112006843090057,
		0.9978334307670593
	],
	"7. right_knee": [
		0.6523944139480591,
		0.6809045672416687,
		0.05295536667108536,
		0.5043033361434937
	],
	"8. right_ankle": [
		0.674666702747345,
		0.7871872782707214,
		0.10381195694208145,
		0.6011794209480286
	],
	"14. left_shoulder": [
		0.6474272012710571,
		0.49368613958358765,
		-0.1188780665397644,
		0.9999343752861023
	],
	"15. left_elbow": [
		0.6189402937889099,
		0.5598458051681519,
		-0.16597214341163635,
		0.9812481999397278
	],
	"16. left_wrist": [
		0.5827112197875977,
		0.5950314998626709,
		-0.17332500219345093,
		0.9271504282951355
	],
	"19. right_shoulder": [
		0.6398018002510071,
		0.5090561509132385,
		0.09289076924324036,
		0.9991246461868286
	],
	"20. right_elbow": [
		0.6111271977424622,
		0.5682017207145691,
		0.11884509027004242,
		0.18832220137119293
	],
	"21. right_wrist": [
		0.5790730714797974,
		0.5914974808692932,
		0.07789494842290878,
		0.2618451714515686
	],
	"24. nose": [
		0.618320107460022,
		0.5198026299476624,
		-0.018239080905914307,
		0.9992834329605103
	],
	"25. left_eye": [
		0.6140331029891968,
		0.5120803713798523,
		-0.029905537143349648,
		0.9992680549621582
	],
	"26. right_eye": [
		0.6141634583473206,
		0.515295147895813,
		-0.009656690992414951,
		0.9988850951194763
	],
	"27. left_ear": [
		0.6176016330718994,
		0.4971398115158081,
		-0.05923940986394882,
		0.9988487362861633
	],
	"28. right_ear": [
		0.6169865131378174,
		0.5045357942581177,
		0.03151795268058777,
		0.9987576007843018
	],
	"time stamp": 29.969946478656652
}