{
	"1. left_hip": [
		0.7075249552726746,
		0.6031211614608765,
		-0.0672379583120346,
		0.998938262462616
	],
	"2. left_knee": [
		0.6592426300048828,
		0.6850448846817017,
		-0.07556367665529251,
		0.9106737375259399
	],
	"3. left_ankle": [
		0.6774357557296753,
		0.7970632910728455,
		-0.04321872815489769,
		0.9639045596122742
	],
	"6. right_hip": [
		0.6961709260940552,
		0.6023980379104614,
		0.06725652515888214,
		0.9977796673774719
	],
	"7. right_knee": [
		0.6525570154190063,
		0.6809670329093933,
		0.042245738208293915,
		0.5018922686576843
	],
	"8. right_ankle": [
		0.6744797229766846,
		0.7876822352409363,
		0.08207224309444427,
		0.592400312423706
	],
	"14. left_shoulder": [
		0.6478895545005798,
		0.4924941658973694,
		-0.11637550592422485,
		0.9999213218688965
	],
	"15. left_elbow": [
		0.6173872947692871,
		0.5479002594947815,
		-0.16665814816951752,
		0.9818880558013916
	],
	"16. left_wrist": [
		0.5793212652206421,
		0.5734710097312927,
		-0.178245410323143,
		0.9326868057250977
	],
	"19. right_shoulder": [
		0.6364123821258545,
		0.5107604265213013,
		0.07375265657901764,
		0.998802900314331
	],
	"20. right_elbow": [
		0.6052719354629517,
		0.5659843683242798,
		0.08081404864788055,
		0.20967689156532288
	],
	"21. right_wrist": [
		0.5738201141357422,
		0.5873484015464783,
		0.035144053399562836,
		0.2745206654071808
	],
	"24. nose": [
		0.6174083948135376,
		0.515688955783844,
		-0.02745586261153221,
		0.999150812625885
	],
	"25. left_eye": [
		0.6134439706802368,
		0.5075225234031677,
		-0.03819423168897629,
		0.9991120100021362
	],
	"26. right_eye": [
		0.6132692098617554,
		0.5126482844352722,
		-0.019116679206490517,
		0.9985529184341431
	],
	"27. left_ear": [
		0.6171466112136841,
		0.4924813508987427,
		-0.06377661973237991,
		0.9984459280967712
	],
	"28. right_ear": [
		0.6162196397781372,
		0.5036243796348572,
		0.023782506585121155,
		0.9983727335929871
	],
	"time stamp": 29.969946478656652
}