{
	"1. left_hip": [
		0.7076720595359802,
		0.5973250865936279,
		-0.066144660115242,
		0.9989040493965149
	],
	"2. left_knee": [
		0.6623109579086304,
		0.684952437877655,
		-0.07547083497047424,
		0.9016684889793396
	],
	"3. left_ankle": [
		0.6774743795394897,
		0.7968611717224121,
		-0.0377621166408062,
		0.958568811416626
	],
	"6. right_hip": [
		0.693510115146637,
		0.5974632501602173,
		0.06617532670497894,
		0.9977041482925415
	],
	"7. right_knee": [
		0.6535425782203674,
		0.680945634841919,
		0.03916322812438011,
		0.4959903359413147
	],
	"8. right_ankle": [
		0.6737691760063171,
		0.7876337766647339,
		0.08057248592376709,
		0.570108950138092
	],
	"14. left_shoulder": [
		0.6481304168701172,
		0.4841075539588928,
		-0.11721174418926239,
		0.9999125599861145
	],
	"15. left_elbow": [
		0.6180433034896851,
		0.5281944870948792,
		-0.1968885362148285,
		0.9837871789932251
	],
	"16. left_wrist": [
		0.5769650340080261,
		0.5513761043548584,
		-0.2191561907529831,
		0.9437168836593628
	],
	"19. right_shoulder": [
		0.6334995627403259,
		0.509397566318512,
		0.06574095785617828,
		0.9984285831451416
	],
	"20. right_elbow": [
		0.6027359366416931,
		0.5535370707511902,
		0.08439309149980545,
		0.2511535584926605
	],
	"21. right_wrist": [
		0.5711349248886108,
		0.572749674320221,
		0.045074861496686935,
		0.3074215054512024
	],
	"24. nose": [
		0.6173438429832458,
		0.5112508535385132,
		-0.03395196795463562,
		0.9987940788269043
	],
	"25. left_eye": [
		0.6133342385292053,
		0.5030019879341125,
		-0.04533960297703743,
		0.9987252354621887
	],
	"26. right_eye": [
		0.6129580140113831,
		0.5097536444664001,
		-0.025288820266723633,
		0.9976927638053894
	],
	"27. left_ear": [
		0.616670548915863,
		0.48833686113357544,
		-0.06818189471960068,
		0.9977228045463562
	],
	"28. right_ear": [
		0.6157346963882446,
		0.5030074715614319,
		0.015180466696619987,
		0.9975804090499878
	],
	"time stamp": 29.969946478656652
}