{
	"1. left_hip": [
		0.7060309648513794,
		0.5791293382644653,
		-0.06414106488227844,
		0.9990254640579224
	],
	"2. left_knee": [
		0.6682574152946472,
		0.6825785040855408,
		-0.07637782394886017,
		0.8829150795936584
	],
	"3. left_ankle": [
		0.6776342988014221,
		0.7957550883293152,
		-0.05407514423131943,
		0.9522113800048828
	],
	"6. right_hip": [
		0.6898510456085205,
		0.5876026749610901,
		0.06412950903177261,
		0.9980747699737549
	],
	"7. right_knee": [
		0.6570396423339844,
		0.6800786256790161,
		0.03972523659467697,
		0.5123082399368286
	],
	"8. right_ankle": [
		0.6733377575874329,
		0.7872511148452759,
		0.0692526251077652,
		0.556187093257904
	],
	"14. left_shoulder": [
		0.6469841599464417,
		0.45410406589508057,
		-0.10023375600576401,
		0.9998634457588196
	],
	"15. left_elbow": [
		0.6145714521408081,
		0.4877861738204956,
		-0.1821925938129425,
		0.9845989942550659
	],
	"16. left_wrist": [
		0.5758212804794312,
		0.5142226219177246,
		-0.1872684210538864,
		0.9490287899971008
	],
	"19. right_shoulder": [
		0.6332887411117554,
		0.50635826587677,
		0.0868682712316513,
		0.9982937574386597
	],
	"20. right_elbow": [
		0.605604350566864,
		0.5416358113288879,
		0.07433312386274338,
		0.34229955077171326
	],
	"21. right_wrist": [
		0.5758445262908936,
		0.534779965877533,
		-0.010815703310072422,
		0.38266515731811523
	],
	"24. nose": [
		0.6139457821846008,
		0.4779549837112427,
		-0.027041956782341003,
		0.9990161657333374
	],
	"25. left_eye": [
		0.6102896332740784,
		0.467779278755188,
		-0.03742712736129761,
		0.9989643692970276
	],
	"26. right_eye": [
		0.6098766922950745,
		0.47940266132354736,
		-0.01853250525891781,
		0.9981803297996521
	],
	"27. left_ear": [
		0.6153128147125244,
		0.45651426911354065,
		-0.048860885202884674,
		0.9981739521026611
	],
	"28. right_ear": [
		0.6131567358970642,
		0.479047954082489,
		0.030462544411420822,
		0.9980757832527161
	],
	"time stamp": 29.969946478656652
}