{
	"1. left_hip": [
		0.7006477117538452,
		0.5639394521713257,
		-0.06537150591611862,
		0.9991670250892639
	],
	"2. left_knee": [
		0.6698936820030212,
		0.6771872043609619,
		-0.09966620057821274,
		0.830310583114624
	],
	"3. left_ankle": [
		0.6778258085250854,
		0.7943446636199951,
		-0.07898277044296265,
		0.9356943964958191
	],
	"6. right_hip": [
		0.6832845211029053,
		0.5662574172019958,
		0.06534888595342636,
		0.9983236789703369
	],
	"7. right_knee": [
		0.660885214805603,
		0.6741626858711243,
		0.024998091161251068,
		0.5110216736793518
	],
	"8. right_ankle": [
		0.6736634373664856,
		0.7857322692871094,
		0.05361167713999748,
		0.520563542842865
	],
	"14. left_shoulder": [
		0.6464798450469971,
		0.4287044405937195,
		-0.10723903030157089,
		0.9994670152664185
	],
	"15. left_elbow": [
		0.6084858775138855,
		0.4588543772697449,
		-0.18763545155525208,
		0.9841669201850891
	],
	"16. left_wrist": [
		0.569132924079895,
		0.4596591889858246,
		-0.2186351716518402,
		0.9452532529830933
	],
	"19. right_shoulder": [
		0.6321763396263123,
		0.47010931372642517,
		0.08119286596775055,
		0.9970521330833435
	],
	"20. right_elbow": [
		0.6023211479187012,
		0.4931931793689728,
		0.10032971948385239,
		0.41767773032188416
	],
	"21. right_wrist": [
		0.5678941011428833,
		0.48347535729408264,
		0.03865130990743637,
		0.4576713740825653
	],
	"24. nose": [
		0.6136478185653687,
		0.4372406005859375,
		-0.1136898398399353,
		0.999287486076355
	],
	"25. left_eye": [
		0.610676646232605,
		0.4212115406990051,
		-0.10837191343307495,
		0.999235212802887
	],
	"26. right_eye": [
		0.6096638441085815,
		0.4384969472885132,
		-0.09467720985412598,
		0.9987314343452454
	],
	"27. left_ear": [
		0.6165117025375366,
		0.41139793395996094,
		-0.0682758092880249,
		0.9986676573753357
	],
	"28. right_ear": [
		0.6128842830657959,
		0.4398987591266632,
		-0.006041937507688999,
		0.9986107349395752
	],
	"time stamp": 29.969946478656652
}