{
	"1. left_hip": [
		0.6974961161613464,
		0.5590327382087708,
		-0.06825760751962662,
		0.9991428256034851
	],
	"2. left_knee": [
		0.6694386601448059,
		0.6761899590492249,
		-0.11058370769023895,
		0.8068304657936096
	],
	"3. left_ankle": [
		0.6782394647598267,
		0.7940946221351624,
		-0.1067114844918251,
		0.9268571138381958
	],
	"6. right_hip": [
		0.6803618669509888,
		0.5621442794799805,
		0.06823816150426865,
		0.99838787317276
	],
	"7. right_knee": [
		0.6620080471038818,
		0.674207866191864,
		0.007736216299235821,
		0.5123902559280396
	],
	"8. right_ankle": [
		0.6749215126037598,
		0.7856224179267883,
		0.0216322373598814,
		0.5079368352890015
	],
	"14. left_shoulder": [
		0.6503965258598328,
		0.4202518165111542,
		-0.10192737728357315,
		0.9989868998527527
	],
	"15. left_elbow": [
		0.6099674105644226,
		0.44528016448020935,
		-0.17692747712135315,
		0.9849523901939392
	],
	"16. left_wrist": [
		0.5716797113418579,
		0.436670184135437,
		-0.20625583827495575,
		0.9493984580039978
	],
	"19. right_shoulder": [
		0.6328446269035339,
		0.46432527899742126,
		0.0929584726691246,
		0.9964216351509094
	],
	"20. right_elbow": [
		0.6000635623931885,
		0.4778440296649933,
		0.1276254951953888,
		0.4724142253398895
	],
	"21. right_wrist": [
		0.5659363269805908,
		0.4642287492752075,
		0.06591083109378815,
		0.5211411714553833
	],
	"24. nose": [
		0.6147790551185608,
		0.41855672001838684,
		-0.09543521702289581,
		0.9993727207183838
	],
	"25. left_eye": [
		0.6143993735313416,
		0.40597501397132874,
		-0.09128733724355698,
		0.999317467212677
	],
	"26. right_eye": [
		0.611162543296814,
		0.41944271326065063,
		-0.07644279301166534,
		0.9989233016967773
	],
	"27. left_ear": [
		0.6212978363037109,
		0.39755329489707947,
		-0.061011336743831635,
		0.9987969994544983
	],
	"28. right_ear": [
		0.6145057082176208,
		0.42342409491539,
		0.004058619029819965,
		0.9987654089927673
	],
	"time stamp": 29.969946478656652
}