{
	"1. left_hip": [
		0.6935122013092041,
		0.5536172986030579,
		-0.07000082731246948,
		0.999216616153717
	],
	"2. left_knee": [
		0.6692249178886414,
		0.6746245622634888,
		-0.10350116342306137,
		0.8132563829421997
	],
	"3. left_ankle": [
		0.6784586906433105,
		0.7936840653419495,
		-0.09953715652227402,
		0.9251914024353027
	],
	"6. right_hip": [
		0.6776444911956787,
		0.5564879775047302,
		0.06998361647129059,
		0.998539388179779
	],
	"7. right_knee": [
		0.6636523008346558,
		0.6735166311264038,
		0.02196459099650383,
		0.5146795511245728
	],
	"8. right_ankle": [
		0.6755785942077637,
		0.7835962176322937,
		0.038494620472192764,
		0.5035234689712524
	],
	"14. left_shoulder": [
		0.6521244645118713,
		0.40779241919517517,
		-0.09379007667303085,
		0.9988925457000732
	],
	"15. left_elbow": [
		0.6103804707527161,
		0.41297292709350586,
		-0.18733763694763184,
		0.98642498254776
	],
	"16. left_wrist": [
		0.5731171369552612,
		0.3928133547306061,
		-0.2149534523487091,
		0.9547750949859619
	],
	"19. right_shoulder": [
		0.6334024667739868,
		0.44533419609069824,
		0.1057748794555664,
		0.9965395331382751
	],
	"20. right_elbow": [
		0.6014131903648376,
		0.44517970085144043,
		0.14163632690906525,
		0.528127133846283
	],
	"21. right_wrist": [
		0.5682590007781982,
		0.42463552951812744,
		0.04814905673265457,
		0.584541916847229
	],
	"24. nose": [
		0.617780864238739,
		0.40671306848526,
		-0.06298204511404037,
		0.9994415044784546
	],
	"25. left_eye": [
		0.6192926168441772,
		0.38958048820495605,
		-0.060497839003801346,
		0.9993930459022522
	],
	"26. right_eye": [
		0.6152980327606201,
		0.39924633502960205,
		-0.044443726539611816,
		0.9990841150283813
	],
	"27. left_ear": [
		0.6278918981552124,
		0.3816229999065399,
		-0.039281733334064484,
		0.9989335536956787
	],
	"28. right_ear": [
		0.6199089288711548,
		0.39917415380477905,
		0.03367668017745018,
		0.9989222884178162
	],
	"time stamp": 29.969946478656652
}