{
	"1. left_hip": [
		0.6903063058853149,
		0.5519170761108398,
		-0.07033701241016388,
		0.9992644190788269
	],
	"2. left_knee": [
		0.6695813536643982,
		0.6745189428329468,
		-0.10184799134731293,
		0.8197219967842102
	],
	"3. left_ankle": [
		0.6784673929214478,
		0.7933139204978943,
		-0.09766697138547897,
		0.924696147441864
	],
	"6. right_hip": [
		0.6748329401016235,
		0.554383397102356,
		0.07035505026578903,
		0.9986160397529602
	],
	"7. right_knee": [
		0.6642432808876038,
		0.6730046272277832,
		0.027252037078142166,
		0.5143765211105347
	],
	"8. right_ankle": [
		0.675665020942688,
		0.7831077575683594,
		0.039930861443281174,
		0.5023296475410461
	],
	"14. left_shoulder": [
		0.6535733938217163,
		0.401314377784729,
		-0.09454670548439026,
		0.9989010095596313
	],
	"15. left_elbow": [
		0.6108157634735107,
		0.3960891366004944,
		-0.19341686367988586,
		0.9873037934303284
	],
	"16. left_wrist": [
		0.5736661553382874,
		0.36664578318595886,
		-0.2243916094303131,
		0.957912802696228
	],
	"19. right_shoulder": [
		0.6335136294364929,
		0.43379613757133484,
		0.1119929775595665,
		0.9965915679931641
	],
	"20. right_elbow": [
		0.6017656922340393,
		0.42545536160469055,
		0.17353953421115875,
		0.5475856065750122
	],
	"21. right_wrist": [
		0.5692802667617798,
		0.4024825692176819,
		0.1511993110179901,
		0.6111059188842773
	],
	"24. nose": [
		0.6192325949668884,
		0.3984915316104889,
		-0.050263356417417526,
		0.9994621872901917
	],
	"25. left_eye": [
		0.6213821172714233,
		0.3810928463935852,
		-0.0502811074256897,
		0.9994231462478638
	],
	"26. right_eye": [
		0.6175951361656189,
		0.3882778286933899,
		-0.03312712907791138,
		0.9991429448127747
	],
	"27. left_ear": [
		0.6305333375930786,
		0.3722682595252991,
		-0.03768113628029823,
		0.9989992380142212
	],
	"28. right_ear": [
		0.6223554611206055,
		0.3869144022464752,
		0.04007493332028389,
		0.9989854693412781
	],
	"time stamp": 29.969946478656652
}