{
	"1. left_hip": [
		0.6860174536705017,
		0.5510210990905762,
		-0.07331641018390656,
		0.9992831945419312
	],
	"2. left_knee": [
		0.6696487665176392,
		0.6745994091033936,
		-0.09510941803455353,
		0.8289051651954651
	],
	"3. left_ankle": [
		0.6784745454788208,
		0.7933024764060974,
		-0.081088125705719,
		0.9257176518440247
	],
	"6. right_hip": [
		0.6735910177230835,
		0.5523537993431091,
		0.07337217032909393,
		0.998623251914978
	],
	"7. right_knee": [
		0.6654623746871948,
		0.6727976202964783,
		0.05101402476429939,
		0.5080699920654297
	],
	"8. right_ankle": [
		0.6756017804145813,
		0.7831031084060669,
		0.07695136964321136,
		0.5008244514465332
	],
	"14. left_shoulder": [
		0.6547976732254028,
		0.39778971672058105,
		-0.11239153146743774,
		0.9989103674888611
	],
	"15. left_elbow": [
		0.6110132336616516,
		0.37853485345840454,
		-0.2006365805864334,
		0.9882129430770874
	],
	"16. left_wrist": [
		0.5755677819252014,
		0.34914952516555786,
		-0.21984286606311798,
		0.9602475762367249
	],
	"19. right_shoulder": [
		0.6343951225280762,
		0.4225747883319855,
		0.10900945961475372,
		0.9965939521789551
	],
	"20. right_elbow": [
		0.6020878553390503,
		0.4039568305015564,
		0.19570723176002502,
		0.5500589609146118
	],
	"21. right_wrist": [
		0.5708262324333191,
		0.37977245450019836,
		0.196750208735466,
		0.6231774091720581
	],
	"24. nose": [
		0.6229623556137085,
		0.3790595233440399,
		-0.0606742799282074,
		0.9994522929191589
	],
	"25. left_eye": [
		0.6261166334152222,
		0.3645825982093811,
		-0.06232371926307678,
		0.9994161128997803
	],
	"26. right_eye": [
		0.6219981908798218,
		0.3709486722946167,
		-0.042024724185466766,
		0.9991636872291565
	],
	"27. left_ear": [
		0.6348236203193665,
		0.3599071800708771,
		-0.05433613806962967,
		0.9990196228027344
	],
	"28. right_ear": [
		0.6261037588119507,
		0.3720526695251465,
		0.03838126361370087,
		0.999005913734436
	],
	"time stamp": 29.969946478656652
}