{
	"1. left_hip": [
		0.6828247308731079,
		0.5526117086410522,
		-0.07282065600156784,
		0.9992730021476746
	],
	"2. left_knee": [
		0.6694012880325317,
		0.6756011247634888,
		-0.08439509570598602,
		0.8455113172531128
	],
	"3. left_ankle": [
		0.6785596609115601,
		0.7936128377914429,
		-0.06338884681463242,
		0.9265868067741394
	],
	"6. right_hip": [
		0.6721895337104797,
		0.5507201552391052,
		0.0728478655219078,
		0.9985203742980957
	],
	"7. right_knee": [
		0.6658878326416016,
		0.6725305914878845,
		0.07126210629940033,
		0.5017374157905579
	],
	"8. right_ankle": [
		0.6760863065719604,
		0.783040463924408,
		0.09705359488725662,
		0.5027115345001221
	],
	"14. left_shoulder": [
		0.6584287881851196,
		0.3960132598876953,
		-0.11575029790401459,
		0.9989160299301147
	],
	"15. left_elbow": [
		0.6161378026008606,
		0.3679729402065277,
		-0.20501165091991425,
		0.9897443652153015
	],
	"16. left_wrist": [
		0.584649384021759,
		0.3342239260673523,
		-0.22084756195545197,
		0.963857889175415
	],
	"19. right_shoulder": [
		0.6366420984268188,
		0.4111991822719574,
		0.10488458722829819,
		0.9966508150100708
	],
	"20. right_elbow": [
		0.6071842312812805,
		0.39322832226753235,
		0.17819377779960632,
		0.5824456214904785
	],
	"21. right_wrist": [
		0.5797476172447205,
		0.35778939723968506,
		0.17725151777267456,
		0.6543803215026855
	],
	"24. nose": [
		0.6308602094650269,
		0.36042124032974243,
		-0.0759400874376297,
		0.9994786381721497
	],
	"25. left_eye": [
		0.6336997747421265,
		0.3489856421947479,
		-0.07587403804063797,
		0.9994333386421204
	],
	"26. right_eye": [
		0.6290310621261597,
		0.35455217957496643,
		-0.0589555986225605,
		0.9992285370826721
	],
	"27. left_ear": [
		0.641618549823761,
		0.3483349084854126,
		-0.060259319841861725,
		0.9990938305854797
	],
	"28. right_ear": [
		0.6319348812103271,
		0.3578100800514221,
		0.020291073247790337,
		0.9990592002868652
	],
	"time stamp": 29.969946478656652
}