{
	"1. left_hip": [
		0.6649907827377319,
		0.5482020974159241,
		-0.06335765868425369,
		0.9993789792060852
	],
	"2. left_knee": [
		0.6686968803405762,
		0.6800335645675659,
		-0.03705161064863205,
		0.9035500288009644
	],
	"3. left_ankle": [
		0.6802973747253418,
		0.794881284236908,
		0.014135504141449928,
		0.9351781606674194
	],
	"6. right_hip": [
		0.6468519568443298,
		0.5532297492027283,
		0.06343299150466919,
		0.9986087679862976
	],
	"7. right_knee": [
		0.6559105515480042,
		0.6779235601425171,
		0.10410680621862411,
		0.5369212627410889
	],
	"8. right_ankle": [
		0.6716307401657104,
		0.7865719199180603,
		0.18457910418510437,
		0.5890944004058838
	],
	"14. left_shoulder": [
		0.6717084646224976,
		0.38867539167404175,
		-0.09773365408182144,
		0.999174952507019
	],
	"15. left_elbow": [
		0.6603689193725586,
		0.33141881227493286,
		-0.22717830538749695,
		0.9928268790245056
	],
	"16. left_wrist": [
		0.6555683016777039,
		0.24923235177993774,
		-0.2991642355918884,
		0.9726986289024353
	],
	"19. right_shoulder": [
		0.6442254781723022,
		0.39520254731178284,
		0.07803602516651154,
		0.99586421251297
	],
	"20. right_elbow": [
		0.6315962076187134,
		0.3345843553543091,
		0.14913950860500336,
		0.4845627546310425
	],
	"21. right_wrist": [
		0.6397331357002258,
		0.2562967836856842,
		0.18059417605400085,
		0.6557562947273254
	],
	"24. nose": [
		0.6406463980674744,
		0.34660452604293823,
		-0.09835372120141983,
		0.9994019865989685
	],
	"25. left_eye": [
		0.6451181173324585,
		0.3371022939682007,
		-0.09617461264133453,
		0.9994641542434692
	],
	"26. right_eye": [
		0.6404678225517273,
		0.3377077579498291,
		-0.07911110669374466,
		0.9991118311882019
	],
	"27. left_ear": [
		0.653992772102356,
		0.33972856402397156,
		-0.0696873664855957,
		0.9994104504585266
	],
	"28. right_ear": [
		0.6445738077163696,
		0.3401486873626709,
		0.010248251259326935,
		0.9991003274917603
	],
	"time stamp": 29.969946478656652
}