{
	"1. left_hip": [
		0.6502909064292908,
		0.5530548691749573,
		-0.057615529745817184,
		0.999144434928894
	],
	"2. left_knee": [
		0.6561111211776733,
		0.6790915727615356,
		-0.05337905138731003,
		0.9262657165527344
	],
	"3. left_ankle": [
		0.6753318309783936,
		0.7929420471191406,
		-0.01950220949947834,
		0.9499800205230713
	],
	"6. right_hip": [
		0.6342687606811523,
		0.5571269392967224,
		0.05761484429240227,
		0.9985102415084839
	],
	"7. right_knee": [
		0.6467753052711487,
		0.681090235710144,
		0.06806600093841553,
		0.6599192023277283
	],
	"8. right_ankle": [
		0.6685331463813782,
		0.7872236371040344,
		0.11371730268001556,
		0.7398577928543091
	],
	"14. left_shoulder": [
		0.6629989147186279,
		0.40026041865348816,
		-0.05137624591588974,
		0.9986580014228821
	],
	"15. left_elbow": [
		0.6690482497215271,
		0.3307180106639862,
		-0.022850221022963524,
		0.9876773953437805
	],
	"16. left_wrist": [
		0.6690523624420166,
		0.2969151437282562,
		0.09392084181308746,
		0.8838071823120117
	],
	"19. right_shoulder": [
		0.6341350674629211,
		0.39688488841056824,
		0.0810694545507431,
		0.9958725571632385
	],
	"20. right_elbow": [
		0.6363879442214966,
		0.3381292223930359,
		0.13354051113128662,
		0.5677332878112793
	],
	"21. right_wrist": [
		0.6578722596168518,
		0.2987721264362335,
		0.15715891122817993,
		0.6205441355705261
	],
	"24. nose": [
		0.6348222494125366,
		0.3519834280014038,
		-0.11527852714061737,
		0.999596893787384
	],
	"25. left_eye": [
		0.6414032578468323,
		0.3417825698852539,
		-0.10739263147115707,
		0.9996258616447449
	],
	"26. right_eye": [
		0.634569525718689,
		0.34244510531425476,
		-0.0944380909204483,
		0.9993560910224915
	],
	"27. left_ear": [
		0.6518657803535461,
		0.3457334339618683,
		-0.054684948176145554,
		0.9996426701545715
	],
	"28. right_ear": [
		0.6393009424209595,
		0.3449200391769409,
		0.007655604276806116,
		0.9993314146995544
	],
	"time stamp": 29.969946478656652
}