{
	"1. left_hip": [
		0.6488928198814392,
		0.5517967939376831,
		-0.056377608329057693,
		0.9991440176963806
	],
	"2. left_knee": [
		0.6535083055496216,
		0.6768372654914856,
		-0.050934672355651855,
		0.9311055541038513
	],
	"3. left_ankle": [
		0.6724215149879456,
		0.790138840675354,
		-0.01729465462267399,
		0.9532672762870789
	],
	"6. right_hip": [
		0.6308133602142334,
		0.5552470088005066,
		0.05629359930753708,
		0.9985789656639099
	],
	"7. right_knee": [
		0.6431629061698914,
		0.679017961025238,
		0.07039953023195267,
		0.6734286546707153
	],
	"8. right_ankle": [
		0.6655017733573914,
		0.7846440672874451,
		0.11841422319412231,
		0.7563994526863098
	],
	"14. left_shoulder": [
		0.6627072095870972,
		0.3993068337440491,
		-0.04707128554582596,
		0.9986035823822021
	],
	"15. left_elbow": [
		0.6699548959732056,
		0.31762251257896423,
		-0.003845816943794489,
		0.9869451522827148
	],
	"16. left_wrist": [
		0.6674394607543945,
		0.3037356436252594,
		0.1475684940814972,
		0.8348163962364197
	],
	"19. right_shoulder": [
		0.632304310798645,
		0.3940299451351166,
		0.07582254707813263,
		0.996085524559021
	],
	"20. right_elbow": [
		0.6335494518280029,
		0.32664597034454346,
		0.12789641320705414,
		0.5929102301597595
	],
	"21. right_wrist": [
		0.6565359830856323,
		0.3003109395503998,
		0.15169711410999298,
		0.5982658267021179
	],
	"24. nose": [
		0.6329962015151978,
		0.3515305519104004,
		-0.10725031793117523,
		0.9996292591094971
	],
	"25. left_eye": [
		0.6396917104721069,
		0.3413015902042389,
		-0.10244252532720566,
		0.9996531009674072
	],
	"26. right_eye": [
		0.6333968043327332,
		0.3419482111930847,
		-0.0881689265370369,
		0.9994087815284729
	],
	"27. left_ear": [
		0.6501076221466064,
		0.3449876010417938,
		-0.059035010635852814,
		0.999671995639801
	],
	"28. right_ear": [
		0.638688862323761,
		0.3445667028427124,
		0.00870422087609768,
		0.9993863105773926
	],
	"time stamp": 29.969946478656652
}