{
	"1. left_hip": [
		0.6455279588699341,
		0.5495418310165405,
		-0.05694451183080673,
		0.9991841316223145
	],
	"2. left_knee": [
		0.6473249197006226,
		0.6755528450012207,
		-0.050868965685367584,
		0.9360920786857605
	],
	"3. left_ankle": [
		0.667137086391449,
		0.7876784205436707,
		-0.013958248309791088,
		0.9570198059082031
	],
	"6. right_hip": [
		0.6287596821784973,
		0.5518593788146973,
		0.05676194280385971,
		0.9986679553985596
	],
	"7. right_knee": [
		0.6378798484802246,
		0.6768020987510681,
		0.07611502707004547,
		0.6870498061180115
	],
	"8. right_ankle": [
		0.6609731912612915,
		0.7795092463493347,
		0.11924950778484344,
		0.7729653120040894
	],
	"14. left_shoulder": [
		0.6620811820030212,
		0.3986205756664276,
		-0.06054726243019104,
		0.9986802935600281
	],
	"15. left_elbow": [
		0.6699866056442261,
		0.31404492259025574,
		-0.024897411465644836,
		0.9871841669082642
	],
	"16. left_wrist": [
		0.6597753763198853,
		0.3208227753639221,
		0.13815994560718536,
		0.7822240591049194
	],
	"19. right_shoulder": [
		0.6307312250137329,
		0.3932510018348694,
		0.07449328154325485,
		0.9961532354354858
	],
	"20. right_elbow": [
		0.6272376179695129,
		0.3298637866973877,
		0.16014334559440613,
		0.5854656100273132
	],
	"21. right_wrist": [
		0.6430503726005554,
		0.3300069272518158,
		0.2047174721956253,
		0.5490425229072571
	],
	"24. nose": [
		0.6307903528213501,
		0.34753650426864624,
		-0.10190711170434952,
		0.9996563196182251
	],
	"25. left_eye": [
		0.6377312541007996,
		0.337616890668869,
		-0.09902960062026978,
		0.9996804594993591
	],
	"26. right_eye": [
		0.6325278282165527,
		0.33760300278663635,
		-0.08316592872142792,
		0.9994550943374634
	],
	"27. left_ear": [
		0.6479198336601257,
		0.3423992693424225,
		-0.07513423264026642,
		0.999701201915741
	],
	"28. right_ear": [
		0.638473391532898,
		0.3414410650730133,
		0.005528703797608614,
		0.9994370937347412
	],
	"time stamp": 29.969946478656652
}