{
	"1. left_hip": [
		0.6420239210128784,
		0.5448437929153442,
		-0.05465780943632126,
		0.9992451667785645
	],
	"2. left_knee": [
		0.6376221776008606,
		0.6743890643119812,
		-0.07811461389064789,
		0.9424028396606445
	],
	"3. left_ankle": [
		0.6531868577003479,
		0.7871096134185791,
		-0.0485934242606163,
		0.9626020193099976
	],
	"6. right_hip": [
		0.6231610774993896,
		0.547317624092102,
		0.05452914163470268,
		0.9987898468971252
	],
	"7. right_knee": [
		0.6174484491348267,
		0.6753792762756348,
		0.043448660522699356,
		0.7105053067207336
	],
	"8. right_ankle": [
		0.6479732990264893,
		0.7733169794082642,
		0.08379605412483215,
		0.7973451018333435
	],
	"14. left_shoulder": [
		0.6619721055030823,
		0.3985341489315033,
		-0.03627461567521095,
		0.9988043904304504
	],
	"15. left_elbow": [
		0.6682559847831726,
		0.3248612582683563,
		0.008995650336146355,
		0.9857411980628967
	],
	"16. left_wrist": [
		0.6585896611213684,
		0.334850937128067,
		0.16123837232589722,
		0.6858394742012024
	],
	"19. right_shoulder": [
		0.6274653673171997,
		0.393362820148468,
		0.07633675634860992,
		0.996491014957428
	],
	"20. right_elbow": [
		0.6113886833190918,
		0.3387984037399292,
		0.15173910558223724,
		0.6274805665016174
	],
	"21. right_wrist": [
		0.6320010423660278,
		0.33899635076522827,
		0.19279800355434418,
		0.4965841770172119
	],
	"24. nose": [
		0.6299927234649658,
		0.3457987904548645,
		-0.0884598046541214,
		0.9997060894966125
	],
	"25. left_eye": [
		0.6367359757423401,
		0.33597952127456665,
		-0.0873008742928505,
		0.9997275471687317
	],
	"26. right_eye": [
		0.6313024163246155,
		0.3362504839897156,
		-0.07194899022579193,
		0.9995356202125549
	],
	"27. left_ear": [
		0.6469085812568665,
		0.34052780270576477,
		-0.06043153256177902,
		0.9997502565383911
	],
	"28. right_ear": [
		0.6368635892868042,
		0.33991968631744385,
		0.014647556468844414,
		0.9995275139808655
	],
	"time stamp": 29.969946478656652
}