{
	"1. left_hip": [
		0.6436372995376587,
		0.5527600049972534,
		-0.05477543920278549,
		0.9992833733558655
	],
	"2. left_knee": [
		0.6312726736068726,
		0.6789786219596863,
		-0.11227288097143173,
		0.947741687297821
	],
	"3. left_ankle": [
		0.6489437818527222,
		0.7887639999389648,
		-0.08681268990039825,
		0.9673482179641724
	],
	"6. right_hip": [
		0.6242793798446655,
		0.5538246631622314,
		0.05471601337194443,
		0.9988552331924438
	],
	"7. right_knee": [
		0.6014564037322998,
		0.671046793460846,
		0.024259742349386215,
		0.7374914884567261
	],
	"8. right_ankle": [
		0.6433746814727783,
		0.7650477290153503,
		0.08662991225719452,
		0.8146210312843323
	],
	"14. left_shoulder": [
		0.6607068777084351,
		0.4002629220485687,
		-0.049367353320121765,
		0.9989399909973145
	],
	"15. left_elbow": [
		0.6568108201026917,
		0.38440781831741333,
		-0.03407654911279678,
		0.9834401607513428
	],
	"16. left_wrist": [
		0.6546379327774048,
		0.35304510593414307,
		0.04813094809651375,
		0.6501134634017944
	],
	"19. right_shoulder": [
		0.6262272000312805,
		0.39909452199935913,
		0.08096346259117126,
		0.9968899488449097
	],
	"20. right_elbow": [
		0.6052960157394409,
		0.3616531789302826,
		0.15966954827308655,
		0.6728180646896362
	],
	"21. right_wrist": [
		0.6226953268051147,
		0.3564790189266205,
		0.2078993320465088,
		0.48153504729270935
	],
	"24. nose": [
		0.6268265247344971,
		0.3505423069000244,
		-0.06662280857563019,
		0.9997398853302002
	],
	"25. left_eye": [
		0.6334575414657593,
		0.33981451392173767,
		-0.07085069268941879,
		0.9997618198394775
	],
	"26. right_eye": [
		0.6283857226371765,
		0.34091275930404663,
		-0.053776245564222336,
		0.9995876550674438
	],
	"27. left_ear": [
		0.6439193487167358,
		0.3427393138408661,
		-0.05725052207708359,
		0.9997870922088623
	],
	"28. right_ear": [
		0.6342220902442932,
		0.34309738874435425,
		0.020861394703388214,
		0.9995974898338318
	],
	"time stamp": 29.969946478656652
}