{
	"1. left_hip": [
		0.6440770030021667,
		0.5696580410003662,
		-0.05623124912381172,
		0.9993220567703247
	],
	"2. left_knee": [
		0.6276469230651855,
		0.687498927116394,
		-0.09187506139278412,
		0.9500966668128967
	],
	"3. left_ankle": [
		0.6479654908180237,
		0.7930834293365479,
		-0.058701712638139725,
		0.9697729349136353
	],
	"6. right_hip": [
		0.624711275100708,
		0.5669249892234802,
		0.0562305822968483,
		0.9989076256752014
	],
	"7. right_knee": [
		0.5874471664428711,
		0.6577405333518982,
		0.023671550676226616,
		0.7597559094429016
	],
	"8. right_ankle": [
		0.629215657711029,
		0.7489486932754517,
		0.10536403954029083,
		0.8233456611633301
	],
	"14. left_shoulder": [
		0.6606482267379761,
		0.4084625244140625,
		-0.08671395480632782,
		0.9990360140800476
	],
	"15. left_elbow": [
		0.6425796747207642,
		0.44500410556793213,
		-0.19595929980278015,
		0.9826032519340515
	],
	"16. left_wrist": [
		0.6456822156906128,
		0.3808131217956543,
		-0.28247594833374023,
		0.6818087100982666
	],
	"19. right_shoulder": [
		0.6259734034538269,
		0.40656864643096924,
		0.07580885291099548,
		0.9971610307693481
	],
	"20. right_elbow": [
		0.5984110236167908,
		0.39231574535369873,
		0.15726415812969208,
		0.6848134398460388
	],
	"21. right_wrist": [
		0.6107841730117798,
		0.38177838921546936,
		0.19946734607219696,
		0.5020833611488342
	],
	"24. nose": [
		0.6253762245178223,
		0.3629036247730255,
		-0.07085485756397247,
		0.9997571110725403
	],
	"25. left_eye": [
		0.6313389539718628,
		0.3516693115234375,
		-0.07531274855136871,
		0.9997788071632385
	],
	"26. right_eye": [
		0.6270580291748047,
		0.35195979475975037,
		-0.05871729180216789,
		0.9996059536933899
	],
	"27. left_ear": [
		0.6413944959640503,
		0.3529665172100067,
		-0.07404327392578125,
		0.9997977614402771
	],
	"28. right_ear": [
		0.6328219175338745,
		0.35275015234947205,
		0.0066473595798015594,
		0.9996256828308105
	],
	"time stamp": 29.969946478656652
}