{
	"1. left_hip": [
		0.6397417783737183,
		0.595422089099884,
		-0.06275130808353424,
		0.99950110912323
	],
	"2. left_knee": [
		0.6189285516738892,
		0.7065149545669556,
		-0.054576434195041656,
		0.9650855660438538
	],
	"3. left_ankle": [
		0.6488797664642334,
		0.7964094281196594,
		0.029149234294891357,
		0.9790137410163879
	],
	"6. right_hip": [
		0.6250357031822205,
		0.5915259122848511,
		0.06271432340145111,
		0.9992405772209167
	],
	"7. right_knee": [
		0.5720251798629761,
		0.6384201645851135,
		0.0399833545088768,
		0.8381084203720093
	],
	"8. right_ankle": [
		0.603116512298584,
		0.7353357672691345,
		0.10073141753673553,
		0.8756095767021179
	],
	"14. left_shoulder": [
		0.6399521231651306,
		0.4391215443611145,
		-0.1256992518901825,
		0.9993523359298706
	],
	"15. left_elbow": [
		0.6009768843650818,
		0.47513481974601746,
		-0.12587878108024597,
		0.9802025556564331
	],
	"16. left_wrist": [
		0.6104767322540283,
		0.42693328857421875,
		0.008093783631920815,
		0.7771667838096619
	],
	"19. right_shoulder": [
		0.6320493817329407,
		0.43695342540740967,
		0.08007774502038956,
		0.9980784058570862
	],
	"20. right_elbow": [
		0.5951308608055115,
		0.4810887575149536,
		0.053140901029109955,
		0.6528345346450806
	],
	"21. right_wrist": [
		0.6094582080841064,
		0.4676245450973511,
		-0.03344995528459549,
		0.5167951583862305
	],
	"24. nose": [
		0.6215918660163879,
		0.38113224506378174,
		-0.04679356887936592,
		0.9998335242271423
	],
	"25. left_eye": [
		0.6270495057106018,
		0.37182262539863586,
		-0.06018218398094177,
		0.9998483657836914
	],
	"26. right_eye": [
		0.6242117881774902,
		0.3696739077568054,
		-0.038999125361442566,
		0.9997243285179138
	],
	"27. left_ear": [
		0.6363891959190369,
		0.379102498292923,
		-0.08495724946260452,
		0.9998576641082764
	],
	"28. right_ear": [
		0.6311663389205933,
		0.3754229247570038,
		0.00713512534275651,
		0.9997425079345703
	],
	"time stamp": 29.969946478656652
}