{
	"1. left_hip": [
		0.6264322996139526,
		0.5808019042015076,
		-0.05225927755236626,
		0.9996221661567688
	],
	"2. left_knee": [
		0.6225934624671936,
		0.6986256837844849,
		-0.0579381100833416,
		0.9759513139724731
	],
	"3. left_ankle": [
		0.6492940187454224,
		0.7960923314094543,
		0.02080381102859974,
		0.9851208925247192
	],
	"6. right_hip": [
		0.6096095442771912,
		0.5809440016746521,
		0.052172500640153885,
		0.9994855523109436
	],
	"7. right_knee": [
		0.5755752325057983,
		0.668982207775116,
		0.011274279095232487,
		0.8902063965797424
	],
	"8. right_ankle": [
		0.6022396087646484,
		0.7744877934455872,
		0.0702878087759018,
		0.9144046902656555
	],
	"14. left_shoulder": [
		0.6287062168121338,
		0.42524901032447815,
		-0.09276549518108368,
		0.999542236328125
	],
	"15. left_elbow": [
		0.5985347032546997,
		0.47725117206573486,
		-0.090536929666996,
		0.9802289605140686
	],
	"16. left_wrist": [
		0.5990179777145386,
		0.4261588156223297,
		-0.0033251040149480104,
		0.8274106979370117
	],
	"19. right_shoulder": [
		0.6075639128684998,
		0.4177365303039551,
		0.0648074522614479,
		0.9987053275108337
	],
	"20. right_elbow": [
		0.5729577541351318,
		0.45204484462738037,
		-0.01631864532828331,
		0.712199330329895
	],
	"21. right_wrist": [
		0.5930910110473633,
		0.41570761799812317,
		-0.13789132237434387,
		0.6074771285057068
	],
	"24. nose": [
		0.614528238773346,
		0.36401230096817017,
		-0.06883364915847778,
		0.9998884797096252
	],
	"25. left_eye": [
		0.6219274401664734,
		0.359322190284729,
		-0.07157768309116364,
		0.9998971819877625
	],
	"26. right_eye": [
		0.6170970797538757,
		0.3541843295097351,
		-0.057361386716365814,
		0.9998155236244202
	],
	"27. left_ear": [
		0.6294971704483032,
		0.3719378709793091,
		-0.06119883060455322,
		0.9999033808708191
	],
	"28. right_ear": [
		0.6203410029411316,
		0.36015018820762634,
		0.003060833318158984,
		0.9998268485069275
	],
	"time stamp": 29.969946478656652
}