{
	"frame_width": 1280,
	"frame_height": 720,
	"video_fps": 29.969946478656652,
	"total_frame": 1793,
	"gt_bbox": [
		0.15255951881408691,
		0.16060565412044525,
		0.8407033085823059,
		0.8989679217338562
	]
}